timestamp,t_c4,v_c4,mt_c4
2024-06-01 00:00:07.541000+00:00,54.70000076293945,410.489990234375,93991618.43289116
2024-06-01 00:01:04.389000+00:00,54.70000076293945,433.0,99145829.98285675
2024-06-01 00:02:04.204000+00:00,54.70000076293945,433.0,99145829.98285675
2024-06-01 00:03:04.816000+00:00,54.70000076293945,434.5700073242188,99505321.15892796
2024-06-01 00:04:04.580000+00:00,54.59999847412109,438.9200134277344,100317624.2174573
2024-06-01 00:05:04.545000+00:00,54.63999938964844,460.3599853515625,105294934.16777655
2024-06-01 00:06:05.229000+00:00,54.59999847412109,460.3599853515625,105217849.72754683
2024-06-01 00:07:04.488000+00:00,54.59999847412109,468.989990234375,107190285.61641829
2024-06-01 00:08:04.513000+00:00,54.68999862670898,484.5199890136719,110922292.07636441
2024-06-01 00:09:04.690000+00:00,54.59999847412109,498.4800109863281,113930394.81503092
2024-06-01 00:10:04.749000+00:00,54.59999847412109,515.1699829101562,117744981.25546026
2024-06-01 00:11:04.849000+00:00,54.59999847412109,517.3900146484375,118252381.92724212
2024-06-01 00:12:04.921000+00:00,54.59999847412109,517.3900146484375,118252381.92724212
2024-06-01 00:13:05.048000+00:00,54.59999847412109,548.6099853515625,125387880.86386503
2024-06-01 00:14:04.668000+00:00,54.59999847412109,550.4600219726562,125810717.0820043
2024-06-01 00:15:04.810000+00:00,54.59999847412109,579.9000244140625,132539394.31595838
2024-06-01 00:16:04.177000+00:00,54.5,573.97998046875,130946070.80419922
2024-06-01 00:17:04.891000+00:00,54.5,582.7100219726562,132937716.28277588
2024-06-01 00:18:04.342000+00:00,54.5,609.760009765625,139108819.3479004
2024-06-01 00:19:05.038000+00:00,54.5,613.9199829101562,140057863.14117432
2024-06-01 00:20:04.893000+00:00,54.5,644.9299926757812,147132393.7390747
2024-06-01 00:21:04.405000+00:00,54.5,680.27001953125,155194761.44580078
2024-06-01 00:22:04.057000+00:00,54.5,681.2999877929688,155429735.3151245
2024-06-01 00:23:04.279000+00:00,54.5,689.6500244140625,157334687.61975098
2024-06-01 00:24:05.289000+00:00,54.5,714.5700073242188,163019857.7609253
2024-06-01 00:25:05.095000+00:00,54.5,720.5800170898438,164390963.35882568
2024-06-01 00:26:04.869000+00:00,54.5,742.5700073242188,169407693.7609253
2024-06-01 00:27:04.600000+00:00,54.5,742.8800048828125,169478415.6739502
2024-06-01 00:28:04.841000+00:00,54.5,772.8599853515625,176317958.4781494
2024-06-01 00:29:04.949000+00:00,54.400001525878906,777.8699951171875,177135315.6646054
2024-06-01 00:30:05.047000+00:00,54.400001525878906,810.0800170898438,184470130.53791955
2024-06-01 00:31:04.238000+00:00,54.400001525878906,831.02001953125,189238554.52362335
2024-06-01 00:32:04.541000+00:00,54.400001525878906,840.72998046875,191449691.35439408
2024-06-01 00:33:04.985000+00:00,54.400001525878906,847.0599975585938,192891152.75849783
2024-06-01 00:34:04.126000+00:00,54.29999923706055,870.4099731445312,197844010.03395984
2024-06-01 00:35:04.090000+00:00,54.29999923706055,907.260009765625,206220015.87024048
2024-06-01 00:36:04.648000+00:00,54.29999923706055,909.0900268554688,206635978.3829141
2024-06-01 00:37:04.736000+00:00,54.29999923706055,931.1900024414062,211659298.34302264
2024-06-01 00:38:04.943000+00:00,54.29999923706055,960.0,218207804.93408203
2024-06-01 00:39:05.235000+00:00,54.29999923706055,969.3099975585938,220323965.48741788
2024-06-01 00:40:04.398000+00:00,54.290000915527344,1003.9000244140624,228144255.3616334
2024-06-01 00:41:04.441000+00:00,54.29999923706055,1007.8400268554688,229081833.31753972
2024-06-01 00:42:04.828000+00:00,54.29999923706055,1033.2900390625,234866615.92091668
2024-06-01 00:43:04.726000+00:00,54.20000076293945,1050.7900390625,238404508.36641777
2024-06-01 00:44:04.461000+00:00,54.29999923706055,1061.3199462890625,241237808.13801476
2024-06-01 00:45:04.568000+00:00,54.20000076293945,1088.27001953125,246908011.43084282
2024-06-01 00:46:04.415000+00:00,54.20000076293945,1091.5699462890625,247656702.78410628
2024-06-01 00:47:05.087000+00:00,54.20000076293945,1118.010009765625,253655456.19818565
2024-06-01 00:48:04.691000+00:00,54.20000076293945,1144.31005859375,259622442.92036277
2024-06-01 00:49:04.679000+00:00,54.20000076293945,1145.0400390625,259788061.76742065
2024-06-01 00:50:04.970000+00:00,54.20000076293945,1171.1099853515625,265702842.54867736
2024-06-01 00:51:04.295000+00:00,54.18999862670898,1205.6300048828125,273484307.6611339
2024-06-01 00:52:05.131000+00:00,54.20000076293945,1226.989990234375,278380965.2909577
2024-06-01 00:53:04.364000+00:00,54.20000076293945,1229.510009765625,278952710.3542793
2024-06-01 00:54:05.183000+00:00,54.18000030517578,1249.1300048828125,283299538.89553046
2024-06-01 00:55:04.465000+00:00,54.16999816894531,1266.7099609375,287233592.84348655
2024-06-01 00:56:04.980000+00:00,54.09999847412109,1267.6099853515625,287066244.9720346
2024-06-01 00:57:04.084000+00:00,54.09999847412109,1286.6300048828125,291373567.9256451
2024-06-01 00:58:04.200000+00:00,54.09999847412109,1297.77001953125,293896364.5358134
2024-06-01 00:59:04.543000+00:00,54.0,1316.75,297643437.0
2024-06-01 01:00:06.342000+00:00,54.0,1319.6500244140625,298298970.11865234
2024-06-01 01:01:04.980000+00:00,53.93999862670898,1336.300048828125,301726975.43519163
2024-06-01 01:02:04.265000+00:00,53.900001525878906,1346.300048828125,303759495.6361267
2024-06-01 01:03:05.036000+00:00,53.900001525878906,1362.5999755859375,307437173.23494184
2024-06-01 01:04:04.114000+00:00,53.900001525878906,1384.6099853515625,312403190.63290006
2024-06-01 01:05:04.420000+00:00,53.900001525878906,1402.949951171875,316541152.87423784
2024-06-01 01:06:05.332000+00:00,53.900001525878906,1411.760009765625,318528925.92474884
2024-06-01 01:07:05.207000+00:00,53.900001525878906,1418.43994140625,320036088.21580446
2024-06-01 01:08:04.503000+00:00,53.79999923706055,1428.5699462890625,321723661.6175584
2024-06-01 01:09:04.206000+00:00,53.79999923706055,1428.5699462890625,321723661.6175584
2024-06-01 01:10:04.411000+00:00,53.79999923706055,1429.7099609375,321980400.66484535
2024-06-01 01:11:04.870000+00:00,53.70000076293945,1435.4100341796875,322663242.42940855
2024-06-01 01:12:04.751000+00:00,53.70000076293945,1442.31005859375,324214286.5194381
2024-06-01 01:13:05.046000+00:00,53.70000076293945,1438.8499755859375,323436500.677211
2024-06-01 01:14:04.356000+00:00,53.70000076293945,1440.0,323695012.59887695
2024-06-01 01:15:04.677000+00:00,53.70000076293945,1441.1500244140625,323953524.5205429
2024-06-01 01:16:04.596000+00:00,53.70000076293945,1444.6199951171875,324733533.000033
2024-06-01 01:17:05.017000+00:00,53.79999923706055,1441.1500244140625,324556780.71566314
2024-06-01 01:18:04.873000+00:00,53.79999923706055,1443.4599609375,325076994.12093246
2024-06-01 01:19:04.940000+00:00,53.79999923706055,1442.31005859375,324818028.29745644
2024-06-01 01:20:04.489000+00:00,53.79999923706055,1448.1099853515625,326124211.2242947
2024-06-01 01:21:04.027000+00:00,53.79999923706055,1443.4599609375,325076994.12093246
2024-06-01 01:22:04.352000+00:00,53.70000076293945,1441.1500244140625,323953524.5205429
2024-06-01 01:23:04.754000+00:00,53.70000076293945,1443.4599609375,324472771.00113785
2024-06-01 01:24:04.532000+00:00,53.79999923706055,1440.0,324297787.40112305
2024-06-01 01:25:04.217000+00:00,53.79999923706055,1444.6199951171875,325338241.70272577
2024-06-01 01:26:05.100000+00:00,53.79999923706055,1444.6199951171875,325338241.70272577
2024-06-01 01:27:04.601000+00:00,53.900001525878906,1444.6199951171875,325942973.4735768
2024-06-01 01:28:04.639000+00:00,53.970001220703125,1442.31005859375,325844416.95761466
2024-06-01 01:29:04.361000+00:00,54.09999847412109,1440.0,326106134.80224603
2024-06-01 01:30:05.835000+00:00,54.09999847412109,1435.4100341796875,325066679.2379846
2024-06-01 01:31:04.483000+00:00,54.20000076293945,1438.8499755859375,326448013.67611235
2024-06-01 01:32:04.436000+00:00,54.20000076293945,1434.260009765625,325406636.7081821
2024-06-01 01:33:04.136000+00:00,54.29999923706055,1439.1199951171875,327111682.4700712
2024-06-01 01:34:04.614000+00:00,54.29999923706055,1433.1199951171875,325747883.6892332
2024-06-01 01:35:04.891000+00:00,54.29999923706055,1435.4100341796875,326268409.102818
2024-06-01 01:36:04.825000+00:00,54.400001525878906,1435.4100341796875,326869285.49578005
2024-06-01 01:37:05.064000+00:00,54.5,1440.0,328517280.0
2024-06-01 01:38:04.182000+00:00,54.5,1440.0,328517280.0
2024-06-01 01:39:05.523000+00:00,54.59999847412109,1433.1199951171875,327547591.2021968
2024-06-01 01:40:04.896000+00:00,54.59999847412109,1435.4100341796875,328070992.4395227
2024-06-01 01:41:04.992000+00:00,54.630001068115234,1435.4100341796875,328251266.8179567
2024-06-01 01:42:04.853000+00:00,54.70000076293945,1440.0,329722852.59887695
2024-06-01 01:43:05.026000+00:00,54.79999923706055,1437.699951171875,329798012.76764834
2024-06-01 01:44:04.411000+00:00,54.900001525878906,1435.4100341796875,329873598.69731814
2024-06-01 01:45:05.073000+00:00,54.97999954223633,1437.699951171875,330881292.7634699
2024-06-01 01:46:03.844000+00:00,55.0,1436.550048828125,330736917.7416992
2024-06-01 01:47:04.539000+00:00,55.0,1433.1199951171875,329947216.4758301
2024-06-01 01:48:04.422000+00:00,55.20000076293945,1434.260009765625,331410449.109061
2024-06-01 01:49:04.392000+00:00,55.29999923706055,1431.97998046875,331483026.78952926
2024-06-01 01:50:04.934000+00:00,55.400001525878906,1437.699951171875,333408953.7396057
2024-06-01 01:51:04.449000+00:00,55.5,1435.3900146484375,333474114.37316895
2024-06-01 01:52:05.036000+00:00,55.5,1436.550048828125,333743616.9938965
2024-06-01 01:53:03.937000+00:00,55.59999847412109,1433.1199951171875,333546631.5017573
2024-06-01 01:54:04.407000+00:00,55.70000076293945,1436.550048828125,334946301.2826344
2024-06-01 01:55:04.932000+00:00,55.79999923706055,1436.550048828125,335547631.95735586
2024-06-01 01:56:04.619000+00:00,55.79999923706055,1438.8499755859375,336084846.0821884
2024-06-01 01:57:04.504000+00:00,55.810001373291016,1438.8499755859375,336145089.2087381
2024-06-01 01:58:04.863000+00:00,55.900001525878906,1435.4100341796875,335882225.1003943
2024-06-01 01:59:04.805000+00:00,56.0,1438.8499755859375,337289455.8769531
2024-06-01 02:00:05.359000+00:00,56.09999847412109,1437.699951171875,337621683.77040404
2024-06-01 02:01:05.170000+00:00,56.09999847412109,1437.699951171875,337621683.77040404
2024-06-01 02:02:04.661000+00:00,56.09999847412109,1433.1199951171875,336546151.6515376
2024-06-01 02:03:04.752000+00:00,56.09999847412109,1434.260009765625,336813866.5282159
2024-06-01 02:04:04.581000+00:00,56.20000076293945,1436.550048828125,337953000.53483164
2024-06-01 02:05:04.783000+00:00,56.29999923706055,1433.1199951171875,337745964.2883543
2024-06-01 02:06:04.998000+00:00,56.400001525878906,1438.8499755859375,339698675.4664825
2024-06-01 02:07:04.692000+00:00,56.400001525878906,1433.1199951171875,338345882.04902387
2024-06-01 02:08:04.524000+00:00,56.5,1441.1500244140625,340844951.1241455
2024-06-01 02:09:04.913000+00:00,56.59999847412109,1440.0,341175734.80224603
2024-06-01 02:10:04.699000+00:00,56.5,1434.260009765625,339215400.6496582
2024-06-01 02:11:04.812000+00:00,56.68999862670898,1440.0,341718241.3220214
2024-06-01 02:12:04.412000+00:00,56.70000076293945,1434.260009765625,340416167.71037936
2024-06-01 02:13:05.142000+00:00,56.720001220703125,1433.1199951171875,340265573.11412144
2024-06-01 02:14:04.706000+00:00,56.70000076293945,1435.56005859375,340724729.36370116
2024-06-01 02:15:05.084000+00:00,56.79999923706055,1434.260009765625,341016539.7893765
2024-06-01 02:16:04.242000+00:00,56.86000061035156,1440.0,342742986.07910156
2024-06-01 02:17:05.337000+00:00,56.79999923706055,1430.8399658203125,340203373.73565054
2024-06-01 02:18:05.016000+00:00,56.970001220703125,1435.4100341796875,342311453.5179985
2024-06-01 02:19:04.589000+00:00,57.0099983215332,1430.8399658203125,341461162.4324571
2024-06-01 02:20:04.782000+00:00,57.0,1434.260009765625,342217306.85009766
2024-06-01 02:21:04.601000+00:00,57.09999847412109,1435.4100341796875,343092558.4472131
2024-06-01 02:22:04.872000+00:00,57.0,1437.699951171875,343038083.7495117
2024-06-01 02:23:04.061000+00:00,57.09999847412109,1437.699951171875,343639895.7660095
2024-06-01 02:24:05.093000+00:00,57.09999847412109,1437.699951171875,343639895.7660095
2024-06-01 02:25:04.861000+00:00,57.09999847412109,1434.260009765625,342817678.9290948
2024-06-01 02:26:04.567000+00:00,57.20000076293945,1437.699951171875,344241730.74016416
2024-06-01 02:27:04.484000+00:00,57.20000076293945,1438.8499755859375,344517091.66952056
2024-06-01 02:28:04.810000+00:00,57.400001525878906,1436.550048828125,345169083.327964
2024-06-01 02:29:04.448000+00:00,57.400001525878906,1435.4100341796875,344895164.70500857
2024-06-01 02:30:04.612000+00:00,57.400001525878906,1436.550048828125,345169083.327964
2024-06-01 02:31:04.882000+00:00,57.400001525878906,1433.1199951171875,344344922.3485844
2024-06-01 02:32:04.978000+00:00,57.400001525878906,1436.2099609375,345087368.2317488
2024-06-01 02:33:04.706000+00:00,57.5,1438.8499755859375,346323994.8736572
2024-06-01 02:34:04.400000+00:00,57.59000015258789,1440.0,347143306.5197754
2024-06-01 02:35:04.980000+00:00,57.52999877929688,1437.699951171875,346227728.7607325
2024-06-01 02:36:04.720000+00:00,57.59999847412109,1435.4100341796875,346096871.6487512
2024-06-01 02:37:04.656000+00:00,57.59999847412109,1441.1500244140625,347480861.321463
2024-06-01 02:38:04.876000+00:00,57.63999938964844,1438.8499755859375,347167214.8371863
2024-06-01 02:39:05.305000+00:00,57.70000076293945,1430.8399658203125,345593929.3621278
2024-06-01 02:40:04.025000+00:00,57.790000915527344,1433.1199951171875,346684544.4038894
2024-06-01 02:41:04.743000+00:00,57.79999923706055,1431.97998046875,346468697.28513473
2024-06-01 02:42:04.905000+00:00,57.79999923706055,1433.1199951171875,346744524.7376951
2024-06-01 02:43:04.475000+00:00,57.79999923706055,1435.4100341796875,347298601.5135846
2024-06-01 02:44:04.401000+00:00,57.81999969482422,1435.4100341796875,347418776.792177
2024-06-01 02:45:04.383000+00:00,57.900001525878906,1436.5899658203125,348185457.2378625
2024-06-01 02:46:04.848000+00:00,57.900001525878906,1436.550048828125,348175782.5801613
2024-06-01 02:47:04.493000+00:00,58.09999847412109,1438.8499755859375,349937801.2819305
2024-06-01 02:48:04.799000+00:00,58.09999847412109,1434.260009765625,348821491.3299737
2024-06-01 02:49:04.591000+00:00,58.09999847412109,1436.550048828125,349378443.9296043
2024-06-01 02:50:04.384000+00:00,58.22999954223633,1440.0,351001120.4406738
2024-06-01 02:51:04.300000+00:00,58.29999923706055,1437.699951171875,350861754.7522675
2024-06-01 02:52:05.113000+00:00,58.400001525878906,1436.550048828125,351182481.83235854
2024-06-01 02:53:04.654000+00:00,58.29999923706055,1435.4100341796875,350302914.7151227
2024-06-01 02:54:04.763000+00:00,58.40999984741211,1435.4100341796875,350963867.28683555
2024-06-01 02:55:04.464000+00:00,58.5,1438.8499755859375,352347020.87145996
2024-06-01 02:56:04.508000+00:00,58.59999847412109,1437.699951171875,352667213.7594177
2024-06-01 02:57:04.405000+00:00,58.59999847412109,1441.1500244140625,353513515.32366025
2024-06-01 02:58:04.647000+00:00,58.70000076293945,1442.31005859375,354401836.0458053
2024-06-01 02:59:04.813000+00:00,58.70000076293945,1435.4100341796875,352706374.4447894
2024-06-01 03:00:07.225000+00:00,58.79999923706055,1434.449951171875,353070916.1604496
2024-06-01 03:01:04.908000+00:00,58.79999923706055,1436.550048828125,353587827.47053945
2024-06-01 03:02:04.616000+00:00,58.900001525878906,1437.699951171875,354472695.72422487
2024-06-01 03:03:04.164000+00:00,59.0,1436.550048828125,354790511.75927734
2024-06-01 03:04:04.550000+00:00,58.900001525878906,1438.8499755859375,354756240.46098936
2024-06-01 03:05:04.492000+00:00,59.060001373291016,1436.550048828125,355151323.92768717
2024-06-01 03:06:05.287000+00:00,59.09999847412109,1435.4100341796875,355109811.25336546
2024-06-01 03:07:04.180000+00:00,59.09999847412109,1429.7099609375,353699655.3501985
2024-06-01 03:08:04.508000+00:00,59.20000076293945,1432.030029296875,354873084.5695173
2024-06-01 03:09:05.219000+00:00,59.20000076293945,1434.260009765625,355425698.7125766
2024-06-01 03:10:04.898000+00:00,59.29999923706055,1433.1199951171875,355743085.1870359
2024-06-01 03:11:04.939000+00:00,59.29999923706055,1427.43994140625,354333126.6085208
2024-06-01 03:12:03.951000+00:00,59.400001525878906,1422.9300537109375,353809290.2558612
2024-06-01 03:13:04.986000+00:00,59.400001525878906,1409.550048828125,350482373.3642952
2024-06-01 03:14:04.810000+00:00,59.5,1396.4300537109375,347804644.1876221
2024-06-01 03:15:04.935000+00:00,59.5,1383.550048828125,344596660.0114746
2024-06-01 03:16:04.694000+00:00,59.59999847412109,1368.8199462890625,341500856.848791
2024-06-01 03:17:05.144000+00:00,59.79999923706055,1338.2900390625,335004505.5161849
2024-06-01 03:18:04.393000+00:00,59.79999923706055,1299.6400146484375,325329523.30822366
2024-06-01 03:19:04.759000+00:00,59.900001525878906,1281.1400146484375,321234849.05203265
2024-06-01 03:20:04.399000+00:00,60.0,1256.1099853515625,315484583.92089844
2024-06-01 03:21:03.869000+00:00,60.09999847412109,1217.0400390625,306181221.39765376
2024-06-01 03:22:04.472000+00:00,60.09999847412109,1187.3399658203125,298709318.7411909
2024-06-01 03:23:04.105000+00:00,60.09999847412109,1141.4100341796875,287154331.1343164
2024-06-01 03:24:04.671000+00:00,60.09999847412109,1119.4000244140625,281617083.8320793
2024-06-01 03:25:04.533000+00:00,60.09999847412109,1089.5899658203125,274117511.21555233
2024-06-01 03:26:04.884000+00:00,60.09999847412109,1060.699951171875,266849401.960849
2024-06-01 03:27:04.350000+00:00,60.09999847412109,1012.9400024414062,254834021.22822437
2024-06-01 03:28:04.037000+00:00,60.09999847412109,971.4000244140624,244383451.97740397
2024-06-01 03:29:04.491000+00:00,60.0,954.4000244140624,239707110.1318359
2024-06-01 03:30:05.088000+00:00,60.0,919.780029296875,231011952.15820312
2024-06-01 03:31:04.509000+00:00,59.900001525878906,890.6500244140625,223322839.72049102
2024-06-01 03:32:04.554000+00:00,59.900001525878906,857.1400146484375,214920492.74380508
2024-06-01 03:33:04.408000+00:00,59.79999923706055,828.3499755859375,207354882.62313157
2024-06-01 03:34:04.362000+00:00,59.79999923706055,811.1799926757812,203056844.47994426
2024-06-01 03:35:05.024000+00:00,59.65999984741211,774.8599853515625,193511021.7004181
2024-06-01 03:36:04.386000+00:00,59.59999847412109,742.27001953125,185185676.4436427
2024-06-01 03:37:04.696000+00:00,59.52000045776367,707.5499877929688,176286590.25041577
2024-06-01 03:38:04.657000+00:00,59.5,677.4600219726562,168732935.29266357
2024-06-01 03:39:05.439000+00:00,59.5,666.4199829101562,165983225.8834839
2024-06-01 03:40:04.859000+00:00,59.400001525878906,631.3599853515625,156986654.21439347
2024-06-01 03:41:04.621000+00:00,59.29999923706055,597.6099853515625,148344605.23325548
2024-06-01 03:42:04.774000+00:00,59.29999923706055,581.02001953125,144226481.38865525
2024-06-01 03:43:04.470000+00:00,59.29999923706055,547.780029296875,135975325.36693177
2024-06-01 03:44:04.572000+00:00,59.20000076293945,532.7000122070312,132009030.96630421
2024-06-01 03:45:04.588000+00:00,59.20000076293945,512.6699829101562,127045365.30624126
2024-06-01 03:46:04.506000+00:00,59.20000076293945,500.739990234375,124088979.46716431
2024-06-01 03:47:04.261000+00:00,59.18000030517578,500.7000122070313,124037152.89964426
2024-06-01 03:48:05.011000+00:00,59.09999847412109,464.1600036621094,114829747.15723604
2024-06-01 03:49:04.611000+00:00,59.08000183105469,429.0799865722656,106115294.19841215
2024-06-01 03:50:05.068000+00:00,59.0,429.0799865722656,105971600.60369873
2024-06-01 03:51:04.591000+00:00,59.0,417.8299865722656,103193143.10369873
2024-06-01 03:52:05.065000+00:00,59.0,388.8500061035156,96035841.40740967
2024-06-01 03:53:04.212000+00:00,58.900001525878906,388.8500061035156,95873071.2785677
2024-06-01 03:54:04.342000+00:00,58.900001525878906,363.4200134277344,89603169.09996365
2024-06-01 03:55:04.162000+00:00,58.900001525878906,363.2699890136719,89566179.76958644
2024-06-01 03:56:04.370000+00:00,58.79999923706055,345.2200012207031,84971345.29394308
2024-06-01 03:57:04.322000+00:00,58.79999923706055,324.2699890136719,79814776.39625078
2024-06-01 03:58:04.296000+00:00,58.79999923706055,324.2699890136719,79814776.39625078
2024-06-01 03:59:04.365000+00:00,58.70000076293945,306.0199890136719,75194681.84178442
2024-06-01 04:00:06.198000+00:00,58.59999847412109,306.0199890136719,75066578.94240771
2024-06-01 04:01:04.912000+00:00,58.59999847412109,281.70001220703125,69100898.51506919
2024-06-01 04:02:04.775000+00:00,58.59999847412109,281.0299987792969,68936544.49353091
2024-06-01 04:03:04.429000+00:00,58.5,281.0299987792969,68818907.131073
2024-06-01 04:04:04.366000+00:00,58.5,281.6499938964844,68970732.15536499
2024-06-01 04:05:04.964000+00:00,58.470001220703125,281.6499938964844,68935363.98832443
2024-06-01 04:06:05.307000+00:00,58.400001525878906,264.82000732421875,64738536.24998863
2024-06-01 04:07:04.415000+00:00,58.400001525878906,264.82000732421875,64738536.24998863
2024-06-01 04:08:04.312000+00:00,58.400001525878906,257.3999938964844,62924621.912018396
2024-06-01 04:09:04.485000+00:00,58.400001525878906,257.3999938964844,62924621.912018396
2024-06-01 04:10:04.404000+00:00,58.400001525878906,257.3999938964844,62924621.912018396
2024-06-01 04:11:04.616000+00:00,58.31999969482422,257.54998779296875,62875039.46691643
2024-06-01 04:12:04.762000+00:00,58.38999938964844,257.54998779296875,62950506.435328215
2024-06-01 04:13:04.266000+00:00,58.29999923706055,242.38999938964844,59153775.75893514
2024-06-01 04:14:04.964000+00:00,58.29999923706055,242.38999938964844,59153775.75893514
2024-06-01 04:15:05.155000+00:00,58.20000076293945,242.38999938964844,59052312.853415325
2024-06-01 04:16:03.988000+00:00,58.20000076293945,234.58999633789065,57152035.52501963
2024-06-01 04:17:04.684000+00:00,58.20000076293945,234.58999633789065,57152035.52501963
2024-06-01 04:18:04.396000+00:00,58.20000076293945,233.9499969482422,56996115.5436727
2024-06-01 04:19:04.764000+00:00,58.20000076293945,233.9499969482422,56996115.5436727
2024-06-01 04:20:04.931000+00:00,58.20000076293945,233.9499969482422,56996115.5436727
2024-06-01 04:21:04.426000+00:00,58.20000076293945,234.1600036621093,57047278.47201061
2024-06-01 04:22:04.782000+00:00,58.20000076293945,234.1600036621093,57047278.47201061
2024-06-01 04:23:04.651000+00:00,58.16999816894531,234.9900054931641,57219975.24023317
2024-06-01 04:24:04.503000+00:00,58.09999847412109,234.9900054931641,57151118.76901525
2024-06-01 04:25:04.497000+00:00,58.20000076293945,234.9900054931641,57249487.83675245
2024-06-01 04:26:04.405000+00:00,58.09999847412109,235.32000732421875,57231377.390232004
2024-06-01 04:27:04.601000+00:00,58.09999847412109,235.32000732421875,57231377.390232004
2024-06-01 04:28:04.669000+00:00,58.09999847412109,234.8000030517578,57104908.92246274
2024-06-01 04:29:04.287000+00:00,58.150001525878906,234.8000030517578,57154055.56259127
2024-06-01 04:30:05.054000+00:00,58.09999847412109,234.8000030517578,57104908.92246274
2024-06-01 04:31:03.739000+00:00,58.09999847412109,234.7400054931641,57090317.120612085
2024-06-01 04:32:04.831000+00:00,58.09999847412109,234.7400054931641,57090317.120612085
2024-06-01 04:33:04.509000+00:00,58.09999847412109,235.19000244140625,57199759.34553016
2024-06-01 04:34:03.811000+00:00,58.09999847412109,235.2899932861328,57224077.77826856
2024-06-01 04:35:04.671000+00:00,58.09999847412109,235.2899932861328,57224077.77826856
2024-06-01 04:36:04.308000+00:00,58.09999847412109,235.1100006103516,57180302.372716576
2024-06-01 04:37:04.389000+00:00,58.09999847412109,235.1100006103516,57180302.372716576
2024-06-01 04:38:04.006000+00:00,58.09999847412109,235.1100006103516,57180302.372716576
2024-06-01 04:39:04.809000+00:00,58.09999847412109,240.8300018310547,58571444.385064095
2024-06-01 04:40:04.324000+00:00,58.09999847412109,240.8300018310547,58571444.385064095
2024-06-01 04:41:04.435000+00:00,58.09999847412109,245.8699951171875,59797203.98401519
2024-06-01 04:42:04.817000+00:00,58.09999847412109,245.8699951171875,59797203.98401519
2024-06-01 04:43:04.643000+00:00,58.09999847412109,245.52999877929688,59714514.63283603
2024-06-01 04:44:04.493000+00:00,58.09999847412109,245.52999877929688,59714514.63283603
2024-06-01 04:45:04.065000+00:00,58.09999847412109,245.52999877929688,59714514.63283603
2024-06-01 04:46:04.061000+00:00,58.09999847412109,246.1699981689453,59870166.70430662
2024-06-01 04:47:04.485000+00:00,58.09999847412109,246.1699981689453,59870166.70430662
2024-06-01 04:48:04.774000+00:00,58.09999847412109,246.1699981689453,59870166.70430662
2024-06-01 04:49:04.510000+00:00,58.09999847412109,246.1699981689453,59870166.70430662
2024-06-01 04:50:04.748000+00:00,58.09999847412109,246.1699981689453,59870166.70430662
2024-06-01 04:51:04.710000+00:00,58.09999847412109,246.1999969482422,59877462.60523195
2024-06-01 04:52:05.121000+00:00,58.04999923706055,246.1999969482422,59825933.73215089
2024-06-01 04:53:04.224000+00:00,58.0099983215332,246.33999633789065,59818705.09233041
2024-06-01 04:54:04.611000+00:00,58.09999847412109,246.33999633789065,59911511.3798962
2024-06-01 04:55:04.063000+00:00,58.0,246.33999633789065,59808395.0308838
2024-06-01 04:56:04.517000+00:00,58.0,246.67999267578125,59890942.06176758
2024-06-01 04:57:04.391000+00:00,58.0,246.67999267578125,59890942.06176758
2024-06-01 04:58:04.515000+00:00,58.0,246.1000061035156,59750128.281860344
2024-06-01 04:59:03.985000+00:00,58.0,246.1000061035156,59750128.281860344
2024-06-01 05:00:05.436000+00:00,58.0,249.509994506836,60578032.5463257
2024-06-01 05:01:04.838000+00:00,58.0,249.509994506836,60578032.5463257
2024-06-01 05:02:04.410000+00:00,58.0,249.509994506836,60578032.5463257
2024-06-01 05:03:04.521000+00:00,58.0,252.9499969482422,61413223.859069824
2024-06-01 05:04:04.102000+00:00,58.0,252.9499969482422,61413223.859069824
2024-06-01 05:05:04.233000+00:00,58.0,253.8800048828125,61639018.62548828
2024-06-01 05:06:04.977000+00:00,58.0,253.8800048828125,61639018.62548828
2024-06-01 05:07:03.962000+00:00,58.0,253.8800048828125,61639018.62548828
2024-06-01 05:08:04.639000+00:00,58.0,257.7300109863281,62573753.90734863
2024-06-01 05:09:04.157000+00:00,58.0,257.7300109863281,62573753.90734863
2024-06-01 05:10:04.567000+00:00,58.0,272.0299987792969,66045619.34362793
2024-06-01 05:11:04.646000+00:00,58.0,272.0299987792969,66045619.34362793
2024-06-01 05:12:04.697000+00:00,58.0,272.0299987792969,66045619.34362793
2024-06-01 05:13:04.999000+00:00,58.0,272.0299987792969,66045619.34362793
2024-06-01 05:14:04.871000+00:00,58.0,271.989990234375,66035905.74902344
2024-06-01 05:15:04.659000+00:00,58.0,271.989990234375,66035905.74902344
2024-06-01 05:16:04.289000+00:00,58.0,295.3699951171875,71712290.37451172
2024-06-01 05:17:04.702000+00:00,58.0,295.3699951171875,71712290.37451172
2024-06-01 05:18:04.358000+00:00,58.0,295.57000732421875,71760850.93823242
2024-06-01 05:19:04.962000+00:00,58.0,295.57000732421875,71760850.93823242
2024-06-01 05:20:04.386000+00:00,58.0,297.1300048828125,72139599.62548828
2024-06-01 05:21:04.577000+00:00,58.0,297.1300048828125,72139599.62548828
2024-06-01 05:22:03.926000+00:00,58.0,297.4700012207031,72222146.65637207
2024-06-01 05:23:03.972000+00:00,58.0,297.4700012207031,72222146.65637207
2024-06-01 05:24:04.778000+00:00,57.97999954223633,296.7799987792969,72029775.35344067
2024-06-01 05:25:04.586000+00:00,57.900001525878906,296.7799987792969,71930392.13177043
2024-06-01 05:26:05.023000+00:00,57.900001525878906,297.9599914550781,72216386.25614093
2024-06-01 05:27:04.701000+00:00,57.97999954223633,297.9599914550781,72316164.62396033
2024-06-01 05:28:04.538000+00:00,58.0,322.17999267578125,78221436.06176758
2024-06-01 05:29:04.185000+00:00,57.91999816894531,322.17999267578125,78113541.95637675
2024-06-01 05:30:04.718000+00:00,57.900001525878906,321.260009765625,77863597.86288208
2024-06-01 05:31:04.551000+00:00,57.900001525878906,321.260009765625,77863597.86288208
2024-06-01 05:32:04.741000+00:00,57.900001525878906,321.489990234375,77919338.0925737
2024-06-01 05:33:03.978000+00:00,57.900001525878906,321.489990234375,77919338.0925737
2024-06-01 05:34:04.121000+00:00,57.900001525878906,323.9700012207031,78520416.88316411
2024-06-01 05:35:04.651000+00:00,57.900001525878906,350.95001220703125,85059546.13024406
2024-06-01 05:36:05.050000+00:00,57.900001525878906,350.95001220703125,85059546.13024406
2024-06-01 05:37:04.742000+00:00,57.900001525878906,351.489990234375,85190420.28419358
2024-06-01 05:38:04.397000+00:00,57.900001525878906,351.489990234375,85190420.28419358
2024-06-01 05:39:04.622000+00:00,57.900001525878906,350.3299865722656,84909270.88520099
2024-06-01 05:40:04.276000+00:00,57.900001525878906,357.3099975585937,86601012.00453436
2024-06-01 05:41:04.279000+00:00,57.900001525878906,363.7099914550781,88152174.72610782
2024-06-01 05:42:04.776000+00:00,57.900001525878906,376.80999755859375,91327215.4290873
2024-06-01 05:43:04.336000+00:00,57.900001525878906,376.80999755859375,91327215.4290873
2024-06-01 05:44:04.488000+00:00,57.900001525878906,380.6300048828125,92253068.33665344
2024-06-01 05:45:04.967000+00:00,57.900001525878906,381.8399963378906,92546333.24735446
2024-06-01 05:46:04.178000+00:00,57.900001525878906,381.8399963378906,92546333.24735446
2024-06-01 05:47:04.298000+00:00,57.900001525878906,380.8699951171875,92311234.62729767
2024-06-01 05:48:04.613000+00:00,57.900001525878906,393.7000122070313,95420838.2533024
2024-06-01 05:49:03.672000+00:00,57.869998931884766,393.7000122070313,95371393.13079381
2024-06-01 05:50:04.316000+00:00,57.900001525878906,409.9299926757813,99354488.98519129
2024-06-01 05:51:04.638000+00:00,57.900001525878906,410.9599914550781,99604129.17790912
2024-06-01 05:52:05.149000+00:00,57.83000183105469,410.9599914550781,99483710.2062003
2024-06-01 05:53:03.973000+00:00,57.900001525878906,429.5899963378906,104119472.40234943
2024-06-01 05:54:04.364000+00:00,57.79999923706055,444.989990234375,107665682.70805046
2024-06-01 05:55:04.212000+00:00,57.79999923706055,446.3200073242188,107987481.40270421
2024-06-01 05:56:04.207000+00:00,57.79999923706055,446.3200073242188,107987481.40270421
2024-06-01 05:57:04.841000+00:00,57.79999923706055,445.8800048828125,107881022.46140923
2024-06-01 05:58:04.121000+00:00,57.79999923706055,461.2999877929688,111611899.61326163
2024-06-01 05:59:04.980000+00:00,57.79999923706055,476.1900024414063,115214550.52190907
2024-06-01 06:00:06.649000+00:00,57.70000076293945,473.7999877929688,114437954.92476712
2024-06-01 06:01:04.515000+00:00,57.70000076293945,473.05999755859375,114259223.45311671
2024-06-01 06:02:04.728000+00:00,57.70000076293945,498.6099853515625,120430368.2963237
2024-06-01 06:03:04.271000+00:00,57.70000076293945,506.6099853515625,122362625.92187302
2024-06-01 06:04:04.175000+00:00,57.70000076293945,507.1900024414063,122502718.72747298
2024-06-01 06:05:04.725000+00:00,57.70000076293945,527.4000244140625,127384089.86112098
2024-06-01 06:06:04.351000+00:00,57.70000076293945,537.9600219726562,129934669.33716786
2024-06-01 06:07:04.737000+00:00,57.70000076293945,536.6699829101562,129623083.36019634
2024-06-01 06:08:04.579000+00:00,57.70000076293945,536.6699829101562,129623083.36019634
2024-06-01 06:09:04.632000+00:00,57.70000076293945,551.6400146484375,133238828.1078225
2024-06-01 06:10:04.569000+00:00,57.70000076293945,569.260009765625,137494624.3487384
2024-06-01 06:11:04.863000+00:00,57.70000076293945,569.260009765625,137494624.3487384
2024-06-01 06:12:04.495000+00:00,57.70000076293945,588.4299926757812,142124792.55621335
2024-06-01 06:13:04.826000+00:00,57.70000076293945,597.6099853515625,144342056.41249648
2024-06-01 06:14:05.335000+00:00,57.619998931884766,601.8099975585938,145154955.8695684
2024-06-01 06:15:05.286000+00:00,57.59999847412109,603.8200073242188,145589211.86117163
2024-06-01 06:16:05.475000+00:00,57.59999847412109,634.25,152926296.7488365
2024-06-01 06:17:04.591000+00:00,57.59999847412109,635.8200073242188,153304846.8567771
2024-06-01 06:18:04.403000+00:00,57.59999847412109,666.1699829101562,160622638.5363593
2024-06-01 06:19:04.350000+00:00,57.59999847412109,673.6500244140625,162426178.22373807
2024-06-01 06:20:04.995000+00:00,57.5,710.9000244140625,171110081.37634277
2024-06-01 06:21:04.113000+00:00,57.5,708.6599731445312,170570912.23602295
2024-06-01 06:22:04.303000+00:00,55.880001068115234,749.6900024414062,175362750.68224007
2024-06-01 06:23:04.527000+00:00,56.70000076293945,792.25,188037529.48018074
2024-06-01 06:24:04.771000+00:00,55.27000045776367,824.1799926757812,190682466.00435978
2024-06-01 06:25:04.516000+00:00,56.5,826.8300170898438,195552740.51190186
2024-06-01 06:26:04.869000+00:00,57.09999847412109,863.719970703125,206446860.11257964
2024-06-01 06:27:04.739000+00:00,57.29999923706055,865.3800048828125,207568141.3714472
2024-06-01 06:28:04.217000+00:00,57.400001525878906,861.6599731445312,207036561.87497047
2024-06-01 06:29:04.128000+00:00,57.5,858.780029296875,206704059.15161133
2024-06-01 06:30:05.043000+00:00,57.400001525878906,874.2100219726562,210052042.50737786
2024-06-01 06:31:05.448000+00:00,57.5,887.5700073242188,213633662.91290283
2024-06-01 06:32:04.626000+00:00,57.5,900.9000244140624,216842131.37634274
2024-06-01 06:33:04.630000+00:00,57.5,917.4299926757812,220820812.08709717
2024-06-01 06:34:03.868000+00:00,57.5,917.9000244140624,220933946.37634274
2024-06-01 06:35:04.696000+00:00,57.400001525878906,921.1900024414062,221340223.38655603
2024-06-01 06:36:04.859000+00:00,57.400001525878906,948.8699951171876,227991072.55552036
2024-06-01 06:37:04.490000+00:00,57.459999084472656,955.4099731445312,229802425.97860888
2024-06-01 06:38:04.631000+00:00,57.400001525878906,978.7899780273438,235180138.52834296
2024-06-01 06:39:04.722000+00:00,57.400001525878906,1009.530029296875,242566247.57954818
2024-06-01 06:40:03.931000+00:00,57.400001525878906,1008.4000244140624,242294734.06710583
2024-06-01 06:41:04.186000+00:00,57.400001525878906,1013.510009765625,243522542.9840712
2024-06-01 06:42:05.336000+00:00,57.400001525878906,1036.27001953125,248991236.33989608
2024-06-01 06:43:04.453000+00:00,57.400001525878906,1066.3499755859375,256218740.0850052
2024-06-01 06:44:04.272000+00:00,57.400001525878906,1065.719970703125,256067364.77575654
2024-06-01 06:45:04.897000+00:00,57.400001525878906,1069.52001953125,256980426.85227478
2024-06-01 06:46:03.932000+00:00,57.29999923706055,1092.9000244140625,262140591.98554724
2024-06-01 06:47:04.150000+00:00,57.29999923706055,1119.4000244140625,268496823.60091513
2024-06-01 06:48:04.543000+00:00,57.29999923706055,1137.0799560546875,272737493.0519221
2024-06-01 06:49:04.156000+00:00,57.2599983215332,1142.1300048828125,273757544.0124869
2024-06-01 06:50:05.098000+00:00,57.20000076293945,1169.5899658203125,280045689.479321
2024-06-01 06:51:04.466000+00:00,57.20000076293945,1189.68994140625,284858411.61783
2024-06-01 06:52:04.581000+00:00,57.15999984741211,1218.68994140625,291598086.3961529
2024-06-01 06:53:04.753000+00:00,57.09999847412109,1227.8299560546875,293476644.951611
2024-06-01 06:54:04.852000+00:00,57.0099983215332,1250.8699951171875,298512435.2042566
2024-06-01 06:55:04.539000+00:00,57.09999847412109,1266.7099609375,302769766.7983644
2024-06-01 06:56:04.598000+00:00,57.0,1269.3900146484375,302878996.2751465
2024-06-01 06:57:04.831000+00:00,57.0,1291.25,308094832.5
2024-06-01 06:58:04.655000+00:00,56.79999923706055,1331.3599853515625,316550536.3932
2024-06-01 06:59:04.407000+00:00,56.900001525878906,1316.75,313628000.3605156
2024-06-01 07:00:05.337000+00:00,56.810001373291016,1329.3900146484375,316137806.8630224
2024-06-01 07:01:04.751000+00:00,56.79999923706055,1347.31005859375,320342902.3166749
2024-06-01 07:02:04.533000+00:00,56.79999923706055,1348.31005859375,320580667.1134812
2024-06-01 07:03:04.283000+00:00,56.900001525878906,1365.7099609375,325289450.63319993
2024-06-01 07:04:04.733000+00:00,56.900001525878906,1380.3699951171875,328781227.51187253
2024-06-01 07:05:04.930000+00:00,56.88999938964844,1395.3499755859375,332290788.45997375
2024-06-01 07:06:04.943000+00:00,56.79999923706055,1412.8699951171875,335930747.30280626
2024-06-01 07:07:04.640000+00:00,56.79999923706055,1426.31005859375,339126321.2643754
2024-06-01 07:08:04.287000+00:00,56.79999923706055,1425.1800537109375,338857645.8830233
2024-06-01 07:09:04.578000+00:00,56.900001525878906,1427.43994140625,339992507.6574701
2024-06-01 07:10:04.566000+00:00,57.20000076293945,1434.260009765625,343418073.9108188
2024-06-01 07:11:04.497000+00:00,57.20000076293945,1431.97998046875,342872145.5127168
2024-06-01 07:12:04.654000+00:00,55.41999816894531,1430.8399658203125,331937862.72442365
2024-06-01 07:13:04.603000+00:00,54.70000076293945,0.0,0.0
2024-06-01 07:14:04.905000+00:00,56.79999923706055,1431.97998046875,340474429.08689255
2024-06-01 07:15:04.604000+00:00,57.0,1430.8399658203125,341401277.5246582
2024-06-01 07:16:04.611000+00:00,57.400001525878906,1431.97998046875,344071003.725629
2024-06-01 07:17:04.595000+00:00,57.79999923706055,1436.550048828125,347574428.9661449
2024-06-01 07:18:04.506000+00:00,57.70000076293945,1441.1500244140625,348084140.529332
2024-06-01 07:19:04.954000+00:00,57.59999847412109,1438.8499755859375,346926288.28302914
2024-06-01 07:20:04.976000+00:00,57.400001525878906,1433.1199951171875,344344922.3485844
2024-06-01 07:21:04.434000+00:00,57.29999923706055,1433.1199951171875,343745004.5879148
2024-06-01 07:22:04.482000+00:00,57.70000076293945,1433.1199951171875,346144629.86154807
2024-06-01 07:23:04.178000+00:00,58.0099983215332,1442.31005859375,350235939.4711522
2024-06-01 07:24:04.632000+00:00,58.09999847412109,1441.1500244140625,350497188.3225616
2024-06-01 07:25:04.657000+00:00,57.79999923706055,1441.1500244140625,348687396.7244522
2024-06-01 07:26:05.117000+00:00,57.209999084472656,1525.4200439453125,365309203.22325414
2024-06-01 07:27:04.855000+00:00,57.5,1457.489990234375,350810553.1994629
2024-06-01 07:28:04.679000+00:00,58.0,1441.1500244140625,349893932.1274414
2024-06-01 07:29:04.383000+00:00,57.900001525878906,1444.6199951171875,350131690.671819
2024-06-01 07:30:04.736000+00:00,58.400001525878906,1450.43994140625,354578038.3964685
2024-06-01 07:31:04.555000+00:00,58.70000076293945,1450.43994140625,356399496.24266785
2024-06-01 07:32:04.529000+00:00,58.869998931884766,1445.780029296875,356283305.91495264
2024-06-01 07:33:05.082000+00:00,56.20000076293945,1627.489990234375,382872233.3682625
2024-06-01 07:34:04.280000+00:00,58.900001525878906,1446.93994140625,356750865.27147615
2024-06-01 07:35:04.612000+00:00,59.09999847412109,1446.93994140625,357962224.9062582
2024-06-01 07:36:04.902000+00:00,59.20000076293945,1445.77001953125,358278008.08136696
2024-06-01 07:37:04.627000+00:00,59.34000015258789,1438.8499755859375,357406363.6286551
2024-06-01 07:38:04.423000+00:00,59.5,1420.6800537109375,353844518.9376221
2024-06-01 07:39:04.578000+00:00,59.59999847412109,1401.8699951171875,349746367.89960355
2024-06-01 07:40:04.675000+00:00,59.70000076293945,1379.31005859375,344695381.14987785
2024-06-01 07:41:04.569000+00:00,59.79999923706055,1346.300048828125,337009593.5631622
2024-06-01 07:42:04.706000+00:00,59.900001525878906,1330.3800048828125,333581353.4538982
2024-06-01 07:43:04.729000+00:00,60.0,1292.8800048828125,324719742.0263672
2024-06-01 07:44:04.834000+00:00,60.09999847412109,1256.1099853515625,316010383.5375787
2024-06-01 07:45:04.823000+00:00,60.09999847412109,1229.510009765625,309318399.08953714
2024-06-01 07:46:04.786000+00:00,60.20000076293945,1189.68994140625,299798537.90200967
2024-06-01 07:47:04.163000+00:00,55.16999816894531,0.0,0.0
2024-06-01 07:48:04.755000+00:00,59.59999847412109,534.4400024414062,133335081.25945151
2024-06-01 07:49:04.073000+00:00,60.09999847412109,1052.02001953125,264665716.96604642
2024-06-01 07:50:04.558000+00:00,60.40999984741211,1010.6699829101562,255574444.72703606
2024-06-01 07:51:04.248000+00:00,60.59999847412109,975.6099853515624,247484539.7285653
2024-06-01 07:52:04.686000+00:00,60.77000045776367,913.239990234375,232312931.0985382
2024-06-01 07:53:04.346000+00:00,59.68999862670898,971.510009765625,242743758.78864315
2024-06-01 07:54:03.890000+00:00,57.70000076293945,955.9199829101562,230885459.54914021
2024-06-01 07:55:04.288000+00:00,53.869998931884766,0.0,0.0
2024-06-01 07:56:04.652000+00:00,57.08000183105469,0.0,0.0
2024-06-01 07:57:04.393000+00:00,59.0,894.1900024414062,220841681.66296387
2024-06-01 07:58:04.440000+00:00,60.09999847412109,824.5499877929688,207439126.29230002
2024-06-01 07:59:03.985000+00:00,60.5,749.6900024414062,189861242.18829346
2024-06-01 08:00:05.510000+00:00,60.70000076293945,677.4600219726562,172135954.63861668
2024-06-01 08:01:04.370000+00:00,60.79999923706055,615.1699829101562,156566172.1818378
2024-06-01 08:02:04.317000+00:00,60.900001525878906,496.2799987792969,126515372.930713
2024-06-01 08:03:03.952000+00:00,60.900001525878906,409.739990234375,104453953.00361878
2024-06-01 08:04:04.008000+00:00,60.59999847412109,409.739990234375,103939396.2895941
2024-06-01 08:05:04.639000+00:00,58.11000061035156,0.0,0.0
2024-06-01 08:06:04.687000+00:00,59.290000915527344,376.4100036621094,93420424.84684412
2024-06-01 08:07:04.847000+00:00,59.900001525878906,344.760009765625,86445609.71474212
2024-06-01 08:08:04.406000+00:00,60.29999923706055,331.0599975585937,83564773.0744559
2024-06-01 08:09:04.771000+00:00,60.5,286.989990234375,72681075.99682617
2024-06-01 08:10:04.752000+00:00,60.59999847412109,286.989990234375,72801208.17363876
2024-06-01 08:11:04.579000+00:00,60.59999847412109,220.259994506836,55873703.81566722
2024-06-01 08:12:04.155000+00:00,60.59999847412109,169.80999755859375,43075972.69205222
2024-06-01 08:13:04.687000+00:00,60.59999847412109,169.80999755859375,43075972.69205222
2024-06-01 08:14:04.335000+00:00,60.5,169.80999755859375,43004891.31170654
2024-06-01 08:15:04.777000+00:00,60.400001525878906,169.80999755859375,42933809.931360856
2024-06-01 08:16:04.812000+00:00,60.29999923706055,143.5399932861328,36231761.77889525
2024-06-01 08:17:04.644000+00:00,60.20000076293945,115.38999938964844,29077957.122710064
2024-06-01 08:18:04.894000+00:00,60.0,96.98999786376952,24360007.86346435
2024-06-01 08:19:04.015000+00:00,58.970001220703125,0.0,0.0
2024-06-01 08:20:04.331000+00:00,58.900001525878906,0.0,0.0
2024-06-01 08:21:04.412000+00:00,58.70000076293945,0.0,0.0
2024-06-01 08:22:04.661000+00:00,58.400001525878906,0.0,0.0
2024-06-01 08:23:04.576000+00:00,58.29999923706055,0.0,0.0
2024-06-01 08:24:04.321000+00:00,58.20000076293945,0.0,0.0
2024-06-01 08:25:04.315000+00:00,58.09999847412109,0.0,0.0
2024-06-01 08:26:04.550000+00:00,57.70000076293945,0.0,0.0
2024-06-01 08:27:04.505000+00:00,57.41999816894531,0.0,0.0
2024-06-01 08:28:04.589000+00:00,57.310001373291016,0.0,0.0
2024-06-01 08:29:04.599000+00:00,57.400001525878906,0.0,0.0
2024-06-01 08:30:05.041000+00:00,57.59999847412109,0.0,0.0
2024-06-01 08:31:04.434000+00:00,57.79999923706055,0.0,0.0
2024-06-01 08:32:04.460000+00:00,58.09000015258789,0.0,0.0
2024-06-01 08:33:04.122000+00:00,58.20000076293945,0.0,0.0
2024-06-01 08:34:04.507000+00:00,58.400001525878906,0.0,0.0
2024-06-01 08:35:03.797000+00:00,58.59000015258789,0.0,0.0
2024-06-01 08:36:04.530000+00:00,58.70000076293945,0.0,0.0
2024-06-01 08:37:04.855000+00:00,58.79999923706055,0.0,0.0
2024-06-01 08:38:05.020000+00:00,58.79999923706055,0.0,0.0
2024-06-01 08:39:04.876000+00:00,58.84000015258789,0.0,0.0
2024-06-01 08:40:04.653000+00:00,58.900001525878906,0.0,0.0
2024-06-01 08:41:04.642000+00:00,58.900001525878906,0.0,0.0
2024-06-01 08:42:04.687000+00:00,58.900001525878906,0.0,0.0
2024-06-01 08:43:04.282000+00:00,58.79999923706055,0.0,0.0
2024-06-01 08:44:04.792000+00:00,58.7599983215332,0.0,0.0
2024-06-01 08:45:04.778000+00:00,58.70000076293945,0.0,0.0
2024-06-01 08:46:03.797000+00:00,58.70000076293945,0.0,0.0
2024-06-01 08:47:04.329000+00:00,58.59999847412109,0.0,0.0
2024-06-01 08:48:04.638000+00:00,58.5,0.0,0.0
2024-06-01 08:49:03.830000+00:00,58.40999984741211,0.0,0.0
2024-06-01 08:50:04.892000+00:00,58.400001525878906,0.0,0.0
2024-06-01 08:51:04.665000+00:00,58.29999923706055,0.0,0.0
2024-06-01 08:52:04.865000+00:00,58.29999923706055,0.0,0.0
2024-06-01 08:53:04.938000+00:00,56.33000183105469,0.0,0.0
2024-06-01 08:54:04.504000+00:00,56.400001525878906,0.0,0.0
2024-06-01 08:55:04.347000+00:00,56.70000076293945,0.0,0.0
2024-06-01 08:56:04.435000+00:00,57.0,0.0,0.0
2024-06-01 08:57:04.349000+00:00,57.400001525878906,0.0,0.0
2024-06-01 08:58:04.639000+00:00,57.70000076293945,0.0,0.0
2024-06-01 08:59:04.068000+00:00,58.08000183105469,0.0,0.0
2024-06-01 09:00:05.808000+00:00,58.29999923706055,0.0,0.0
2024-06-01 09:01:04.724000+00:00,58.59999847412109,0.0,0.0
2024-06-01 09:02:04.386000+00:00,58.79999923706055,0.0,0.0
2024-06-01 09:03:04.434000+00:00,54.81999969482422,0.0,0.0
2024-06-01 09:04:04.390000+00:00,55.59999847412109,0.0,0.0
2024-06-01 09:05:04.599000+00:00,56.70000076293945,0.0,0.0
2024-06-01 09:06:04.569000+00:00,57.5,0.0,0.0
2024-06-01 09:07:04.716000+00:00,58.09999847412109,0.0,0.0
2024-06-01 09:08:04.276000+00:00,58.59999847412109,0.0,0.0
2024-06-01 09:09:03.873000+00:00,58.900001525878906,0.0,0.0
2024-06-01 09:10:04.332000+00:00,59.0,0.0,0.0
2024-06-01 09:11:04.534000+00:00,59.09999847412109,0.0,0.0
2024-06-01 09:12:04.561000+00:00,59.20000076293945,0.0,0.0
2024-06-01 09:13:05.174000+00:00,59.13999938964844,0.0,0.0
2024-06-01 09:14:04.580000+00:00,59.20000076293945,0.0,0.0
2024-06-01 09:15:04.866000+00:00,59.04999923706055,0.0,0.0
2024-06-01 09:16:04.117000+00:00,59.0,0.0,0.0
2024-06-01 09:17:04.650000+00:00,58.900001525878906,0.0,0.0
2024-06-01 09:18:04.375000+00:00,58.79999923706055,0.0,0.0
2024-06-01 09:19:04.419000+00:00,58.59999847412109,0.0,0.0
2024-06-01 09:20:04.681000+00:00,58.5,0.0,0.0
2024-06-01 09:21:05.021000+00:00,58.29999923706055,0.0,0.0
2024-06-01 09:22:04.331000+00:00,58.20000076293945,0.0,0.0
2024-06-01 09:23:04.502000+00:00,58.09999847412109,0.0,0.0
2024-06-01 09:24:04.743000+00:00,58.09999847412109,0.0,0.0
2024-06-01 09:25:04.782000+00:00,57.900001525878906,0.0,0.0
2024-06-01 09:26:04.759000+00:00,57.900001525878906,0.0,0.0
2024-06-01 09:27:04.366000+00:00,57.83000183105469,0.0,0.0
2024-06-01 09:28:04.916000+00:00,57.79999923706055,0.0,0.0
2024-06-01 09:29:04.136000+00:00,57.77000045776367,0.0,0.0
2024-06-01 09:30:04.944000+00:00,57.79999923706055,0.0,0.0
2024-06-01 09:31:04.604000+00:00,57.720001220703125,0.0,0.0
2024-06-01 09:32:04.411000+00:00,57.79999923706055,0.0,0.0
2024-06-01 09:33:04.648000+00:00,57.900001525878906,0.0,0.0
2024-06-01 09:34:04.168000+00:00,58.0,0.0,0.0
2024-06-01 09:35:04.467000+00:00,58.09999847412109,0.0,0.0
2024-06-01 09:36:05.074000+00:00,58.150001525878906,0.0,0.0
2024-06-01 09:37:04.705000+00:00,58.20000076293945,0.0,0.0
2024-06-01 09:38:04.751000+00:00,58.29999923706055,0.0,0.0
2024-06-01 09:39:04.849000+00:00,54.91999816894531,0.0,0.0
2024-06-01 09:40:04.039000+00:00,55.709999084472656,0.0,0.0
2024-06-01 09:41:04.219000+00:00,56.70000076293945,0.0,0.0
2024-06-01 09:42:05.083000+00:00,57.59999847412109,0.0,0.0
2024-06-01 09:43:04.440000+00:00,58.29999923706055,0.0,0.0
2024-06-01 09:44:04.645000+00:00,58.79999923706055,0.0,0.0
2024-06-01 09:45:04.251000+00:00,59.0,0.0,0.0
2024-06-01 09:46:04.314000+00:00,59.20000076293945,0.0,0.0
2024-06-01 09:47:04.563000+00:00,59.20000076293945,0.0,0.0
2024-06-01 09:48:04.913000+00:00,59.20000076293945,0.0,0.0
2024-06-01 09:49:03.728000+00:00,59.09999847412109,0.0,0.0
2024-06-01 09:50:04.244000+00:00,59.0,0.0,0.0
2024-06-01 09:51:04.642000+00:00,59.0,0.0,0.0
2024-06-01 09:52:05.207000+00:00,58.02999877929688,0.0,0.0
2024-06-01 09:53:04.248000+00:00,57.59999847412109,0.0,0.0
2024-06-01 09:54:04.487000+00:00,56.79999923706055,0.0,0.0
2024-06-01 09:55:04.659000+00:00,56.79999923706055,0.0,0.0
2024-06-01 09:56:04.523000+00:00,56.79999923706055,0.0,0.0
2024-06-01 09:57:04.179000+00:00,57.09000015258789,0.0,0.0
2024-06-01 09:58:04.417000+00:00,57.5,0.0,0.0
2024-06-01 09:59:04.223000+00:00,57.959999084472656,0.0,0.0
2024-06-01 10:00:07.060000+00:00,58.29999923706055,0.0,0.0
2024-06-01 10:01:04.762000+00:00,55.20000076293945,0.0,0.0
2024-06-01 10:02:04.268000+00:00,55.20000076293945,0.0,0.0
2024-06-01 10:03:04.438000+00:00,45.88999938964844,0.0,0.0
2024-06-01 10:04:04.606000+00:00,53.20000076293945,0.0,0.0
2024-06-01 10:05:05.312000+00:00,57.66999816894531,0.0,0.0
2024-06-01 10:06:04.741000+00:00,59.47999954223633,0.0,0.0
2024-06-01 10:07:04.190000+00:00,60.18999862670898,0.0,0.0
2024-06-01 10:08:04.843000+00:00,60.5,0.0,0.0
2024-06-01 10:09:04.762000+00:00,60.5,0.0,0.0
2024-06-01 10:10:04.481000+00:00,60.5,0.0,0.0
2024-06-01 10:11:04.386000+00:00,60.29999923706055,0.0,0.0
2024-06-01 10:12:04.522000+00:00,60.20000076293945,0.0,0.0
2024-06-01 10:13:05.437000+00:00,60.02999877929688,0.0,0.0
2024-06-01 10:14:04.909000+00:00,59.900001525878906,0.0,0.0
2024-06-01 10:15:04.127000+00:00,59.630001068115234,0.0,0.0
2024-06-01 10:16:04.447000+00:00,59.5,0.0,0.0
2024-06-01 10:17:04.615000+00:00,59.20000076293945,0.0,0.0
2024-06-01 10:18:04.833000+00:00,59.0,0.0,0.0
2024-06-01 10:19:04.908000+00:00,58.900001525878906,0.0,0.0
2024-06-01 10:20:04.334000+00:00,58.02000045776367,0.0,0.0
2024-06-01 10:21:04.218000+00:00,57.59999847412109,0.0,0.0
2024-06-01 10:22:04.273000+00:00,57.29999923706055,0.0,0.0
2024-06-01 10:23:04.227000+00:00,56.70000076293945,0.0,0.0
2024-06-01 10:24:04.619000+00:00,56.400001525878906,0.0,0.0
2024-06-01 10:25:04.813000+00:00,56.29999923706055,0.0,0.0
2024-06-01 10:26:05.231000+00:00,56.400001525878906,0.0,0.0
2024-06-01 10:27:04.358000+00:00,56.70000076293945,0.0,0.0
2024-06-01 10:28:04.498000+00:00,57.09999847412109,0.0,0.0
2024-06-01 10:29:04.951000+00:00,57.5,0.0,0.0
2024-06-01 10:30:05.176000+00:00,48.61000061035156,0.0,0.0
2024-06-01 10:31:04.305000+00:00,50.34000015258789,0.0,0.0
2024-06-01 10:32:04.417000+00:00,56.540000915527344,0.0,0.0
2024-06-01 10:33:04.695000+00:00,59.38999938964844,0.0,0.0
2024-06-01 10:34:03.924000+00:00,60.400001525878906,0.0,0.0
2024-06-01 10:35:04.442000+00:00,60.70000076293945,0.0,0.0
2024-06-01 10:36:04.327000+00:00,60.70000076293945,0.0,0.0
2024-06-01 10:37:04.602000+00:00,60.5,0.0,0.0
2024-06-01 10:38:04.478000+00:00,60.29999923706055,0.0,0.0
2024-06-01 10:39:04.803000+00:00,60.09000015258789,0.0,0.0
2024-06-01 10:40:04.888000+00:00,59.79999923706055,0.0,0.0
2024-06-01 10:41:04.473000+00:00,59.5,0.0,0.0
2024-06-01 10:42:04.955000+00:00,59.29999923706055,0.0,0.0
2024-06-01 10:43:04.129000+00:00,59.0,0.0,0.0
2024-06-01 10:44:04.793000+00:00,58.29999923706055,0.0,0.0
2024-06-01 10:45:05.007000+00:00,57.77999877929688,0.0,0.0
2024-06-01 10:46:04.178000+00:00,57.400001525878906,0.0,0.0
2024-06-01 10:47:04.421000+00:00,57.20000076293945,0.0,0.0
2024-06-01 10:48:04.701000+00:00,57.0,0.0,0.0
2024-06-01 10:49:03.719000+00:00,57.0,0.0,0.0
2024-06-01 10:50:04.750000+00:00,57.0,0.0,0.0
2024-06-01 10:51:03.852000+00:00,57.20000076293945,0.0,0.0
2024-06-01 10:52:04.971000+00:00,57.400001525878906,0.0,0.0
2024-06-01 10:53:04.003000+00:00,57.59999847412109,0.0,0.0
2024-06-01 10:54:04.413000+00:00,57.900001525878906,0.0,0.0
2024-06-01 10:55:04.721000+00:00,58.09999847412109,0.0,0.0
2024-06-01 10:56:04.228000+00:00,58.27999877929688,0.0,0.0
2024-06-01 10:57:04.123000+00:00,58.400001525878906,0.0,0.0
2024-06-01 10:58:03.584000+00:00,58.59999847412109,0.0,0.0
2024-06-01 10:59:04.727000+00:00,58.70000076293945,0.0,0.0
2024-06-01 11:00:06.063000+00:00,58.79999923706055,0.0,0.0
2024-06-01 11:01:04.292000+00:00,58.79999923706055,0.0,0.0
2024-06-01 11:02:04.524000+00:00,58.790000915527344,0.0,0.0
2024-06-01 11:03:04.456000+00:00,58.70000076293945,0.0,0.0
2024-06-01 11:04:03.705000+00:00,58.59999847412109,0.0,0.0
2024-06-01 11:05:05.014000+00:00,58.59999847412109,0.0,0.0
2024-06-01 11:06:04.427000+00:00,58.400001525878906,0.0,0.0
2024-06-01 11:07:04.702000+00:00,58.38999938964844,0.0,0.0
2024-06-01 11:08:05.018000+00:00,58.29999923706055,0.0,0.0
2024-06-01 11:09:04.717000+00:00,58.20000076293945,0.0,0.0
2024-06-01 11:10:04.897000+00:00,58.20000076293945,0.0,0.0
2024-06-01 11:11:04.064000+00:00,58.20000076293945,0.0,0.0
2024-06-01 11:12:04.473000+00:00,58.11000061035156,0.0,0.0
2024-06-01 11:13:04.832000+00:00,58.20000076293945,0.0,0.0
2024-06-01 11:14:04.536000+00:00,58.09999847412109,0.0,0.0
2024-06-01 11:15:04.661000+00:00,58.09999847412109,0.0,0.0
2024-06-01 11:16:04.275000+00:00,58.09999847412109,0.0,0.0
2024-06-01 11:17:04.190000+00:00,58.20000076293945,0.0,0.0
2024-06-01 11:18:05.048000+00:00,58.16999816894531,0.0,0.0
2024-06-01 11:19:04.418000+00:00,58.20000076293945,0.0,0.0
2024-06-01 11:20:04.587000+00:00,58.29999923706055,0.0,0.0
2024-06-01 11:21:04.726000+00:00,58.400001525878906,0.0,0.0
2024-06-01 11:22:04.684000+00:00,58.400001525878906,0.0,0.0
2024-06-01 11:23:04.809000+00:00,58.400001525878906,0.0,0.0
2024-06-01 11:24:04.622000+00:00,58.400001525878906,0.0,0.0
2024-06-01 11:25:04.268000+00:00,58.5,0.0,0.0
2024-06-01 11:26:04.601000+00:00,58.540000915527344,0.0,0.0
2024-06-01 11:27:04.245000+00:00,58.59999847412109,0.0,0.0
2024-06-01 11:28:04.851000+00:00,58.5099983215332,0.0,0.0
2024-06-01 11:29:04.753000+00:00,58.5,0.0,0.0
2024-06-01 11:30:04.601000+00:00,58.5,0.0,0.0
2024-06-01 11:31:04.442000+00:00,58.59000015258789,0.0,0.0
2024-06-01 11:32:04.366000+00:00,58.5,0.0,0.0
2024-06-01 11:33:04.345000+00:00,58.5,0.0,0.0
2024-06-01 11:34:04.053000+00:00,58.5,0.0,0.0
2024-06-01 11:35:04.335000+00:00,58.58000183105469,0.0,0.0
2024-06-01 11:36:04.398000+00:00,58.5,0.0,0.0
2024-06-01 11:37:04.112000+00:00,58.400001525878906,0.0,0.0
2024-06-01 11:38:04.461000+00:00,58.29999923706055,0.0,0.0
2024-06-01 11:39:05.105000+00:00,58.29999923706055,0.0,0.0
2024-06-01 11:40:04.485000+00:00,58.20000076293945,0.0,0.0
2024-06-01 11:41:04.488000+00:00,58.20000076293945,0.0,0.0
2024-06-01 11:42:04.864000+00:00,58.16999816894531,0.0,0.0
2024-06-01 11:43:04.479000+00:00,58.09999847412109,0.0,0.0
2024-06-01 11:44:04.767000+00:00,58.09999847412109,0.0,0.0
2024-06-01 11:45:04.393000+00:00,58.09000015258789,0.0,0.0
2024-06-01 11:46:04.382000+00:00,58.0,0.0,0.0
2024-06-01 11:47:04.261000+00:00,58.09999847412109,0.0,0.0
2024-06-01 11:48:04.346000+00:00,57.70000076293945,0.0,0.0
2024-06-01 11:49:04.832000+00:00,57.59999847412109,0.0,0.0
2024-06-01 11:50:04.912000+00:00,57.61000061035156,0.0,0.0
2024-06-01 11:51:04.555000+00:00,57.81999969482422,0.0,0.0
2024-06-01 11:52:05.011000+00:00,58.09999847412109,0.0,0.0
2024-06-01 11:53:04.880000+00:00,58.29999923706055,0.0,0.0
2024-06-01 11:54:04.641000+00:00,58.400001525878906,0.0,0.0
2024-06-01 11:55:04.598000+00:00,58.59999847412109,0.0,0.0
2024-06-01 11:56:04.509000+00:00,58.70000076293945,0.0,0.0
2024-06-01 11:57:04.415000+00:00,58.79999923706055,0.0,0.0
2024-06-01 11:58:04.512000+00:00,58.79999923706055,0.0,0.0
2024-06-01 11:59:04.296000+00:00,58.79999923706055,0.0,0.0
2024-06-01 12:00:06.682000+00:00,58.79999923706055,0.0,0.0
2024-06-01 12:01:04.562000+00:00,58.70000076293945,0.0,0.0
2024-06-01 12:02:05.033000+00:00,58.58000183105469,0.0,0.0
2024-06-01 12:03:04.535000+00:00,58.5,0.0,0.0
2024-06-01 12:04:04.441000+00:00,58.400001525878906,0.0,0.0
2024-06-01 12:05:04.120000+00:00,58.29999923706055,0.0,0.0
2024-06-01 12:06:05.068000+00:00,58.20000076293945,0.0,0.0
2024-06-01 12:07:04.611000+00:00,58.09999847412109,0.0,0.0
2024-06-01 12:08:04.339000+00:00,58.09999847412109,0.0,0.0
2024-06-01 12:09:04.342000+00:00,58.08000183105469,0.0,0.0
2024-06-01 12:10:04.537000+00:00,58.0,0.0,0.0
2024-06-01 12:11:04.710000+00:00,58.0,0.0,0.0
2024-06-01 12:12:04.589000+00:00,58.0,0.0,0.0
2024-06-01 12:13:05.270000+00:00,58.0,0.0,0.0
2024-06-01 12:14:04.413000+00:00,58.09999847412109,0.0,0.0
2024-06-01 12:15:04.413000+00:00,58.09999847412109,0.0,0.0
2024-06-01 12:16:04.212000+00:00,58.20000076293945,0.0,0.0
2024-06-01 12:17:04.634000+00:00,57.959999084472656,0.0,0.0
2024-06-01 12:18:04.663000+00:00,57.79999923706055,0.0,0.0
2024-06-01 12:19:04.180000+00:00,57.880001068115234,0.0,0.0
2024-06-01 12:20:04.861000+00:00,58.0,0.0,0.0
2024-06-01 12:21:03.682000+00:00,58.09999847412109,0.0,0.0
2024-06-01 12:22:04.594000+00:00,56.81999969482422,0.0,0.0
2024-06-01 12:23:04.525000+00:00,53.0,0.0,0.0
2024-06-01 12:24:04.759000+00:00,55.56999969482422,0.0,0.0
2024-06-01 12:25:04.387000+00:00,58.29999923706055,0.0,0.0
2024-06-01 12:26:04.684000+00:00,59.470001220703125,0.0,0.0
2024-06-01 12:27:04.499000+00:00,59.79999923706055,0.0,0.0
2024-06-01 12:28:04.728000+00:00,59.79999923706055,0.0,0.0
2024-06-01 12:29:04.564000+00:00,59.59999847412109,0.0,0.0
2024-06-01 12:30:05.227000+00:00,59.400001525878906,0.0,0.0
2024-06-01 12:31:05.144000+00:00,55.25,0.0,0.0
2024-06-01 12:32:04.596000+00:00,49.959999084472656,0.0,0.0
2024-06-01 12:33:04.748000+00:00,49.9900016784668,0.0,0.0
2024-06-01 12:34:04.817000+00:00,53.70000076293945,0.0,0.0
2024-06-01 12:35:04.773000+00:00,54.97999954223633,0.0,0.0
2024-06-01 12:36:04.286000+00:00,57.0,0.0,0.0
2024-06-01 12:37:04.502000+00:00,54.47999954223633,0.0,0.0
2024-06-01 12:38:04.449000+00:00,54.11000061035156,0.0,0.0
2024-06-01 12:39:05.138000+00:00,56.79999923706055,0.0,0.0
2024-06-01 12:40:04.794000+00:00,56.5099983215332,0.0,0.0
2024-06-01 12:41:05.200000+00:00,56.54999923706055,0.0,0.0
2024-06-01 12:42:04.755000+00:00,56.400001525878906,0.0,0.0
2024-06-01 12:43:04.858000+00:00,53.40999984741211,0.0,0.0
2024-06-01 12:44:04.564000+00:00,52.59999847412109,0.0,0.0
2024-06-01 12:45:04.159000+00:00,57.0,0.0,0.0
2024-06-01 12:46:04.024000+00:00,59.400001525878906,0.0,0.0
2024-06-01 12:47:04.382000+00:00,60.59999847412109,0.0,0.0
2024-06-01 12:48:04.817000+00:00,60.90999984741211,0.0,0.0
2024-06-01 12:49:04.428000+00:00,60.88999938964844,0.0,0.0
2024-06-01 12:50:04.556000+00:00,60.61000061035156,0.0,0.0
2024-06-01 12:51:04.116000+00:00,60.400001525878906,0.0,0.0
2024-06-01 12:52:04.898000+00:00,59.79999923706055,0.0,0.0
2024-06-01 12:53:03.840000+00:00,59.400001525878906,0.0,0.0
2024-06-01 12:54:04.550000+00:00,59.09999847412109,0.0,0.0
2024-06-01 12:55:04.581000+00:00,58.810001373291016,0.0,0.0
2024-06-01 12:56:04.825000+00:00,58.5,0.0,0.0
2024-06-01 12:57:04.061000+00:00,58.29999923706055,0.0,0.0
2024-06-01 12:58:04.740000+00:00,58.02999877929688,0.0,0.0
2024-06-01 12:59:04.023000+00:00,57.79999923706055,0.0,0.0
2024-06-01 13:00:06.547000+00:00,57.70000076293945,0.0,0.0
2024-06-01 13:01:04.989000+00:00,57.5,0.0,0.0
2024-06-01 13:02:04.474000+00:00,57.400001525878906,0.0,0.0
2024-06-01 13:03:05.110000+00:00,57.5,0.0,0.0
2024-06-01 13:04:04.600000+00:00,55.400001525878906,0.0,0.0
2024-06-01 13:05:04.920000+00:00,55.900001525878906,0.0,0.0
2024-06-01 13:06:05.194000+00:00,55.70000076293945,0.0,0.0
2024-06-01 13:07:04.534000+00:00,48.59999847412109,0.0,0.0
2024-06-01 13:08:04.271000+00:00,53.52000045776367,0.0,0.0
2024-06-01 13:09:04.534000+00:00,58.459999084472656,0.0,0.0
2024-06-01 13:10:04.561000+00:00,60.0,0.0,0.0
2024-06-01 13:11:04.424000+00:00,60.400001525878906,0.0,0.0
2024-06-01 13:12:04.417000+00:00,60.29999923706055,0.0,0.0
2024-06-01 13:13:05.128000+00:00,60.09999847412109,0.0,0.0
2024-06-01 13:14:04.076000+00:00,59.900001525878906,0.0,0.0
2024-06-01 13:15:04.752000+00:00,59.70000076293945,0.0,0.0
2024-06-01 13:16:04.456000+00:00,59.5,0.0,0.0
2024-06-01 13:17:04.680000+00:00,59.20000076293945,0.0,0.0
2024-06-01 13:18:04.942000+00:00,58.0,0.0,0.0
2024-06-01 13:19:04.191000+00:00,58.0,0.0,0.0
2024-06-01 13:20:04.687000+00:00,57.900001525878906,0.0,0.0
2024-06-01 13:21:04.139000+00:00,57.79999923706055,0.0,0.0
2024-06-01 13:22:04.353000+00:00,57.70000076293945,0.0,0.0
2024-06-01 13:23:04.454000+00:00,57.70000076293945,0.0,0.0
2024-06-01 13:24:04.678000+00:00,57.79999923706055,0.0,0.0
2024-06-01 13:25:04.552000+00:00,57.900001525878906,0.0,0.0
2024-06-01 13:26:04.538000+00:00,58.0,0.0,0.0
2024-06-01 13:27:05.232000+00:00,57.900001525878906,0.0,0.0
2024-06-01 13:28:04.073000+00:00,53.09999847412109,0.0,0.0
2024-06-01 13:29:04.392000+00:00,54.5,0.0,0.0
2024-06-01 13:30:04.811000+00:00,56.70000076293945,0.0,0.0
2024-06-01 13:31:04.627000+00:00,58.59999847412109,0.0,0.0
2024-06-01 13:32:04.512000+00:00,59.400001525878906,0.0,0.0
2024-06-01 13:33:04.658000+00:00,59.0,0.0,0.0
2024-06-01 13:34:04.641000+00:00,59.29999923706055,0.0,0.0
2024-06-01 13:35:04.704000+00:00,59.5,0.0,0.0
2024-06-01 13:36:04.806000+00:00,59.400001525878906,0.0,0.0
2024-06-01 13:37:04.672000+00:00,59.29999923706055,0.0,0.0
2024-06-01 13:38:04.102000+00:00,59.20000076293945,0.0,0.0
2024-06-01 13:39:04.857000+00:00,59.0,0.0,0.0
2024-06-01 13:40:04.314000+00:00,58.900001525878906,0.0,0.0
2024-06-01 13:41:04.211000+00:00,58.59999847412109,0.0,0.0
2024-06-01 13:42:04.627000+00:00,58.29999923706055,0.0,0.0
2024-06-01 13:43:04.252000+00:00,58.20000076293945,0.0,0.0
2024-06-01 13:44:04.257000+00:00,58.0,0.0,0.0
2024-06-01 13:45:04.449000+00:00,57.900001525878906,0.0,0.0
2024-06-01 13:46:04.600000+00:00,57.900001525878906,0.0,0.0
2024-06-01 13:47:04.866000+00:00,57.900001525878906,0.0,0.0
2024-06-01 13:48:04.686000+00:00,57.959999084472656,0.0,0.0
2024-06-01 13:49:04.403000+00:00,55.790000915527344,0.0,0.0
2024-06-01 13:50:05.017000+00:00,54.619998931884766,0.0,0.0
2024-06-01 13:51:04.416000+00:00,50.40999984741211,0.0,0.0
2024-06-01 13:52:04.965000+00:00,52.56999969482422,0.0,0.0
2024-06-01 13:53:04.759000+00:00,57.20000076293945,0.0,0.0
2024-06-01 13:54:04.851000+00:00,59.20000076293945,0.0,0.0
2024-06-01 13:55:04.734000+00:00,60.09999847412109,0.0,0.0
2024-06-01 13:56:04.878000+00:00,60.29999923706055,0.0,0.0
2024-06-01 13:57:04.770000+00:00,59.45000076293945,0.0,0.0
2024-06-01 13:58:04.547000+00:00,59.20000076293945,0.0,0.0
2024-06-01 13:59:04.560000+00:00,59.09999847412109,0.0,0.0
2024-06-01 14:00:05.498000+00:00,59.040000915527344,0.0,0.0
2024-06-01 14:01:04.546000+00:00,59.0,0.0,0.0
2024-06-01 14:02:04.695000+00:00,59.0,0.0,0.0
2024-06-01 14:03:04.458000+00:00,59.0,0.0,0.0
2024-06-01 14:04:04.361000+00:00,58.900001525878906,0.0,0.0
2024-06-01 14:05:04.738000+00:00,58.79999923706055,0.0,0.0
2024-06-01 14:06:04.982000+00:00,58.70000076293945,0.0,0.0
2024-06-01 14:07:04.449000+00:00,58.59999847412109,0.0,0.0
2024-06-01 14:08:04.149000+00:00,58.5,0.0,0.0
2024-06-01 14:09:04.137000+00:00,58.40999984741211,0.0,0.0
2024-06-01 14:10:04.727000+00:00,58.400001525878906,0.0,0.0
2024-06-01 14:11:04.766000+00:00,58.29999923706055,0.0,0.0
2024-06-01 14:12:04.596000+00:00,58.20000076293945,0.0,0.0
2024-06-01 14:13:04.826000+00:00,58.18999862670898,0.0,0.0
2024-06-01 14:14:05.019000+00:00,58.09999847412109,0.0,0.0
2024-06-01 14:15:04.174000+00:00,58.09999847412109,0.0,0.0
2024-06-01 14:16:04.434000+00:00,58.09999847412109,0.0,0.0
2024-06-01 14:17:04.979000+00:00,58.09999847412109,0.0,0.0
2024-06-01 14:18:04.755000+00:00,58.09999847412109,0.0,0.0
2024-06-01 14:19:04.554000+00:00,58.09999847412109,0.0,0.0
2024-06-01 14:20:04.821000+00:00,58.09999847412109,0.0,0.0
2024-06-01 14:21:04.335000+00:00,58.20000076293945,0.0,0.0
2024-06-01 14:22:04.664000+00:00,58.20000076293945,0.0,0.0
2024-06-01 14:23:03.817000+00:00,58.20000076293945,0.0,0.0
2024-06-01 14:24:04.596000+00:00,58.20000076293945,0.0,0.0
2024-06-01 14:25:04.520000+00:00,58.20000076293945,0.0,0.0
2024-06-01 14:26:04.568000+00:00,58.2400016784668,0.0,0.0
2024-06-01 14:27:04.659000+00:00,58.29999923706055,0.0,0.0
2024-06-01 14:28:04.220000+00:00,58.400001525878906,0.0,0.0
2024-06-01 14:29:04.796000+00:00,58.5,0.0,0.0
2024-06-01 14:30:04.673000+00:00,58.59999847412109,0.0,0.0
2024-06-01 14:31:04.689000+00:00,58.59999847412109,0.0,0.0
2024-06-01 14:32:05.054000+00:00,58.70000076293945,0.0,0.0
2024-06-01 14:33:04.158000+00:00,58.70000076293945,0.0,0.0
2024-06-01 14:34:04.854000+00:00,58.70000076293945,0.0,0.0
2024-06-01 14:35:04.160000+00:00,58.70000076293945,0.0,0.0
2024-06-01 14:36:03.987000+00:00,58.70000076293945,0.0,0.0
2024-06-01 14:37:03.846000+00:00,58.59999847412109,0.0,0.0
2024-06-01 14:38:04.617000+00:00,58.59999847412109,0.0,0.0
2024-06-01 14:39:05.191000+00:00,58.5,0.0,0.0
2024-06-01 14:40:04.927000+00:00,58.400001525878906,0.0,0.0
2024-06-01 14:41:04.310000+00:00,58.400001525878906,0.0,0.0
2024-06-01 14:42:04.679000+00:00,58.29999923706055,0.0,0.0
2024-06-01 14:43:04.570000+00:00,58.220001220703125,0.0,0.0
2024-06-01 14:44:04.839000+00:00,58.20000076293945,0.0,0.0
2024-06-01 14:45:04.680000+00:00,58.20000076293945,0.0,0.0
2024-06-01 14:46:04.413000+00:00,58.20000076293945,0.0,0.0
2024-06-01 14:47:05.705000+00:00,58.20000076293945,0.0,0.0
2024-06-01 14:48:04.730000+00:00,58.09999847412109,0.0,0.0
2024-06-01 14:49:04.239000+00:00,58.09999847412109,0.0,0.0
2024-06-01 14:50:04.768000+00:00,58.09999847412109,0.0,0.0
2024-06-01 14:51:04.602000+00:00,58.09999847412109,0.0,0.0
2024-06-01 14:52:04.907000+00:00,58.20000076293945,0.0,0.0
2024-06-01 14:53:04.338000+00:00,58.20000076293945,0.0,0.0
2024-06-01 14:54:04.670000+00:00,58.20000076293945,0.0,0.0
2024-06-01 14:55:04.246000+00:00,58.29999923706055,0.0,0.0
2024-06-01 14:56:04.891000+00:00,58.29999923706055,0.0,0.0
2024-06-01 14:57:03.969000+00:00,58.29999923706055,0.0,0.0
2024-06-01 14:58:04.462000+00:00,58.400001525878906,0.0,0.0
2024-06-01 14:59:04.343000+00:00,58.400001525878906,0.0,0.0
2024-06-01 15:00:06.101000+00:00,58.400001525878906,0.0,0.0
2024-06-01 15:01:04.802000+00:00,58.5,0.0,0.0
2024-06-01 15:02:04.921000+00:00,58.5,0.0,0.0
2024-06-01 15:03:04.420000+00:00,58.5,0.0,0.0
2024-06-01 15:04:04.530000+00:00,58.540000915527344,0.0,0.0
2024-06-01 15:05:04.121000+00:00,58.59999847412109,0.0,0.0
2024-06-01 15:06:05.040000+00:00,58.59999847412109,0.0,0.0
2024-06-01 15:07:04.819000+00:00,58.59000015258789,0.0,0.0
2024-06-01 15:08:04.319000+00:00,54.9900016784668,0.0,0.0
2024-06-01 15:09:04.714000+00:00,56.02000045776367,0.0,0.0
2024-06-01 15:10:05.161000+00:00,57.290000915527344,0.0,0.0
2024-06-01 15:11:03.987000+00:00,58.29999923706055,0.0,0.0
2024-06-01 15:12:04.430000+00:00,58.90999984741211,0.0,0.0
2024-06-01 15:13:04.484000+00:00,59.20000076293945,0.0,0.0
2024-06-01 15:14:04.465000+00:00,59.29999923706055,0.0,0.0
2024-06-01 15:15:05.025000+00:00,59.209999084472656,0.0,0.0
2024-06-01 15:16:04.254000+00:00,59.20000076293945,0.0,0.0
2024-06-01 15:17:05.794000+00:00,59.09999847412109,0.0,0.0
2024-06-01 15:18:04.280000+00:00,59.0,0.0,0.0
2024-06-01 15:19:04.671000+00:00,58.79999923706055,0.0,0.0
2024-06-01 15:20:04.941000+00:00,58.59999847412109,0.0,0.0
2024-06-01 15:21:04.602000+00:00,58.5,0.0,0.0
2024-06-01 15:22:04.607000+00:00,58.34000015258789,0.0,0.0
2024-06-01 15:23:04.621000+00:00,58.29999923706055,0.0,0.0
2024-06-01 15:24:04.322000+00:00,58.20000076293945,0.0,0.0
2024-06-01 15:25:04.643000+00:00,58.09999847412109,0.0,0.0
2024-06-01 15:26:04.786000+00:00,58.0,0.0,0.0
2024-06-01 15:27:04.696000+00:00,57.900001525878906,0.0,0.0
2024-06-01 15:28:04.823000+00:00,57.900001525878906,0.0,0.0
2024-06-01 15:29:04.437000+00:00,57.900001525878906,0.0,0.0
2024-06-01 15:30:04.980000+00:00,58.04999923706055,0.0,0.0
2024-06-01 15:31:04.757000+00:00,58.09999847412109,0.0,0.0
2024-06-01 15:32:04.622000+00:00,58.20000076293945,0.0,0.0
2024-06-01 15:33:04.311000+00:00,58.29999923706055,0.0,0.0
2024-06-01 15:34:04.335000+00:00,58.29999923706055,0.0,0.0
2024-06-01 15:35:04.425000+00:00,58.400001525878906,0.0,0.0
2024-06-01 15:36:04.688000+00:00,58.400001525878906,0.0,0.0
2024-06-01 15:37:05.045000+00:00,58.400001525878906,0.0,0.0
2024-06-01 15:38:04.304000+00:00,58.5,0.0,0.0
2024-06-01 15:39:04.791000+00:00,58.58000183105469,0.0,0.0
2024-06-01 15:40:04.435000+00:00,58.52000045776367,0.0,0.0
2024-06-01 15:41:04.372000+00:00,58.5,0.0,0.0
2024-06-01 15:42:04.683000+00:00,58.5099983215332,0.0,0.0
2024-06-01 15:43:03.962000+00:00,58.54999923706055,0.0,0.0
2024-06-01 15:44:04.463000+00:00,58.59999847412109,0.0,0.0
2024-06-01 15:45:04.548000+00:00,58.58000183105469,0.0,0.0
2024-06-01 15:46:03.840000+00:00,57.31999969482422,0.0,0.0
2024-06-01 15:47:04.393000+00:00,57.5,0.0,0.0
2024-06-01 15:48:05.325000+00:00,57.70000076293945,0.0,0.0
2024-06-01 15:49:04.231000+00:00,57.79999923706055,0.0,0.0
2024-06-01 15:50:04.217000+00:00,58.0,0.0,0.0
2024-06-01 15:51:04.245000+00:00,58.20000076293945,0.0,0.0
2024-06-01 15:52:05.560000+00:00,58.400001525878906,0.0,0.0
2024-06-01 15:53:04.213000+00:00,58.59999847412109,0.0,0.0
2024-06-01 15:54:04.308000+00:00,58.79999923706055,0.0,0.0
2024-06-01 15:55:04.376000+00:00,58.900001525878906,0.0,0.0
2024-06-01 15:56:05.007000+00:00,58.84000015258789,0.0,0.0
2024-06-01 15:57:04.391000+00:00,58.900001525878906,0.0,0.0
2024-06-01 15:58:04.169000+00:00,58.900001525878906,0.0,0.0
2024-06-01 15:59:04.416000+00:00,58.70000076293945,0.0,0.0
2024-06-01 16:00:06.160000+00:00,58.59999847412109,0.0,0.0
2024-06-01 16:01:05.090000+00:00,58.400001525878906,0.0,0.0
2024-06-01 16:02:04.116000+00:00,54.56999969482422,0.0,0.0
2024-06-01 16:03:04.499000+00:00,56.18000030517578,0.0,0.0
2024-06-01 16:04:04.533000+00:00,57.5,0.0,0.0
2024-06-01 16:05:04.494000+00:00,58.09999847412109,0.0,0.0
2024-06-01 16:06:05.147000+00:00,58.59999847412109,0.0,0.0
2024-06-01 16:07:04.681000+00:00,58.900001525878906,0.0,0.0
2024-06-01 16:08:04.613000+00:00,59.0,0.0,0.0
2024-06-01 16:09:04.646000+00:00,59.0,0.0,0.0
2024-06-01 16:10:04.893000+00:00,59.0,0.0,0.0
2024-06-01 16:11:04.123000+00:00,59.0,0.0,0.0
2024-06-01 16:12:04.698000+00:00,58.900001525878906,0.0,0.0
2024-06-01 16:13:04.990000+00:00,58.79999923706055,0.0,0.0
2024-06-01 16:14:03.872000+00:00,58.2599983215332,0.0,0.0
2024-06-01 16:15:04.347000+00:00,58.29999923706055,0.0,0.0
2024-06-01 16:16:04.135000+00:00,58.20000076293945,0.0,0.0
2024-06-01 16:17:04.741000+00:00,58.15999984741211,0.0,0.0
2024-06-01 16:18:04.714000+00:00,58.09999847412109,0.0,0.0
2024-06-01 16:19:04.322000+00:00,58.09999847412109,0.0,0.0
2024-06-01 16:20:04.507000+00:00,58.0099983215332,0.0,0.0
2024-06-01 16:21:04.403000+00:00,58.0,0.0,0.0
2024-06-01 16:22:04.745000+00:00,58.02999877929688,0.0,0.0
2024-06-01 16:23:04.226000+00:00,58.09999847412109,0.0,0.0
2024-06-01 16:24:04.305000+00:00,58.09999847412109,0.0,0.0
2024-06-01 16:25:04.551000+00:00,58.09999847412109,0.0,0.0
2024-06-01 16:26:04.289000+00:00,58.20000076293945,0.0,0.0
2024-06-01 16:27:04.128000+00:00,58.29999923706055,0.0,0.0
2024-06-01 16:28:04.472000+00:00,54.869998931884766,0.0,0.0
2024-06-01 16:29:04.102000+00:00,54.54999923706055,0.0,0.0
2024-06-01 16:30:04.887000+00:00,56.47999954223633,0.0,0.0
2024-06-01 16:31:04.951000+00:00,58.290000915527344,0.0,0.0
2024-06-01 16:32:04.081000+00:00,59.20000076293945,0.0,0.0
2024-06-01 16:33:04.167000+00:00,59.59999847412109,0.0,0.0
2024-06-01 16:34:04.147000+00:00,59.59999847412109,0.0,0.0
2024-06-01 16:35:04.587000+00:00,59.59999847412109,0.0,0.0
2024-06-01 16:36:04.930000+00:00,59.5,0.0,0.0
2024-06-01 16:37:04.429000+00:00,59.29999923706055,0.0,0.0
2024-06-01 16:38:04.593000+00:00,59.20000076293945,0.0,0.0
2024-06-01 16:39:04.514000+00:00,59.0,0.0,0.0
2024-06-01 16:40:04.869000+00:00,58.79999923706055,0.0,0.0
2024-06-01 16:41:03.874000+00:00,58.59999847412109,0.0,0.0
2024-06-01 16:42:05.242000+00:00,58.41999816894531,0.0,0.0
2024-06-01 16:43:04.979000+00:00,58.29999923706055,0.0,0.0
2024-06-01 16:44:04.140000+00:00,58.20000076293945,0.0,0.0
2024-06-01 16:45:04.661000+00:00,58.09999847412109,0.0,0.0
2024-06-01 16:46:04.671000+00:00,58.0,0.0,0.0
2024-06-01 16:47:04.624000+00:00,57.900001525878906,0.0,0.0
2024-06-01 16:48:03.965000+00:00,57.84999847412109,0.0,0.0
2024-06-01 16:49:04.299000+00:00,57.79999923706055,0.0,0.0
2024-06-01 16:50:05.478000+00:00,57.79999923706055,0.0,0.0
2024-06-01 16:51:04.604000+00:00,57.900001525878906,0.0,0.0
2024-06-01 16:52:04.899000+00:00,58.0,0.0,0.0
2024-06-01 16:53:04.142000+00:00,58.09999847412109,0.0,0.0
2024-06-01 16:54:04.843000+00:00,58.09999847412109,0.0,0.0
2024-06-01 16:55:04.368000+00:00,58.20000076293945,0.0,0.0
2024-06-01 16:56:04.991000+00:00,57.220001220703125,0.0,0.0
2024-06-01 16:57:04.549000+00:00,57.20000076293945,0.0,0.0
2024-06-01 16:58:04.422000+00:00,57.66999816894531,0.0,0.0
2024-06-01 16:59:05.302000+00:00,58.09999847412109,0.0,0.0
2024-06-01 17:00:05.031000+00:00,58.400001525878906,0.0,0.0
2024-06-01 17:01:04.958000+00:00,58.79999923706055,0.0,0.0
2024-06-01 17:02:04.075000+00:00,58.84999847412109,0.0,0.0
2024-06-01 17:03:04.569000+00:00,58.119998931884766,0.0,0.0
2024-06-01 17:04:04.703000+00:00,58.20000076293945,0.0,0.0
2024-06-01 17:05:04.840000+00:00,58.09999847412109,0.0,0.0
2024-06-01 17:06:05.880000+00:00,55.709999084472656,0.0,0.0
2024-06-01 17:07:04.150000+00:00,56.0,0.0,0.0
2024-06-01 17:08:04.097000+00:00,57.0,0.0,0.0
2024-06-01 17:09:04.680000+00:00,57.970001220703125,0.0,0.0
2024-06-01 17:10:05.358000+00:00,58.70000076293945,0.0,0.0
2024-06-01 17:11:04.721000+00:00,59.09999847412109,0.0,0.0
2024-06-01 17:12:04.472000+00:00,59.290000915527344,0.0,0.0
2024-06-01 17:13:04.734000+00:00,59.29999923706055,0.0,0.0
2024-06-01 17:14:04.534000+00:00,59.20000076293945,0.0,0.0
2024-06-01 17:15:04.653000+00:00,59.09999847412109,0.0,0.0
2024-06-01 17:16:04.311000+00:00,58.0,0.0,0.0
2024-06-01 17:17:04.843000+00:00,56.459999084472656,0.0,0.0
2024-06-01 17:18:04.316000+00:00,56.900001525878906,0.0,0.0
2024-06-01 17:19:04.435000+00:00,57.400001525878906,0.0,0.0
2024-06-01 17:20:04.693000+00:00,57.70000076293945,0.0,0.0
2024-06-01 17:21:04.729000+00:00,57.900001525878906,0.0,0.0
2024-06-01 17:22:04.540000+00:00,58.09999847412109,0.0,0.0
2024-06-01 17:23:03.900000+00:00,58.29999923706055,0.0,0.0
2024-06-01 17:24:04.633000+00:00,58.400001525878906,0.0,0.0
2024-06-01 17:25:04.710000+00:00,58.59999847412109,0.0,0.0
2024-06-01 17:26:04.999000+00:00,58.70000076293945,0.0,0.0
2024-06-01 17:27:04.202000+00:00,58.79999923706055,0.0,0.0
2024-06-01 17:28:04.600000+00:00,58.79999923706055,0.0,0.0
2024-06-01 17:29:04.393000+00:00,57.400001525878906,0.0,0.0
2024-06-01 17:30:04.769000+00:00,57.5,0.0,0.0
2024-06-01 17:31:04.618000+00:00,57.70000076293945,0.0,0.0
2024-06-01 17:32:04.643000+00:00,57.70000076293945,0.0,0.0
2024-06-01 17:33:04.472000+00:00,57.79999923706055,0.0,0.0
2024-06-01 17:34:03.994000+00:00,57.900001525878906,0.0,0.0
2024-06-01 17:35:04.187000+00:00,58.0,0.0,0.0
2024-06-01 17:36:04.743000+00:00,57.79999923706055,0.0,0.0
2024-06-01 17:37:04.870000+00:00,58.08000183105469,0.0,0.0
2024-06-01 17:38:04.734000+00:00,58.20000076293945,0.0,0.0
2024-06-01 17:39:04.841000+00:00,58.29999923706055,0.0,0.0
2024-06-01 17:40:04.363000+00:00,58.310001373291016,0.0,0.0
2024-06-01 17:41:04.334000+00:00,58.5,0.0,0.0
2024-06-01 17:42:04.828000+00:00,58.59999847412109,0.0,0.0
2024-06-01 17:43:04.674000+00:00,58.70000076293945,0.0,0.0
2024-06-01 17:44:04.471000+00:00,58.79999923706055,0.0,0.0
2024-06-01 17:45:03.959000+00:00,58.79999923706055,0.0,0.0
2024-06-01 17:46:04.443000+00:00,58.79999923706055,0.0,0.0
2024-06-01 17:47:04.696000+00:00,58.79999923706055,0.0,0.0
2024-06-01 17:48:04.891000+00:00,58.75,0.0,0.0
2024-06-01 17:49:04.603000+00:00,58.59999847412109,0.0,0.0
2024-06-01 17:50:04.831000+00:00,58.5,0.0,0.0
2024-06-01 17:51:04.122000+00:00,58.400001525878906,0.0,0.0
2024-06-01 17:52:04.812000+00:00,58.29999923706055,0.0,0.0
2024-06-01 17:53:04.692000+00:00,58.20000076293945,0.0,0.0
2024-06-01 17:54:04.862000+00:00,58.18999862670898,0.0,0.0
2024-06-01 17:55:04.726000+00:00,58.09999847412109,0.0,0.0
2024-06-01 17:56:04.410000+00:00,58.09999847412109,0.0,0.0
2024-06-01 17:57:04.923000+00:00,58.09999847412109,0.0,0.0
2024-06-01 17:58:04.746000+00:00,54.04999923706055,0.0,0.0
2024-06-01 17:59:03.857000+00:00,49.93999862670898,0.0,0.0
2024-06-01 18:00:06.377000+00:00,52.59999847412109,0.0,0.0
2024-06-01 18:01:05.126000+00:00,57.16999816894531,0.0,0.0
2024-06-01 18:02:04.026000+00:00,59.560001373291016,0.0,0.0
2024-06-01 18:03:04.056000+00:00,60.2599983215332,0.0,0.0
2024-06-01 18:04:04.663000+00:00,60.29999923706055,0.0,0.0
2024-06-01 18:05:04.733000+00:00,60.0,0.0,0.0
2024-06-01 18:06:04.774000+00:00,59.900001525878906,0.0,0.0
2024-06-01 18:07:04.472000+00:00,59.79999923706055,0.0,0.0
2024-06-01 18:08:04.214000+00:00,59.59999847412109,0.0,0.0
2024-06-01 18:09:04.780000+00:00,59.400001525878906,0.0,0.0
2024-06-01 18:10:04.729000+00:00,59.29999923706055,0.0,0.0
2024-06-01 18:11:04.644000+00:00,59.09999847412109,0.0,0.0
2024-06-01 18:12:04.752000+00:00,59.0,0.0,0.0
2024-06-01 18:13:05.066000+00:00,58.79999923706055,0.0,0.0
2024-06-01 18:14:04.754000+00:00,58.70000076293945,0.0,0.0
2024-06-01 18:15:04.441000+00:00,58.5,0.0,0.0
2024-06-01 18:16:04.112000+00:00,58.38999938964844,0.0,0.0
2024-06-01 18:17:04.693000+00:00,58.20000076293945,0.0,0.0
2024-06-01 18:18:05.063000+00:00,58.04999923706055,0.0,0.0
2024-06-01 18:19:04.469000+00:00,57.900001525878906,0.0,0.0
2024-06-01 18:20:04.694000+00:00,57.70000076293945,0.0,0.0
2024-06-01 18:21:04.886000+00:00,57.68000030517578,0.0,0.0
2024-06-01 18:22:04.554000+00:00,57.52999877929688,0.0,0.0
2024-06-01 18:23:04.226000+00:00,57.5,0.0,0.0
2024-06-01 18:24:04.451000+00:00,57.5,0.0,0.0
2024-06-01 18:25:04.177000+00:00,57.5,0.0,0.0
2024-06-01 18:26:04.354000+00:00,57.59999847412109,0.0,0.0
2024-06-01 18:27:04.698000+00:00,57.70000076293945,0.0,0.0
2024-06-01 18:28:05.044000+00:00,57.95000076293945,0.0,0.0
2024-06-01 18:29:04.477000+00:00,58.09999847412109,0.0,0.0
2024-06-01 18:30:05.127000+00:00,58.29999923706055,0.0,0.0
2024-06-01 18:31:04.813000+00:00,58.470001220703125,0.0,0.0
2024-06-01 18:32:04.735000+00:00,58.59999847412109,0.0,0.0
2024-06-01 18:33:04.631000+00:00,58.70000076293945,0.0,0.0
2024-06-01 18:34:04.539000+00:00,58.79999923706055,0.0,0.0
2024-06-01 18:35:04.560000+00:00,58.79999923706055,0.0,0.0
2024-06-01 18:36:04.854000+00:00,58.79999923706055,0.0,0.0
2024-06-01 18:37:04.280000+00:00,58.79999923706055,0.0,0.0
2024-06-01 18:38:04.405000+00:00,58.79999923706055,0.0,0.0
2024-06-01 18:39:04.842000+00:00,58.70000076293945,0.0,0.0
2024-06-01 18:40:04.937000+00:00,58.59999847412109,0.0,0.0
2024-06-01 18:41:04.218000+00:00,58.5,0.0,0.0
2024-06-01 18:42:05.035000+00:00,58.400001525878906,0.0,0.0
2024-06-01 18:43:04.272000+00:00,58.29999923706055,0.0,0.0
2024-06-01 18:44:04.451000+00:00,58.209999084472656,0.0,0.0
2024-06-01 18:45:04.564000+00:00,58.20000076293945,0.0,0.0
2024-06-01 18:46:04.674000+00:00,58.20000076293945,0.0,0.0
2024-06-01 18:47:05.219000+00:00,58.09999847412109,0.0,0.0
2024-06-01 18:48:05.093000+00:00,58.09999847412109,0.0,0.0
2024-06-01 18:49:04.189000+00:00,56.900001525878906,0.0,0.0
2024-06-01 18:50:04.899000+00:00,56.31999969482422,0.0,0.0
2024-06-01 18:51:04.584000+00:00,56.5099983215332,0.0,0.0
2024-06-01 18:52:04.868000+00:00,57.20000076293945,0.0,0.0
2024-06-01 18:53:04.299000+00:00,57.810001373291016,0.0,0.0
2024-06-01 18:54:04.561000+00:00,58.400001525878906,0.0,0.0
2024-06-01 18:55:05.059000+00:00,58.79999923706055,0.0,0.0
2024-06-01 18:56:04.623000+00:00,59.0,0.0,0.0
2024-06-01 18:57:04.198000+00:00,59.04999923706055,0.0,0.0
2024-06-01 18:58:04.307000+00:00,59.09999847412109,0.0,0.0
2024-06-01 18:59:04.484000+00:00,59.0,0.0,0.0
2024-06-01 19:00:07+00:00,58.900001525878906,0.0,0.0
2024-06-01 19:01:05.094000+00:00,58.79999923706055,0.0,0.0
2024-06-01 19:02:03.865000+00:00,58.70000076293945,0.0,0.0
2024-06-01 19:03:04.411000+00:00,58.59000015258789,0.0,0.0
2024-06-01 19:04:04.485000+00:00,58.400001525878906,0.0,0.0
2024-06-01 19:05:04.764000+00:00,58.29999923706055,0.0,0.0
2024-06-01 19:06:04.775000+00:00,58.20000076293945,0.0,0.0
2024-06-01 19:07:04.466000+00:00,58.18999862670898,0.0,0.0
2024-06-01 19:08:04.434000+00:00,58.09999847412109,0.0,0.0
2024-06-01 19:09:04.234000+00:00,58.0,0.0,0.0
2024-06-01 19:10:04.707000+00:00,58.0,0.0,0.0
2024-06-01 19:11:04.057000+00:00,57.900001525878906,0.0,0.0
2024-06-01 19:12:04.238000+00:00,57.900001525878906,0.0,0.0
2024-06-01 19:13:05.170000+00:00,57.900001525878906,0.0,0.0
2024-06-01 19:14:04.769000+00:00,58.0,0.0,0.0
2024-06-01 19:15:04.706000+00:00,58.0,0.0,0.0
2024-06-01 19:16:04.511000+00:00,58.09999847412109,0.0,0.0
2024-06-01 19:17:04.464000+00:00,58.20000076293945,0.0,0.0
2024-06-01 19:18:04.216000+00:00,58.29999923706055,0.0,0.0
2024-06-01 19:19:04.622000+00:00,58.400001525878906,0.0,0.0
2024-06-01 19:20:04.216000+00:00,58.400001525878906,0.0,0.0
2024-06-01 19:21:04.462000+00:00,58.5,0.0,0.0
2024-06-01 19:22:04.418000+00:00,58.59999847412109,0.0,0.0
2024-06-01 19:23:04.311000+00:00,58.59999847412109,0.0,0.0
2024-06-01 19:24:04.593000+00:00,58.59999847412109,0.0,0.0
2024-06-01 19:25:04.670000+00:00,58.59999847412109,0.0,0.0
2024-06-01 19:26:04.557000+00:00,58.59999847412109,0.0,0.0
2024-06-01 19:27:04.090000+00:00,58.59999847412109,0.0,0.0
2024-06-01 19:28:04.321000+00:00,58.54999923706055,0.0,0.0
2024-06-01 19:29:04.417000+00:00,58.5,0.0,0.0
2024-06-01 19:30:05.131000+00:00,58.400001525878906,0.0,0.0
2024-06-01 19:31:04.570000+00:00,58.400001525878906,0.0,0.0
2024-06-01 19:32:04.551000+00:00,58.34000015258789,0.0,0.0
2024-06-01 19:33:04.523000+00:00,58.29999923706055,0.0,0.0
2024-06-01 19:34:04.194000+00:00,58.20000076293945,0.0,0.0
2024-06-01 19:35:04.714000+00:00,58.20000076293945,0.0,0.0
2024-06-01 19:36:04.695000+00:00,58.09999847412109,0.0,0.0
2024-06-01 19:37:04.561000+00:00,58.09999847412109,0.0,0.0
2024-06-01 19:38:04.452000+00:00,58.09999847412109,0.0,0.0
2024-06-01 19:39:05.204000+00:00,56.84999847412109,0.0,0.0
2024-06-01 19:40:04.248000+00:00,54.68999862670898,0.0,0.0
2024-06-01 19:41:03.920000+00:00,54.7599983215332,0.0,0.0
2024-06-01 19:42:04.765000+00:00,55.18999862670898,0.0,0.0
2024-06-01 19:43:04.260000+00:00,57.0,0.0,0.0
2024-06-01 19:44:04.081000+00:00,58.290000915527344,0.0,0.0
2024-06-01 19:45:04.860000+00:00,59.20000076293945,0.0,0.0
2024-06-01 19:46:04.363000+00:00,59.5,0.0,0.0
2024-06-01 19:47:04.773000+00:00,59.59999847412109,0.0,0.0
2024-06-01 19:48:04.919000+00:00,59.5,0.0,0.0
2024-06-01 19:49:03.693000+00:00,59.5,0.0,0.0
2024-06-01 19:50:04.721000+00:00,59.29999923706055,0.0,0.0
2024-06-01 19:51:04.476000+00:00,59.20000076293945,0.0,0.0
2024-06-01 19:52:04.686000+00:00,59.0,0.0,0.0
2024-06-01 19:53:04.809000+00:00,58.900001525878906,0.0,0.0
2024-06-01 19:54:04.990000+00:00,58.79999923706055,0.0,0.0
2024-06-01 19:55:04.264000+00:00,58.59999847412109,0.0,0.0
2024-06-01 19:56:04.755000+00:00,58.40999984741211,0.0,0.0
2024-06-01 19:57:04.764000+00:00,58.29999923706055,0.0,0.0
2024-06-01 19:58:04.201000+00:00,58.20000076293945,0.0,0.0
2024-06-01 19:59:04.284000+00:00,58.09999847412109,0.0,0.0
2024-06-01 20:00:05.971000+00:00,58.0,0.0,0.0
2024-06-01 20:01:04.892000+00:00,57.83000183105469,0.0,0.0
2024-06-01 20:02:04.043000+00:00,57.79999923706055,0.0,0.0
2024-06-01 20:03:05.069000+00:00,57.70000076293945,0.0,0.0
2024-06-01 20:04:04.060000+00:00,57.70000076293945,0.0,0.0
2024-06-01 20:05:04.740000+00:00,57.70000076293945,0.0,0.0
2024-06-01 20:06:05.574000+00:00,57.79999923706055,0.0,0.0
2024-06-01 20:07:04.276000+00:00,57.900001525878906,0.0,0.0
2024-06-01 20:08:04.737000+00:00,57.900001525878906,0.0,0.0
2024-06-01 20:09:04.618000+00:00,58.0,0.0,0.0
2024-06-01 20:10:04.781000+00:00,58.09999847412109,0.0,0.0
2024-06-01 20:11:04.850000+00:00,58.18999862670898,0.0,0.0
2024-06-01 20:12:04.497000+00:00,58.20000076293945,0.0,0.0
2024-06-01 20:13:04.728000+00:00,58.29999923706055,0.0,0.0
2024-06-01 20:14:04.734000+00:00,58.400001525878906,0.0,0.0
2024-06-01 20:15:04.980000+00:00,58.400001525878906,0.0,0.0
2024-06-01 20:16:04.461000+00:00,58.5,0.0,0.0
2024-06-01 20:17:04.435000+00:00,58.59999847412109,0.0,0.0
2024-06-01 20:18:04.958000+00:00,58.59999847412109,0.0,0.0
2024-06-01 20:19:03.941000+00:00,58.59999847412109,0.0,0.0
2024-06-01 20:20:04.384000+00:00,58.59999847412109,0.0,0.0
2024-06-01 20:21:04.459000+00:00,58.59999847412109,0.0,0.0
2024-06-01 20:22:03.972000+00:00,58.59999847412109,0.0,0.0
2024-06-01 20:23:04.146000+00:00,58.59000015258789,0.0,0.0
2024-06-01 20:24:04.168000+00:00,58.5,0.0,0.0
2024-06-01 20:25:04.715000+00:00,58.5,0.0,0.0
2024-06-01 20:26:04.889000+00:00,58.5,0.0,0.0
2024-06-01 20:27:04.975000+00:00,58.400001525878906,0.0,0.0
2024-06-01 20:28:04.725000+00:00,58.34000015258789,0.0,0.0
2024-06-01 20:29:04.850000+00:00,58.29999923706055,0.0,0.0
2024-06-01 20:30:04.856000+00:00,55.59999847412109,0.0,0.0
2024-06-01 20:31:04.556000+00:00,56.2400016784668,0.0,0.0
2024-06-01 20:32:04.397000+00:00,57.0,0.0,0.0
2024-06-01 20:33:04.478000+00:00,53.0,0.0,0.0
2024-06-01 20:34:04.169000+00:00,48.02000045776367,0.0,0.0
2024-06-01 20:35:04.655000+00:00,47.20000076293945,0.0,0.0
2024-06-01 20:36:04.683000+00:00,48.09999847412109,0.0,0.0
2024-06-01 20:37:04.943000+00:00,54.290000915527344,0.0,0.0
2024-06-01 20:38:04.683000+00:00,59.18000030517578,0.0,0.0
2024-06-01 20:39:04.652000+00:00,60.79999923706055,0.0,0.0
2024-06-01 20:40:04.689000+00:00,61.20000076293945,0.0,0.0
2024-06-01 20:41:04.548000+00:00,61.20000076293945,0.0,0.0
2024-06-01 20:42:04.523000+00:00,59.900001525878906,0.0,0.0
2024-06-01 20:43:04.520000+00:00,59.900001525878906,0.0,0.0
2024-06-01 20:44:04.576000+00:00,59.79999923706055,0.0,0.0
2024-06-01 20:45:04.464000+00:00,59.5099983215332,0.0,0.0
2024-06-01 20:46:04.884000+00:00,59.29999923706055,0.0,0.0
2024-06-01 20:47:04.526000+00:00,59.02999877929688,0.0,0.0
2024-06-01 20:48:04.333000+00:00,58.79999923706055,0.0,0.0
2024-06-01 20:49:04.536000+00:00,58.59999847412109,0.0,0.0
2024-06-01 20:50:04.830000+00:00,58.36000061035156,0.0,0.0
2024-06-01 20:51:04.517000+00:00,58.20000076293945,0.0,0.0
2024-06-01 20:52:04.910000+00:00,57.970001220703125,0.0,0.0
2024-06-01 20:53:04.561000+00:00,57.79999923706055,0.0,0.0
2024-06-01 20:54:05.151000+00:00,57.70000076293945,0.0,0.0
2024-06-01 20:55:04.555000+00:00,57.59999847412109,0.0,0.0
2024-06-01 20:56:04.470000+00:00,57.59999847412109,0.0,0.0
2024-06-01 20:57:04.046000+00:00,57.59999847412109,0.0,0.0
2024-06-01 20:58:04.466000+00:00,57.70000076293945,0.0,0.0
2024-06-01 20:59:04.633000+00:00,57.70000076293945,0.0,0.0
2024-06-01 21:00:05.775000+00:00,57.70000076293945,0.0,0.0
2024-06-01 21:01:05.169000+00:00,57.79999923706055,0.0,0.0
2024-06-01 21:02:04.505000+00:00,57.81999969482422,0.0,0.0
2024-06-01 21:03:04.759000+00:00,57.0,0.0,0.0
2024-06-01 21:04:04.787000+00:00,56.59999847412109,0.0,0.0
2024-06-01 21:05:04.499000+00:00,55.84000015258789,0.0,0.0
2024-06-01 21:06:05.106000+00:00,55.29999923706055,0.0,0.0
2024-06-01 21:07:04.294000+00:00,55.09999847412109,0.0,0.0
2024-06-01 21:08:04.732000+00:00,54.93000030517578,0.0,0.0
2024-06-01 21:09:05.036000+00:00,54.79999923706055,0.0,0.0
2024-06-01 21:10:04.896000+00:00,54.59999847412109,0.0,0.0
2024-06-01 21:11:04.348000+00:00,54.5,0.0,0.0
2024-06-01 21:12:04.528000+00:00,54.20000076293945,0.0,0.0
2024-06-01 21:13:04.944000+00:00,54.20000076293945,0.0,0.0
2024-06-01 21:14:05.106000+00:00,54.29999923706055,0.0,0.0
2024-06-01 21:15:05.082000+00:00,54.59999847412109,0.0,0.0
2024-06-01 21:16:04.626000+00:00,54.79999923706055,0.0,0.0
2024-06-01 21:17:04.253000+00:00,55.0,0.0,0.0
2024-06-01 21:18:04.189000+00:00,55.29999923706055,0.0,0.0
2024-06-01 21:19:04.582000+00:00,55.400001525878906,0.0,0.0
2024-06-01 21:20:04.594000+00:00,55.59999847412109,0.0,0.0
2024-06-01 21:21:04.601000+00:00,55.70000076293945,0.0,0.0
2024-06-01 21:22:04.955000+00:00,55.70000076293945,0.0,0.0
2024-06-01 21:23:04.831000+00:00,55.70000076293945,0.0,0.0
2024-06-01 21:24:05.053000+00:00,55.70000076293945,0.0,0.0
2024-06-01 21:25:04.620000+00:00,55.70000076293945,0.0,0.0
2024-06-01 21:26:04.482000+00:00,55.70000076293945,0.0,0.0
2024-06-01 21:27:04.262000+00:00,55.59999847412109,0.0,0.0
2024-06-01 21:28:04.781000+00:00,55.5,0.0,0.0
2024-06-01 21:29:04.550000+00:00,55.400001525878906,0.0,0.0
2024-06-01 21:30:05.072000+00:00,55.29999923706055,0.0,0.0
2024-06-01 21:31:04.715000+00:00,55.20000076293945,0.0,0.0
2024-06-01 21:32:04.219000+00:00,55.09999847412109,0.0,0.0
2024-06-01 21:33:04.752000+00:00,55.09999847412109,0.0,0.0
2024-06-01 21:34:04.520000+00:00,55.0,0.0,0.0
2024-06-01 21:35:04.897000+00:00,55.0,0.0,0.0
2024-06-01 21:36:04.647000+00:00,55.0,0.0,0.0
2024-06-01 21:37:04.555000+00:00,55.0,0.0,0.0
2024-06-01 21:38:04.495000+00:00,55.0,0.0,0.0
2024-06-01 21:39:05.147000+00:00,55.0,0.0,0.0
2024-06-01 21:40:04.707000+00:00,55.08000183105469,0.0,0.0
2024-06-01 21:41:05.019000+00:00,55.20000076293945,0.0,0.0
2024-06-01 21:42:04.707000+00:00,55.29999923706055,0.0,0.0
2024-06-01 21:43:04.650000+00:00,55.29999923706055,0.0,0.0
2024-06-01 21:44:04.532000+00:00,55.400001525878906,0.0,0.0
2024-06-01 21:45:04.721000+00:00,55.400001525878906,0.0,0.0
2024-06-01 21:46:04.854000+00:00,55.5,0.0,0.0
2024-06-01 21:47:05.023000+00:00,55.58000183105469,0.0,0.0
2024-06-01 21:48:05.580000+00:00,55.59999847412109,0.0,0.0
2024-06-01 21:49:04.199000+00:00,55.59999847412109,0.0,0.0
2024-06-01 21:50:05.090000+00:00,55.59999847412109,0.0,0.0
2024-06-01 21:51:04.383000+00:00,55.59999847412109,0.0,0.0
2024-06-01 21:52:05.112000+00:00,55.5,0.0,0.0
2024-06-01 21:53:04.429000+00:00,55.5,0.0,0.0
2024-06-01 21:54:04.696000+00:00,51.119998931884766,0.0,0.0
2024-06-01 21:55:04.627000+00:00,52.34999847412109,0.0,0.0
2024-06-01 21:56:04.866000+00:00,53.77000045776367,0.0,0.0
2024-06-01 21:57:04.378000+00:00,54.790000915527344,0.0,0.0
2024-06-01 21:58:04.617000+00:00,55.400001525878906,0.0,0.0
2024-06-01 21:59:04.623000+00:00,55.900001525878906,0.0,0.0
2024-06-01 22:00:06.170000+00:00,56.08000183105469,0.0,0.0
2024-06-01 22:01:05.121000+00:00,56.09999847412109,0.0,0.0
2024-06-01 22:02:04.562000+00:00,56.20000076293945,0.0,0.0
2024-06-01 22:03:05.301000+00:00,56.09999847412109,0.0,0.0
2024-06-01 22:04:04.589000+00:00,56.0,0.0,0.0
2024-06-01 22:05:04.772000+00:00,55.900001525878906,0.0,0.0
2024-06-01 22:06:05.418000+00:00,55.79999923706055,0.0,0.0
2024-06-01 22:07:05.027000+00:00,55.650001525878906,0.0,0.0
2024-06-01 22:08:04.341000+00:00,55.5,0.0,0.0
2024-06-01 22:09:04.792000+00:00,54.060001373291016,0.0,0.0
2024-06-01 22:10:04.743000+00:00,52.84000015258789,0.0,0.0
2024-06-01 22:11:04.595000+00:00,53.09999847412109,0.0,0.0
2024-06-01 22:12:04.888000+00:00,53.93999862670898,0.0,0.0
2024-06-01 22:13:04.428000+00:00,54.79999923706055,0.0,0.0
2024-06-01 22:14:04.695000+00:00,55.5,0.0,0.0
2024-06-01 22:15:04.398000+00:00,55.900001525878906,0.0,0.0
2024-06-01 22:16:04.167000+00:00,56.09999847412109,0.0,0.0
2024-06-01 22:17:05.085000+00:00,56.20000076293945,0.0,0.0
2024-06-01 22:18:04.807000+00:00,56.09999847412109,0.0,0.0
2024-06-01 22:19:05.012000+00:00,56.09999847412109,0.0,0.0
2024-06-01 22:20:04.878000+00:00,56.0,0.0,0.0
2024-06-01 22:21:04.552000+00:00,55.900001525878906,0.0,0.0
2024-06-01 22:22:04.597000+00:00,55.79999923706055,0.0,0.0
2024-06-01 22:23:04.388000+00:00,55.70000076293945,0.0,0.0
2024-06-01 22:24:04.584000+00:00,55.59999847412109,0.0,0.0
2024-06-01 22:25:04.305000+00:00,55.5,0.0,0.0
2024-06-01 22:26:04.949000+00:00,55.400001525878906,0.0,0.0
2024-06-01 22:27:04.506000+00:00,55.29999923706055,0.0,0.0
2024-06-01 22:28:04.761000+00:00,55.20000076293945,0.0,0.0
2024-06-01 22:29:04.562000+00:00,55.0,0.0,0.0
2024-06-01 22:30:04.870000+00:00,54.900001525878906,0.0,0.0
2024-06-01 22:31:03.810000+00:00,54.70000076293945,0.0,0.0
2024-06-01 22:32:04.251000+00:00,54.66999816894531,0.0,0.0
2024-06-01 22:33:04.525000+00:00,54.59999847412109,0.0,0.0
2024-06-01 22:34:04.170000+00:00,54.59999847412109,0.0,0.0
2024-06-01 22:35:04.485000+00:00,53.5099983215332,0.0,0.0
2024-06-01 22:36:04.895000+00:00,53.79999923706055,0.0,0.0
2024-06-01 22:37:04.069000+00:00,54.29999923706055,0.0,0.0
2024-06-01 22:38:04.307000+00:00,54.810001373291016,0.0,0.0
2024-06-01 22:39:04.753000+00:00,55.400001525878906,0.0,0.0
2024-06-01 22:40:04.632000+00:00,55.79999923706055,0.0,0.0
2024-06-01 22:41:04.257000+00:00,55.56999969482422,0.0,0.0
2024-06-01 22:42:04.474000+00:00,55.70000076293945,0.0,0.0
2024-06-01 22:43:04.099000+00:00,55.900001525878906,0.0,0.0
2024-06-01 22:44:04.662000+00:00,55.900001525878906,0.0,0.0
2024-06-01 22:45:04.079000+00:00,55.90999984741211,0.0,0.0
2024-06-01 22:46:04.783000+00:00,55.900001525878906,0.0,0.0
2024-06-01 22:47:04.841000+00:00,55.900001525878906,0.0,0.0
2024-06-01 22:48:04.683000+00:00,55.88999938964844,0.0,0.0
2024-06-01 22:49:04.333000+00:00,55.79999923706055,0.0,0.0
2024-06-01 22:50:04.239000+00:00,55.70000076293945,0.0,0.0
2024-06-01 22:51:04.294000+00:00,55.70000076293945,0.0,0.0
2024-06-01 22:52:04.764000+00:00,55.59999847412109,0.0,0.0
2024-06-01 22:53:04.687000+00:00,55.5,0.0,0.0
2024-06-01 22:54:04.680000+00:00,55.400001525878906,0.0,0.0
2024-06-01 22:55:04.603000+00:00,55.29999923706055,0.0,0.0
2024-06-01 22:56:04.548000+00:00,55.220001220703125,0.0,0.0
2024-06-01 22:57:04.565000+00:00,55.20000076293945,0.0,0.0
2024-06-01 22:58:04.200000+00:00,55.09999847412109,0.0,0.0
2024-06-01 22:59:04.754000+00:00,55.09999847412109,0.0,0.0
2024-06-01 23:00:05.715000+00:00,55.09999847412109,0.0,0.0
2024-06-02 00:00:06.586000+00:00,55.5,0.0,0.0
2024-06-02 00:01:05.416000+00:00,55.5,0.0,0.0
2024-06-02 00:02:04.635000+00:00,55.59999847412109,0.0,0.0
2024-06-02 00:03:04.183000+00:00,55.5,0.0,0.0
2024-06-02 00:04:04.544000+00:00,55.5,0.0,0.0
2024-06-02 00:05:04.741000+00:00,55.400001525878906,0.0,0.0
2024-06-02 00:06:05.119000+00:00,55.400001525878906,0.0,0.0
2024-06-02 00:07:04.361000+00:00,55.400001525878906,0.0,0.0
2024-06-02 00:08:04.006000+00:00,55.400001525878906,0.0,0.0
2024-06-02 00:09:04.588000+00:00,55.29999923706055,0.0,0.0
2024-06-02 00:10:04.500000+00:00,55.29999923706055,0.0,0.0
2024-06-02 00:11:04.179000+00:00,55.20000076293945,0.0,0.0
2024-06-02 00:12:04.155000+00:00,55.20000076293945,0.0,0.0
2024-06-02 00:13:05.324000+00:00,55.0,0.0,0.0
2024-06-02 00:14:04.573000+00:00,55.0,0.0,0.0
2024-06-02 00:15:04.419000+00:00,55.0,0.0,0.0
2024-06-02 00:16:04.422000+00:00,54.5,0.0,0.0
2024-06-02 00:17:04.834000+00:00,54.59999847412109,0.0,0.0
2024-06-02 00:18:04.459000+00:00,54.79999923706055,0.0,0.0
2024-06-02 00:19:04.829000+00:00,54.900001525878906,0.0,0.0
2024-06-02 00:20:04.011000+00:00,55.0,0.0,0.0
2024-06-02 00:21:04.415000+00:00,55.09999847412109,0.0,0.0
2024-06-02 00:22:04.303000+00:00,55.20000076293945,0.0,0.0
2024-06-02 00:23:04.375000+00:00,55.29999923706055,0.0,0.0
2024-06-02 00:24:04.979000+00:00,55.400001525878906,0.0,0.0
2024-06-02 00:25:04.147000+00:00,55.29999923706055,0.0,0.0
2024-06-02 00:26:04.242000+00:00,54.54999923706055,0.0,0.0
2024-06-02 00:27:04.728000+00:00,54.59999847412109,0.0,0.0
2024-06-02 00:28:04.506000+00:00,54.900001525878906,0.0,0.0
2024-06-02 00:29:04.686000+00:00,55.20000076293945,0.0,0.0
2024-06-02 00:30:05.529000+00:00,55.4900016784668,0.0,0.0
2024-06-02 00:31:04.739000+00:00,55.59999847412109,0.0,0.0
2024-06-02 00:32:04.586000+00:00,55.70000076293945,0.0,0.0
2024-06-02 00:33:04.137000+00:00,55.79999923706055,0.0,0.0
2024-06-02 00:34:04.379000+00:00,55.810001373291016,0.0,0.0
2024-06-02 00:35:04.650000+00:00,55.79999923706055,0.0,0.0
2024-06-02 00:36:04.539000+00:00,55.79999923706055,0.0,0.0
2024-06-02 00:37:04.767000+00:00,55.79999923706055,0.0,0.0
2024-06-02 00:38:04.822000+00:00,55.70000076293945,0.0,0.0
2024-06-02 00:39:05.168000+00:00,55.59999847412109,0.0,0.0
2024-06-02 00:40:04.399000+00:00,55.59999847412109,0.0,0.0
2024-06-02 00:41:04.727000+00:00,55.40999984741211,0.0,0.0
2024-06-02 00:42:04.511000+00:00,55.400001525878906,0.0,0.0
2024-06-02 00:43:04.603000+00:00,55.29999923706055,0.0,0.0
2024-06-02 00:44:03.816000+00:00,55.20000076293945,0.0,0.0
2024-06-02 00:45:04.684000+00:00,55.20000076293945,0.0,0.0
2024-06-02 00:46:04.734000+00:00,55.09999847412109,0.0,0.0
2024-06-02 00:47:04.623000+00:00,55.09999847412109,0.0,0.0
2024-06-02 00:48:05.215000+00:00,55.0,0.0,0.0
2024-06-02 00:49:04.140000+00:00,55.0,0.0,0.0
2024-06-02 00:50:04.652000+00:00,55.0,0.0,0.0
2024-06-02 00:51:04.655000+00:00,54.900001525878906,0.0,0.0
2024-06-02 00:52:05.114000+00:00,55.0,0.0,0.0
2024-06-02 00:53:04.020000+00:00,55.0,0.0,0.0
2024-06-02 00:54:04.391000+00:00,55.0,0.0,0.0
2024-06-02 00:55:04.680000+00:00,55.09999847412109,0.0,0.0
2024-06-02 00:56:05.147000+00:00,55.09999847412109,0.0,0.0
2024-06-02 00:57:04.206000+00:00,55.18000030517578,0.0,0.0
2024-06-02 00:58:04.778000+00:00,55.20000076293945,0.0,0.0
2024-06-02 00:59:04.440000+00:00,55.20000076293945,0.0,0.0
2024-06-02 01:00:06.503000+00:00,51.369998931884766,0.0,0.0
2024-06-02 01:01:05.209000+00:00,51.5,0.0,0.0
2024-06-02 01:02:04.233000+00:00,53.290000915527344,0.0,0.0
2024-06-02 01:03:04.396000+00:00,54.630001068115234,0.0,0.0
2024-06-02 01:04:04.924000+00:00,55.77999877929688,0.0,0.0
2024-06-02 01:05:04.745000+00:00,56.29999923706055,0.0,0.0
2024-06-02 01:06:05.014000+00:00,56.400001525878906,0.0,0.0
2024-06-02 01:07:05.027000+00:00,56.400001525878906,0.0,0.0
2024-06-02 01:08:04.460000+00:00,56.400001525878906,0.0,0.0
2024-06-02 01:09:04.695000+00:00,56.29999923706055,0.0,0.0
2024-06-02 01:10:04.489000+00:00,56.150001525878906,0.0,0.0
2024-06-02 01:11:05.022000+00:00,56.0,0.0,0.0
2024-06-02 01:12:04.884000+00:00,55.79999923706055,0.0,0.0
2024-06-02 01:13:04.344000+00:00,55.70000076293945,0.0,0.0
2024-06-02 01:14:04.734000+00:00,55.59999847412109,0.0,0.0
2024-06-02 01:15:04.958000+00:00,55.400001525878906,0.0,0.0
2024-06-02 01:16:04.146000+00:00,55.29999923706055,0.0,0.0
2024-06-02 01:17:04.506000+00:00,55.20000076293945,0.0,0.0
2024-06-02 01:18:04.577000+00:00,55.0,0.0,0.0
2024-06-02 01:19:04.478000+00:00,55.0,0.0,0.0
2024-06-02 01:20:04.592000+00:00,54.900001525878906,0.0,0.0
2024-06-02 01:21:04.699000+00:00,54.70000076293945,0.0,0.0
2024-06-02 01:22:04.483000+00:00,54.70000076293945,0.0,0.0
2024-06-02 01:23:04.262000+00:00,54.59999847412109,0.0,0.0
2024-06-02 01:24:04.849000+00:00,54.560001373291016,0.0,0.0
2024-06-02 01:25:04.155000+00:00,54.29999923706055,0.0,0.0
2024-06-02 01:26:04.479000+00:00,54.4900016784668,0.0,0.0
2024-06-02 01:27:04.176000+00:00,54.66999816894531,0.0,0.0
2024-06-02 01:28:05.005000+00:00,54.88999938964844,0.0,0.0
2024-06-02 01:29:04.332000+00:00,55.0,0.0,0.0
2024-06-02 01:30:05.063000+00:00,55.20000076293945,0.0,0.0
2024-06-02 01:31:04.171000+00:00,55.400001525878906,0.0,0.0
2024-06-02 01:32:04.727000+00:00,55.59999847412109,0.0,0.0
2024-06-02 01:33:04.295000+00:00,55.59999847412109,0.0,0.0
2024-06-02 01:34:04.274000+00:00,55.70000076293945,0.0,0.0
2024-06-02 01:35:04.821000+00:00,55.70000076293945,0.0,0.0
2024-06-02 01:36:04.324000+00:00,55.70000076293945,0.0,0.0
2024-06-02 01:37:04.274000+00:00,55.720001220703125,0.0,0.0
2024-06-02 01:38:04.667000+00:00,55.70000076293945,0.0,0.0
2024-06-02 01:39:05.098000+00:00,55.70000076293945,0.0,0.0
2024-06-02 01:40:04.298000+00:00,55.70000076293945,0.0,0.0
2024-06-02 01:41:03.841000+00:00,55.59999847412109,0.0,0.0
2024-06-02 01:42:04.706000+00:00,55.400001525878906,0.0,0.0
2024-06-02 01:43:04.902000+00:00,55.34999847412109,0.0,0.0
2024-06-02 01:44:04.418000+00:00,55.22999954223633,0.0,0.0
2024-06-02 01:45:04.662000+00:00,55.20000076293945,0.0,0.0
2024-06-02 01:46:04.636000+00:00,55.20000076293945,0.0,0.0
2024-06-02 01:47:05.505000+00:00,55.09999847412109,0.0,0.0
2024-06-02 01:48:04.083000+00:00,55.0,0.0,0.0
2024-06-02 01:49:04.006000+00:00,55.0,0.0,0.0
2024-06-02 01:50:04.518000+00:00,54.900001525878906,0.0,0.0
2024-06-02 01:51:04.760000+00:00,54.900001525878906,0.0,0.0
2024-06-02 01:52:05.172000+00:00,55.0,0.0,0.0
2024-06-02 01:53:04.554000+00:00,54.959999084472656,0.0,0.0
2024-06-02 01:54:04.744000+00:00,55.0,0.0,0.0
2024-06-02 01:55:04.581000+00:00,55.0,0.0,0.0
2024-06-02 01:56:04.898000+00:00,55.0,0.0,0.0
2024-06-02 01:57:04.614000+00:00,55.0,0.0,0.0
2024-06-02 01:58:04.857000+00:00,55.09999847412109,0.0,0.0
2024-06-02 01:59:04.741000+00:00,55.20000076293945,0.0,0.0
2024-06-02 02:00:05.610000+00:00,55.27999877929688,0.0,0.0
2024-06-02 02:01:04.709000+00:00,55.59999847412109,0.0,0.0
2024-06-02 02:02:04.688000+00:00,57.0,0.0,0.0
2024-06-02 02:03:04.366000+00:00,58.09999847412109,0.0,0.0
2024-06-02 02:04:04.596000+00:00,58.70000076293945,0.0,0.0
2024-06-02 02:05:05.041000+00:00,58.9900016784668,0.0,0.0
2024-06-02 02:06:04.953000+00:00,59.0,0.0,0.0
2024-06-02 02:07:04.884000+00:00,59.0,0.0,0.0
2024-06-02 02:08:04.901000+00:00,58.900001525878906,0.0,0.0
2024-06-02 02:09:04.551000+00:00,58.83000183105469,0.0,0.0
2024-06-02 02:10:04.673000+00:00,58.79999923706055,0.0,0.0
2024-06-02 02:11:04.702000+00:00,58.59999847412109,0.0,0.0
2024-06-02 02:12:04.779000+00:00,58.5,0.0,0.0
2024-06-02 02:13:05.124000+00:00,58.29999923706055,0.0,0.0
2024-06-02 02:14:04.542000+00:00,58.20000076293945,0.0,0.0
2024-06-02 02:15:04.744000+00:00,58.09999847412109,0.0,0.0
2024-06-02 02:16:04.381000+00:00,58.0,0.0,0.0
2024-06-02 02:17:04.844000+00:00,57.900001525878906,0.0,0.0
2024-06-02 02:18:04.856000+00:00,57.79999923706055,0.0,0.0
2024-06-02 02:19:04.875000+00:00,57.70000076293945,0.0,0.0
2024-06-02 02:20:04.933000+00:00,57.70000076293945,0.0,0.0
2024-06-02 02:21:04.664000+00:00,57.70000076293945,0.0,0.0
2024-06-02 02:22:05.058000+00:00,57.70000076293945,0.0,0.0
2024-06-02 02:23:04.431000+00:00,57.79999923706055,0.0,0.0
2024-06-02 02:24:04.748000+00:00,57.83000183105469,0.0,0.0
2024-06-02 02:25:04.611000+00:00,57.900001525878906,0.0,0.0
2024-06-02 02:26:04.763000+00:00,57.93000030517578,0.0,0.0
2024-06-02 02:27:05.211000+00:00,58.0,0.0,0.0
2024-06-02 02:28:04.523000+00:00,58.09999847412109,0.0,0.0
2024-06-02 02:29:04.595000+00:00,58.09999847412109,0.0,0.0
2024-06-02 02:30:04.690000+00:00,58.13999938964844,0.0,0.0
2024-06-02 02:31:04.589000+00:00,58.20000076293945,0.0,0.0
2024-06-02 02:32:04.636000+00:00,58.29999923706055,0.0,0.0
2024-06-02 02:33:04.395000+00:00,58.29999923706055,0.0,0.0
2024-06-02 02:34:04.301000+00:00,58.29999923706055,0.0,0.0
2024-06-02 02:35:05.073000+00:00,58.29999923706055,0.0,0.0
2024-06-02 02:36:04.249000+00:00,58.29999923706055,0.0,0.0
2024-06-02 02:37:04.455000+00:00,58.29999923706055,0.0,0.0
2024-06-02 02:38:04.394000+00:00,58.29999923706055,0.0,0.0
2024-06-02 02:39:05.258000+00:00,58.29999923706055,0.0,0.0
2024-06-02 02:40:04.726000+00:00,58.29999923706055,0.0,0.0
2024-06-02 02:41:04.712000+00:00,58.29999923706055,0.0,0.0
2024-06-02 02:42:04.820000+00:00,58.220001220703125,0.0,0.0
2024-06-02 02:43:04.571000+00:00,58.29999923706055,0.0,0.0
2024-06-02 02:44:04.672000+00:00,58.20000076293945,0.0,0.0
2024-06-02 02:45:04.765000+00:00,58.20000076293945,0.0,0.0
2024-06-02 02:46:04.534000+00:00,58.20000076293945,0.0,0.0
2024-06-02 02:47:04.663000+00:00,58.09999847412109,0.0,0.0
2024-06-02 02:48:04.286000+00:00,58.09999847412109,0.0,0.0
2024-06-02 02:49:04.833000+00:00,58.09999847412109,0.0,0.0
2024-06-02 02:50:04.810000+00:00,58.09999847412109,0.0,0.0
2024-06-02 02:51:03.923000+00:00,58.04999923706055,0.0,0.0
2024-06-02 02:52:04.851000+00:00,58.08000183105469,0.0,0.0
2024-06-02 02:53:04.313000+00:00,58.0,0.0,0.0
2024-06-02 02:54:04.373000+00:00,58.0,0.0,0.0
2024-06-02 02:55:04.592000+00:00,58.0,0.0,0.0
2024-06-02 02:56:04.815000+00:00,58.0,0.0,0.0
2024-06-02 02:57:04.739000+00:00,58.0,0.0,0.0
2024-06-02 02:58:04.360000+00:00,58.0,0.0,0.0
2024-06-02 02:59:04.434000+00:00,58.09999847412109,0.0,0.0
2024-06-02 03:00:06.308000+00:00,58.09999847412109,0.0,0.0
2024-06-02 03:01:04.880000+00:00,58.11000061035156,0.0,0.0
2024-06-02 03:02:04.509000+00:00,58.20000076293945,0.0,0.0
2024-06-02 03:03:03.907000+00:00,58.20000076293945,0.0,0.0
2024-06-02 03:04:05.133000+00:00,58.20000076293945,0.0,0.0
2024-06-02 03:05:04.556000+00:00,58.20000076293945,0.0,0.0
2024-06-02 03:06:05.266000+00:00,58.20000076293945,0.0,0.0
2024-06-02 03:07:04.691000+00:00,58.20000076293945,0.0,0.0
2024-06-02 03:08:04.714000+00:00,58.20000076293945,0.0,0.0
2024-06-02 03:09:04.526000+00:00,58.20000076293945,0.0,0.0
2024-06-02 03:10:04.555000+00:00,58.20000076293945,0.0,0.0
2024-06-02 03:11:04.662000+00:00,58.20000076293945,0.0,0.0
2024-06-02 03:12:03.878000+00:00,58.20000076293945,0.0,0.0
2024-06-02 03:13:04.916000+00:00,58.09999847412109,0.0,0.0
2024-06-02 03:14:04.532000+00:00,58.20000076293945,0.0,0.0
2024-06-02 03:15:04.945000+00:00,58.20000076293945,0.0,0.0
2024-06-02 03:16:04.765000+00:00,58.20000076293945,0.0,0.0
2024-06-02 03:17:04.862000+00:00,58.20000076293945,0.0,0.0
2024-06-02 03:18:04.498000+00:00,58.20000076293945,0.0,0.0
2024-06-02 03:19:04.330000+00:00,58.09999847412109,0.0,0.0
2024-06-02 03:20:04.920000+00:00,57.70000076293945,0.0,0.0
2024-06-02 03:21:03.803000+00:00,57.59999847412109,0.0,0.0
2024-06-02 03:22:04.612000+00:00,57.59999847412109,0.0,0.0
2024-06-02 03:23:04.070000+00:00,56.13999938964844,0.0,0.0
2024-06-02 03:24:04.422000+00:00,48.810001373291016,0.0,0.0
2024-06-02 03:25:04.274000+00:00,46.02999877929688,0.0,0.0
2024-06-02 03:26:04.937000+00:00,54.470001220703125,0.0,0.0
2024-06-02 03:27:03.939000+00:00,58.900001525878906,0.0,0.0
2024-06-02 03:28:04.571000+00:00,60.29999923706055,257.1000061035156,64896102.8995326
2024-06-02 03:29:04.256000+00:00,60.619998931884766,180.6699981689453,45845972.391961016
2024-06-02 03:30:04.942000+00:00,60.59999847412109,138.22000122070312,35062487.97880107
2024-06-02 03:31:04.045000+00:00,60.400001525878906,112.62999725341795,28476738.496974435
2024-06-02 03:32:04.239000+00:00,60.20000076293945,95.04000091552734,23949814.422236208
2024-06-02 03:33:04.346000+00:00,59.900001525878906,0.0,0.0
2024-06-02 03:34:03.957000+00:00,59.59999847412109,0.0,0.0
2024-06-02 03:35:04.904000+00:00,59.400001525878906,0.0,0.0
2024-06-02 03:36:04.675000+00:00,59.09999847412109,0.0,0.0
2024-06-02 03:37:04.648000+00:00,58.900001525878906,0.0,0.0
2024-06-02 03:38:04.900000+00:00,58.70000076293945,0.0,0.0
2024-06-02 03:39:04.635000+00:00,58.400001525878906,0.0,0.0
2024-06-02 03:40:04.664000+00:00,58.20000076293945,0.0,0.0
2024-06-02 03:41:03.892000+00:00,58.0,0.0,0.0
2024-06-02 03:42:04.391000+00:00,57.79999923706055,0.0,0.0
2024-06-02 03:43:04.263000+00:00,57.59999847412109,0.0,0.0
2024-06-02 03:44:04.577000+00:00,57.400001525878906,0.0,0.0
2024-06-02 03:45:04.599000+00:00,57.20000076293945,0.0,0.0
2024-06-02 03:46:04.395000+00:00,57.0,0.0,0.0
2024-06-02 03:47:04.589000+00:00,57.0,0.0,0.0
2024-06-02 03:48:04.958000+00:00,56.900001525878906,0.0,0.0
2024-06-02 03:49:04.297000+00:00,57.0,0.0,0.0
2024-06-02 03:50:05.087000+00:00,57.09999847412109,0.0,0.0
2024-06-02 03:51:04.338000+00:00,57.400001525878906,0.0,0.0
2024-06-02 03:52:04.849000+00:00,57.70000076293945,0.0,0.0
2024-06-02 03:53:04.752000+00:00,58.0,0.0,0.0
2024-06-02 03:54:04.450000+00:00,58.20000076293945,0.0,0.0
2024-06-02 03:55:04.024000+00:00,58.400001525878906,0.0,0.0
2024-06-02 03:56:04.888000+00:00,58.59999847412109,0.0,0.0
2024-06-02 03:57:04.554000+00:00,58.59999847412109,0.0,0.0
2024-06-02 03:58:04.282000+00:00,58.66999816894531,0.0,0.0
2024-06-02 03:59:04.441000+00:00,58.59999847412109,0.0,0.0
2024-06-02 04:00:06.286000+00:00,58.400001525878906,0.0,0.0
2024-06-02 04:01:04.795000+00:00,58.310001373291016,0.0,0.0
2024-06-02 04:02:04.254000+00:00,58.29999923706055,0.0,0.0
2024-06-02 04:03:04.287000+00:00,58.20000076293945,0.0,0.0
2024-06-02 04:04:04.314000+00:00,58.20000076293945,0.0,0.0
2024-06-02 04:05:04.366000+00:00,58.09999847412109,0.0,0.0
2024-06-02 04:06:04.733000+00:00,58.09999847412109,0.0,0.0
2024-06-02 04:07:04.595000+00:00,58.0,0.0,0.0
2024-06-02 04:08:04.564000+00:00,58.0,0.0,0.0
2024-06-02 04:09:04.644000+00:00,58.0,0.0,0.0
2024-06-02 04:10:04.746000+00:00,58.02000045776367,0.0,0.0
2024-06-02 04:11:04.113000+00:00,58.0,0.0,0.0
2024-06-02 04:12:04.399000+00:00,58.0,0.0,0.0
2024-06-02 04:13:05.098000+00:00,58.0,0.0,0.0
2024-06-02 04:14:04.546000+00:00,58.0,0.0,0.0
2024-06-02 04:15:04.926000+00:00,58.0,0.0,0.0
2024-06-02 04:16:04.696000+00:00,58.0,0.0,0.0
2024-06-02 04:17:04.652000+00:00,58.0,0.0,0.0
2024-06-02 04:18:04.732000+00:00,58.09999847412109,0.0,0.0
2024-06-02 04:19:04.329000+00:00,58.09999847412109,0.0,0.0
2024-06-02 04:20:04.432000+00:00,58.09999847412109,0.0,0.0
2024-06-02 04:21:04.425000+00:00,58.18999862670898,0.0,0.0
2024-06-02 04:22:04.217000+00:00,58.20000076293945,0.0,0.0
2024-06-02 04:23:04.069000+00:00,58.20000076293945,0.0,0.0
2024-06-02 04:24:04.505000+00:00,58.20000076293945,0.0,0.0
2024-06-02 04:25:04.378000+00:00,58.29999923706055,0.0,0.0
2024-06-02 04:26:05.053000+00:00,58.29999923706055,0.0,0.0
2024-06-02 04:27:03.991000+00:00,58.29999923706055,0.0,0.0
2024-06-02 04:28:04.508000+00:00,58.29999923706055,0.0,0.0
2024-06-02 04:29:04.245000+00:00,58.27000045776367,0.0,0.0
2024-06-02 04:30:04.828000+00:00,58.29999923706055,0.0,0.0
2024-06-02 04:31:04.272000+00:00,58.29999923706055,0.0,0.0
2024-06-02 04:32:04.161000+00:00,58.20000076293945,0.0,0.0
2024-06-02 04:33:05.439000+00:00,58.20000076293945,0.0,0.0
2024-06-02 04:34:04.277000+00:00,58.20000076293945,0.0,0.0
2024-06-02 04:35:04.537000+00:00,58.20000076293945,0.0,0.0
2024-06-02 04:36:04.952000+00:00,58.20000076293945,0.0,0.0
2024-06-02 04:37:04.781000+00:00,58.20000076293945,0.0,0.0
2024-06-02 04:38:04.442000+00:00,58.20000076293945,0.0,0.0
2024-06-02 04:39:05.294000+00:00,58.20000076293945,0.0,0.0
2024-06-02 04:40:04.363000+00:00,58.20000076293945,0.0,0.0
2024-06-02 04:41:04.751000+00:00,58.20000076293945,0.0,0.0
2024-06-02 04:42:04.798000+00:00,58.20000076293945,0.0,0.0
2024-06-02 04:43:04.361000+00:00,58.11000061035156,0.0,0.0
2024-06-02 04:44:04.428000+00:00,58.09999847412109,0.0,0.0
2024-06-02 04:45:04.048000+00:00,58.09999847412109,0.0,0.0
2024-06-02 04:46:04.221000+00:00,58.09999847412109,0.0,0.0
2024-06-02 04:47:04.218000+00:00,58.09999847412109,0.0,0.0
2024-06-02 04:48:04.318000+00:00,58.09999847412109,0.0,0.0
2024-06-02 04:49:04.287000+00:00,58.09999847412109,0.0,0.0
2024-06-02 04:50:04.628000+00:00,58.09999847412109,0.0,0.0
2024-06-02 04:51:04.483000+00:00,58.09999847412109,0.0,0.0
2024-06-02 04:52:04.978000+00:00,58.09999847412109,0.0,0.0
2024-06-02 04:53:04.801000+00:00,58.09999847412109,0.0,0.0
2024-06-02 04:54:04.920000+00:00,58.0,0.0,0.0
2024-06-02 04:55:04.317000+00:00,58.0,0.0,0.0
2024-06-02 04:56:04.573000+00:00,58.0,0.0,0.0
2024-06-02 04:57:04.978000+00:00,58.0,0.0,0.0
2024-06-02 04:58:04.176000+00:00,58.0,0.0,0.0
2024-06-02 04:59:03.890000+00:00,58.09999847412109,0.0,0.0
2024-06-02 05:00:06.664000+00:00,58.0099983215332,0.0,0.0
2024-06-02 05:01:05.132000+00:00,58.09999847412109,0.0,0.0
2024-06-02 05:02:04.667000+00:00,58.09999847412109,0.0,0.0
2024-06-02 05:03:04.138000+00:00,58.09999847412109,0.0,0.0
2024-06-02 05:04:04.468000+00:00,58.20000076293945,0.0,0.0
2024-06-02 05:05:04.180000+00:00,58.20000076293945,0.0,0.0
2024-06-02 05:06:04.716000+00:00,58.20000076293945,0.0,0.0
2024-06-02 05:07:04.332000+00:00,58.20000076293945,0.0,0.0
2024-06-02 05:08:04.288000+00:00,58.20000076293945,0.0,0.0
2024-06-02 05:09:04.288000+00:00,58.20000076293945,0.0,0.0
2024-06-02 05:10:04.555000+00:00,58.20000076293945,0.0,0.0
2024-06-02 05:11:04.188000+00:00,58.20000076293945,0.0,0.0
2024-06-02 05:12:04.377000+00:00,58.20000076293945,0.0,0.0
2024-06-02 05:13:04.471000+00:00,58.20000076293945,0.0,0.0
2024-06-02 05:14:04.924000+00:00,58.20000076293945,0.0,0.0
2024-06-02 05:15:04.533000+00:00,58.11000061035156,0.0,0.0
2024-06-02 05:16:03.818000+00:00,58.09999847412109,0.0,0.0
2024-06-02 05:17:04.957000+00:00,58.09999847412109,0.0,0.0
2024-06-02 05:18:04.580000+00:00,58.09999847412109,0.0,0.0
2024-06-02 05:19:04.506000+00:00,58.09999847412109,0.0,0.0
2024-06-02 05:20:04.641000+00:00,58.09999847412109,0.0,0.0
2024-06-02 05:21:04.586000+00:00,58.09999847412109,0.0,0.0
2024-06-02 05:22:04.270000+00:00,58.040000915527344,0.0,0.0
2024-06-02 05:23:04.288000+00:00,58.09999847412109,0.0,0.0
2024-06-02 05:24:04.427000+00:00,58.09999847412109,0.0,0.0
2024-06-02 05:25:04.162000+00:00,58.09999847412109,0.0,0.0
2024-06-02 05:26:04.294000+00:00,58.09999847412109,0.0,0.0
2024-06-02 05:27:04.593000+00:00,58.20000076293945,0.0,0.0
2024-06-02 05:28:04.684000+00:00,58.09999847412109,0.0,0.0
2024-06-02 05:29:04.481000+00:00,58.20000076293945,0.0,0.0
2024-06-02 05:30:04.652000+00:00,58.20000076293945,0.0,0.0
2024-06-02 05:31:04.531000+00:00,58.20000076293945,0.0,0.0
2024-06-02 05:32:04.345000+00:00,58.20000076293945,0.0,0.0
2024-06-02 05:33:04.567000+00:00,58.20000076293945,0.0,0.0
2024-06-02 05:34:04.433000+00:00,58.29999923706055,0.0,0.0
2024-06-02 05:35:04.461000+00:00,58.29999923706055,0.0,0.0
2024-06-02 05:36:04.872000+00:00,58.400001525878906,0.0,0.0
2024-06-02 05:37:04.635000+00:00,58.400001525878906,0.0,0.0
2024-06-02 05:38:04.630000+00:00,58.400001525878906,0.0,0.0
2024-06-02 05:39:04.903000+00:00,58.400001525878906,0.0,0.0
2024-06-02 05:40:04.577000+00:00,58.400001525878906,0.0,0.0
2024-06-02 05:41:04.326000+00:00,58.400001525878906,0.0,0.0
2024-06-02 05:42:04.922000+00:00,58.34999847412109,0.0,0.0
2024-06-02 05:43:04.569000+00:00,58.29999923706055,0.0,0.0
2024-06-02 05:44:04.245000+00:00,58.29999923706055,0.0,0.0
2024-06-02 05:45:04.740000+00:00,58.29999923706055,0.0,0.0
2024-06-02 05:46:04.559000+00:00,58.20000076293945,0.0,0.0
2024-06-02 05:47:04.460000+00:00,58.20000076293945,0.0,0.0
2024-06-02 05:48:04.934000+00:00,58.20000076293945,0.0,0.0
2024-06-02 05:49:04.451000+00:00,58.20000076293945,0.0,0.0
2024-06-02 05:50:05.045000+00:00,58.09999847412109,0.0,0.0
2024-06-02 05:51:03.978000+00:00,58.09999847412109,0.0,0.0
2024-06-02 05:52:04.466000+00:00,58.09999847412109,0.0,0.0
2024-06-02 05:53:04.555000+00:00,58.0,0.0,0.0
2024-06-02 05:54:04.946000+00:00,58.0,0.0,0.0
2024-06-02 05:55:04.462000+00:00,58.0099983215332,0.0,0.0
2024-06-02 05:56:04.571000+00:00,58.0,0.0,0.0
2024-06-02 05:57:04.551000+00:00,58.0,0.0,0.0
2024-06-02 05:58:04.341000+00:00,58.0,0.0,0.0
2024-06-02 05:59:04.280000+00:00,58.0,0.0,0.0
2024-06-02 06:00:05.814000+00:00,58.09999847412109,0.0,0.0
2024-06-02 06:01:04.690000+00:00,58.09000015258789,0.0,0.0
2024-06-02 06:02:04.287000+00:00,58.09999847412109,0.0,0.0
2024-06-02 06:03:04.761000+00:00,58.09999847412109,0.0,0.0
2024-06-02 06:04:04.927000+00:00,58.09999847412109,0.0,0.0
2024-06-02 06:05:04.546000+00:00,58.09999847412109,0.0,0.0
2024-06-02 06:06:04.760000+00:00,58.09999847412109,0.0,0.0
2024-06-02 06:07:04.258000+00:00,58.09999847412109,0.0,0.0
2024-06-02 06:08:04.762000+00:00,58.09999847412109,0.0,0.0
2024-06-02 06:09:04.732000+00:00,58.09999847412109,0.0,0.0
2024-06-02 06:10:04.836000+00:00,58.09999847412109,0.0,0.0
2024-06-02 06:11:04.701000+00:00,58.09999847412109,0.0,0.0
2024-06-02 06:12:04.841000+00:00,58.09999847412109,0.0,0.0
2024-06-02 06:13:04.803000+00:00,58.09999847412109,0.0,0.0
2024-06-02 06:14:04.632000+00:00,58.09999847412109,0.0,0.0
2024-06-02 06:15:04.662000+00:00,58.20000076293945,0.0,0.0
2024-06-02 06:16:04.037000+00:00,58.20000076293945,0.0,0.0
2024-06-02 06:17:04.578000+00:00,58.29999923706055,0.0,0.0
2024-06-02 06:18:04.654000+00:00,58.220001220703125,0.0,0.0
2024-06-02 06:19:05.760000+00:00,58.20000076293945,0.0,0.0
2024-06-02 06:20:04.686000+00:00,58.09999847412109,0.0,0.0
2024-06-02 06:21:04.559000+00:00,58.09999847412109,0.0,0.0
2024-06-02 06:22:04.567000+00:00,58.0,0.0,0.0
2024-06-02 06:23:04.440000+00:00,57.900001525878906,0.0,0.0
2024-06-02 06:24:04.713000+00:00,57.900001525878906,0.0,0.0
2024-06-02 06:25:04.313000+00:00,57.900001525878906,0.0,0.0
2024-06-02 06:26:04.801000+00:00,57.900001525878906,0.0,0.0
2024-06-02 06:27:04.629000+00:00,57.900001525878906,0.0,0.0
2024-06-02 06:28:04.340000+00:00,57.810001373291016,0.0,0.0
2024-06-02 06:29:04.483000+00:00,54.52999877929688,0.0,0.0
2024-06-02 06:30:05.104000+00:00,53.27000045776367,0.0,0.0
2024-06-02 06:31:04.410000+00:00,55.20000076293945,0.0,0.0
2024-06-02 06:32:04.887000+00:00,57.09000015258789,0.0,0.0
2024-06-02 06:33:04.156000+00:00,58.20000076293945,0.0,0.0
2024-06-02 06:34:04.739000+00:00,58.88999938964844,0.0,0.0
2024-06-02 06:35:04.621000+00:00,59.20000076293945,0.0,0.0
2024-06-02 06:36:04.693000+00:00,59.29999923706055,0.0,0.0
2024-06-02 06:37:04.718000+00:00,59.29999923706055,0.0,0.0
2024-06-02 06:38:05.008000+00:00,59.220001220703125,0.0,0.0
2024-06-02 06:39:04.718000+00:00,59.20000076293945,0.0,0.0
2024-06-02 06:40:04.966000+00:00,59.0,0.0,0.0
2024-06-02 06:41:03.898000+00:00,58.900001525878906,0.0,0.0
2024-06-02 06:42:04.783000+00:00,58.7599983215332,0.0,0.0
2024-06-02 06:43:04.725000+00:00,58.59999847412109,0.0,0.0
2024-06-02 06:44:04.934000+00:00,58.400001525878906,0.0,0.0
2024-06-02 06:45:04.830000+00:00,58.20000076293945,0.0,0.0
2024-06-02 06:46:04.226000+00:00,57.900001525878906,0.0,0.0
2024-06-02 06:47:04.252000+00:00,57.70000076293945,0.0,0.0
2024-06-02 06:48:04.381000+00:00,57.5,0.0,0.0
2024-06-02 06:49:04.259000+00:00,57.400001525878906,0.0,0.0
2024-06-02 06:50:05.082000+00:00,57.29999923706055,0.0,0.0
2024-06-02 06:51:04.268000+00:00,57.20000076293945,0.0,0.0
2024-06-02 06:52:05.096000+00:00,57.400001525878906,0.0,0.0
2024-06-02 06:53:04.548000+00:00,57.5,0.0,0.0
2024-06-02 06:54:05.025000+00:00,57.70000076293945,0.0,0.0
2024-06-02 06:55:04.183000+00:00,57.77999877929688,0.0,0.0
2024-06-02 06:56:04.320000+00:00,57.900001525878906,0.0,0.0
2024-06-02 06:57:04.802000+00:00,58.09999847412109,0.0,0.0
2024-06-02 06:58:04.382000+00:00,58.20000076293945,0.0,0.0
2024-06-02 06:59:03.979000+00:00,58.400001525878906,0.0,0.0
2024-06-02 07:00:06.288000+00:00,58.40999984741211,0.0,0.0
2024-06-02 07:01:04.872000+00:00,58.5,0.0,0.0
2024-06-02 07:02:04.724000+00:00,58.5,0.0,0.0
2024-06-02 07:03:04.456000+00:00,58.5,0.0,0.0
2024-06-02 07:04:04.166000+00:00,57.93000030517578,0.0,0.0
2024-06-02 07:05:04.286000+00:00,57.5099983215332,0.0,0.0
2024-06-02 07:06:04.853000+00:00,57.5,0.0,0.0
2024-06-02 07:07:04.214000+00:00,57.70000076293945,0.0,0.0
2024-06-02 07:08:04.571000+00:00,57.79999923706055,0.0,0.0
2024-06-02 07:09:03.928000+00:00,58.0,0.0,0.0
2024-06-02 07:10:04.371000+00:00,57.9900016784668,0.0,0.0
2024-06-02 07:11:04.435000+00:00,58.09999847412109,0.0,0.0
2024-06-02 07:12:04.675000+00:00,58.20000076293945,0.0,0.0
2024-06-02 07:13:04.703000+00:00,58.29999923706055,0.0,0.0
2024-06-02 07:14:04.418000+00:00,58.29999923706055,0.0,0.0
2024-06-02 07:15:04.770000+00:00,57.880001068115234,0.0,0.0
2024-06-02 07:16:04.225000+00:00,57.119998931884766,0.0,0.0
2024-06-02 07:17:04.654000+00:00,57.47999954223633,0.0,0.0
2024-06-02 07:18:04.641000+00:00,58.0,0.0,0.0
2024-06-02 07:19:04.457000+00:00,58.400001525878906,0.0,0.0
2024-06-02 07:20:04.751000+00:00,58.900001525878906,0.0,0.0
2024-06-02 07:21:04.035000+00:00,59.09000015258789,0.0,0.0
2024-06-02 07:22:04.625000+00:00,59.20000076293945,0.0,0.0
2024-06-02 07:23:04.447000+00:00,59.20000076293945,0.0,0.0
2024-06-02 07:24:04.655000+00:00,59.09999847412109,0.0,0.0
2024-06-02 07:25:04.265000+00:00,59.0,0.0,0.0
2024-06-02 07:26:05.121000+00:00,58.900001525878906,0.0,0.0
2024-06-02 07:27:04.528000+00:00,58.79999923706055,0.0,0.0
2024-06-02 07:28:04.469000+00:00,58.59999847412109,0.0,0.0
2024-06-02 07:29:04.515000+00:00,58.5,0.0,0.0
2024-06-02 07:30:05.396000+00:00,58.29999923706055,0.0,0.0
2024-06-02 07:31:04.567000+00:00,58.20000076293945,0.0,0.0
2024-06-02 07:32:04.208000+00:00,58.09999847412109,0.0,0.0
2024-06-02 07:33:04.762000+00:00,57.900001525878906,0.0,0.0
2024-06-02 07:34:04.309000+00:00,57.79999923706055,0.0,0.0
2024-06-02 07:35:04.374000+00:00,57.70000076293945,0.0,0.0
2024-06-02 07:36:04.678000+00:00,57.59999847412109,0.0,0.0
2024-06-02 07:37:04.649000+00:00,57.5,0.0,0.0
2024-06-02 07:38:04.794000+00:00,57.400001525878906,0.0,0.0
2024-06-02 07:39:04.836000+00:00,57.5,0.0,0.0
2024-06-02 07:40:04.443000+00:00,57.5,0.0,0.0
2024-06-02 07:41:04.228000+00:00,57.59000015258789,0.0,0.0
2024-06-02 07:42:04.503000+00:00,57.70000076293945,0.0,0.0
2024-06-02 07:43:04.815000+00:00,57.83000183105469,0.0,0.0
2024-06-02 07:44:04.546000+00:00,58.0,0.0,0.0
2024-06-02 07:45:04.161000+00:00,58.09999847412109,0.0,0.0
2024-06-02 07:46:04.669000+00:00,58.20000076293945,0.0,0.0
2024-06-02 07:47:04.304000+00:00,58.29999923706055,0.0,0.0
2024-06-02 07:48:04.491000+00:00,58.400001525878906,0.0,0.0
2024-06-02 07:49:04.687000+00:00,58.400001525878906,0.0,0.0
2024-06-02 07:50:04.912000+00:00,58.5,0.0,0.0
2024-06-02 07:51:04.659000+00:00,58.5,0.0,0.0
2024-06-02 07:52:05.163000+00:00,58.5,0.0,0.0
2024-06-02 07:53:04.138000+00:00,58.5,0.0,0.0
2024-06-02 07:54:04.577000+00:00,58.5,0.0,0.0
2024-06-02 07:55:04.500000+00:00,58.400001525878906,0.0,0.0
2024-06-02 07:56:04.507000+00:00,58.400001525878906,0.0,0.0
2024-06-02 07:57:04.842000+00:00,58.29999923706055,0.0,0.0
2024-06-02 07:58:04.463000+00:00,58.22999954223633,0.0,0.0
2024-06-02 07:59:04.184000+00:00,58.290000915527344,0.0,0.0
2024-06-02 08:00:06.481000+00:00,58.20000076293945,0.0,0.0
2024-06-02 08:01:04.912000+00:00,58.20000076293945,0.0,0.0
2024-06-02 08:02:04.298000+00:00,58.20000076293945,0.0,0.0
2024-06-02 08:03:04.525000+00:00,58.20000076293945,0.0,0.0
2024-06-02 08:04:04.302000+00:00,58.20000076293945,0.0,0.0
2024-06-02 08:05:04.753000+00:00,58.20000076293945,0.0,0.0
2024-06-02 08:06:04.816000+00:00,58.29999923706055,0.0,0.0
2024-06-02 08:07:04.328000+00:00,58.29999923706055,0.0,0.0
2024-06-02 08:08:04.702000+00:00,58.29999923706055,0.0,0.0
2024-06-02 08:09:04.247000+00:00,58.400001525878906,0.0,0.0
2024-06-02 08:10:04.483000+00:00,58.400001525878906,0.0,0.0
2024-06-02 08:11:04.659000+00:00,58.400001525878906,0.0,0.0
2024-06-02 08:12:04.837000+00:00,58.400001525878906,0.0,0.0
2024-06-02 08:13:05.221000+00:00,58.400001525878906,0.0,0.0
2024-06-02 08:14:04.683000+00:00,58.400001525878906,0.0,0.0
2024-06-02 08:15:05.091000+00:00,58.400001525878906,0.0,0.0
2024-06-02 08:16:04.500000+00:00,58.400001525878906,0.0,0.0
2024-06-02 08:17:04.735000+00:00,58.400001525878906,0.0,0.0
2024-06-02 08:18:04.663000+00:00,58.400001525878906,0.0,0.0
2024-06-02 08:19:04.534000+00:00,58.400001525878906,0.0,0.0
2024-06-02 08:20:04.302000+00:00,58.369998931884766,0.0,0.0
2024-06-02 08:21:04.541000+00:00,58.400001525878906,0.0,0.0
2024-06-02 08:22:04.952000+00:00,58.400001525878906,0.0,0.0
2024-06-02 08:23:04.566000+00:00,58.400001525878906,0.0,0.0
2024-06-02 08:24:04.539000+00:00,58.400001525878906,0.0,0.0
2024-06-02 08:25:04.150000+00:00,58.400001525878906,0.0,0.0
2024-06-02 08:26:04.928000+00:00,58.29999923706055,0.0,0.0
2024-06-02 08:27:04.651000+00:00,58.29999923706055,0.0,0.0
2024-06-02 08:28:04.467000+00:00,58.400001525878906,0.0,0.0
2024-06-02 08:29:04.324000+00:00,58.34999847412109,0.0,0.0
2024-06-02 08:30:04.603000+00:00,58.29999923706055,0.0,0.0
2024-06-02 08:31:04.267000+00:00,58.29999923706055,0.0,0.0
2024-06-02 08:32:04.434000+00:00,58.29999923706055,0.0,0.0
2024-06-02 08:33:04.325000+00:00,58.29999923706055,0.0,0.0
2024-06-02 08:34:04.261000+00:00,58.29999923706055,0.0,0.0
2024-06-02 08:35:05.348000+00:00,58.29999923706055,0.0,0.0
2024-06-02 08:36:04.425000+00:00,58.29999923706055,0.0,0.0
2024-06-02 08:37:05.127000+00:00,58.29999923706055,0.0,0.0
2024-06-02 08:38:04.788000+00:00,58.29999923706055,0.0,0.0
2024-06-02 08:39:05.199000+00:00,58.2400016784668,0.0,0.0
2024-06-02 08:40:04.592000+00:00,58.20000076293945,0.0,0.0
2024-06-02 08:41:04.803000+00:00,58.20000076293945,0.0,0.0
2024-06-02 08:42:05.154000+00:00,58.20000076293945,0.0,0.0
2024-06-02 08:43:04.528000+00:00,58.18999862670898,0.0,0.0
2024-06-02 08:44:04.227000+00:00,55.09999847412109,0.0,0.0
2024-06-02 08:45:04.578000+00:00,54.70000076293945,0.0,0.0
2024-06-02 08:46:04.586000+00:00,55.70000076293945,0.0,0.0
2024-06-02 08:47:04.497000+00:00,57.0,0.0,0.0
2024-06-02 08:48:04.528000+00:00,58.0,0.0,0.0
2024-06-02 08:49:05.053000+00:00,58.70000076293945,0.0,0.0
2024-06-02 08:50:04.754000+00:00,59.0,0.0,0.0
2024-06-02 08:51:04.462000+00:00,59.20000076293945,0.0,0.0
2024-06-02 08:52:04.775000+00:00,59.20000076293945,0.0,0.0
2024-06-02 08:53:04.271000+00:00,59.20000076293945,0.0,0.0
2024-06-02 08:54:04.676000+00:00,53.220001220703125,0.0,0.0
2024-06-02 08:55:04.967000+00:00,49.59999847412109,0.0,0.0
2024-06-02 08:56:04.574000+00:00,53.4900016784668,0.0,0.0
2024-06-02 08:57:04.440000+00:00,57.29999923706055,0.0,0.0
2024-06-02 08:58:04.267000+00:00,58.900001525878906,0.0,0.0
2024-06-02 08:59:04.802000+00:00,59.5,0.0,0.0
2024-06-02 09:00:06.703000+00:00,59.79999923706055,0.0,0.0
2024-06-02 09:01:05.156000+00:00,57.68999862670898,0.0,0.0
2024-06-02 09:02:04.688000+00:00,55.0,0.0,0.0
2024-06-02 09:03:04.458000+00:00,55.290000915527344,0.0,0.0
2024-06-02 09:04:04.993000+00:00,54.79999923706055,0.0,0.0
2024-06-02 09:05:04.330000+00:00,53.220001220703125,0.0,0.0
2024-06-02 09:06:05.061000+00:00,52.88999938964844,0.0,0.0
2024-06-02 09:07:04.702000+00:00,55.86000061035156,0.0,0.0
2024-06-02 09:08:04.837000+00:00,58.0,0.0,0.0
2024-06-02 09:09:04.422000+00:00,59.5,0.0,0.0
2024-06-02 09:10:05.021000+00:00,60.09999847412109,0.0,0.0
2024-06-02 09:11:04.542000+00:00,60.400001525878906,0.0,0.0
2024-06-02 09:12:04.509000+00:00,60.5,0.0,0.0
2024-06-02 09:13:04.692000+00:00,60.5,0.0,0.0
2024-06-02 09:14:04.806000+00:00,60.29999923706055,0.0,0.0
2024-06-02 09:15:05.311000+00:00,60.20000076293945,0.0,0.0
2024-06-02 09:16:04.663000+00:00,59.900001525878906,0.0,0.0
2024-06-02 09:17:05.046000+00:00,59.70000076293945,0.0,0.0
2024-06-02 09:18:04.773000+00:00,59.470001220703125,0.0,0.0
2024-06-02 09:19:04.356000+00:00,59.20000076293945,0.0,0.0
2024-06-02 09:20:04.573000+00:00,59.0,0.0,0.0
2024-06-02 09:21:04.673000+00:00,58.79999923706055,0.0,0.0
2024-06-02 09:22:04.202000+00:00,58.5,0.0,0.0
2024-06-02 09:23:04.443000+00:00,58.220001220703125,0.0,0.0
2024-06-02 09:24:04.548000+00:00,58.0099983215332,0.0,0.0
2024-06-02 09:25:04.536000+00:00,57.79999923706055,0.0,0.0
2024-06-02 09:26:05.155000+00:00,57.70000076293945,0.0,0.0
2024-06-02 09:27:04.083000+00:00,57.5,0.0,0.0
2024-06-02 09:28:04.572000+00:00,57.400001525878906,0.0,0.0
2024-06-02 09:29:04.641000+00:00,57.29999923706055,0.0,0.0
2024-06-02 09:30:04.824000+00:00,57.36000061035156,0.0,0.0
2024-06-02 09:31:04.897000+00:00,57.40999984741211,0.0,0.0
2024-06-02 09:32:04.329000+00:00,57.560001373291016,0.0,0.0
2024-06-02 09:33:04.798000+00:00,57.70000076293945,0.0,0.0
2024-06-02 09:34:04.642000+00:00,58.0,0.0,0.0
2024-06-02 09:35:04.342000+00:00,58.20000076293945,0.0,0.0
2024-06-02 09:36:04.245000+00:00,56.18999862670898,0.0,0.0
2024-06-02 09:37:05.192000+00:00,52.81999969482422,0.0,0.0
2024-06-02 09:38:04.405000+00:00,54.900001525878906,0.0,0.0
2024-06-02 09:39:05.245000+00:00,57.20000076293945,0.0,0.0
2024-06-02 09:40:04.907000+00:00,58.59999847412109,0.0,0.0
2024-06-02 09:41:03.896000+00:00,59.29999923706055,0.0,0.0
2024-06-02 09:42:04.456000+00:00,59.59999847412109,0.0,0.0
2024-06-02 09:43:04.096000+00:00,59.70000076293945,0.0,0.0
2024-06-02 09:44:04.351000+00:00,59.7400016784668,0.0,0.0
2024-06-02 09:45:04.598000+00:00,59.59999847412109,0.0,0.0
2024-06-02 09:46:04.217000+00:00,59.5,0.0,0.0
2024-06-02 09:47:04.350000+00:00,59.29999923706055,0.0,0.0
2024-06-02 09:48:04.371000+00:00,59.20000076293945,0.0,0.0
2024-06-02 09:49:04.691000+00:00,59.0,0.0,0.0
2024-06-02 09:50:04.710000+00:00,58.79999923706055,0.0,0.0
2024-06-02 09:51:04.260000+00:00,58.70000076293945,0.0,0.0
2024-06-02 09:52:04.854000+00:00,58.5,0.0,0.0
2024-06-02 09:53:04.533000+00:00,58.29999923706055,0.0,0.0
2024-06-02 09:54:04.725000+00:00,58.20000076293945,0.0,0.0
2024-06-02 09:55:04.790000+00:00,58.09999847412109,0.0,0.0
2024-06-02 09:56:04.669000+00:00,57.900001525878906,0.0,0.0
2024-06-02 09:57:03.977000+00:00,57.79999923706055,0.0,0.0
2024-06-02 09:58:04.291000+00:00,57.709999084472656,0.0,0.0
2024-06-02 09:59:04.515000+00:00,56.95000076293945,0.0,0.0
2024-06-02 10:00:05.151000+00:00,53.79999923706055,0.0,0.0
2024-06-02 10:01:05.255000+00:00,54.58000183105469,0.0,0.0
2024-06-02 10:02:03.952000+00:00,56.400001525878906,0.0,0.0
2024-06-02 10:03:04.786000+00:00,57.900001525878906,0.0,0.0
2024-06-02 10:04:04.441000+00:00,58.900001525878906,0.0,0.0
2024-06-02 10:05:04.656000+00:00,59.29999923706055,0.0,0.0
2024-06-02 10:06:04.564000+00:00,59.5,0.0,0.0
2024-06-02 10:07:04.425000+00:00,59.5,0.0,0.0
2024-06-02 10:08:04.551000+00:00,59.5,0.0,0.0
2024-06-02 10:09:04.419000+00:00,59.45000076293945,0.0,0.0
2024-06-02 10:10:04.942000+00:00,59.29999923706055,0.0,0.0
2024-06-02 10:11:04.127000+00:00,59.20000076293945,0.0,0.0
2024-06-02 10:12:04.872000+00:00,59.02000045776367,0.0,0.0
2024-06-02 10:13:04.320000+00:00,58.900001525878906,0.0,0.0
2024-06-02 10:14:04.581000+00:00,58.70000076293945,0.0,0.0
2024-06-02 10:15:04.761000+00:00,58.59999847412109,0.0,0.0
2024-06-02 10:16:04.635000+00:00,58.400001525878906,0.0,0.0
2024-06-02 10:17:05.083000+00:00,58.29999923706055,0.0,0.0
2024-06-02 10:18:04.725000+00:00,58.2400016784668,0.0,0.0
2024-06-02 10:19:04.586000+00:00,58.20000076293945,0.0,0.0
2024-06-02 10:20:04.591000+00:00,58.20000076293945,0.0,0.0
2024-06-02 10:21:04.253000+00:00,58.18999862670898,0.0,0.0
2024-06-02 10:22:04.415000+00:00,58.09999847412109,0.0,0.0
2024-06-02 10:23:04.658000+00:00,58.09999847412109,0.0,0.0
2024-06-02 10:24:05.128000+00:00,58.09999847412109,0.0,0.0
2024-06-02 10:25:04.294000+00:00,58.09999847412109,0.0,0.0
2024-06-02 10:26:04.375000+00:00,58.20000076293945,0.0,0.0
2024-06-02 10:27:04.649000+00:00,58.20000076293945,0.0,0.0
2024-06-02 10:28:04.778000+00:00,58.25,0.0,0.0
2024-06-02 10:29:04.921000+00:00,58.29999923706055,0.0,0.0
2024-06-02 10:30:05.042000+00:00,58.400001525878906,0.0,0.0
2024-06-02 10:31:04.654000+00:00,58.4900016784668,0.0,0.0
2024-06-02 10:32:03.921000+00:00,58.540000915527344,0.0,0.0
2024-06-02 10:33:04.113000+00:00,58.59999847412109,0.0,0.0
2024-06-02 10:34:03.855000+00:00,58.59999847412109,0.0,0.0
2024-06-02 10:35:04.771000+00:00,58.59999847412109,0.0,0.0
2024-06-02 10:36:04.535000+00:00,58.59999847412109,0.0,0.0
2024-06-02 10:37:04.812000+00:00,58.59999847412109,0.0,0.0
2024-06-02 10:38:04.642000+00:00,58.59999847412109,0.0,0.0
2024-06-02 10:39:05.001000+00:00,58.59999847412109,0.0,0.0
2024-06-02 10:40:04.489000+00:00,58.59999847412109,0.0,0.0
2024-06-02 10:41:04.890000+00:00,58.59999847412109,0.0,0.0
2024-06-02 10:42:04.750000+00:00,58.59999847412109,0.0,0.0
2024-06-02 10:43:04.654000+00:00,58.59999847412109,0.0,0.0
2024-06-02 10:44:04.627000+00:00,58.5,0.0,0.0
2024-06-02 10:45:04.730000+00:00,58.40999984741211,0.0,0.0
2024-06-02 10:46:04.818000+00:00,58.400001525878906,0.0,0.0
2024-06-02 10:47:04.705000+00:00,58.38999938964844,0.0,0.0
2024-06-02 10:48:04.543000+00:00,58.29999923706055,0.0,0.0
2024-06-02 10:49:04.219000+00:00,58.29999923706055,0.0,0.0
2024-06-02 10:50:04.518000+00:00,58.29999923706055,0.0,0.0
2024-06-02 10:51:04.685000+00:00,58.220001220703125,0.0,0.0
2024-06-02 10:52:05.226000+00:00,58.29999923706055,0.0,0.0
2024-06-02 10:53:03.903000+00:00,58.20000076293945,0.0,0.0
2024-06-02 10:54:04.810000+00:00,58.22999954223633,0.0,0.0
2024-06-02 10:55:04.765000+00:00,58.20000076293945,0.0,0.0
2024-06-02 10:56:04.518000+00:00,58.25,0.0,0.0
2024-06-02 10:57:04.564000+00:00,58.29999923706055,0.0,0.0
2024-06-02 10:58:04.511000+00:00,58.400001525878906,0.0,0.0
2024-06-02 10:59:04.316000+00:00,58.400001525878906,0.0,0.0
2024-06-02 11:00:06.666000+00:00,58.400001525878906,0.0,0.0
2024-06-02 11:01:05.115000+00:00,58.400001525878906,0.0,0.0
2024-06-02 11:02:04.400000+00:00,58.5,0.0,0.0
2024-06-02 11:03:04.825000+00:00,58.5,0.0,0.0
2024-06-02 11:04:04.291000+00:00,58.5,0.0,0.0
2024-06-02 11:05:04.766000+00:00,50.11000061035156,0.0,0.0
2024-06-02 11:06:05.036000+00:00,50.09000015258789,0.0,0.0
2024-06-02 11:07:04.212000+00:00,55.9900016784668,0.0,0.0
2024-06-02 11:08:04.283000+00:00,58.900001525878906,0.0,0.0
2024-06-02 11:09:04.462000+00:00,59.70000076293945,0.0,0.0
2024-06-02 11:10:05.003000+00:00,60.0,0.0,0.0
2024-06-02 11:11:04.452000+00:00,60.09000015258789,0.0,0.0
2024-06-02 11:12:04.719000+00:00,56.400001525878906,0.0,0.0
2024-06-02 11:13:04.661000+00:00,53.70000076293945,0.0,0.0
2024-06-02 11:14:05.029000+00:00,52.4900016784668,0.0,0.0
2024-06-02 11:15:04.597000+00:00,56.220001220703125,0.0,0.0
2024-06-02 11:16:04.883000+00:00,58.97999954223633,0.0,0.0
2024-06-02 11:17:04.758000+00:00,59.79999923706055,0.0,0.0
2024-06-02 11:18:04.801000+00:00,60.0,0.0,0.0
2024-06-02 11:19:04.401000+00:00,60.0,0.0,0.0
2024-06-02 11:20:04.940000+00:00,59.900001525878906,0.0,0.0
2024-06-02 11:21:04.289000+00:00,59.79999923706055,0.0,0.0
2024-06-02 11:22:04.966000+00:00,59.70000076293945,0.0,0.0
2024-06-02 11:23:04.516000+00:00,59.59999847412109,0.0,0.0
2024-06-02 11:24:04.994000+00:00,59.310001373291016,0.0,0.0
2024-06-02 11:25:04.597000+00:00,59.20000076293945,0.0,0.0
2024-06-02 11:26:04.749000+00:00,59.0,0.0,0.0
2024-06-02 11:27:04.621000+00:00,58.88999938964844,0.0,0.0
2024-06-02 11:28:04.618000+00:00,58.70000076293945,0.0,0.0
2024-06-02 11:29:04.397000+00:00,58.5,0.0,0.0
2024-06-02 11:30:04.972000+00:00,58.400001525878906,0.0,0.0
2024-06-02 11:31:04.621000+00:00,58.29999923706055,0.0,0.0
2024-06-02 11:32:04.450000+00:00,58.11000061035156,0.0,0.0
2024-06-02 11:33:04.496000+00:00,58.09999847412109,0.0,0.0
2024-06-02 11:34:04.578000+00:00,57.95000076293945,0.0,0.0
2024-06-02 11:35:05.144000+00:00,57.900001525878906,0.0,0.0
2024-06-02 11:36:04.655000+00:00,57.900001525878906,0.0,0.0
2024-06-02 11:37:04.706000+00:00,57.900001525878906,0.0,0.0
2024-06-02 11:38:04.541000+00:00,58.0,0.0,0.0
2024-06-02 11:39:04.860000+00:00,58.09999847412109,0.0,0.0
2024-06-02 11:40:04.359000+00:00,58.20000076293945,0.0,0.0
2024-06-02 11:41:04.222000+00:00,58.20000076293945,0.0,0.0
2024-06-02 11:42:05.151000+00:00,58.29999923706055,0.0,0.0
2024-06-02 11:43:04.597000+00:00,58.400001525878906,0.0,0.0
2024-06-02 11:44:05.263000+00:00,58.5,0.0,0.0
2024-06-02 11:45:04.427000+00:00,58.59999847412109,0.0,0.0
2024-06-02 11:46:04.246000+00:00,58.619998931884766,0.0,0.0
2024-06-02 11:47:04.549000+00:00,58.70000076293945,0.0,0.0
2024-06-02 11:48:05.038000+00:00,58.790000915527344,0.0,0.0
2024-06-02 11:49:04.523000+00:00,58.79999923706055,0.0,0.0
2024-06-02 11:50:04.936000+00:00,58.70000076293945,0.0,0.0
2024-06-02 11:51:04.539000+00:00,58.720001220703125,0.0,0.0
2024-06-02 11:52:05.009000+00:00,58.790000915527344,0.0,0.0
2024-06-02 11:53:04.085000+00:00,58.70000076293945,0.0,0.0
2024-06-02 11:54:05.083000+00:00,58.70000076293945,0.0,0.0
2024-06-02 11:55:04.719000+00:00,58.70000076293945,0.0,0.0
2024-06-02 11:56:04.791000+00:00,58.70000076293945,0.0,0.0
2024-06-02 11:57:05.029000+00:00,58.59999847412109,0.0,0.0
2024-06-02 11:58:04.376000+00:00,58.52000045776367,0.0,0.0
2024-06-02 11:59:04.699000+00:00,58.5,0.0,0.0
2024-06-02 12:00:05.643000+00:00,58.4900016784668,0.0,0.0
2024-06-02 12:01:04.571000+00:00,58.400001525878906,0.0,0.0
2024-06-02 12:02:04.215000+00:00,58.29999923706055,0.0,0.0
2024-06-02 12:03:03.872000+00:00,58.29999923706055,0.0,0.0
2024-06-02 12:04:04.825000+00:00,58.20000076293945,0.0,0.0
2024-06-02 12:05:04.299000+00:00,58.20000076293945,0.0,0.0
2024-06-02 12:06:05.206000+00:00,58.20000076293945,0.0,0.0
2024-06-02 12:07:03.975000+00:00,58.09999847412109,0.0,0.0
2024-06-02 12:08:04.283000+00:00,58.09999847412109,0.0,0.0
2024-06-02 12:09:04.654000+00:00,58.09999847412109,0.0,0.0
2024-06-02 12:10:05.107000+00:00,58.119998931884766,0.0,0.0
2024-06-02 12:11:04.856000+00:00,58.20000076293945,0.0,0.0
2024-06-02 12:12:04.791000+00:00,58.20000076293945,0.0,0.0
2024-06-02 12:13:04.911000+00:00,58.29999923706055,0.0,0.0
2024-06-02 12:14:04.507000+00:00,58.400001525878906,0.0,0.0
2024-06-02 12:15:04.927000+00:00,58.400001525878906,0.0,0.0
2024-06-02 12:16:05.042000+00:00,58.5,0.0,0.0
2024-06-02 12:17:04.356000+00:00,58.5,0.0,0.0
2024-06-02 12:18:04.741000+00:00,58.59999847412109,0.0,0.0
2024-06-02 12:19:04.831000+00:00,58.59999847412109,0.0,0.0
2024-06-02 12:20:04.917000+00:00,58.59999847412109,0.0,0.0
2024-06-02 12:21:04.463000+00:00,58.59999847412109,0.0,0.0
2024-06-02 12:22:04.526000+00:00,58.59999847412109,0.0,0.0
2024-06-02 12:23:04.158000+00:00,58.59999847412109,0.0,0.0
2024-06-02 12:24:04.651000+00:00,58.5,0.0,0.0
2024-06-02 12:25:04.546000+00:00,58.5,0.0,0.0
2024-06-02 12:26:05.068000+00:00,58.5,0.0,0.0
2024-06-02 12:27:04.197000+00:00,58.40999984741211,0.0,0.0
2024-06-02 12:28:04.710000+00:00,58.400001525878906,0.0,0.0
2024-06-02 12:29:04.954000+00:00,58.400001525878906,0.0,0.0
2024-06-02 12:30:04.612000+00:00,58.400001525878906,0.0,0.0
2024-06-02 12:31:03.996000+00:00,58.29999923706055,0.0,0.0
2024-06-02 12:32:03.823000+00:00,58.29999923706055,0.0,0.0
2024-06-02 12:33:04.661000+00:00,58.29999923706055,0.0,0.0
2024-06-02 12:34:04.426000+00:00,58.29999923706055,0.0,0.0
2024-06-02 12:35:04.621000+00:00,58.29999923706055,0.0,0.0
2024-06-02 12:36:04.467000+00:00,58.29999923706055,0.0,0.0
2024-06-02 12:37:04.433000+00:00,58.29999923706055,0.0,0.0
2024-06-02 12:38:04.737000+00:00,58.29999923706055,0.0,0.0
2024-06-02 12:39:04.950000+00:00,58.29999923706055,0.0,0.0
2024-06-02 12:40:04.550000+00:00,58.20000076293945,0.0,0.0
2024-06-02 12:41:04.391000+00:00,57.209999084472656,0.0,0.0
2024-06-02 12:42:04.936000+00:00,57.400001525878906,0.0,0.0
2024-06-02 12:43:04.281000+00:00,57.5,0.0,0.0
2024-06-02 12:44:04.397000+00:00,57.70000076293945,0.0,0.0
2024-06-02 12:45:04.866000+00:00,57.79999923706055,0.0,0.0
2024-06-02 12:46:04.547000+00:00,57.86000061035156,0.0,0.0
2024-06-02 12:47:04.874000+00:00,57.900001525878906,0.0,0.0
2024-06-02 12:48:04.611000+00:00,57.959999084472656,0.0,0.0
2024-06-02 12:49:04.625000+00:00,58.0,0.0,0.0
2024-06-02 12:50:04.621000+00:00,58.09999847412109,0.0,0.0
2024-06-02 12:51:04.160000+00:00,58.09999847412109,0.0,0.0
2024-06-02 12:52:04.660000+00:00,58.20000076293945,0.0,0.0
2024-06-02 12:53:04.334000+00:00,58.400001525878906,0.0,0.0
2024-06-02 12:54:04.418000+00:00,56.369998931884766,0.0,0.0
2024-06-02 12:55:04.522000+00:00,57.06999969482422,0.0,0.0
2024-06-02 12:56:04.867000+00:00,57.86000061035156,0.0,0.0
2024-06-02 12:57:04.616000+00:00,58.59000015258789,0.0,0.0
2024-06-02 12:58:04.366000+00:00,59.0,0.0,0.0
2024-06-02 12:59:04.515000+00:00,59.29999923706055,0.0,0.0
2024-06-02 13:00:05.938000+00:00,59.400001525878906,0.0,0.0
2024-06-02 13:01:05.128000+00:00,59.400001525878906,0.0,0.0
2024-06-02 13:02:04.524000+00:00,59.29999923706055,0.0,0.0
2024-06-02 13:03:04.544000+00:00,59.20000076293945,0.0,0.0
2024-06-02 13:04:04.761000+00:00,59.0,0.0,0.0
2024-06-02 13:05:04.643000+00:00,58.90999984741211,0.0,0.0
2024-06-02 13:06:05.084000+00:00,58.79999923706055,0.0,0.0
2024-06-02 13:07:04.521000+00:00,58.70000076293945,0.0,0.0
2024-06-02 13:08:04.555000+00:00,58.59999847412109,0.0,0.0
2024-06-02 13:09:04.694000+00:00,58.5,0.0,0.0
2024-06-02 13:10:04.567000+00:00,58.400001525878906,0.0,0.0
2024-06-02 13:11:04.610000+00:00,58.29999923706055,0.0,0.0
2024-06-02 13:12:04.669000+00:00,58.29999923706055,0.0,0.0
2024-06-02 13:13:04.565000+00:00,58.20000076293945,0.0,0.0
2024-06-02 13:14:04.446000+00:00,58.11000061035156,0.0,0.0
2024-06-02 13:15:04.791000+00:00,58.11000061035156,0.0,0.0
2024-06-02 13:16:04.720000+00:00,58.09999847412109,0.0,0.0
2024-06-02 13:17:04.771000+00:00,58.130001068115234,0.0,0.0
2024-06-02 13:18:04.642000+00:00,58.20000076293945,0.0,0.0
2024-06-02 13:19:05.163000+00:00,58.29999923706055,0.0,0.0
2024-06-02 13:20:05.670000+00:00,58.400001525878906,0.0,0.0
2024-06-02 13:21:04.280000+00:00,58.400001525878906,0.0,0.0
2024-06-02 13:22:04.211000+00:00,58.5,0.0,0.0
2024-06-02 13:23:04.535000+00:00,58.59999847412109,0.0,0.0
2024-06-02 13:24:04.734000+00:00,58.70000076293945,0.0,0.0
2024-06-02 13:25:04.718000+00:00,58.70000076293945,0.0,0.0
2024-06-02 13:26:04.473000+00:00,58.79999923706055,0.0,0.0
2024-06-02 13:27:04.875000+00:00,58.79999923706055,0.0,0.0
2024-06-02 13:28:04.796000+00:00,58.79999923706055,0.0,0.0
2024-06-02 13:29:04.699000+00:00,58.209999084472656,0.0,0.0
2024-06-02 13:30:04.965000+00:00,56.40999984741211,0.0,0.0
2024-06-02 13:31:04.322000+00:00,56.7599983215332,0.0,0.0
2024-06-02 13:32:05.021000+00:00,57.59999847412109,0.0,0.0
2024-06-02 13:33:04.490000+00:00,58.400001525878906,0.0,0.0
2024-06-02 13:34:04.561000+00:00,58.93999862670898,0.0,0.0
2024-06-02 13:35:04.903000+00:00,59.20000076293945,0.0,0.0
2024-06-02 13:36:04.851000+00:00,59.20000076293945,0.0,0.0
2024-06-02 13:37:04.888000+00:00,59.22999954223633,0.0,0.0
2024-06-02 13:38:04.164000+00:00,59.130001068115234,0.0,0.0
2024-06-02 13:39:04.568000+00:00,59.0,0.0,0.0
2024-06-02 13:40:04.572000+00:00,58.900001525878906,0.0,0.0
2024-06-02 13:41:04.156000+00:00,58.79999923706055,0.0,0.0
2024-06-02 13:42:04.434000+00:00,58.59999847412109,0.0,0.0
2024-06-02 13:43:03.878000+00:00,58.5,0.0,0.0
2024-06-02 13:44:04.156000+00:00,58.400001525878906,0.0,0.0
2024-06-02 13:45:04.213000+00:00,58.400001525878906,0.0,0.0
2024-06-02 13:46:04.594000+00:00,58.29999923706055,0.0,0.0
2024-06-02 13:47:04.553000+00:00,58.20000076293945,0.0,0.0
2024-06-02 13:48:04.857000+00:00,58.20000076293945,0.0,0.0
2024-06-02 13:49:04.179000+00:00,58.16999816894531,0.0,0.0
2024-06-02 13:50:05.247000+00:00,58.09999847412109,0.0,0.0
2024-06-02 13:51:04.208000+00:00,58.09999847412109,0.0,0.0
2024-06-02 13:52:04.707000+00:00,58.09999847412109,0.0,0.0
2024-06-02 13:53:04.157000+00:00,58.20000076293945,0.0,0.0
2024-06-02 13:54:04.663000+00:00,58.29999923706055,0.0,0.0
2024-06-02 13:55:04.433000+00:00,58.29999923706055,0.0,0.0
2024-06-02 13:56:04.949000+00:00,58.400001525878906,0.0,0.0
2024-06-02 13:57:04.251000+00:00,58.5,0.0,0.0
2024-06-02 13:58:04.798000+00:00,58.59999847412109,0.0,0.0
2024-06-02 13:59:03.763000+00:00,58.619998931884766,0.0,0.0
2024-06-02 14:00:05.568000+00:00,58.59999847412109,0.0,0.0
2024-06-02 14:01:05.132000+00:00,58.59999847412109,0.0,0.0
2024-06-02 14:02:04.803000+00:00,58.59999847412109,0.0,0.0
2024-06-02 14:03:04.449000+00:00,58.59999847412109,0.0,0.0
2024-06-02 14:04:04.765000+00:00,58.59999847412109,0.0,0.0
2024-06-02 14:05:05.503000+00:00,50.06999969482422,0.0,0.0
2024-06-02 14:06:05.236000+00:00,48.5,0.0,0.0
2024-06-02 14:07:04.061000+00:00,55.06999969482422,0.0,0.0
2024-06-02 14:08:04.154000+00:00,59.04999923706055,0.0,0.0
2024-06-02 14:09:04.745000+00:00,60.5,0.0,0.0
2024-06-02 14:10:04.692000+00:00,60.68999862670898,0.0,0.0
2024-06-02 14:11:04.711000+00:00,60.59999847412109,0.0,0.0
2024-06-02 14:12:04.261000+00:00,60.400001525878906,0.0,0.0
2024-06-02 14:13:04.858000+00:00,60.20000076293945,0.0,0.0
2024-06-02 14:14:04.377000+00:00,60.0,0.0,0.0
2024-06-02 14:15:04.556000+00:00,59.79999923706055,0.0,0.0
2024-06-02 14:16:04.817000+00:00,57.9900016784668,0.0,0.0
2024-06-02 14:17:04.651000+00:00,56.95000076293945,0.0,0.0
2024-06-02 14:18:04.692000+00:00,57.09999847412109,0.0,0.0
2024-06-02 14:19:04.915000+00:00,57.400001525878906,0.0,0.0
2024-06-02 14:20:04.316000+00:00,57.59999847412109,0.0,0.0
2024-06-02 14:21:04.295000+00:00,57.79999923706055,0.0,0.0
2024-06-02 14:22:04.757000+00:00,57.900001525878906,0.0,0.0
2024-06-02 14:23:04.383000+00:00,58.130001068115234,0.0,0.0
2024-06-02 14:24:04.904000+00:00,58.29999923706055,0.0,0.0
2024-06-02 14:25:03.740000+00:00,58.5,0.0,0.0
2024-06-02 14:26:04.882000+00:00,58.79999923706055,0.0,0.0
2024-06-02 14:27:03.891000+00:00,59.0,0.0,0.0
2024-06-02 14:28:05.041000+00:00,59.20000076293945,0.0,0.0
2024-06-02 14:29:05.053000+00:00,59.29999923706055,0.0,0.0
2024-06-02 14:30:04.994000+00:00,59.29999923706055,0.0,0.0
2024-06-02 14:31:04.609000+00:00,59.20000076293945,0.0,0.0
2024-06-02 14:32:04.487000+00:00,59.20000076293945,0.0,0.0
2024-06-02 14:33:04.371000+00:00,59.0,0.0,0.0
2024-06-02 14:34:04.259000+00:00,58.900001525878906,0.0,0.0
2024-06-02 14:35:04.234000+00:00,58.79999923706055,0.0,0.0
2024-06-02 14:36:04.015000+00:00,58.59999847412109,0.0,0.0
2024-06-02 14:37:04.148000+00:00,58.5,0.0,0.0
2024-06-02 14:38:04.591000+00:00,58.400001525878906,0.0,0.0
2024-06-02 14:39:05.304000+00:00,58.310001373291016,0.0,0.0
2024-06-02 14:40:04.217000+00:00,58.29999923706055,0.0,0.0
2024-06-02 14:41:04.294000+00:00,58.29999923706055,0.0,0.0
2024-06-02 14:42:05.026000+00:00,58.20000076293945,0.0,0.0
2024-06-02 14:43:04.553000+00:00,58.09999847412109,0.0,0.0
2024-06-02 14:44:04.515000+00:00,58.20000076293945,0.0,0.0
2024-06-02 14:45:04.388000+00:00,58.20000076293945,0.0,0.0
2024-06-02 14:46:04.363000+00:00,58.20000076293945,0.0,0.0
2024-06-02 14:47:04.221000+00:00,58.29999923706055,0.0,0.0
2024-06-02 14:48:04.673000+00:00,58.400001525878906,0.0,0.0
2024-06-02 14:49:04.271000+00:00,58.5,0.0,0.0
2024-06-02 14:50:04.766000+00:00,58.59999847412109,0.0,0.0
2024-06-02 14:51:04.454000+00:00,58.70000076293945,0.0,0.0
2024-06-02 14:52:05.421000+00:00,58.70000076293945,0.0,0.0
2024-06-02 14:53:04.089000+00:00,58.79999923706055,0.0,0.0
2024-06-02 14:54:04.508000+00:00,58.79999923706055,0.0,0.0
2024-06-02 14:55:04.806000+00:00,58.79999923706055,0.0,0.0
2024-06-02 14:56:04.452000+00:00,58.900001525878906,0.0,0.0
2024-06-02 14:57:04.390000+00:00,58.900001525878906,0.0,0.0
2024-06-02 14:58:05.168000+00:00,58.79999923706055,0.0,0.0
2024-06-02 14:59:04.334000+00:00,58.709999084472656,0.0,0.0
2024-06-02 15:00:06.222000+00:00,58.70000076293945,0.0,0.0
2024-06-02 15:01:04.953000+00:00,58.59999847412109,0.0,0.0
2024-06-02 15:02:04.426000+00:00,58.58000183105469,0.0,0.0
2024-06-02 15:03:04.594000+00:00,58.400001525878906,0.0,0.0
2024-06-02 15:04:04.653000+00:00,58.400001525878906,0.0,0.0
2024-06-02 15:05:04.568000+00:00,58.400001525878906,0.0,0.0
2024-06-02 15:06:05.072000+00:00,58.400001525878906,0.0,0.0
2024-06-02 15:07:05.141000+00:00,58.29999923706055,0.0,0.0
2024-06-02 15:08:04.281000+00:00,58.29999923706055,0.0,0.0
2024-06-02 15:09:04.185000+00:00,58.29999923706055,0.0,0.0
2024-06-02 15:10:04.751000+00:00,58.29999923706055,0.0,0.0
2024-06-02 15:11:04.611000+00:00,58.09999847412109,0.0,0.0
2024-06-02 15:12:04.760000+00:00,58.09999847412109,0.0,0.0
2024-06-02 15:13:05.436000+00:00,58.11000061035156,0.0,0.0
2024-06-02 15:14:04.511000+00:00,58.20000076293945,0.0,0.0
2024-06-02 15:15:04.999000+00:00,58.29999923706055,0.0,0.0
2024-06-02 15:16:04.627000+00:00,58.400001525878906,0.0,0.0
2024-06-02 15:17:04.318000+00:00,58.5,0.0,0.0
2024-06-02 15:18:04.569000+00:00,58.59999847412109,0.0,0.0
2024-06-02 15:19:04.351000+00:00,58.70000076293945,0.0,0.0
2024-06-02 15:20:04.448000+00:00,58.70000076293945,0.0,0.0
2024-06-02 15:21:04.896000+00:00,58.70000076293945,0.0,0.0
2024-06-02 15:22:04.170000+00:00,58.70000076293945,0.0,0.0
2024-06-02 15:23:04.919000+00:00,58.79999923706055,0.0,0.0
2024-06-02 15:24:04.745000+00:00,58.79999923706055,0.0,0.0
2024-06-02 15:25:04.714000+00:00,58.79999923706055,0.0,0.0
2024-06-02 15:26:04.943000+00:00,58.79999923706055,0.0,0.0
2024-06-02 15:27:04.731000+00:00,58.79999923706055,0.0,0.0
2024-06-02 15:28:04.507000+00:00,58.70000076293945,0.0,0.0
2024-06-02 15:29:04.665000+00:00,58.70000076293945,0.0,0.0
2024-06-02 15:30:04.941000+00:00,58.68999862670898,0.0,0.0
2024-06-02 15:31:04.739000+00:00,58.59999847412109,0.0,0.0
2024-06-02 15:32:05.087000+00:00,58.59999847412109,0.0,0.0
2024-06-02 15:33:04.472000+00:00,58.5,0.0,0.0
2024-06-02 15:34:04.444000+00:00,58.5,0.0,0.0
2024-06-02 15:35:04.502000+00:00,58.40999984741211,0.0,0.0
2024-06-02 15:36:04.651000+00:00,56.59000015258789,0.0,0.0
2024-06-02 15:37:04.975000+00:00,56.9900016784668,0.0,0.0
2024-06-02 15:38:04.792000+00:00,57.41999816894531,0.0,0.0
2024-06-02 15:39:05.397000+00:00,58.0,0.0,0.0
2024-06-02 15:40:04.478000+00:00,58.400001525878906,0.0,0.0
2024-06-02 15:41:04.251000+00:00,58.77000045776367,0.0,0.0
2024-06-02 15:42:04.757000+00:00,59.0,0.0,0.0
2024-06-02 15:43:03.888000+00:00,59.09999847412109,0.0,0.0
2024-06-02 15:44:04.347000+00:00,59.18000030517578,0.0,0.0
2024-06-02 15:45:05.175000+00:00,59.09999847412109,0.0,0.0
2024-06-02 15:46:04.370000+00:00,59.0,0.0,0.0
2024-06-02 15:47:04.800000+00:00,58.900001525878906,0.0,0.0
2024-06-02 15:48:04.565000+00:00,58.900001525878906,0.0,0.0
2024-06-02 15:49:04.698000+00:00,58.7400016784668,0.0,0.0
2024-06-02 15:50:04.534000+00:00,58.68999862670898,0.0,0.0
2024-06-02 15:51:03.979000+00:00,58.52999877929688,0.0,0.0
2024-06-02 15:52:04.840000+00:00,58.400001525878906,0.0,0.0
2024-06-02 15:53:04.425000+00:00,58.400001525878906,0.0,0.0
2024-06-02 15:54:04.171000+00:00,58.29999923706055,0.0,0.0
2024-06-02 15:55:04.866000+00:00,58.20000076293945,0.0,0.0
2024-06-02 15:56:04.648000+00:00,58.20000076293945,0.0,0.0
2024-06-02 15:57:04.771000+00:00,58.09999847412109,0.0,0.0
2024-06-02 15:58:04.983000+00:00,58.0,0.0,0.0
2024-06-02 15:59:04.596000+00:00,58.09999847412109,0.0,0.0
2024-06-02 16:00:05.780000+00:00,58.09999847412109,0.0,0.0
2024-06-02 16:01:04.934000+00:00,58.20000076293945,0.0,0.0
2024-06-02 16:02:04.336000+00:00,58.29999923706055,0.0,0.0
2024-06-02 16:03:04.505000+00:00,58.310001373291016,0.0,0.0
2024-06-02 16:04:04.411000+00:00,58.4900016784668,0.0,0.0
2024-06-02 16:05:04.356000+00:00,58.5,0.0,0.0
2024-06-02 16:06:05.226000+00:00,58.59999847412109,0.0,0.0
2024-06-02 16:07:04.619000+00:00,58.59999847412109,0.0,0.0
2024-06-02 16:08:04.751000+00:00,58.59999847412109,0.0,0.0
2024-06-02 16:09:04.796000+00:00,58.59999847412109,0.0,0.0
2024-06-02 16:10:04.888000+00:00,58.59999847412109,0.0,0.0
2024-06-02 16:11:05.052000+00:00,58.70000076293945,0.0,0.0
2024-06-02 16:12:04.701000+00:00,57.790000915527344,0.0,0.0
2024-06-02 16:13:05.178000+00:00,57.90999984741211,0.0,0.0
2024-06-02 16:14:04.626000+00:00,58.09999847412109,0.0,0.0
2024-06-02 16:15:05.013000+00:00,58.20000076293945,0.0,0.0
2024-06-02 16:16:03.941000+00:00,58.380001068115234,0.0,0.0
2024-06-02 16:17:04.990000+00:00,58.5,0.0,0.0
2024-06-02 16:18:04.581000+00:00,58.59999847412109,0.0,0.0
2024-06-02 16:19:04.235000+00:00,58.70000076293945,0.0,0.0
2024-06-02 16:20:04.352000+00:00,58.70000076293945,0.0,0.0
2024-06-02 16:21:04.870000+00:00,58.79999923706055,0.0,0.0
2024-06-02 16:22:03.852000+00:00,58.900001525878906,0.0,0.0
2024-06-02 16:23:04.142000+00:00,58.79999923706055,0.0,0.0
2024-06-02 16:24:04.798000+00:00,58.79999923706055,0.0,0.0
2024-06-02 16:25:04.545000+00:00,58.79999923706055,0.0,0.0
2024-06-02 16:26:05.129000+00:00,58.79999923706055,0.0,0.0
2024-06-02 16:27:04.744000+00:00,58.70000076293945,0.0,0.0
2024-06-02 16:28:04.665000+00:00,58.70000076293945,0.0,0.0
2024-06-02 16:29:04.630000+00:00,58.52999877929688,0.0,0.0
2024-06-02 16:30:04.909000+00:00,58.400001525878906,0.0,0.0
2024-06-02 16:31:04.618000+00:00,58.369998931884766,0.0,0.0
2024-06-02 16:32:04.653000+00:00,58.29999923706055,0.0,0.0
2024-06-02 16:33:04.472000+00:00,58.20000076293945,0.0,0.0
2024-06-02 16:34:03.772000+00:00,58.20000076293945,0.0,0.0
2024-06-02 16:35:04.609000+00:00,58.09999847412109,0.0,0.0
2024-06-02 16:36:04.301000+00:00,58.09999847412109,0.0,0.0
2024-06-02 16:37:04.928000+00:00,58.0,0.0,0.0
2024-06-02 16:38:04.320000+00:00,58.09999847412109,0.0,0.0
2024-06-02 16:39:05.060000+00:00,58.09999847412109,0.0,0.0
2024-06-02 16:40:04.892000+00:00,58.20000076293945,0.0,0.0
2024-06-02 16:41:04.064000+00:00,58.0,0.0,0.0
2024-06-02 16:42:05.005000+00:00,58.09999847412109,0.0,0.0
2024-06-02 16:43:04.320000+00:00,58.20000076293945,0.0,0.0
2024-06-02 16:44:04.407000+00:00,58.20000076293945,0.0,0.0
2024-06-02 16:45:04.576000+00:00,58.290000915527344,0.0,0.0
2024-06-02 16:46:04.621000+00:00,58.29999923706055,0.0,0.0
2024-06-02 16:47:04.553000+00:00,58.29999923706055,0.0,0.0
2024-06-02 16:48:04.255000+00:00,58.400001525878906,0.0,0.0
2024-06-02 16:49:04.184000+00:00,58.59999847412109,0.0,0.0
2024-06-02 16:50:04.861000+00:00,58.59999847412109,0.0,0.0
2024-06-02 16:51:04.694000+00:00,58.70000076293945,0.0,0.0
2024-06-02 16:52:04.360000+00:00,58.70000076293945,0.0,0.0
2024-06-02 16:53:04.013000+00:00,58.70000076293945,0.0,0.0
2024-06-02 16:54:04.221000+00:00,58.79999923706055,0.0,0.0
2024-06-02 16:55:04.579000+00:00,58.79999923706055,0.0,0.0
2024-06-02 16:56:04.815000+00:00,58.70000076293945,0.0,0.0
2024-06-02 16:57:04.746000+00:00,58.59999847412109,0.0,0.0
2024-06-02 16:58:04.469000+00:00,58.59999847412109,0.0,0.0
2024-06-02 16:59:04.518000+00:00,58.560001373291016,0.0,0.0
2024-06-02 17:00:05.598000+00:00,58.400001525878906,0.0,0.0
2024-06-02 17:01:04.916000+00:00,58.400001525878906,0.0,0.0
2024-06-02 17:02:03.806000+00:00,58.400001525878906,0.0,0.0
2024-06-02 17:03:04.419000+00:00,58.400001525878906,0.0,0.0
2024-06-02 17:04:04.788000+00:00,58.29999923706055,0.0,0.0
2024-06-02 17:05:04.085000+00:00,58.29999923706055,0.0,0.0
2024-06-02 17:06:05.039000+00:00,58.290000915527344,0.0,0.0
2024-06-02 17:07:04.543000+00:00,58.29999923706055,0.0,0.0
2024-06-02 17:08:04.308000+00:00,58.29999923706055,0.0,0.0
2024-06-02 17:09:04.273000+00:00,58.29999923706055,0.0,0.0
2024-06-02 17:10:04.457000+00:00,58.38999938964844,0.0,0.0
2024-06-02 17:11:04.734000+00:00,58.380001068115234,0.0,0.0
2024-06-02 17:12:04.320000+00:00,58.400001525878906,0.0,0.0
2024-06-02 17:13:04.893000+00:00,58.400001525878906,0.0,0.0
2024-06-02 17:14:04.018000+00:00,58.400001525878906,0.0,0.0
2024-06-02 17:15:04.744000+00:00,58.400001525878906,0.0,0.0
2024-06-02 17:16:04.302000+00:00,58.400001525878906,0.0,0.0
2024-06-02 17:17:04.709000+00:00,58.43000030517578,0.0,0.0
2024-06-02 17:18:04.455000+00:00,58.5,0.0,0.0
2024-06-02 17:19:04.499000+00:00,58.5,0.0,0.0
2024-06-02 17:20:04.857000+00:00,58.59000015258789,0.0,0.0
2024-06-02 17:21:04.344000+00:00,58.59999847412109,0.0,0.0
2024-06-02 17:22:04.865000+00:00,58.59999847412109,0.0,0.0
2024-06-02 17:23:04.252000+00:00,58.59999847412109,0.0,0.0
2024-06-02 17:24:04.808000+00:00,58.59999847412109,0.0,0.0
2024-06-02 17:25:04.544000+00:00,58.400001525878906,0.0,0.0
2024-06-02 17:26:05.003000+00:00,58.400001525878906,0.0,0.0
2024-06-02 17:27:04.488000+00:00,58.400001525878906,0.0,0.0
2024-06-02 17:28:04.350000+00:00,58.29999923706055,0.0,0.0
2024-06-02 17:29:04.652000+00:00,58.2400016784668,0.0,0.0
2024-06-02 17:30:04.686000+00:00,57.709999084472656,0.0,0.0
2024-06-02 17:31:04.270000+00:00,57.45000076293945,0.0,0.0
2024-06-02 17:32:04.277000+00:00,57.59999847412109,0.0,0.0
2024-06-02 17:33:04.490000+00:00,57.900001525878906,0.0,0.0
2024-06-02 17:34:05.019000+00:00,58.0,0.0,0.0
2024-06-02 17:35:04.698000+00:00,58.209999084472656,0.0,0.0
2024-06-02 17:36:04.912000+00:00,57.20000076293945,0.0,0.0
2024-06-02 17:37:03.994000+00:00,57.5,0.0,0.0
2024-06-02 17:38:04.802000+00:00,57.790000915527344,0.0,0.0
2024-06-02 17:39:04.863000+00:00,58.20000076293945,0.0,0.0
2024-06-02 17:40:04.981000+00:00,58.5,0.0,0.0
2024-06-02 17:41:04.036000+00:00,58.79999923706055,0.0,0.0
2024-06-02 17:42:04.731000+00:00,58.79999923706055,0.0,0.0
2024-06-02 17:43:04.564000+00:00,58.70000076293945,0.0,0.0
2024-06-02 17:44:04.816000+00:00,58.70000076293945,0.0,0.0
2024-06-02 17:45:04.886000+00:00,58.79999923706055,0.0,0.0
2024-06-02 17:46:04.667000+00:00,58.900001525878906,0.0,0.0
2024-06-02 17:47:04.189000+00:00,58.70000076293945,0.0,0.0
2024-06-02 17:48:04.595000+00:00,58.70000076293945,0.0,0.0
2024-06-02 17:49:04.675000+00:00,58.59999847412109,0.0,0.0
2024-06-02 17:50:04.824000+00:00,58.59999847412109,0.0,0.0
2024-06-02 17:51:04.039000+00:00,58.59999847412109,0.0,0.0
2024-06-02 17:52:04.495000+00:00,58.5,0.0,0.0
2024-06-02 17:53:04.254000+00:00,58.5,0.0,0.0
2024-06-02 17:54:04.880000+00:00,58.5,0.0,0.0
2024-06-02 17:55:04.341000+00:00,58.5,0.0,0.0
2024-06-02 17:56:04.213000+00:00,58.400001525878906,0.0,0.0
2024-06-02 17:57:04.494000+00:00,58.400001525878906,0.0,0.0
2024-06-02 17:58:04.342000+00:00,58.400001525878906,0.0,0.0
2024-06-02 17:59:04.554000+00:00,58.29999923706055,0.0,0.0
2024-06-02 18:00:06.291000+00:00,58.29999923706055,0.0,0.0
2024-06-02 18:01:04.764000+00:00,58.220001220703125,0.0,0.0
2024-06-02 18:02:03.814000+00:00,58.20000076293945,0.0,0.0
2024-06-02 18:03:04.530000+00:00,58.0,0.0,0.0
2024-06-02 18:04:04.183000+00:00,57.900001525878906,0.0,0.0
2024-06-02 18:05:04.314000+00:00,58.0,0.0,0.0
2024-06-02 18:06:04.937000+00:00,58.09999847412109,0.0,0.0
2024-06-02 18:07:03.872000+00:00,58.20000076293945,0.0,0.0
2024-06-02 18:08:04.833000+00:00,58.29999923706055,0.0,0.0
2024-06-02 18:09:04.413000+00:00,58.400001525878906,0.0,0.0
2024-06-02 18:10:04.860000+00:00,58.5,0.0,0.0
2024-06-02 18:11:03.895000+00:00,58.59999847412109,0.0,0.0
2024-06-02 18:12:04.255000+00:00,58.59999847412109,0.0,0.0
2024-06-02 18:13:04.629000+00:00,58.59999847412109,0.0,0.0
2024-06-02 18:14:04.624000+00:00,58.70000076293945,0.0,0.0
2024-06-02 18:15:04.527000+00:00,58.70000076293945,0.0,0.0
2024-06-02 18:16:04.418000+00:00,58.70000076293945,0.0,0.0
2024-06-02 18:17:04.753000+00:00,58.59999847412109,0.0,0.0
2024-06-02 18:18:05.018000+00:00,58.59999847412109,0.0,0.0
2024-06-02 18:19:04.062000+00:00,58.59999847412109,0.0,0.0
2024-06-02 18:20:04.269000+00:00,58.5,0.0,0.0
2024-06-02 18:21:04.829000+00:00,58.5,0.0,0.0
2024-06-02 18:22:04.150000+00:00,58.43000030517578,0.0,0.0
2024-06-02 18:23:04.497000+00:00,58.400001525878906,0.0,0.0
2024-06-02 18:24:04.738000+00:00,58.400001525878906,0.0,0.0
2024-06-02 18:25:04.841000+00:00,58.400001525878906,0.0,0.0
2024-06-02 18:26:05.177000+00:00,58.400001525878906,0.0,0.0
2024-06-02 18:27:04.511000+00:00,58.29999923706055,0.0,0.0
2024-06-02 18:28:04.529000+00:00,58.29999923706055,0.0,0.0
2024-06-02 18:29:04.731000+00:00,58.29999923706055,0.0,0.0
2024-06-02 18:30:04.401000+00:00,58.29999923706055,0.0,0.0
2024-06-02 18:31:05.095000+00:00,58.29999923706055,0.0,0.0
2024-06-02 18:32:04.712000+00:00,58.380001068115234,0.0,0.0
2024-06-02 18:33:04.564000+00:00,58.29999923706055,0.0,0.0
2024-06-02 18:34:04.611000+00:00,58.400001525878906,0.0,0.0
2024-06-02 18:35:05.516000+00:00,58.380001068115234,0.0,0.0
2024-06-02 18:36:04.503000+00:00,58.38999938964844,0.0,0.0
2024-06-02 18:37:04.783000+00:00,58.29999923706055,0.0,0.0
2024-06-02 18:38:03.851000+00:00,58.310001373291016,0.0,0.0
2024-06-02 18:39:04.694000+00:00,58.29999923706055,0.0,0.0
2024-06-02 18:40:04.661000+00:00,58.29999923706055,0.0,0.0
2024-06-02 18:41:04.844000+00:00,58.29999923706055,0.0,0.0
2024-06-02 18:42:04.978000+00:00,58.29999923706055,0.0,0.0
2024-06-02 18:43:04.543000+00:00,58.29999923706055,0.0,0.0
2024-06-02 18:44:04.145000+00:00,58.29999923706055,0.0,0.0
2024-06-02 18:45:04.630000+00:00,58.29999923706055,0.0,0.0
2024-06-02 18:46:04.528000+00:00,58.400001525878906,0.0,0.0
2024-06-02 18:47:04.956000+00:00,58.47999954223633,0.0,0.0
2024-06-02 18:48:04.789000+00:00,58.43999862670898,0.0,0.0
2024-06-02 18:49:04.340000+00:00,58.400001525878906,0.0,0.0
2024-06-02 18:50:04.483000+00:00,58.400001525878906,0.0,0.0
2024-06-02 18:51:04.903000+00:00,58.400001525878906,0.0,0.0
2024-06-02 18:52:04.784000+00:00,58.400001525878906,0.0,0.0
2024-06-02 18:53:03.713000+00:00,58.400001525878906,0.0,0.0
2024-06-02 18:54:04.862000+00:00,58.400001525878906,0.0,0.0
2024-06-02 18:55:04.644000+00:00,58.29999923706055,0.0,0.0
2024-06-02 18:56:04.687000+00:00,58.29999923706055,0.0,0.0
2024-06-02 18:57:04.193000+00:00,58.29999923706055,0.0,0.0
2024-06-02 18:58:04.347000+00:00,58.29999923706055,0.0,0.0
2024-06-02 18:59:04.201000+00:00,58.29999923706055,0.0,0.0
2024-06-02 19:00:05.342000+00:00,58.29999923706055,0.0,0.0
2024-06-02 19:01:04.850000+00:00,58.33000183105469,0.0,0.0
2024-06-02 19:02:04.674000+00:00,58.400001525878906,0.0,0.0
2024-06-02 19:03:04.115000+00:00,58.400001525878906,0.0,0.0
2024-06-02 19:04:04.995000+00:00,58.400001525878906,0.0,0.0
2024-06-02 19:05:04.301000+00:00,58.400001525878906,0.0,0.0
2024-06-02 19:06:05.019000+00:00,58.400001525878906,0.0,0.0
2024-06-02 19:07:04.063000+00:00,58.310001373291016,0.0,0.0
2024-06-02 19:08:04.285000+00:00,58.29999923706055,0.0,0.0
2024-06-02 19:09:04.606000+00:00,58.29999923706055,0.0,0.0
2024-06-02 19:10:04.480000+00:00,58.29999923706055,0.0,0.0
2024-06-02 19:11:04.605000+00:00,58.209999084472656,0.0,0.0
2024-06-02 19:12:04.529000+00:00,58.29999923706055,0.0,0.0
2024-06-02 19:13:04.943000+00:00,58.29999923706055,0.0,0.0
2024-06-02 19:14:04.630000+00:00,58.29999923706055,0.0,0.0
2024-06-02 19:15:05.047000+00:00,58.29999923706055,0.0,0.0
2024-06-02 19:16:04.300000+00:00,58.20000076293945,0.0,0.0
2024-06-02 19:17:04.428000+00:00,58.20000076293945,0.0,0.0
2024-06-02 19:18:04.168000+00:00,58.20000076293945,0.0,0.0
2024-06-02 19:19:04.509000+00:00,58.20000076293945,0.0,0.0
2024-06-02 19:20:04.929000+00:00,58.20000076293945,0.0,0.0
2024-06-02 19:21:04.115000+00:00,58.20000076293945,0.0,0.0
2024-06-02 19:22:04.306000+00:00,58.29999923706055,0.0,0.0
2024-06-02 19:23:04.076000+00:00,58.27999877929688,0.0,0.0
2024-06-02 19:24:04.921000+00:00,58.29999923706055,0.0,0.0
2024-06-02 19:25:04.208000+00:00,58.29999923706055,0.0,0.0
2024-06-02 19:26:05.013000+00:00,58.29999923706055,0.0,0.0
2024-06-02 19:27:04.006000+00:00,58.29999923706055,0.0,0.0
2024-06-02 19:28:04.798000+00:00,58.29999923706055,0.0,0.0
2024-06-02 19:29:04.253000+00:00,58.29999923706055,0.0,0.0
2024-06-02 19:30:04.853000+00:00,58.33000183105469,0.0,0.0
2024-06-02 19:31:04.591000+00:00,58.38999938964844,0.0,0.0
2024-06-02 19:32:04.007000+00:00,58.400001525878906,0.0,0.0
2024-06-02 19:33:04.316000+00:00,58.400001525878906,0.0,0.0
2024-06-02 19:34:04.473000+00:00,58.400001525878906,0.0,0.0
2024-06-02 19:35:04.413000+00:00,58.400001525878906,0.0,0.0
2024-06-02 19:36:04.220000+00:00,58.5,0.0,0.0
2024-06-02 19:37:04.110000+00:00,58.5,0.0,0.0
2024-06-02 19:38:04.484000+00:00,58.5,0.0,0.0
2024-06-02 19:39:04.584000+00:00,58.5,0.0,0.0
2024-06-02 19:40:04.243000+00:00,58.5,0.0,0.0
2024-06-02 19:41:04.489000+00:00,58.400001525878906,0.0,0.0
2024-06-02 19:42:04.362000+00:00,58.400001525878906,0.0,0.0
2024-06-02 19:43:04.589000+00:00,58.400001525878906,0.0,0.0
2024-06-02 19:44:04.414000+00:00,58.400001525878906,0.0,0.0
2024-06-02 19:45:04.694000+00:00,58.400001525878906,0.0,0.0
2024-06-02 19:46:04.463000+00:00,58.400001525878906,0.0,0.0
2024-06-02 19:47:04.491000+00:00,58.29999923706055,0.0,0.0
2024-06-02 19:48:04.190000+00:00,58.29999923706055,0.0,0.0
2024-06-02 19:49:04.130000+00:00,58.29999923706055,0.0,0.0
2024-06-02 19:50:04.749000+00:00,58.29999923706055,0.0,0.0
2024-06-02 19:51:04.599000+00:00,58.29999923706055,0.0,0.0
2024-06-02 19:52:05.159000+00:00,58.20000076293945,0.0,0.0
2024-06-02 19:53:05.098000+00:00,58.29999923706055,0.0,0.0
2024-06-02 19:54:05.196000+00:00,58.20000076293945,0.0,0.0
2024-06-02 19:55:04.391000+00:00,58.20000076293945,0.0,0.0
2024-06-02 19:56:04.320000+00:00,58.29999923706055,0.0,0.0
2024-06-02 19:57:04.467000+00:00,58.400001525878906,0.0,0.0
2024-06-02 19:58:04.127000+00:00,58.400001525878906,0.0,0.0
2024-06-02 19:59:04.407000+00:00,58.400001525878906,0.0,0.0
2024-06-02 20:00:05.784000+00:00,58.5,0.0,0.0
2024-06-02 20:01:05.163000+00:00,58.5,0.0,0.0
2024-06-02 20:02:04.480000+00:00,58.5,0.0,0.0
2024-06-02 20:03:04.599000+00:00,58.59999847412109,0.0,0.0
2024-06-02 20:04:04.584000+00:00,55.33000183105469,0.0,0.0
2024-06-02 20:05:04.912000+00:00,53.59999847412109,0.0,0.0
2024-06-02 20:06:05.270000+00:00,51.63999938964844,0.0,0.0
2024-06-02 20:07:04.471000+00:00,50.290000915527344,0.0,0.0
2024-06-02 20:08:04.175000+00:00,52.20000076293945,0.0,0.0
2024-06-02 20:09:04.416000+00:00,56.97999954223633,0.0,0.0
2024-06-02 20:10:04.536000+00:00,59.900001525878906,0.0,0.0
2024-06-02 20:11:04.677000+00:00,60.59999847412109,0.0,0.0
2024-06-02 20:12:04.703000+00:00,60.709999084472656,0.0,0.0
2024-06-02 20:13:05.067000+00:00,60.59999847412109,0.0,0.0
2024-06-02 20:14:04.503000+00:00,60.400001525878906,0.0,0.0
2024-06-02 20:15:04.784000+00:00,60.20000076293945,0.0,0.0
2024-06-02 20:16:04.259000+00:00,60.0,0.0,0.0
2024-06-02 20:17:04.638000+00:00,59.79999923706055,0.0,0.0
2024-06-02 20:18:04.606000+00:00,59.59999847412109,0.0,0.0
2024-06-02 20:19:04.485000+00:00,59.400001525878906,0.0,0.0
2024-06-02 20:20:04.397000+00:00,59.20000076293945,0.0,0.0
2024-06-02 20:21:05.254000+00:00,59.0,0.0,0.0
2024-06-02 20:22:04.416000+00:00,58.900001525878906,0.0,0.0
2024-06-02 20:23:04.191000+00:00,58.70000076293945,0.0,0.0
2024-06-02 20:24:04.649000+00:00,58.5,0.0,0.0
2024-06-02 20:25:04.491000+00:00,58.400001525878906,0.0,0.0
2024-06-02 20:26:05.245000+00:00,58.20000076293945,0.0,0.0
2024-06-02 20:27:04.706000+00:00,58.08000183105469,0.0,0.0
2024-06-02 20:28:04.895000+00:00,57.900001525878906,0.0,0.0
2024-06-02 20:29:04.113000+00:00,57.70000076293945,0.0,0.0
2024-06-02 20:30:04.932000+00:00,57.59999847412109,0.0,0.0
2024-06-02 20:31:04.618000+00:00,57.5,0.0,0.0
2024-06-02 20:32:04.666000+00:00,57.31999969482422,0.0,0.0
2024-06-02 20:33:04.280000+00:00,57.400001525878906,0.0,0.0
2024-06-02 20:34:04.620000+00:00,57.400001525878906,0.0,0.0
2024-06-02 20:35:04.884000+00:00,57.5,0.0,0.0
2024-06-02 20:36:05.147000+00:00,57.70000076293945,0.0,0.0
2024-06-02 20:37:04.349000+00:00,57.900001525878906,0.0,0.0
2024-06-02 20:38:04.123000+00:00,58.09999847412109,0.0,0.0
2024-06-02 20:39:04.534000+00:00,58.400001525878906,0.0,0.0
2024-06-02 20:40:04.631000+00:00,58.5,0.0,0.0
2024-06-02 20:41:04.745000+00:00,58.70000076293945,0.0,0.0
2024-06-02 20:42:04.855000+00:00,58.79999923706055,0.0,0.0
2024-06-02 20:43:04.441000+00:00,58.880001068115234,0.0,0.0
2024-06-02 20:44:04.735000+00:00,58.810001373291016,0.0,0.0
2024-06-02 20:45:04.773000+00:00,58.900001525878906,0.0,0.0
2024-06-02 20:46:04.349000+00:00,58.79999923706055,0.0,0.0
2024-06-02 20:47:04.235000+00:00,58.70000076293945,0.0,0.0
2024-06-02 20:48:04.401000+00:00,58.59999847412109,0.0,0.0
2024-06-02 20:49:04.457000+00:00,58.5,0.0,0.0
2024-06-02 20:50:04.890000+00:00,58.400001525878906,0.0,0.0
2024-06-02 20:51:05.313000+00:00,58.38999938964844,0.0,0.0
2024-06-02 20:52:04.538000+00:00,58.29999923706055,0.0,0.0
2024-06-02 20:53:04.222000+00:00,58.20000076293945,0.0,0.0
2024-06-02 20:54:04.761000+00:00,58.20000076293945,0.0,0.0
2024-06-02 20:55:04.876000+00:00,58.20000076293945,0.0,0.0
2024-06-02 20:56:04.815000+00:00,58.13999938964844,0.0,0.0
2024-06-02 20:57:05.109000+00:00,58.09999847412109,0.0,0.0
2024-06-02 20:58:04.777000+00:00,58.09999847412109,0.0,0.0
2024-06-02 20:59:05.131000+00:00,58.09999847412109,0.0,0.0
2024-06-02 21:00:05.713000+00:00,58.0,0.0,0.0
2024-06-02 21:01:05.426000+00:00,58.0,0.0,0.0
2024-06-02 21:02:04.341000+00:00,58.0,0.0,0.0
2024-06-02 21:03:04.549000+00:00,57.70000076293945,0.0,0.0
2024-06-02 21:04:03.801000+00:00,57.5,0.0,0.0
2024-06-02 21:05:04.456000+00:00,57.29999923706055,0.0,0.0
2024-06-02 21:06:05.226000+00:00,57.09999847412109,0.0,0.0
2024-06-02 21:07:04.132000+00:00,56.900001525878906,0.0,0.0
2024-06-02 21:08:04.458000+00:00,56.70000076293945,0.0,0.0
2024-06-02 21:09:04.700000+00:00,56.5,0.0,0.0
2024-06-02 21:10:04.530000+00:00,56.29999923706055,0.0,0.0
2024-06-02 21:11:04.122000+00:00,56.09999847412109,0.0,0.0
2024-06-02 21:12:04.687000+00:00,55.209999084472656,0.0,0.0
2024-06-02 21:13:04.916000+00:00,54.15999984741211,0.0,0.0
2024-06-02 21:14:04.652000+00:00,53.70000076293945,0.0,0.0
2024-06-02 21:15:05.513000+00:00,52.40999984741211,0.0,0.0
2024-06-02 21:16:04.087000+00:00,50.5,0.0,0.0
2024-06-02 21:17:04.542000+00:00,50.90999984741211,0.0,0.0
2024-06-02 21:18:04.575000+00:00,52.2599983215332,0.0,0.0
2024-06-02 21:19:04.278000+00:00,53.70000076293945,0.0,0.0
2024-06-02 21:20:04.823000+00:00,54.7400016784668,0.0,0.0
2024-06-02 21:21:04.155000+00:00,55.400001525878906,0.0,0.0
2024-06-02 21:22:04.736000+00:00,55.70000076293945,0.0,0.0
2024-06-02 21:23:04.529000+00:00,55.900001525878906,0.0,0.0
2024-06-02 21:24:04.627000+00:00,56.0,0.0,0.0
2024-06-02 21:25:04.856000+00:00,56.0,0.0,0.0
2024-06-02 21:26:04.869000+00:00,55.900001525878906,0.0,0.0
2024-06-02 21:27:04.724000+00:00,55.79999923706055,0.0,0.0
2024-06-02 21:28:05.143000+00:00,55.70000076293945,0.0,0.0
2024-06-02 21:29:04.733000+00:00,55.5,0.0,0.0
2024-06-02 21:30:04.955000+00:00,55.29999923706055,0.0,0.0
2024-06-02 21:31:04.147000+00:00,55.20000076293945,0.0,0.0
2024-06-02 21:32:04.595000+00:00,55.0,0.0,0.0
2024-06-02 21:33:04.030000+00:00,54.900001525878906,0.0,0.0
2024-06-02 21:34:04.162000+00:00,54.70000076293945,0.0,0.0
2024-06-02 21:35:04.223000+00:00,54.59999847412109,0.0,0.0
2024-06-02 21:36:04.312000+00:00,54.59999847412109,0.0,0.0
2024-06-02 21:37:04.458000+00:00,54.59999847412109,0.0,0.0
2024-06-02 21:38:04.536000+00:00,54.59999847412109,0.0,0.0
2024-06-02 21:39:04.745000+00:00,54.70000076293945,0.0,0.0
2024-06-02 21:40:04.592000+00:00,53.38999938964844,0.0,0.0
2024-06-02 21:41:04.679000+00:00,54.25,0.0,0.0
2024-06-02 21:42:04.702000+00:00,55.29999923706055,0.0,0.0
2024-06-02 21:43:04.799000+00:00,56.09999847412109,0.0,0.0
2024-06-02 21:44:04.495000+00:00,56.5,0.0,0.0
2024-06-02 21:45:04.736000+00:00,56.59999847412109,0.0,0.0
2024-06-02 21:46:04.794000+00:00,56.59999847412109,0.0,0.0
2024-06-02 21:47:04.021000+00:00,56.5,0.0,0.0
2024-06-02 21:48:04.419000+00:00,56.400001525878906,0.0,0.0
2024-06-02 21:49:04.647000+00:00,56.29999923706055,0.0,0.0
2024-06-02 21:50:04.958000+00:00,56.09999847412109,0.0,0.0
2024-06-02 21:51:03.949000+00:00,56.0,0.0,0.0
2024-06-02 21:52:04.699000+00:00,55.88999938964844,0.0,0.0
2024-06-02 21:53:04.927000+00:00,55.70000076293945,0.0,0.0
2024-06-02 21:54:04.627000+00:00,55.59999847412109,0.0,0.0
2024-06-02 21:55:04.629000+00:00,55.47999954223633,0.0,0.0
2024-06-02 21:56:04.828000+00:00,55.29999923706055,0.0,0.0
2024-06-02 21:57:04.486000+00:00,55.20000076293945,0.0,0.0
2024-06-02 21:58:04.791000+00:00,55.11000061035156,0.0,0.0
2024-06-02 21:59:04.231000+00:00,55.0099983215332,0.0,0.0
2024-06-02 22:00:05.886000+00:00,55.0,0.0,0.0
2024-06-02 22:01:04.933000+00:00,55.0,0.0,0.0
2024-06-02 22:02:03.969000+00:00,54.900001525878906,0.0,0.0
2024-06-02 22:03:04.008000+00:00,54.900001525878906,0.0,0.0
2024-06-02 22:04:04.420000+00:00,55.0,0.0,0.0
2024-06-02 22:05:04.748000+00:00,55.0,0.0,0.0
2024-06-02 22:06:05.063000+00:00,55.20000076293945,0.0,0.0
2024-06-02 22:07:04.106000+00:00,55.29999923706055,0.0,0.0
2024-06-02 22:08:04.256000+00:00,55.400001525878906,0.0,0.0
2024-06-02 22:09:04.561000+00:00,55.5,0.0,0.0
2024-06-02 22:10:04.880000+00:00,55.59999847412109,0.0,0.0
2024-06-02 22:11:04.817000+00:00,55.70000076293945,0.0,0.0
2024-06-02 22:12:04.902000+00:00,55.70000076293945,0.0,0.0
2024-06-02 22:13:05.060000+00:00,55.790000915527344,0.0,0.0
2024-06-02 22:14:04.633000+00:00,55.79999923706055,0.0,0.0
2024-06-02 22:15:04.688000+00:00,55.70000076293945,0.0,0.0
2024-06-02 22:16:04.511000+00:00,55.59999847412109,0.0,0.0
2024-06-02 22:17:04.698000+00:00,55.59999847412109,0.0,0.0
2024-06-02 22:18:04.484000+00:00,55.59999847412109,0.0,0.0
2024-06-02 22:19:04.228000+00:00,55.5,0.0,0.0
2024-06-02 22:20:04.652000+00:00,55.40999984741211,0.0,0.0
2024-06-02 22:21:04.037000+00:00,55.400001525878906,0.0,0.0
2024-06-02 22:22:04.566000+00:00,55.29999923706055,0.0,0.0
2024-06-02 22:23:04.782000+00:00,55.29999923706055,0.0,0.0
2024-06-02 22:24:04.895000+00:00,55.34000015258789,0.0,0.0
2024-06-02 22:25:04.366000+00:00,55.29999923706055,0.0,0.0
2024-06-02 22:26:04.616000+00:00,55.29999923706055,0.0,0.0
2024-06-02 22:27:04.585000+00:00,55.29999923706055,0.0,0.0
2024-06-02 22:28:04.551000+00:00,55.29999923706055,0.0,0.0
2024-06-02 22:29:04.397000+00:00,55.29999923706055,0.0,0.0
2024-06-02 22:30:05.144000+00:00,55.20000076293945,0.0,0.0
2024-06-02 22:31:04.685000+00:00,55.20000076293945,0.0,0.0
2024-06-02 22:32:04.325000+00:00,55.20000076293945,0.0,0.0
2024-06-02 22:33:04.628000+00:00,55.20000076293945,0.0,0.0
2024-06-02 22:34:04.400000+00:00,55.20000076293945,0.0,0.0
2024-06-02 22:35:04.770000+00:00,55.20000076293945,0.0,0.0
2024-06-02 22:36:03.999000+00:00,55.20000076293945,0.0,0.0
2024-06-02 22:37:04.702000+00:00,55.20000076293945,0.0,0.0
2024-06-02 22:38:03.959000+00:00,55.29999923706055,0.0,0.0
2024-06-02 22:39:04.959000+00:00,55.29999923706055,0.0,0.0
2024-06-02 22:40:04.682000+00:00,55.29999923706055,0.0,0.0
2024-06-02 22:41:04.147000+00:00,55.29999923706055,0.0,0.0
2024-06-02 22:42:04.788000+00:00,55.2400016784668,0.0,0.0
2024-06-02 22:43:04.174000+00:00,55.29999923706055,0.0,0.0
2024-06-02 22:44:03.922000+00:00,55.29999923706055,0.0,0.0
2024-06-02 22:45:04.926000+00:00,55.29999923706055,0.0,0.0
2024-06-02 22:46:04.031000+00:00,55.2400016784668,0.0,0.0
2024-06-02 22:47:04.248000+00:00,55.29999923706055,0.0,0.0
2024-06-02 22:48:04.467000+00:00,55.400001525878906,0.0,0.0
2024-06-02 22:49:04.458000+00:00,55.5,0.0,0.0
2024-06-02 22:50:04.631000+00:00,55.5,0.0,0.0
2024-06-02 22:51:04.415000+00:00,55.59999847412109,0.0,0.0
2024-06-02 22:52:05.123000+00:00,55.59999847412109,0.0,0.0
2024-06-02 22:53:03.857000+00:00,55.59999847412109,0.0,0.0
2024-06-02 22:54:04.573000+00:00,55.59999847412109,0.0,0.0
2024-06-02 22:55:04.703000+00:00,55.59999847412109,0.0,0.0
2024-06-02 22:56:04.547000+00:00,55.59999847412109,0.0,0.0
2024-06-02 22:57:04.610000+00:00,55.59999847412109,0.0,0.0
2024-06-02 22:58:04.784000+00:00,55.59999847412109,0.0,0.0
2024-06-02 22:59:04.628000+00:00,55.59999847412109,0.0,0.0
2024-06-02 23:00:05.840000+00:00,55.59999847412109,0.0,0.0
2024-06-03 00:00:05.986000+00:00,55.400001525878906,0.0,0.0
2024-06-03 00:01:05.089000+00:00,55.459999084472656,0.0,0.0
2024-06-03 00:02:04.592000+00:00,55.40999984741211,0.0,0.0
2024-06-03 00:03:04.467000+00:00,55.400001525878906,0.0,0.0
2024-06-03 00:04:04.406000+00:00,55.400001525878906,0.0,0.0
2024-06-03 00:05:04.900000+00:00,55.400001525878906,0.0,0.0
2024-06-03 00:06:04.714000+00:00,55.400001525878906,0.0,0.0
2024-06-03 00:07:04.475000+00:00,55.400001525878906,0.0,0.0
2024-06-03 00:08:04.503000+00:00,55.400001525878906,0.0,0.0
2024-06-03 00:09:04.582000+00:00,55.400001525878906,0.0,0.0
2024-06-03 00:10:04.603000+00:00,55.400001525878906,0.0,0.0
2024-06-03 00:11:04.701000+00:00,55.400001525878906,0.0,0.0
2024-06-03 00:12:03.871000+00:00,55.400001525878906,0.0,0.0
2024-06-03 00:13:04.552000+00:00,55.29999923706055,0.0,0.0
2024-06-03 00:14:04.254000+00:00,55.29999923706055,0.0,0.0
2024-06-03 00:15:04.411000+00:00,55.29999923706055,0.0,0.0
2024-06-03 00:16:04.476000+00:00,55.29999923706055,0.0,0.0
2024-06-03 00:17:04.832000+00:00,55.29999923706055,0.0,0.0
2024-06-03 00:18:04.618000+00:00,55.29999923706055,0.0,0.0
2024-06-03 00:19:04.321000+00:00,55.29999923706055,0.0,0.0
2024-06-03 00:20:04.876000+00:00,55.29999923706055,0.0,0.0
2024-06-03 00:21:04.154000+00:00,55.29999923706055,0.0,0.0
2024-06-03 00:22:04.159000+00:00,55.29999923706055,0.0,0.0
2024-06-03 00:23:04.063000+00:00,55.38999938964844,0.0,0.0
2024-06-03 00:24:04.143000+00:00,55.400001525878906,0.0,0.0
2024-06-03 00:25:04.703000+00:00,55.400001525878906,0.0,0.0
2024-06-03 00:26:04.681000+00:00,55.400001525878906,0.0,0.0
2024-06-03 00:27:04.604000+00:00,55.400001525878906,0.0,0.0
2024-06-03 00:28:04.816000+00:00,55.41999816894531,0.0,0.0
2024-06-03 00:29:03.802000+00:00,55.400001525878906,0.0,0.0
2024-06-03 00:30:05.108000+00:00,55.400001525878906,0.0,0.0
2024-06-03 00:31:04.263000+00:00,55.400001525878906,0.0,0.0
2024-06-03 00:32:04.237000+00:00,55.400001525878906,0.0,0.0
2024-06-03 00:33:04.321000+00:00,55.400001525878906,0.0,0.0
2024-06-03 00:34:04.301000+00:00,55.400001525878906,0.0,0.0
2024-06-03 00:35:04.409000+00:00,55.400001525878906,0.0,0.0
2024-06-03 00:36:04.455000+00:00,55.400001525878906,0.0,0.0
2024-06-03 00:37:04.494000+00:00,55.400001525878906,0.0,0.0
2024-06-03 00:38:03.874000+00:00,55.31999969482422,0.0,0.0
2024-06-03 00:39:05.087000+00:00,55.29999923706055,0.0,0.0
2024-06-03 00:40:04.209000+00:00,55.29999923706055,0.0,0.0
2024-06-03 00:41:04.163000+00:00,55.29999923706055,0.0,0.0
2024-06-03 00:42:04.510000+00:00,55.29999923706055,0.0,0.0
2024-06-03 00:43:04.136000+00:00,55.29999923706055,0.0,0.0
2024-06-03 00:44:04.179000+00:00,55.20000076293945,0.0,0.0
2024-06-03 00:45:04.998000+00:00,55.29999923706055,0.0,0.0
2024-06-03 00:46:04.530000+00:00,55.29999923706055,0.0,0.0
2024-06-03 00:47:04.433000+00:00,55.29999923706055,0.0,0.0
2024-06-03 00:48:04.773000+00:00,55.29999923706055,0.0,0.0
2024-06-03 00:49:04.396000+00:00,55.400001525878906,0.0,0.0
2024-06-03 00:50:05.312000+00:00,55.400001525878906,0.0,0.0
2024-06-03 00:51:04.103000+00:00,55.400001525878906,0.0,0.0
2024-06-03 00:52:05.291000+00:00,55.4900016784668,0.0,0.0
2024-06-03 00:53:04.270000+00:00,55.40999984741211,0.0,0.0
2024-06-03 00:54:04.747000+00:00,55.43000030517578,0.0,0.0
2024-06-03 00:55:04.774000+00:00,55.400001525878906,0.0,0.0
2024-06-03 00:56:04.287000+00:00,55.400001525878906,0.0,0.0
2024-06-03 00:57:04.193000+00:00,55.400001525878906,0.0,0.0
2024-06-03 00:58:04.019000+00:00,55.400001525878906,0.0,0.0
2024-06-03 00:59:03.885000+00:00,55.38999938964844,0.0,0.0
2024-06-03 01:00:05.386000+00:00,55.29999923706055,0.0,0.0
2024-06-03 01:01:04.672000+00:00,55.29999923706055,0.0,0.0
2024-06-03 01:02:04.175000+00:00,55.29999923706055,0.0,0.0
2024-06-03 01:03:04.232000+00:00,55.29999923706055,0.0,0.0
2024-06-03 01:04:04.439000+00:00,55.29999923706055,0.0,0.0
2024-06-03 01:05:04.729000+00:00,55.29999923706055,0.0,0.0
2024-06-03 01:06:05.102000+00:00,55.29999923706055,0.0,0.0
2024-06-03 01:07:04.854000+00:00,55.29999923706055,0.0,0.0
2024-06-03 01:08:03.887000+00:00,55.310001373291016,0.0,0.0
2024-06-03 01:09:03.927000+00:00,55.400001525878906,0.0,0.0
2024-06-03 01:10:04.427000+00:00,55.31999969482422,0.0,0.0
2024-06-03 01:11:04.804000+00:00,55.400001525878906,0.0,0.0
2024-06-03 01:12:04.510000+00:00,55.400001525878906,0.0,0.0
2024-06-03 01:13:04.839000+00:00,55.400001525878906,0.0,0.0
2024-06-03 01:14:04.485000+00:00,55.400001525878906,0.0,0.0
2024-06-03 01:15:04.937000+00:00,55.400001525878906,0.0,0.0
2024-06-03 01:16:03.842000+00:00,55.400001525878906,0.0,0.0
2024-06-03 01:17:04.760000+00:00,55.400001525878906,0.0,0.0
2024-06-03 01:18:04.385000+00:00,55.29999923706055,0.0,0.0
2024-06-03 01:19:04.281000+00:00,55.29999923706055,0.0,0.0
2024-06-03 01:20:04.441000+00:00,55.29999923706055,0.0,0.0
2024-06-03 01:21:04.318000+00:00,55.380001068115234,0.0,0.0
2024-06-03 01:22:04.675000+00:00,55.29999923706055,0.0,0.0
2024-06-03 01:23:04.631000+00:00,55.29999923706055,0.0,0.0
2024-06-03 01:24:05.084000+00:00,55.29999923706055,0.0,0.0
2024-06-03 01:25:04.097000+00:00,55.29999923706055,0.0,0.0
2024-06-03 01:26:04.933000+00:00,55.310001373291016,0.0,0.0
2024-06-03 01:27:04.658000+00:00,55.400001525878906,0.0,0.0
2024-06-03 01:28:04.406000+00:00,55.400001525878906,0.0,0.0
2024-06-03 01:29:04.494000+00:00,55.400001525878906,0.0,0.0
2024-06-03 01:30:04.827000+00:00,55.400001525878906,0.0,0.0
2024-06-03 01:31:04.450000+00:00,55.400001525878906,0.0,0.0
2024-06-03 01:32:03.909000+00:00,55.400001525878906,0.0,0.0
2024-06-03 01:33:04.275000+00:00,55.400001525878906,0.0,0.0
2024-06-03 01:34:04.154000+00:00,55.400001525878906,0.0,0.0
2024-06-03 01:35:04.416000+00:00,55.29999923706055,0.0,0.0
2024-06-03 01:36:04.574000+00:00,55.29999923706055,0.0,0.0
2024-06-03 01:37:04.669000+00:00,55.29999923706055,0.0,0.0
2024-06-03 01:38:04.247000+00:00,55.29999923706055,0.0,0.0
2024-06-03 01:39:05.190000+00:00,55.29999923706055,0.0,0.0
2024-06-03 01:40:04.246000+00:00,55.29999923706055,0.0,0.0
2024-06-03 01:41:04.876000+00:00,55.29999923706055,0.0,0.0
2024-06-03 01:42:04.787000+00:00,55.29999923706055,0.0,0.0
2024-06-03 01:43:03.752000+00:00,55.29999923706055,0.0,0.0
2024-06-03 01:44:03.936000+00:00,55.400001525878906,0.0,0.0
2024-06-03 01:45:04.247000+00:00,55.400001525878906,0.0,0.0
2024-06-03 01:46:04.759000+00:00,55.400001525878906,0.0,0.0
2024-06-03 01:47:04.764000+00:00,55.400001525878906,0.0,0.0
2024-06-03 01:48:04.655000+00:00,55.400001525878906,0.0,0.0
2024-06-03 01:49:03.865000+00:00,55.400001525878906,0.0,0.0
2024-06-03 01:50:04.833000+00:00,55.400001525878906,0.0,0.0
2024-06-03 01:51:04.204000+00:00,55.400001525878906,0.0,0.0
2024-06-03 01:52:04.880000+00:00,55.33000183105469,0.0,0.0
2024-06-03 01:53:04.087000+00:00,55.38999938964844,0.0,0.0
2024-06-03 01:54:04.275000+00:00,55.29999923706055,0.0,0.0
2024-06-03 01:55:04.750000+00:00,55.29999923706055,0.0,0.0
2024-06-03 01:56:04.548000+00:00,55.29999923706055,0.0,0.0
2024-06-03 01:57:04.089000+00:00,55.29999923706055,0.0,0.0
2024-06-03 01:58:04.060000+00:00,55.29999923706055,0.0,0.0
2024-06-03 01:59:04.798000+00:00,55.29999923706055,0.0,0.0
2024-06-03 02:00:05.115000+00:00,55.29999923706055,0.0,0.0
2024-06-03 02:01:04.664000+00:00,55.59000015258789,0.0,0.0
2024-06-03 02:02:04.794000+00:00,57.0,0.0,0.0
2024-06-03 02:03:03.986000+00:00,58.13999938964844,0.0,0.0
2024-06-03 02:04:03.966000+00:00,58.79999923706055,0.0,0.0
2024-06-03 02:05:04.123000+00:00,59.0,0.0,0.0
2024-06-03 02:06:04.576000+00:00,59.09999847412109,0.0,0.0
2024-06-03 02:07:04.301000+00:00,59.09999847412109,0.0,0.0
2024-06-03 02:08:04.350000+00:00,59.0,0.0,0.0
2024-06-03 02:09:04.787000+00:00,58.97999954223633,0.0,0.0
2024-06-03 02:10:04.806000+00:00,58.79999923706055,0.0,0.0
2024-06-03 02:11:04.906000+00:00,58.59999847412109,0.0,0.0
2024-06-03 02:12:04.608000+00:00,58.400001525878906,0.0,0.0
2024-06-03 02:13:04.796000+00:00,58.29999923706055,0.0,0.0
2024-06-03 02:14:04.809000+00:00,58.20000076293945,0.0,0.0
2024-06-03 02:15:04.931000+00:00,58.09999847412109,0.0,0.0
2024-06-03 02:16:04.485000+00:00,58.0,0.0,0.0
2024-06-03 02:17:04.525000+00:00,57.900001525878906,0.0,0.0
2024-06-03 02:18:04.723000+00:00,57.79999923706055,0.0,0.0
2024-06-03 02:19:04.984000+00:00,57.79999923706055,0.0,0.0
2024-06-03 02:20:04.478000+00:00,57.79999923706055,0.0,0.0
2024-06-03 02:21:04.777000+00:00,57.79999923706055,0.0,0.0
2024-06-03 02:22:05.237000+00:00,57.900001525878906,0.0,0.0
2024-06-03 02:23:03.979000+00:00,58.0,0.0,0.0
2024-06-03 02:24:04.981000+00:00,58.16999816894531,0.0,0.0
2024-06-03 02:25:04.318000+00:00,58.29999923706055,0.0,0.0
2024-06-03 02:26:05.072000+00:00,58.29999923706055,0.0,0.0
2024-06-03 02:27:04.745000+00:00,58.369998931884766,0.0,0.0
2024-06-03 02:28:04.809000+00:00,58.400001525878906,0.0,0.0
2024-06-03 02:29:04.191000+00:00,58.400001525878906,0.0,0.0
2024-06-03 02:30:04.939000+00:00,58.400001525878906,0.0,0.0
2024-06-03 02:31:04.362000+00:00,58.40999984741211,0.0,0.0
2024-06-03 02:32:04.870000+00:00,58.400001525878906,0.0,0.0
2024-06-03 02:33:04.863000+00:00,58.4900016784668,0.0,0.0
2024-06-03 02:34:04.830000+00:00,58.400001525878906,0.0,0.0
2024-06-03 02:35:04.843000+00:00,58.400001525878906,0.0,0.0
2024-06-03 02:36:04.535000+00:00,58.45000076293945,0.0,0.0
2024-06-03 02:37:04.577000+00:00,58.400001525878906,0.0,0.0
2024-06-03 02:38:04.907000+00:00,58.29999923706055,0.0,0.0
2024-06-03 02:39:04.397000+00:00,58.29999923706055,0.0,0.0
2024-06-03 02:40:04.206000+00:00,58.20000076293945,0.0,0.0
2024-06-03 02:41:04.294000+00:00,58.09999847412109,0.0,0.0
2024-06-03 02:42:04.674000+00:00,58.09999847412109,0.0,0.0
2024-06-03 02:43:04.275000+00:00,58.09999847412109,0.0,0.0
2024-06-03 02:44:04.750000+00:00,58.0,0.0,0.0
2024-06-03 02:45:04.802000+00:00,58.0,0.0,0.0
2024-06-03 02:46:04.481000+00:00,58.0,0.0,0.0
2024-06-03 02:47:04.213000+00:00,58.0,0.0,0.0
2024-06-03 02:48:04.796000+00:00,58.0,0.0,0.0
2024-06-03 02:49:04.896000+00:00,58.09999847412109,0.0,0.0
2024-06-03 02:50:04.455000+00:00,58.09999847412109,0.0,0.0
2024-06-03 02:51:04.053000+00:00,58.09999847412109,0.0,0.0
2024-06-03 02:52:05.175000+00:00,58.09999847412109,0.0,0.0
2024-06-03 02:53:03.925000+00:00,58.119998931884766,0.0,0.0
2024-06-03 02:54:04.775000+00:00,58.09999847412109,0.0,0.0
2024-06-03 02:55:04.271000+00:00,58.09999847412109,0.0,0.0
2024-06-03 02:56:04.937000+00:00,58.119998931884766,0.0,0.0
2024-06-03 02:57:04.225000+00:00,58.20000076293945,0.0,0.0
2024-06-03 02:58:04.074000+00:00,58.20000076293945,0.0,0.0
2024-06-03 02:59:04.564000+00:00,58.20000076293945,0.0,0.0
2024-06-03 03:00:06.831000+00:00,58.29999923706055,0.0,0.0
2024-06-03 03:01:04.517000+00:00,58.29999923706055,0.0,0.0
2024-06-03 03:02:04.065000+00:00,58.29999923706055,0.0,0.0
2024-06-03 03:03:04.371000+00:00,58.29999923706055,0.0,0.0
2024-06-03 03:04:04.488000+00:00,58.31999969482422,0.0,0.0
2024-06-03 03:05:04.064000+00:00,58.29999923706055,0.0,0.0
2024-06-03 03:06:04.789000+00:00,58.400001525878906,0.0,0.0
2024-06-03 03:07:04.371000+00:00,58.400001525878906,0.0,0.0
2024-06-03 03:08:04.477000+00:00,58.33000183105469,0.0,0.0
2024-06-03 03:09:04.677000+00:00,58.29999923706055,0.0,0.0
2024-06-03 03:10:04.924000+00:00,58.29999923706055,0.0,0.0
2024-06-03 03:11:04.295000+00:00,58.20000076293945,0.0,0.0
2024-06-03 03:12:04.976000+00:00,58.20000076293945,0.0,0.0
2024-06-03 03:13:04.477000+00:00,58.20000076293945,0.0,0.0
2024-06-03 03:14:04.675000+00:00,58.20000076293945,0.0,0.0
2024-06-03 03:15:04.950000+00:00,58.13999938964844,0.0,0.0
2024-06-03 03:16:04.642000+00:00,58.09999847412109,0.0,0.0
2024-06-03 03:17:04.268000+00:00,58.20000076293945,0.0,0.0
2024-06-03 03:18:04.685000+00:00,58.20000076293945,0.0,0.0
2024-06-03 03:19:04.607000+00:00,58.20000076293945,0.0,0.0
2024-06-03 03:20:04.422000+00:00,58.20000076293945,0.0,0.0
2024-06-03 03:21:04.798000+00:00,58.290000915527344,0.0,0.0
2024-06-03 03:22:04.724000+00:00,58.29999923706055,0.0,0.0
2024-06-03 03:23:04.677000+00:00,58.29999923706055,0.0,0.0
2024-06-03 03:24:04.545000+00:00,58.29999923706055,0.0,0.0
2024-06-03 03:25:04.311000+00:00,58.29999923706055,0.0,0.0
2024-06-03 03:26:05.267000+00:00,58.29999923706055,0.0,0.0
2024-06-03 03:27:04.050000+00:00,58.29999923706055,0.0,0.0
2024-06-03 03:28:04.899000+00:00,58.29999923706055,0.0,0.0
2024-06-03 03:29:04.570000+00:00,58.20000076293945,0.0,0.0
2024-06-03 03:30:05.004000+00:00,58.20000076293945,0.0,0.0
2024-06-03 03:31:04.759000+00:00,58.20000076293945,0.0,0.0
2024-06-03 03:32:04.532000+00:00,58.20000076293945,0.0,0.0
2024-06-03 03:33:04.328000+00:00,58.20000076293945,0.0,0.0
2024-06-03 03:34:04.114000+00:00,58.20000076293945,0.0,0.0
2024-06-03 03:35:04.911000+00:00,58.20000076293945,0.0,0.0
2024-06-03 03:36:04.331000+00:00,58.29999923706055,0.0,0.0
2024-06-03 03:37:04.363000+00:00,58.29999923706055,0.0,0.0
2024-06-03 03:38:04.232000+00:00,58.29999923706055,0.0,0.0
2024-06-03 03:39:04.871000+00:00,58.29999923706055,0.0,0.0
2024-06-03 03:40:04.922000+00:00,58.29999923706055,0.0,0.0
2024-06-03 03:41:04.765000+00:00,58.29999923706055,0.0,0.0
2024-06-03 03:42:05.031000+00:00,58.29999923706055,0.0,0.0
2024-06-03 03:43:04.479000+00:00,58.29999923706055,0.0,0.0
2024-06-03 03:44:04.295000+00:00,58.29999923706055,0.0,0.0
2024-06-03 03:45:04.724000+00:00,58.29999923706055,0.0,0.0
2024-06-03 03:46:04.606000+00:00,58.29999923706055,0.0,0.0
2024-06-03 03:47:04.304000+00:00,58.29999923706055,0.0,0.0
2024-06-03 03:48:04.295000+00:00,58.290000915527344,0.0,0.0
2024-06-03 03:49:04.572000+00:00,58.209999084472656,0.0,0.0
2024-06-03 03:50:04.821000+00:00,58.20000076293945,0.0,0.0
2024-06-03 03:51:05.015000+00:00,58.20000076293945,0.0,0.0
2024-06-03 03:52:05.006000+00:00,58.20000076293945,0.0,0.0
2024-06-03 03:53:04.432000+00:00,58.20000076293945,0.0,0.0
2024-06-03 03:54:04.503000+00:00,58.20000076293945,0.0,0.0
2024-06-03 03:55:05.178000+00:00,58.20000076293945,0.0,0.0
2024-06-03 03:56:04.440000+00:00,58.20000076293945,0.0,0.0
2024-06-03 03:57:04.810000+00:00,58.20000076293945,0.0,0.0
2024-06-03 03:58:03.695000+00:00,58.20000076293945,0.0,0.0
2024-06-03 03:59:04.635000+00:00,58.18000030517578,0.0,0.0
2024-06-03 04:00:06.243000+00:00,58.09999847412109,0.0,0.0
2024-06-03 04:01:04.623000+00:00,58.20000076293945,0.0,0.0
2024-06-03 04:02:04.285000+00:00,58.20000076293945,0.0,0.0
2024-06-03 04:03:03.976000+00:00,58.20000076293945,0.0,0.0
2024-06-03 04:04:04.149000+00:00,58.29999923706055,0.0,0.0
2024-06-03 04:05:04.336000+00:00,58.29999923706055,0.0,0.0
2024-06-03 04:06:04.783000+00:00,58.29999923706055,0.0,0.0
2024-06-03 04:07:04.052000+00:00,58.29999923706055,0.0,0.0
2024-06-03 04:08:04.760000+00:00,58.29999923706055,0.0,0.0
2024-06-03 04:09:04.374000+00:00,58.29999923706055,0.0,0.0
2024-06-03 04:10:04.351000+00:00,58.29999923706055,0.0,0.0
2024-06-03 04:11:04.193000+00:00,58.29999923706055,0.0,0.0
2024-06-03 04:12:04.450000+00:00,58.29999923706055,0.0,0.0
2024-06-03 04:13:04.926000+00:00,58.20000076293945,0.0,0.0
2024-06-03 04:14:04.102000+00:00,58.20000076293945,0.0,0.0
2024-06-03 04:15:05.035000+00:00,58.20000076293945,0.0,0.0
2024-06-03 04:16:04.413000+00:00,58.20000076293945,0.0,0.0
2024-06-03 04:17:04.589000+00:00,58.20000076293945,0.0,0.0
2024-06-03 04:18:04.391000+00:00,58.20000076293945,0.0,0.0
2024-06-03 04:19:04.685000+00:00,58.20000076293945,0.0,0.0
2024-06-03 04:20:04.527000+00:00,58.20000076293945,0.0,0.0
2024-06-03 04:21:04.594000+00:00,58.09999847412109,0.0,0.0
2024-06-03 04:22:04.458000+00:00,58.09999847412109,0.0,0.0
2024-06-03 04:23:04.362000+00:00,58.09999847412109,0.0,0.0
2024-06-03 04:24:04.843000+00:00,58.20000076293945,0.0,0.0
2024-06-03 04:25:04.816000+00:00,57.900001525878906,0.0,0.0
2024-06-03 04:26:05.262000+00:00,58.0,0.0,0.0
2024-06-03 04:27:04.641000+00:00,58.0,0.0,0.0
2024-06-03 04:28:04.503000+00:00,58.09999847412109,0.0,0.0
2024-06-03 04:29:04.415000+00:00,58.09999847412109,0.0,0.0
2024-06-03 04:30:05.042000+00:00,58.09999847412109,0.0,0.0
2024-06-03 04:31:04.586000+00:00,58.20000076293945,0.0,0.0
2024-06-03 04:32:04.635000+00:00,58.369998931884766,0.0,0.0
2024-06-03 04:33:04.401000+00:00,58.29999923706055,0.0,0.0
2024-06-03 04:34:04.552000+00:00,57.33000183105469,0.0,0.0
2024-06-03 04:35:04.758000+00:00,57.209999084472656,0.0,0.0
2024-06-03 04:36:05.048000+00:00,57.400001525878906,0.0,0.0
2024-06-03 04:37:04.302000+00:00,55.220001220703125,0.0,0.0
2024-06-03 04:38:04.554000+00:00,53.9900016784668,0.0,0.0
2024-06-03 04:39:05.031000+00:00,47.0,0.0,0.0
2024-06-03 04:40:04.689000+00:00,51.77000045776367,0.0,0.0
2024-06-03 04:41:04.604000+00:00,55.29999923706055,0.0,0.0
2024-06-03 04:42:04.767000+00:00,56.5,0.0,0.0
2024-06-03 04:43:05.148000+00:00,57.400001525878906,0.0,0.0
2024-06-03 04:44:04.285000+00:00,58.0,0.0,0.0
2024-06-03 04:45:04.453000+00:00,58.5,0.0,0.0
2024-06-03 04:46:04.046000+00:00,58.900001525878906,0.0,0.0
2024-06-03 04:47:04.758000+00:00,59.20000076293945,0.0,0.0
2024-06-03 04:48:04.933000+00:00,59.380001068115234,0.0,0.0
2024-06-03 04:49:04.745000+00:00,59.5,0.0,0.0
2024-06-03 04:50:04.693000+00:00,59.52000045776367,0.0,0.0
2024-06-03 04:51:04.450000+00:00,59.59999847412109,0.0,0.0
2024-06-03 04:52:05.186000+00:00,59.59999847412109,0.0,0.0
2024-06-03 04:53:04.881000+00:00,59.70000076293945,0.0,0.0
2024-06-03 04:54:04.873000+00:00,59.59999847412109,0.0,0.0
2024-06-03 04:55:04.255000+00:00,57.31999969482422,0.0,0.0
2024-06-03 04:56:04.401000+00:00,57.0,0.0,0.0
2024-06-03 04:57:04.628000+00:00,56.77000045776367,0.0,0.0
2024-06-03 04:58:04.211000+00:00,56.900001525878906,0.0,0.0
2024-06-03 04:59:04.326000+00:00,57.09999847412109,0.0,0.0
2024-06-03 05:00:05.977000+00:00,57.29999923706055,0.0,0.0
2024-06-03 05:01:04.446000+00:00,57.5,0.0,0.0
2024-06-03 05:02:04.306000+00:00,57.59999847412109,0.0,0.0
2024-06-03 05:03:04.512000+00:00,57.70000076293945,0.0,0.0
2024-06-03 05:04:04.410000+00:00,57.79999923706055,0.0,0.0
2024-06-03 05:05:04.559000+00:00,57.93999862670898,0.0,0.0
2024-06-03 05:06:04.892000+00:00,58.09999847412109,0.0,0.0
2024-06-03 05:07:03.908000+00:00,58.20000076293945,0.0,0.0
2024-06-03 05:08:03.926000+00:00,58.29999923706055,0.0,0.0
2024-06-03 05:09:04.035000+00:00,58.400001525878906,0.0,0.0
2024-06-03 05:10:04.676000+00:00,58.5099983215332,0.0,0.0
2024-06-03 05:11:04.736000+00:00,58.59999847412109,0.0,0.0
2024-06-03 05:12:04.847000+00:00,58.70000076293945,0.0,0.0
2024-06-03 05:13:05.491000+00:00,58.79999923706055,0.0,0.0
2024-06-03 05:14:04.900000+00:00,58.79999923706055,0.0,0.0
2024-06-03 05:15:04.882000+00:00,58.79999923706055,0.0,0.0
2024-06-03 05:16:04.183000+00:00,58.79999923706055,0.0,0.0
2024-06-03 05:17:04.620000+00:00,58.79999923706055,0.0,0.0
2024-06-03 05:18:04.438000+00:00,58.79999923706055,0.0,0.0
2024-06-03 05:19:04.221000+00:00,58.79999923706055,0.0,0.0
2024-06-03 05:20:04.692000+00:00,58.79999923706055,0.0,0.0
2024-06-03 05:21:04.903000+00:00,58.79999923706055,0.0,0.0
2024-06-03 05:22:04.653000+00:00,58.70000076293945,0.0,0.0
2024-06-03 05:23:04.421000+00:00,58.70000076293945,0.0,0.0
2024-06-03 05:24:04.651000+00:00,58.70000076293945,0.0,0.0
2024-06-03 05:25:04.335000+00:00,58.59999847412109,0.0,0.0
2024-06-03 05:26:04.785000+00:00,58.5,0.0,0.0
2024-06-03 05:27:04.656000+00:00,54.68999862670898,0.0,0.0
2024-06-03 05:28:04.762000+00:00,55.7599983215332,0.0,0.0
2024-06-03 05:29:04.403000+00:00,56.0,0.0,0.0
2024-06-03 05:30:05.513000+00:00,56.29999923706055,0.0,0.0
2024-06-03 05:31:04.683000+00:00,55.79999923706055,0.0,0.0
2024-06-03 05:32:04.261000+00:00,56.09999847412109,0.0,0.0
2024-06-03 05:33:04.494000+00:00,56.5,0.0,0.0
2024-06-03 05:34:03.958000+00:00,56.900001525878906,0.0,0.0
2024-06-03 05:35:05.026000+00:00,57.400001525878906,0.0,0.0
2024-06-03 05:36:04.818000+00:00,57.70000076293945,0.0,0.0
2024-06-03 05:37:05.118000+00:00,58.18000030517578,0.0,0.0
2024-06-03 05:38:04.735000+00:00,58.400001525878906,0.0,0.0
2024-06-03 05:39:04.847000+00:00,58.63999938964844,0.0,0.0
2024-06-03 05:40:04.766000+00:00,58.79999923706055,0.0,0.0
2024-06-03 05:41:04.815000+00:00,58.93999862670898,0.0,0.0
2024-06-03 05:42:04.783000+00:00,59.0,0.0,0.0
2024-06-03 05:43:05.120000+00:00,59.09999847412109,0.0,0.0
2024-06-03 05:44:04.436000+00:00,59.09999847412109,0.0,0.0
2024-06-03 05:45:04.549000+00:00,59.13999938964844,0.0,0.0
2024-06-03 05:46:04.377000+00:00,59.09999847412109,0.0,0.0
2024-06-03 05:47:04.774000+00:00,59.09999847412109,0.0,0.0
2024-06-03 05:48:04.633000+00:00,59.09999847412109,0.0,0.0
2024-06-03 05:49:04.481000+00:00,58.900001525878906,0.0,0.0
2024-06-03 05:50:05.293000+00:00,58.79999923706055,0.0,0.0
2024-06-03 05:51:04.355000+00:00,58.400001525878906,0.0,0.0
2024-06-03 05:52:05.092000+00:00,58.20000076293945,0.0,0.0
2024-06-03 05:53:04.414000+00:00,58.11000061035156,0.0,0.0
2024-06-03 05:54:04.605000+00:00,58.09999847412109,0.0,0.0
2024-06-03 05:55:04.425000+00:00,58.09999847412109,0.0,0.0
2024-06-03 05:56:04.665000+00:00,58.0,0.0,0.0
2024-06-03 05:57:04.306000+00:00,57.900001525878906,0.0,0.0
2024-06-03 05:58:04.111000+00:00,57.86000061035156,0.0,0.0
2024-06-03 05:59:04.427000+00:00,57.79999923706055,0.0,0.0
2024-06-03 06:00:06.636000+00:00,57.70000076293945,0.0,0.0
2024-06-03 06:01:05.090000+00:00,57.61000061035156,0.0,0.0
2024-06-03 06:02:04.968000+00:00,57.59999847412109,0.0,0.0
2024-06-03 06:03:03.740000+00:00,57.5,0.0,0.0
2024-06-03 06:04:04.520000+00:00,57.56999969482422,0.0,0.0
2024-06-03 06:05:04.932000+00:00,57.5,0.0,0.0
2024-06-03 06:06:04.799000+00:00,57.5,0.0,0.0
2024-06-03 06:07:05.188000+00:00,57.5,0.0,0.0
2024-06-03 06:08:04.093000+00:00,57.5,0.0,0.0
2024-06-03 06:09:04.741000+00:00,57.5,0.0,0.0
2024-06-03 06:10:03.925000+00:00,57.5,0.0,0.0
2024-06-03 06:11:04.291000+00:00,57.59999847412109,0.0,0.0
2024-06-03 06:12:04.496000+00:00,57.70000076293945,0.0,0.0
2024-06-03 06:13:04.403000+00:00,57.70000076293945,0.0,0.0
2024-06-03 06:14:04.670000+00:00,57.79999923706055,0.0,0.0
2024-06-03 06:15:05.235000+00:00,57.900001525878906,0.0,0.0
2024-06-03 06:16:03.912000+00:00,58.060001373291016,0.0,0.0
2024-06-03 06:17:04.989000+00:00,58.09999847412109,0.0,0.0
2024-06-03 06:18:04.679000+00:00,58.20000076293945,0.0,0.0
2024-06-03 06:19:04.577000+00:00,58.29999923706055,0.0,0.0
2024-06-03 06:20:04.507000+00:00,58.400001525878906,0.0,0.0
2024-06-03 06:21:04.390000+00:00,58.400001525878906,0.0,0.0
2024-06-03 06:22:03.703000+00:00,58.400001525878906,0.0,0.0
2024-06-03 06:23:04.528000+00:00,58.540000915527344,0.0,0.0
2024-06-03 06:24:04.389000+00:00,58.59999847412109,0.0,0.0
2024-06-03 06:25:04.499000+00:00,58.59999847412109,0.0,0.0
2024-06-03 06:26:04.936000+00:00,58.59999847412109,0.0,0.0
2024-06-03 06:27:03.757000+00:00,58.59999847412109,0.0,0.0
2024-06-03 06:28:04.778000+00:00,58.59999847412109,0.0,0.0
2024-06-03 06:29:04.269000+00:00,58.59999847412109,0.0,0.0
2024-06-03 06:30:04.949000+00:00,58.59999847412109,0.0,0.0
2024-06-03 06:31:04.139000+00:00,58.59999847412109,0.0,0.0
2024-06-03 06:32:04.978000+00:00,58.58000183105469,0.0,0.0
2024-06-03 06:33:04.758000+00:00,58.59000015258789,0.0,0.0
2024-06-03 06:34:04.079000+00:00,58.5,0.0,0.0
2024-06-03 06:35:04.543000+00:00,58.400001525878906,0.0,0.0
2024-06-03 06:36:04.742000+00:00,58.400001525878906,0.0,0.0
2024-06-03 06:37:04.432000+00:00,58.29999923706055,0.0,0.0
2024-06-03 06:38:04.308000+00:00,58.29999923706055,0.0,0.0
2024-06-03 06:39:04.731000+00:00,58.29999923706055,0.0,0.0
2024-06-03 06:40:04.827000+00:00,58.22999954223633,0.0,0.0
2024-06-03 06:41:04.671000+00:00,58.20000076293945,0.0,0.0
2024-06-03 06:42:04.766000+00:00,58.09999847412109,0.0,0.0
2024-06-03 06:43:04.159000+00:00,58.09999847412109,0.0,0.0
2024-06-03 06:44:04.332000+00:00,58.0,0.0,0.0
2024-06-03 06:45:04.757000+00:00,58.0,0.0,0.0
2024-06-03 06:46:04.216000+00:00,57.900001525878906,0.0,0.0
2024-06-03 06:47:04.296000+00:00,57.900001525878906,0.0,0.0
2024-06-03 06:48:04.511000+00:00,57.79999923706055,0.0,0.0
2024-06-03 06:49:04.406000+00:00,57.79999923706055,0.0,0.0
2024-06-03 06:50:04.646000+00:00,57.79999923706055,0.0,0.0
2024-06-03 06:51:04.490000+00:00,57.70000076293945,0.0,0.0
2024-06-03 06:52:04.595000+00:00,57.70000076293945,0.0,0.0
2024-06-03 06:53:03.729000+00:00,57.70000076293945,0.0,0.0
2024-06-03 06:54:04.562000+00:00,57.70000076293945,0.0,0.0
2024-06-03 06:55:04.225000+00:00,57.70000076293945,0.0,0.0
2024-06-03 06:56:04.867000+00:00,57.70000076293945,0.0,0.0
2024-06-03 06:57:05.167000+00:00,57.70000076293945,0.0,0.0
2024-06-03 06:58:04.244000+00:00,57.70000076293945,0.0,0.0
2024-06-03 06:59:04.990000+00:00,57.70000076293945,0.0,0.0
2024-06-03 07:00:05.597000+00:00,57.70000076293945,0.0,0.0
2024-06-03 07:01:04.489000+00:00,57.720001220703125,0.0,0.0
2024-06-03 07:02:05.107000+00:00,57.79999923706055,0.0,0.0
2024-06-03 07:03:04.652000+00:00,57.900001525878906,0.0,0.0
2024-06-03 07:04:04.236000+00:00,57.900001525878906,0.0,0.0
2024-06-03 07:05:04.684000+00:00,57.900001525878906,0.0,0.0
2024-06-03 07:06:04.755000+00:00,57.9900016784668,0.0,0.0
2024-06-03 07:07:04.473000+00:00,58.0,0.0,0.0
2024-06-03 07:08:04.330000+00:00,58.09999847412109,0.0,0.0
2024-06-03 07:09:03.994000+00:00,58.09999847412109,0.0,0.0
2024-06-03 07:10:04.692000+00:00,58.20000076293945,0.0,0.0
2024-06-03 07:11:04.299000+00:00,58.20000076293945,0.0,0.0
2024-06-03 07:12:04.381000+00:00,58.13999938964844,0.0,0.0
2024-06-03 07:13:04.825000+00:00,58.119998931884766,0.0,0.0
2024-06-03 07:14:04.801000+00:00,58.09999847412109,0.0,0.0
2024-06-03 07:15:05.133000+00:00,58.09999847412109,0.0,0.0
2024-06-03 07:16:04.267000+00:00,58.09999847412109,0.0,0.0
2024-06-03 07:17:04.852000+00:00,58.0,0.0,0.0
2024-06-03 07:18:04.634000+00:00,58.0,0.0,0.0
2024-06-03 07:19:04.412000+00:00,58.0,0.0,0.0
2024-06-03 07:20:05.284000+00:00,58.0,0.0,0.0
2024-06-03 07:21:04.750000+00:00,58.0,0.0,0.0
2024-06-03 07:22:04.473000+00:00,58.09999847412109,0.0,0.0
2024-06-03 07:23:04.135000+00:00,58.09999847412109,0.0,0.0
2024-06-03 07:24:04.824000+00:00,56.150001525878906,0.0,0.0
2024-06-03 07:25:04.335000+00:00,56.880001068115234,0.0,0.0
2024-06-03 07:26:05.284000+00:00,57.59999847412109,0.0,0.0
2024-06-03 07:27:04.645000+00:00,58.0,0.0,0.0
2024-06-03 07:28:04.523000+00:00,58.29999923706055,0.0,0.0
2024-06-03 07:29:04.583000+00:00,58.5,0.0,0.0
2024-06-03 07:30:05.591000+00:00,58.70000076293945,0.0,0.0
2024-06-03 07:31:04.802000+00:00,58.79999923706055,0.0,0.0
2024-06-03 07:32:04.308000+00:00,58.79999923706055,0.0,0.0
2024-06-03 07:33:04.581000+00:00,58.900001525878906,0.0,0.0
2024-06-03 07:34:04.209000+00:00,55.400001525878906,0.0,0.0
2024-06-03 07:35:04.635000+00:00,55.0,0.0,0.0
2024-06-03 07:36:04.805000+00:00,56.400001525878906,0.0,0.0
2024-06-03 07:37:04.020000+00:00,57.5,0.0,0.0
2024-06-03 07:38:04.326000+00:00,58.09999847412109,0.0,0.0
2024-06-03 07:39:04.919000+00:00,58.380001068115234,0.0,0.0
2024-06-03 07:40:04.314000+00:00,58.5,0.0,0.0
2024-06-03 07:41:04.353000+00:00,58.650001525878906,0.0,0.0
2024-06-03 07:42:04.611000+00:00,58.70000076293945,0.0,0.0
2024-06-03 07:43:04.091000+00:00,58.70000076293945,0.0,0.0
2024-06-03 07:44:04.483000+00:00,58.59999847412109,0.0,0.0
2024-06-03 07:45:04.563000+00:00,58.5,0.0,0.0
2024-06-03 07:46:04.002000+00:00,58.59999847412109,0.0,0.0
2024-06-03 07:47:04.788000+00:00,58.5,0.0,0.0
2024-06-03 07:48:04.149000+00:00,58.5,0.0,0.0
2024-06-03 07:49:04.742000+00:00,58.5,0.0,0.0
2024-06-03 07:50:05.008000+00:00,58.400001525878906,0.0,0.0
2024-06-03 07:51:03.881000+00:00,58.400001525878906,0.0,0.0
2024-06-03 07:52:05.205000+00:00,58.29999923706055,0.0,0.0
2024-06-03 07:53:04.101000+00:00,58.29999923706055,0.0,0.0
2024-06-03 07:54:04.329000+00:00,58.20000076293945,0.0,0.0
2024-06-03 07:55:04.465000+00:00,58.20000076293945,0.0,0.0
2024-06-03 07:56:04.166000+00:00,58.119998931884766,0.0,0.0
2024-06-03 07:57:04.418000+00:00,58.09999847412109,0.0,0.0
2024-06-03 07:58:04.299000+00:00,58.09999847412109,0.0,0.0
2024-06-03 07:59:04.171000+00:00,58.0,0.0,0.0
2024-06-03 08:00:06.068000+00:00,57.900001525878906,0.0,0.0
2024-06-03 08:01:04.602000+00:00,57.900001525878906,0.0,0.0
2024-06-03 08:02:04.316000+00:00,57.880001068115234,0.0,0.0
2024-06-03 08:03:04.229000+00:00,57.79999923706055,0.0,0.0
2024-06-03 08:04:04.352000+00:00,57.77999877929688,0.0,0.0
2024-06-03 08:05:04.290000+00:00,57.77999877929688,0.0,0.0
2024-06-03 08:06:05.158000+00:00,57.70000076293945,0.0,0.0
2024-06-03 08:07:04.189000+00:00,57.70000076293945,0.0,0.0
2024-06-03 08:08:04.505000+00:00,57.70000076293945,0.0,0.0
2024-06-03 08:09:04.684000+00:00,57.79999923706055,0.0,0.0
2024-06-03 08:10:04.305000+00:00,57.79999923706055,0.0,0.0
2024-06-03 08:11:04.339000+00:00,57.79999923706055,0.0,0.0
2024-06-03 08:12:04.027000+00:00,57.900001525878906,0.0,0.0
2024-06-03 08:13:04.564000+00:00,57.900001525878906,0.0,0.0
2024-06-03 08:14:04.808000+00:00,58.0,0.0,0.0
2024-06-03 08:15:04.940000+00:00,58.09999847412109,0.0,0.0
2024-06-03 08:16:04.939000+00:00,58.20000076293945,0.0,0.0
2024-06-03 08:17:04.731000+00:00,58.20000076293945,0.0,0.0
2024-06-03 08:18:04.247000+00:00,58.2400016784668,0.0,0.0
2024-06-03 08:19:04.915000+00:00,58.29999923706055,0.0,0.0
2024-06-03 08:20:04.930000+00:00,58.29999923706055,0.0,0.0
2024-06-03 08:21:03.976000+00:00,58.29999923706055,0.0,0.0
2024-06-03 08:22:04.464000+00:00,58.38999938964844,0.0,0.0
2024-06-03 08:23:04.690000+00:00,58.29999923706055,0.0,0.0
2024-06-03 08:24:04.943000+00:00,58.29999923706055,0.0,0.0
2024-06-03 08:25:03.870000+00:00,58.29999923706055,0.0,0.0
2024-06-03 08:26:05.261000+00:00,58.400001525878906,0.0,0.0
2024-06-03 08:27:04.746000+00:00,58.29999923706055,0.0,0.0
2024-06-03 08:28:05.410000+00:00,58.34000015258789,0.0,0.0
2024-06-03 08:29:04.483000+00:00,58.29999923706055,0.0,0.0
2024-06-03 08:30:05.052000+00:00,58.29999923706055,0.0,0.0
2024-06-03 08:31:03.848000+00:00,58.29999923706055,0.0,0.0
2024-06-03 08:32:04.830000+00:00,58.29999923706055,0.0,0.0
2024-06-03 08:33:04.776000+00:00,58.29999923706055,0.0,0.0
2024-06-03 08:34:04.676000+00:00,58.20000076293945,0.0,0.0
2024-06-03 08:35:04.310000+00:00,58.20000076293945,0.0,0.0
2024-06-03 08:36:04.685000+00:00,58.20000076293945,0.0,0.0
2024-06-03 08:37:04.614000+00:00,58.20000076293945,0.0,0.0
2024-06-03 08:38:04.904000+00:00,58.20000076293945,0.0,0.0
2024-06-03 08:39:04.808000+00:00,58.09999847412109,0.0,0.0
2024-06-03 08:40:04.393000+00:00,58.09999847412109,0.0,0.0
2024-06-03 08:41:04.179000+00:00,58.09999847412109,0.0,0.0
2024-06-03 08:42:04.826000+00:00,58.09999847412109,0.0,0.0
2024-06-03 08:43:04.011000+00:00,58.0,0.0,0.0
2024-06-03 08:44:04.446000+00:00,58.0,0.0,0.0
2024-06-03 08:45:04.785000+00:00,57.900001525878906,0.0,0.0
2024-06-03 08:46:04.602000+00:00,57.900001525878906,0.0,0.0
2024-06-03 08:47:04.353000+00:00,57.900001525878906,0.0,0.0
2024-06-03 08:48:04.728000+00:00,57.900001525878906,0.0,0.0
2024-06-03 08:49:03.853000+00:00,57.810001373291016,0.0,0.0
2024-06-03 08:50:04.559000+00:00,57.900001525878906,0.0,0.0
2024-06-03 08:51:04.654000+00:00,57.900001525878906,0.0,0.0
2024-06-03 08:52:04.923000+00:00,57.900001525878906,0.0,0.0
2024-06-03 08:53:03.835000+00:00,57.900001525878906,0.0,0.0
2024-06-03 08:54:04.418000+00:00,56.93000030517578,0.0,0.0
2024-06-03 08:55:04.477000+00:00,57.400001525878906,0.0,0.0
2024-06-03 08:56:04.569000+00:00,57.61000061035156,0.0,0.0
2024-06-03 08:57:04.458000+00:00,57.79999923706055,0.0,0.0
2024-06-03 08:58:04.738000+00:00,58.0,0.0,0.0
2024-06-03 08:59:04.484000+00:00,58.20000076293945,0.0,0.0
2024-06-03 09:00:05.954000+00:00,58.29999923706055,0.0,0.0
2024-06-03 09:01:05.273000+00:00,58.400001525878906,0.0,0.0
2024-06-03 09:02:04.620000+00:00,58.400001525878906,0.0,0.0
2024-06-03 09:03:04.377000+00:00,58.400001525878906,0.0,0.0
2024-06-03 09:04:04.588000+00:00,58.400001525878906,0.0,0.0
2024-06-03 09:05:04.269000+00:00,58.5,0.0,0.0
2024-06-03 09:06:05.054000+00:00,58.400001525878906,0.0,0.0
2024-06-03 09:07:04.259000+00:00,58.400001525878906,0.0,0.0
2024-06-03 09:08:04.828000+00:00,58.400001525878906,0.0,0.0
2024-06-03 09:09:04.474000+00:00,58.400001525878906,0.0,0.0
2024-06-03 09:10:04.932000+00:00,58.400001525878906,0.0,0.0
2024-06-03 09:11:03.812000+00:00,58.29999923706055,0.0,0.0
2024-06-03 09:12:04.545000+00:00,58.29999923706055,0.0,0.0
2024-06-03 09:13:04.905000+00:00,58.29999923706055,0.0,0.0
2024-06-03 09:14:04.503000+00:00,58.27999877929688,0.0,0.0
2024-06-03 09:15:05.029000+00:00,58.20000076293945,0.0,0.0
2024-06-03 09:16:04.109000+00:00,58.11000061035156,0.0,0.0
2024-06-03 09:17:04.907000+00:00,58.09999847412109,0.0,0.0
2024-06-03 09:18:04.846000+00:00,58.09999847412109,0.0,0.0
2024-06-03 09:19:04.907000+00:00,58.0,0.0,0.0
2024-06-03 09:20:05.181000+00:00,58.0,0.0,0.0
2024-06-03 09:21:04.567000+00:00,57.900001525878906,0.0,0.0
2024-06-03 09:22:04.460000+00:00,57.900001525878906,0.0,0.0
2024-06-03 09:23:04.851000+00:00,57.84000015258789,0.0,0.0
2024-06-03 09:24:03.887000+00:00,57.79999923706055,0.0,0.0
2024-06-03 09:25:04.433000+00:00,57.77000045776367,0.0,0.0
2024-06-03 09:26:04.056000+00:00,57.720001220703125,0.0,0.0
2024-06-03 09:27:04.651000+00:00,57.70000076293945,0.0,0.0
2024-06-03 09:28:04.895000+00:00,57.77999877929688,0.0,0.0
2024-06-03 09:29:04.533000+00:00,57.79999923706055,0.0,0.0
2024-06-03 09:30:04.774000+00:00,57.900001525878906,0.0,0.0
2024-06-03 09:31:04.797000+00:00,57.90999984741211,0.0,0.0
2024-06-03 09:32:04.555000+00:00,58.0,0.0,0.0
2024-06-03 09:33:04.694000+00:00,58.09999847412109,0.0,0.0
2024-06-03 09:34:04.459000+00:00,58.20000076293945,0.0,0.0
2024-06-03 09:35:04.284000+00:00,58.20000076293945,0.0,0.0
2024-06-03 09:36:04.550000+00:00,58.29999923706055,0.0,0.0
2024-06-03 09:37:04.811000+00:00,58.29999923706055,0.0,0.0
2024-06-03 09:38:04.558000+00:00,58.38999938964844,0.0,0.0
2024-06-03 09:39:04.971000+00:00,58.400001525878906,0.0,0.0
2024-06-03 09:40:04.911000+00:00,58.33000183105469,0.0,0.0
2024-06-03 09:41:04.235000+00:00,58.29999923706055,0.0,0.0
2024-06-03 09:42:04.771000+00:00,58.29999923706055,0.0,0.0
2024-06-03 09:43:03.849000+00:00,58.29999923706055,0.0,0.0
2024-06-03 09:44:04.152000+00:00,58.27000045776367,0.0,0.0
2024-06-03 09:45:04.461000+00:00,58.220001220703125,0.0,0.0
2024-06-03 09:46:04.712000+00:00,58.20000076293945,0.0,0.0
2024-06-03 09:47:04.699000+00:00,58.20000076293945,0.0,0.0
2024-06-03 09:48:04.415000+00:00,58.09999847412109,0.0,0.0
2024-06-03 09:49:04.137000+00:00,58.09999847412109,0.0,0.0
2024-06-03 09:50:04.561000+00:00,58.09999847412109,0.0,0.0
2024-06-03 09:51:04.207000+00:00,58.09999847412109,0.0,0.0
2024-06-03 09:52:05.167000+00:00,58.09999847412109,0.0,0.0
2024-06-03 09:53:04.346000+00:00,58.09999847412109,0.0,0.0
2024-06-03 09:54:05.020000+00:00,58.09999847412109,0.0,0.0
2024-06-03 09:55:04.993000+00:00,58.09999847412109,0.0,0.0
2024-06-03 09:56:04.436000+00:00,58.09999847412109,0.0,0.0
2024-06-03 09:57:03.934000+00:00,58.09999847412109,0.0,0.0
2024-06-03 09:58:04.260000+00:00,58.09999847412109,0.0,0.0
2024-06-03 09:59:04.547000+00:00,58.09999847412109,0.0,0.0
2024-06-03 10:00:06.553000+00:00,58.09999847412109,0.0,0.0
2024-06-03 10:01:04.641000+00:00,58.09999847412109,0.0,0.0
2024-06-03 10:02:04.371000+00:00,58.09999847412109,0.0,0.0
2024-06-03 10:03:04.281000+00:00,58.09999847412109,0.0,0.0
2024-06-03 10:04:04.237000+00:00,58.09999847412109,0.0,0.0
2024-06-03 10:05:05.070000+00:00,58.09999847412109,0.0,0.0
2024-06-03 10:06:05.107000+00:00,58.09999847412109,0.0,0.0
2024-06-03 10:07:04.278000+00:00,58.2599983215332,0.0,0.0
2024-06-03 10:08:04.592000+00:00,58.29999923706055,0.0,0.0
2024-06-03 10:09:04.490000+00:00,58.29999923706055,0.0,0.0
2024-06-03 10:10:04.786000+00:00,58.27000045776367,0.0,0.0
2024-06-03 10:11:04.766000+00:00,58.20000076293945,0.0,0.0
2024-06-03 10:12:04.738000+00:00,58.20000076293945,0.0,0.0
2024-06-03 10:13:04.699000+00:00,58.20000076293945,0.0,0.0
2024-06-03 10:14:04.611000+00:00,58.20000076293945,0.0,0.0
2024-06-03 10:15:04.795000+00:00,58.20000076293945,0.0,0.0
2024-06-03 10:16:04.733000+00:00,58.09999847412109,0.0,0.0
2024-06-03 10:17:04.464000+00:00,57.02000045776367,0.0,0.0
2024-06-03 10:18:04.732000+00:00,57.70000076293945,0.0,0.0
2024-06-03 10:19:03.859000+00:00,58.09999847412109,0.0,0.0
2024-06-03 10:20:04.901000+00:00,58.400001525878906,0.0,0.0
2024-06-03 10:21:03.959000+00:00,58.400001525878906,0.0,0.0
2024-06-03 10:22:04.726000+00:00,58.20000076293945,0.0,0.0
2024-06-03 10:23:05.009000+00:00,58.09999847412109,0.0,0.0
2024-06-03 10:24:05.222000+00:00,58.20000076293945,0.0,0.0
2024-06-03 10:25:04.324000+00:00,58.29999923706055,0.0,0.0
2024-06-03 10:26:05.325000+00:00,58.29999923706055,0.0,0.0
2024-06-03 10:27:04.678000+00:00,58.29999923706055,0.0,0.0
2024-06-03 10:28:04.693000+00:00,58.20000076293945,0.0,0.0
2024-06-03 10:29:04.630000+00:00,58.20000076293945,0.0,0.0
2024-06-03 10:30:05.147000+00:00,58.20000076293945,0.0,0.0
2024-06-03 10:31:04.126000+00:00,57.900001525878906,0.0,0.0
2024-06-03 10:32:04.556000+00:00,58.18999862670898,0.0,0.0
2024-06-03 10:33:04.729000+00:00,58.29999923706055,3.400000095367432,829748.9324153707
2024-06-03 10:34:04.518000+00:00,58.209999084472656,3.400000095367432,828468.0142077501
2024-06-03 10:35:04.255000+00:00,58.20000076293945,3.400000095367432,828325.7140923695
2024-06-03 10:36:04.765000+00:00,58.150001525878906,0.0,0.0
2024-06-03 10:37:04.807000+00:00,58.0,0.0,0.0
2024-06-03 10:38:04.502000+00:00,58.29999923706055,3.400000095367432,829748.9324153707
2024-06-03 10:39:05.179000+00:00,58.29999923706055,3.400000095367432,829748.9324153707
2024-06-03 10:40:04.682000+00:00,58.29999923706055,3.400000095367432,829748.9324153707
2024-06-03 10:41:04.642000+00:00,58.20000076293945,3.400000095367432,828325.7140923695
2024-06-03 10:42:04.591000+00:00,58.09999847412109,3.400000095367432,826902.4414770693
2024-06-03 10:43:04.818000+00:00,58.09999847412109,3.400000095367432,826902.4414770693
2024-06-03 10:44:04.634000+00:00,58.29999923706055,3.400000095367432,829748.9324153707
2024-06-03 10:45:05.143000+00:00,58.209999084472656,3.400000095367432,828468.0142077501
2024-06-03 10:46:03.987000+00:00,58.20000076293945,3.400000095367432,828325.7140923695
2024-06-03 10:47:04.578000+00:00,58.09999847412109,3.400000095367432,826902.4414770693
2024-06-03 10:48:04.517000+00:00,58.29999923706055,3.400000095367432,829748.9324153707
2024-06-03 10:49:04.795000+00:00,58.29999923706055,3.400000095367432,829748.9324153707
2024-06-03 10:50:05.192000+00:00,58.20000076293945,3.400000095367432,828325.7140923695
2024-06-03 10:51:04.756000+00:00,58.11000061035156,3.400000095367432,827044.7958847488
2024-06-03 10:52:04.827000+00:00,58.09999847412109,3.400000095367432,826902.4414770693
2024-06-03 10:53:04.359000+00:00,58.27000045776367,3.400000095367432,829321.9777769302
2024-06-03 10:54:04.722000+00:00,58.400001525878906,3.400000095367432,831172.2050306709
2024-06-03 10:55:04.822000+00:00,58.29999923706055,3.400000095367432,829748.9324153707
2024-06-03 10:56:04.758000+00:00,58.20000076293945,3.400000095367432,828325.7140923695
2024-06-03 10:57:04.303000+00:00,58.09999847412109,3.400000095367432,826902.4414770693
2024-06-03 10:58:04.030000+00:00,58.09999847412109,3.400000095367432,826902.4414770693
2024-06-03 10:59:04.489000+00:00,58.20000076293945,3.400000095367432,828325.7140923695
2024-06-03 11:00:07.076000+00:00,58.20000076293945,3.400000095367432,828325.7140923695
2024-06-03 11:01:04.997000+00:00,58.09999847412109,3.400000095367432,826902.4414770693
2024-06-03 11:02:04.593000+00:00,58.09999847412109,3.400000095367432,826902.4414770693
2024-06-03 11:03:04.507000+00:00,58.29999923706055,3.400000095367432,829748.9324153707
2024-06-03 11:04:05.353000+00:00,58.29999923706055,3.400000095367432,829748.9324153707
2024-06-03 11:05:04.464000+00:00,58.20000076293945,3.400000095367432,828325.7140923695
2024-06-03 11:06:04.991000+00:00,58.20000076293945,3.400000095367432,828325.7140923695
2024-06-03 11:07:04.386000+00:00,57.70000076293945,3.400000095367432,821209.5138927655
2024-06-03 11:08:04.617000+00:00,59.0099983215332,3.400000095367432,839853.9236686567
2024-06-03 11:09:04.334000+00:00,58.5099983215332,3.400000095367432,832737.7234690527
2024-06-03 11:10:05.048000+00:00,58.20000076293945,3.400000095367432,828325.7140923695
2024-06-03 11:11:04.798000+00:00,58.09999847412109,3.400000095367432,826902.4414770693
2024-06-03 11:12:04.325000+00:00,58.0,3.400000095367432,825479.2231540681
2024-06-03 11:13:04.678000+00:00,58.18000030517578,3.400000095367432,828041.0595693095
2024-06-03 11:14:04.838000+00:00,58.29999923706055,3.400000095367432,829748.9324153707
2024-06-03 11:15:04.994000+00:00,58.20000076293945,3.400000095367432,828325.7140923695
2024-06-03 11:16:03.966000+00:00,58.20000076293945,3.400000095367432,828325.7140923695
2024-06-03 11:17:05.714000+00:00,58.09999847412109,3.400000095367432,826902.4414770693
2024-06-03 11:18:05.353000+00:00,58.2599983215332,3.400000095367432,829179.6233692507
2024-06-03 11:19:04.888000+00:00,58.38999938964844,3.400000095367432,831029.8506229914
2024-06-03 11:20:04.943000+00:00,58.29999923706055,3.400000095367432,829748.9324153707
2024-06-03 11:21:04.792000+00:00,58.29999923706055,3.400000095367432,829748.9324153707
2024-06-03 11:22:04.957000+00:00,58.29999923706055,3.400000095367432,829748.9324153707
2024-06-03 11:23:04.341000+00:00,58.29999923706055,3.400000095367432,829748.9324153707
2024-06-03 11:24:04.749000+00:00,58.29999923706055,3.400000095367432,829748.9324153707
2024-06-03 11:25:04.736000+00:00,58.29999923706055,3.400000095367432,829748.9324153707
2024-06-03 11:26:05.190000+00:00,58.20000076293945,3.400000095367432,828325.7140923695
2024-06-03 11:27:04.467000+00:00,58.29999923706055,3.400000095367432,829748.9324153707
2024-06-03 11:28:04.953000+00:00,58.29999923706055,3.400000095367432,829748.9324153707
2024-06-03 11:29:04.555000+00:00,58.29999923706055,3.400000095367432,829748.9324153707
2024-06-03 11:30:05.152000+00:00,58.29999923706055,3.400000095367432,829748.9324153707
2024-06-03 11:31:04.775000+00:00,58.20000076293945,3.400000095367432,828325.7140923695
2024-06-03 11:32:04.791000+00:00,58.20000076293945,3.400000095367432,828325.7140923695
2024-06-03 11:33:04.411000+00:00,58.18000030517578,3.400000095367432,828041.0595693095
2024-06-03 11:34:04.209000+00:00,58.09999847412109,3.400000095367432,826902.4414770693
2024-06-03 11:35:04.839000+00:00,58.0,3.400000095367432,825479.2231540681
2024-06-03 11:36:04.591000+00:00,58.0,3.400000095367432,825479.2231540681
2024-06-03 11:37:05.131000+00:00,58.0,3.400000095367432,825479.2231540681
2024-06-03 11:38:04.253000+00:00,58.20000076293945,3.400000095367432,828325.7140923695
2024-06-03 11:39:04.747000+00:00,58.29999923706055,3.400000095367432,829748.9324153707
2024-06-03 11:40:04.886000+00:00,58.310001373291016,3.400000095367432,829891.2868230502
2024-06-03 11:41:04.218000+00:00,58.400001525878906,3.400000095367432,831172.2050306709
2024-06-03 11:42:04.977000+00:00,58.29999923706055,3.400000095367432,829748.9324153707
2024-06-03 11:43:04.287000+00:00,58.29999923706055,3.400000095367432,829748.9324153707
2024-06-03 11:44:04.512000+00:00,58.20000076293945,3.400000095367432,828325.7140923695
2024-06-03 11:45:04.448000+00:00,57.70000076293945,3.400000095367432,821209.5138927655
2024-06-03 11:46:04.602000+00:00,58.0,3.400000095367432,825479.2231540681
2024-06-03 11:47:04.572000+00:00,57.900001525878906,3.400000095367432,824056.0048310668
2024-06-03 11:48:04.599000+00:00,57.900001525878906,3.400000095367432,824056.0048310668
2024-06-03 11:49:04.592000+00:00,57.9900016784668,3.400000095367432,825336.9230386876
2024-06-03 11:50:04.972000+00:00,58.20000076293945,3.400000095367432,828325.7140923695
2024-06-03 11:51:03.831000+00:00,58.20000076293945,3.400000095367432,828325.7140923695
2024-06-03 11:52:05.030000+00:00,58.20000076293945,3.400000095367432,828325.7140923695
2024-06-03 11:53:04.430000+00:00,58.20000076293945,3.400000095367432,828325.7140923695
2024-06-03 11:54:05.412000+00:00,58.09999847412109,3.400000095367432,826902.4414770693
2024-06-03 11:55:04.550000+00:00,58.11000061035156,3.400000095367432,827044.7958847488
2024-06-03 11:56:04.657000+00:00,58.09999847412109,3.400000095367432,826902.4414770693
2024-06-03 11:57:04.528000+00:00,58.09999847412109,3.400000095367432,826902.4414770693
2024-06-03 11:58:04.760000+00:00,58.20000076293945,3.400000095367432,828325.7140923695
2024-06-03 11:59:04.138000+00:00,58.400001525878906,3.400000095367432,831172.2050306709
2024-06-03 12:00:06.165000+00:00,58.34000015258789,3.400000095367432,830318.2414614907
2024-06-03 12:01:04.595000+00:00,58.29999923706055,3.400000095367432,829748.9324153707
2024-06-03 12:02:04.825000+00:00,58.29999923706055,3.400000095367432,829748.9324153707
2024-06-03 12:03:04.032000+00:00,58.20000076293945,3.400000095367432,828325.7140923695
2024-06-03 12:04:04.378000+00:00,58.20000076293945,3.400000095367432,828325.7140923695
2024-06-03 12:05:04.474000+00:00,58.09999847412109,3.400000095367432,826902.4414770693
2024-06-03 12:06:05.211000+00:00,58.09999847412109,3.400000095367432,826902.4414770693
2024-06-03 12:07:04.875000+00:00,58.02000045776367,3.400000095367432,825763.8776771282
2024-06-03 12:08:04.471000+00:00,58.20000076293945,3.400000095367432,828325.7140923695
2024-06-03 12:09:04.803000+00:00,58.29999923706055,3.400000095367432,829748.9324153707
2024-06-03 12:10:04.914000+00:00,58.20000076293945,3.400000095367432,828325.7140923695
2024-06-03 12:11:04.593000+00:00,58.20000076293945,3.400000095367432,828325.7140923695
2024-06-03 12:12:04.931000+00:00,58.20000076293945,3.400000095367432,828325.7140923695
2024-06-03 12:13:05.275000+00:00,58.09999847412109,3.400000095367432,826902.4414770693
2024-06-03 12:14:04.985000+00:00,58.09999847412109,3.400000095367432,826902.4414770693
2024-06-03 12:15:05.411000+00:00,58.20000076293945,3.400000095367432,828325.7140923695
2024-06-03 12:16:04.597000+00:00,58.29999923706055,3.400000095367432,829748.9324153707
2024-06-03 12:17:04.695000+00:00,58.20000076293945,3.400000095367432,828325.7140923695
2024-06-03 12:18:04.725000+00:00,58.20000076293945,3.400000095367432,828325.7140923695
2024-06-03 12:19:04.781000+00:00,58.09999847412109,3.400000095367432,826902.4414770693
2024-06-03 12:20:05.093000+00:00,58.09999847412109,3.400000095367432,826902.4414770693
2024-06-03 12:21:04.751000+00:00,58.20000076293945,3.400000095367432,828325.7140923695
2024-06-03 12:22:04.065000+00:00,58.400001525878906,3.400000095367432,831172.2050306709
2024-06-03 12:23:04.370000+00:00,58.29999923706055,3.400000095367432,829748.9324153707
2024-06-03 12:24:04.561000+00:00,58.29999923706055,3.400000095367432,829748.9324153707
2024-06-03 12:25:04.575000+00:00,58.20000076293945,3.400000095367432,828325.7140923695
2024-06-03 12:26:04.890000+00:00,58.20000076293945,3.400000095367432,828325.7140923695
2024-06-03 12:27:04.286000+00:00,58.09999847412109,3.400000095367432,826902.4414770693
2024-06-03 12:28:04.819000+00:00,58.09999847412109,3.400000095367432,826902.4414770693
2024-06-03 12:29:04.262000+00:00,58.20000076293945,3.400000095367432,828325.7140923695
2024-06-03 12:30:04.769000+00:00,58.29999923706055,3.400000095367432,829748.9324153707
2024-06-03 12:31:05.033000+00:00,58.29999923706055,3.400000095367432,829748.9324153707
2024-06-03 12:32:04.601000+00:00,58.20000076293945,3.400000095367432,828325.7140923695
2024-06-03 12:33:04.727000+00:00,58.09999847412109,3.400000095367432,826902.4414770693
2024-06-03 12:34:04.268000+00:00,58.09999847412109,3.400000095367432,826902.4414770693
2024-06-03 12:35:04.348000+00:00,58.09999847412109,3.400000095367432,826902.4414770693
2024-06-03 12:36:04.620000+00:00,58.29999923706055,3.400000095367432,829748.9324153707
2024-06-03 12:37:05.059000+00:00,58.29999923706055,3.400000095367432,829748.9324153707
2024-06-03 12:38:05.709000+00:00,58.20000076293945,3.400000095367432,828325.7140923695
2024-06-03 12:39:05.166000+00:00,58.20000076293945,3.400000095367432,828325.7140923695
2024-06-03 12:40:04.761000+00:00,58.09999847412109,3.400000095367432,826902.4414770693
2024-06-03 12:41:04.667000+00:00,57.220001220703125,3.400000095367432,814377.9682162214
2024-06-03 12:42:04.737000+00:00,57.79999923706055,3.400000095367432,822632.7322157667
2024-06-03 12:43:04.710000+00:00,57.70000076293945,3.400000095367432,821209.5138927655
2024-06-03 12:44:04.528000+00:00,57.93000030517578,3.400000095367432,824482.9594695074
2024-06-03 12:45:04.652000+00:00,58.20000076293945,3.400000095367432,828325.7140923695
2024-06-03 12:46:04.369000+00:00,58.29999923706055,3.400000095367432,829748.9324153707
2024-06-03 12:47:04.298000+00:00,58.20000076293945,3.400000095367432,828325.7140923695
2024-06-03 12:48:04.713000+00:00,58.20000076293945,3.400000095367432,828325.7140923695
2024-06-03 12:49:04.374000+00:00,58.09999847412109,3.400000095367432,826902.4414770693
2024-06-03 12:50:04.781000+00:00,58.290000915527344,3.400000095367432,829606.6322999902
2024-06-03 12:51:04.317000+00:00,58.29999923706055,3.400000095367432,829748.9324153707
2024-06-03 12:52:05.119000+00:00,58.220001220703125,3.400000095367432,828610.3686154295
2024-06-03 12:53:05.764000+00:00,58.09999847412109,3.400000095367432,826902.4414770693
2024-06-03 12:54:04.665000+00:00,58.0,3.400000095367432,825479.2231540681
2024-06-03 12:55:04.510000+00:00,58.20000076293945,3.400000095367432,828325.7140923695
2024-06-03 12:56:05.040000+00:00,58.29999923706055,3.400000095367432,829748.9324153707
2024-06-03 12:57:04.790000+00:00,57.11000061035156,3.400000095367432,812812.3954855407
2024-06-03 12:58:04.490000+00:00,57.900001525878906,3.400000095367432,824056.0048310668
2024-06-03 12:59:04.442000+00:00,58.0,3.400000095367432,825479.2231540681
2024-06-03 13:00:07.263000+00:00,58.20000076293945,3.400000095367432,828325.7140923695
2024-06-03 13:01:04.601000+00:00,58.29999923706055,3.400000095367432,829748.9324153707
2024-06-03 13:02:05.108000+00:00,58.20000076293945,3.400000095367432,828325.7140923695
2024-06-03 13:03:04.291000+00:00,58.09999847412109,3.400000095367432,826902.4414770693
2024-06-03 13:04:04.589000+00:00,58.09999847412109,3.400000095367432,826902.4414770693
2024-06-03 13:05:05.128000+00:00,58.09999847412109,3.400000095367432,826902.4414770693
2024-06-03 13:06:05.641000+00:00,58.20000076293945,3.400000095367432,828325.7140923695
2024-06-03 13:07:04.550000+00:00,58.310001373291016,3.400000095367432,829891.2868230502
2024-06-03 13:08:05.347000+00:00,58.29999923706055,3.400000095367432,829748.9324153707
2024-06-03 13:09:04.594000+00:00,58.20000076293945,3.400000095367432,828325.7140923695
2024-06-03 13:10:04.315000+00:00,58.09999847412109,3.400000095367432,826902.4414770693
2024-06-03 13:11:04.801000+00:00,58.15999984741211,3.400000095367432,827756.4050462494
2024-06-03 13:12:04.709000+00:00,58.29999923706055,3.400000095367432,829748.9324153707
2024-06-03 13:13:05.261000+00:00,58.22999954223633,3.400000095367432,828752.66873081
2024-06-03 13:14:04.653000+00:00,58.20000076293945,3.400000095367432,828325.7140923695
2024-06-03 13:15:04.923000+00:00,58.09999847412109,3.400000095367432,826902.4414770693
2024-06-03 13:16:04.540000+00:00,58.119998931884766,3.400000095367432,827187.0960001294
2024-06-03 13:17:04.497000+00:00,58.20000076293945,3.400000095367432,828325.7140923695
2024-06-03 13:18:05.095000+00:00,58.29999923706055,3.400000095367432,829748.9324153707
2024-06-03 13:19:04.522000+00:00,58.209999084472656,3.400000095367432,828468.0142077501
2024-06-03 13:20:04.410000+00:00,58.20000076293945,3.400000095367432,828325.7140923695
2024-06-03 13:21:04.319000+00:00,58.09999847412109,3.400000095367432,826902.4414770693
2024-06-03 13:22:04.558000+00:00,58.20000076293945,3.400000095367432,828325.7140923695
2024-06-03 13:23:04.335000+00:00,58.380001068115234,3.400000095367432,830887.5505076109
2024-06-03 13:24:05.208000+00:00,58.29999923706055,3.400000095367432,829748.9324153707
2024-06-03 13:25:04.480000+00:00,58.20000076293945,3.400000095367432,828325.7140923695
2024-06-03 13:26:04.657000+00:00,58.09999847412109,3.400000095367432,826902.4414770693
2024-06-03 13:27:04.202000+00:00,58.09999847412109,3.400000095367432,826902.4414770693
2024-06-03 13:28:04.956000+00:00,58.20000076293945,3.400000095367432,828325.7140923695
2024-06-03 13:29:04.815000+00:00,58.29999923706055,3.400000095367432,829748.9324153707
2024-06-03 13:30:04.833000+00:00,58.29999923706055,3.400000095367432,829748.9324153707
2024-06-03 13:31:04.503000+00:00,58.20000076293945,3.400000095367432,828325.7140923695
2024-06-03 13:32:04.924000+00:00,58.20000076293945,3.400000095367432,828325.7140923695
2024-06-03 13:33:03.869000+00:00,58.09999847412109,3.400000095367432,826902.4414770693
2024-06-03 13:34:04.122000+00:00,58.130001068115234,3.400000095367432,827329.4504078089
2024-06-03 13:35:05.287000+00:00,58.29999923706055,3.400000095367432,829748.9324153707
2024-06-03 13:36:04.433000+00:00,58.29999923706055,3.400000095367432,829748.9324153707
2024-06-03 13:37:04.687000+00:00,58.20000076293945,3.400000095367432,828325.7140923695
2024-06-03 13:38:04.823000+00:00,58.09999847412109,3.400000095367432,826902.4414770693
2024-06-03 13:39:04.534000+00:00,58.0099983215332,3.400000095367432,825621.5232694487
2024-06-03 13:40:04.604000+00:00,58.20000076293945,3.400000095367432,828325.7140923695
2024-06-03 13:41:04.298000+00:00,58.29999923706055,3.400000095367432,829748.9324153707
2024-06-03 13:42:04.919000+00:00,58.29999923706055,3.400000095367432,829748.9324153707
2024-06-03 13:43:04.775000+00:00,58.29999923706055,3.400000095367432,829748.9324153707
2024-06-03 13:44:04.494000+00:00,58.20000076293945,3.400000095367432,828325.7140923695
2024-06-03 13:45:04.397000+00:00,58.20000076293945,3.400000095367432,828325.7140923695
2024-06-03 13:46:03.762000+00:00,58.130001068115234,3.400000095367432,827329.4504078089
2024-06-03 13:47:05.012000+00:00,58.09999847412109,3.400000095367432,826902.4414770693
2024-06-03 13:48:04.753000+00:00,58.0,3.400000095367432,825479.2231540681
2024-06-03 13:49:04.182000+00:00,58.0,3.400000095367432,825479.2231540681
2024-06-03 13:50:04.707000+00:00,58.20000076293945,3.400000095367432,828325.7140923695
2024-06-03 13:51:04.524000+00:00,58.29999923706055,3.400000095367432,829748.9324153707
2024-06-03 13:52:04.660000+00:00,58.29999923706055,3.400000095367432,829748.9324153707
2024-06-03 13:53:04.430000+00:00,58.400001525878906,3.400000095367432,831172.2050306709
2024-06-03 13:54:04.487000+00:00,58.38999938964844,3.400000095367432,831029.8506229914
2024-06-03 13:55:04.221000+00:00,58.400001525878906,3.400000095367432,831172.2050306709
2024-06-03 13:56:04.977000+00:00,58.38999938964844,3.400000095367432,831029.8506229914
2024-06-03 13:57:04.632000+00:00,58.380001068115234,3.400000095367432,830887.5505076109
2024-06-03 13:58:04.242000+00:00,58.29999923706055,3.400000095367432,829748.9324153707
2024-06-03 13:59:04.940000+00:00,58.20000076293945,3.400000095367432,828325.7140923695
2024-06-03 14:00:07.459000+00:00,58.09999847412109,3.400000095367432,826902.4414770693
2024-06-03 14:01:05.384000+00:00,58.0,3.400000095367432,825479.2231540681
2024-06-03 14:02:04.623000+00:00,57.900001525878906,3.400000095367432,824056.0048310668
2024-06-03 14:03:04.856000+00:00,58.09999847412109,3.400000095367432,826902.4414770693
2024-06-03 14:04:04.993000+00:00,58.20000076293945,3.400000095367432,828325.7140923695
2024-06-03 14:05:04.161000+00:00,58.27999877929688,3.400000095367432,829464.2778923109
2024-06-03 14:06:05.644000+00:00,58.20000076293945,3.400000095367432,828325.7140923695
2024-06-03 14:07:04.648000+00:00,58.09999847412109,3.400000095367432,826902.4414770693
2024-06-03 14:08:04.500000+00:00,58.09999847412109,3.400000095367432,826902.4414770693
2024-06-03 14:09:04.491000+00:00,58.09999847412109,3.400000095367432,826902.4414770693
2024-06-03 14:10:04.362000+00:00,58.29999923706055,3.400000095367432,829748.9324153707
2024-06-03 14:11:04.239000+00:00,58.29999923706055,3.400000095367432,829748.9324153707
2024-06-03 14:12:04.645000+00:00,58.20000076293945,3.400000095367432,828325.7140923695
2024-06-03 14:13:04.843000+00:00,58.09999847412109,3.400000095367432,826902.4414770693
2024-06-03 14:14:04.911000+00:00,58.09999847412109,3.400000095367432,826902.4414770693
2024-06-03 14:15:04.629000+00:00,58.09999847412109,3.400000095367432,826902.4414770693
2024-06-03 14:16:05.194000+00:00,58.29999923706055,3.400000095367432,829748.9324153707
2024-06-03 14:17:04.526000+00:00,58.29999923706055,3.400000095367432,829748.9324153707
2024-06-03 14:18:05.233000+00:00,58.20000076293945,3.400000095367432,828325.7140923695
2024-06-03 14:19:04.726000+00:00,58.09999847412109,3.400000095367432,826902.4414770693
2024-06-03 14:20:04.477000+00:00,58.20000076293945,3.400000095367432,828325.7140923695
2024-06-03 14:21:04.098000+00:00,58.29999923706055,3.400000095367432,829748.9324153707
2024-06-03 14:22:04.570000+00:00,58.29999923706055,3.400000095367432,829748.9324153707
2024-06-03 14:23:04.301000+00:00,58.20000076293945,3.400000095367432,828325.7140923695
2024-06-03 14:24:04.747000+00:00,58.09999847412109,3.400000095367432,826902.4414770693
2024-06-03 14:25:04.722000+00:00,58.18999862670898,3.400000095367432,828183.3596846899
2024-06-03 14:26:04.605000+00:00,58.209999084472656,3.400000095367432,828468.0142077501
2024-06-03 14:27:04.446000+00:00,58.29999923706055,3.400000095367432,829748.9324153707
2024-06-03 14:28:04.698000+00:00,58.29999923706055,3.400000095367432,829748.9324153707
2024-06-03 14:29:04.383000+00:00,58.20000076293945,3.400000095367432,828325.7140923695
2024-06-03 14:30:05.177000+00:00,58.09999847412109,3.400000095367432,826902.4414770693
2024-06-03 14:31:04.282000+00:00,58.20000076293945,3.400000095367432,828325.7140923695
2024-06-03 14:32:04.836000+00:00,58.209999084472656,3.400000095367432,828468.0142077501
2024-06-03 14:33:05.264000+00:00,58.29999923706055,3.400000095367432,829748.9324153707
2024-06-03 14:34:04.580000+00:00,58.20000076293945,3.400000095367432,828325.7140923695
2024-06-03 14:35:04.831000+00:00,58.09999847412109,3.400000095367432,826902.4414770693
2024-06-03 14:36:04.633000+00:00,56.5,3.400000095367432,804130.622555256
2024-06-03 14:37:04.810000+00:00,57.5,3.400000095367432,818363.0229544641
2024-06-03 14:38:04.243000+00:00,58.400001525878906,3.400000095367432,831172.2050306709
2024-06-03 14:39:05.264000+00:00,58.70000076293945,3.400000095367432,835441.9142919736
2024-06-03 14:40:04.666000+00:00,58.68999862670898,3.400000095367432,835299.5598842939
2024-06-03 14:41:04.969000+00:00,58.59999847412109,3.400000095367432,834018.6416766733
2024-06-03 14:42:04.762000+00:00,58.5,3.400000095367432,832595.4233536721
2024-06-03 14:43:04.183000+00:00,58.29999923706055,3.400000095367432,829748.9324153707
2024-06-03 14:44:04.565000+00:00,58.20000076293945,3.400000095367432,828325.7140923695
2024-06-03 14:45:04.156000+00:00,58.0,3.400000095367432,825479.2231540681
2024-06-03 14:46:04.363000+00:00,57.86000061035156,3.400000095367432,823486.6957849468
2024-06-03 14:47:04.992000+00:00,57.72999954223633,3.400000095367432,821636.468531206
2024-06-03 14:48:04.857000+00:00,57.79999923706055,3.400000095367432,822632.7322157667
2024-06-03 14:49:04.805000+00:00,57.900001525878906,3.400000095367432,824056.0048310668
2024-06-03 14:50:04.994000+00:00,58.20000076293945,3.400000095367432,828325.7140923695
2024-06-03 14:51:04.758000+00:00,58.400001525878906,3.400000095367432,831172.2050306709
2024-06-03 14:52:05.314000+00:00,58.29999923706055,3.400000095367432,829748.9324153707
2024-06-03 14:53:04.961000+00:00,58.29999923706055,3.400000095367432,829748.9324153707
2024-06-03 14:54:04.292000+00:00,58.290000915527344,3.400000095367432,829606.6322999902
2024-06-03 14:55:04.202000+00:00,58.20000076293945,3.400000095367432,828325.7140923695
2024-06-03 14:56:05.099000+00:00,58.20000076293945,3.400000095367432,828325.7140923695
2024-06-03 14:57:04.918000+00:00,58.09999847412109,3.400000095367432,826902.4414770693
2024-06-03 14:58:04.665000+00:00,58.09999847412109,3.400000095367432,826902.4414770693
2024-06-03 14:59:04.116000+00:00,58.20000076293945,3.400000095367432,828325.7140923695
2024-06-03 15:00:06.961000+00:00,58.29999923706055,3.400000095367432,829748.9324153707
2024-06-03 15:01:04.844000+00:00,58.20000076293945,3.400000095367432,828325.7140923695
2024-06-03 15:02:04.854000+00:00,58.20000076293945,3.400000095367432,828325.7140923695
2024-06-03 15:03:04.888000+00:00,58.09999847412109,3.400000095367432,826902.4414770693
2024-06-03 15:04:04.773000+00:00,58.09999847412109,3.400000095367432,826902.4414770693
2024-06-03 15:05:04.513000+00:00,58.20000076293945,3.400000095367432,828325.7140923695
2024-06-03 15:06:05.018000+00:00,58.29999923706055,3.400000095367432,829748.9324153707
2024-06-03 15:07:05.068000+00:00,58.209999084472656,3.400000095367432,828468.0142077501
2024-06-03 15:08:04.081000+00:00,58.20000076293945,3.400000095367432,828325.7140923695
2024-06-03 15:09:04.753000+00:00,57.79999923706055,1.3300000429153442,321794.5701358279
2024-06-03 15:10:04.702000+00:00,58.09999847412109,1.3300000429153442,323464.77994214697
2024-06-03 15:11:04.602000+00:00,58.20000076293945,1.3300000429153442,324021.5307028333
2024-06-03 15:12:04.728000+00:00,58.29999923706055,1.3300000429153442,324578.2602256497
2024-06-03 15:13:04.864000+00:00,58.20000076293945,1.3300000429153442,324021.5307028333
2024-06-03 15:14:04.393000+00:00,58.09999847412109,1.3300000429153442,323464.77994214697
2024-06-03 15:15:04.809000+00:00,58.0099983215332,1.3300000429153442,322963.7148764643
2024-06-03 15:16:04.260000+00:00,58.20000076293945,1.3300000429153442,324021.5307028333
2024-06-03 15:17:04.858000+00:00,58.29999923706055,1.3300000429153442,324578.2602256497
2024-06-03 15:18:05.065000+00:00,58.20000076293945,1.3300000429153442,324021.5307028333
2024-06-03 15:19:04.250000+00:00,58.11000061035156,1.3300000429153442,323520.46563715057
2024-06-03 15:20:04.368000+00:00,58.09999847412109,1.3300000429153442,323464.77994214697
2024-06-03 15:21:04.520000+00:00,58.09999847412109,1.3300000429153442,323464.77994214697
2024-06-03 15:22:04.897000+00:00,58.20000076293945,1.3300000429153442,324021.5307028333
2024-06-03 15:23:04.647000+00:00,58.29999923706055,1.3300000429153442,324578.2602256497
2024-06-03 15:24:05.085000+00:00,58.29999923706055,1.3300000429153442,324578.2602256497
2024-06-03 15:25:04.932000+00:00,58.20000076293945,1.3300000429153442,324021.5307028333
2024-06-03 15:26:04.585000+00:00,58.09999847412109,1.3300000429153442,323464.77994214697
2024-06-03 15:27:04.533000+00:00,58.09999847412109,1.3300000429153442,323464.77994214697
2024-06-03 15:28:04.386000+00:00,58.20000076293945,1.3300000429153442,324021.5307028333
2024-06-03 15:29:04.538000+00:00,58.29999923706055,1.3300000429153442,324578.2602256497
2024-06-03 15:30:05.307000+00:00,58.29999923706055,1.3300000429153442,324578.2602256497
2024-06-03 15:31:05.153000+00:00,58.11000061035156,1.3300000429153442,323520.46563715057
2024-06-03 15:32:05.306000+00:00,58.09999847412109,1.3300000429153442,323464.77994214697
2024-06-03 15:33:04.548000+00:00,58.09999847412109,1.3300000429153442,323464.77994214697
2024-06-03 15:34:04.734000+00:00,58.20000076293945,1.3300000429153442,324021.5307028333
2024-06-03 15:35:04.271000+00:00,58.29999923706055,1.3300000429153442,324578.2602256497
2024-06-03 15:36:04.805000+00:00,58.29999923706055,1.3300000429153442,324578.2602256497
2024-06-03 15:37:04.725000+00:00,58.29999923706055,1.3300000429153442,324578.2602256497
2024-06-03 15:38:05.126000+00:00,58.20000076293945,1.3300000429153442,324021.5307028333
2024-06-03 15:39:05.623000+00:00,58.119998931884766,1.3300000429153442,323576.13009428425
2024-06-03 15:40:04.471000+00:00,58.09999847412109,1.3300000429153442,323464.77994214697
2024-06-03 15:41:04.424000+00:00,58.040000915527344,1.3300000429153442,323130.7507236051
2024-06-03 15:42:04.702000+00:00,58.0,1.3300000429153442,322908.0504193306
2024-06-03 15:43:04.504000+00:00,58.20000076293945,1.3300000429153442,324021.5307028333
2024-06-03 15:44:04.454000+00:00,58.29999923706055,1.3300000429153442,324578.2602256497
2024-06-03 15:45:04.598000+00:00,58.29999923706055,1.3300000429153442,324578.2602256497
2024-06-03 15:46:04.879000+00:00,52.47999954223633,1.3300000429153442,292176.10927915334
2024-06-03 15:47:04.445000+00:00,51.90999984741211,1.3300000429153442,289002.70427578606
2024-06-03 15:48:04.280000+00:00,51.68999862670898,1.3300000429153442,287777.87384014606
2024-06-03 15:49:04.431000+00:00,55.400001525878906,14.869999885559082,3448418.4964402304
2024-06-03 15:50:05.155000+00:00,58.900001525878906,14.869999885559082,3666278.8647635565
2024-06-03 15:51:04.195000+00:00,59.290000915527344,14.869999885559082,3690554.696384894
2024-06-03 15:52:05.327000+00:00,59.5,14.869999885559082,3703626.261496544
2024-06-03 15:53:04.037000+00:00,58.84000015258789,14.869999885559082,3662544.030110675
2024-06-03 15:54:04.360000+00:00,57.15999984741211,14.869999885559082,3557971.034319562
2024-06-03 15:55:04.538000+00:00,58.4900016784668,14.869999885559082,3640758.0882579256
2024-06-03 15:56:04.575000+00:00,59.900001525878906,14.869999885559082,3728524.684284507
2024-06-03 15:57:04.741000+00:00,59.5099983215332,14.869999885559082,3704248.615214212
2024-06-03 15:58:04.394000+00:00,59.20000076293945,14.869999885559082,3684952.5631300504
2024-06-03 15:59:04.843000+00:00,58.900001525878906,14.869999885559082,3666278.8647635565
2024-06-03 16:00:06.974000+00:00,58.70000076293945,14.869999885559082,3653829.6533695753
2024-06-03 16:01:04.609000+00:00,58.52000045776367,14.869999885559082,3642625.3868598873
2024-06-03 16:02:04.743000+00:00,57.5,14.869999885559082,3579134.6224546432
2024-06-03 16:03:04.507000+00:00,57.130001068115234,14.869999885559082,3556103.7357175997
2024-06-03 16:04:04.549000+00:00,57.70000076293945,14.869999885559082,3591583.833848625
2024-06-03 16:05:03.986000+00:00,57.900001525878906,14.869999885559082,3604033.045242606
2024-06-03 16:06:05.191000+00:00,57.91999816894531,14.869999885559082,3605277.7526779426
2024-06-03 16:07:04.254000+00:00,57.90999984741211,14.869999885559082,3604655.3989602746
2024-06-03 16:08:04.197000+00:00,57.900001525878906,14.869999885559082,3604033.045242606
2024-06-03 16:09:03.912000+00:00,58.09999847412109,14.869999885559082,3616482.01918763
2024-06-03 16:10:04.490000+00:00,58.20000076293945,14.869999885559082,3622706.7436091
2024-06-03 16:11:04.357000+00:00,58.20000076293945,14.869999885559082,3622706.7436091
2024-06-03 16:12:04.586000+00:00,58.09999847412109,14.869999885559082,3616482.01918763
2024-06-03 16:13:04.333000+00:00,58.08000183105469,14.869999885559082,3615237.311752294
2024-06-03 16:14:04.207000+00:00,58.09999847412109,14.869999885559082,3616482.01918763
2024-06-03 16:15:04.885000+00:00,57.900001525878906,14.869999885559082,3604033.045242606
2024-06-03 16:16:04.406000+00:00,58.06999969482422,14.869999885559082,3614614.7205856685
2024-06-03 16:17:04.881000+00:00,58.20000076293945,14.869999885559082,3622706.7436091
2024-06-03 16:18:04.773000+00:00,58.29999923706055,14.869999885559082,3628931.230581612
2024-06-03 16:19:04.347000+00:00,58.400001525878906,14.869999885559082,3635155.9550030814
2024-06-03 16:20:04.963000+00:00,58.29999923706055,14.869999885559082,3628931.230581612
2024-06-03 16:21:04.510000+00:00,58.220001220703125,14.869999885559082,3623951.688493394
2024-06-03 16:22:04.749000+00:00,57.70000076293945,14.869999885559082,3591583.833848625
2024-06-03 16:23:04.154000+00:00,53.709999084472656,17.709999084472656,3981740.0888901767
2024-06-03 16:24:04.812000+00:00,51.70000076293945,17.709999084472656,3832730.7604248477
2024-06-03 16:25:05.019000+00:00,55.75,17.709999084472656,4132973.6313438416
2024-06-03 16:26:04.570000+00:00,58.900001525878906,17.709999084472656,4366496.021391382
2024-06-03 16:27:04.773000+00:00,59.959999084472656,17.709999084472656,4445077.939937693
2024-06-03 16:28:04.491000+00:00,59.79999923706055,17.709999084472656,4433216.502262835
2024-06-03 16:29:04.404000+00:00,59.61000061035156,17.709999084472656,4419131.133398624
2024-06-03 16:30:05.397000+00:00,59.5,17.709999084472656,4410976.341972351
2024-06-03 16:31:05.027000+00:00,59.29999923706055,17.709999084472656,4396149.474179034
2024-06-03 16:32:04.460000+00:00,58.900001525878906,17.709999084472656,4366496.021391382
2024-06-03 16:33:04.610000+00:00,58.70000076293945,17.709999084472656,4351669.1535980655
2024-06-03 16:34:04.804000+00:00,58.5,17.709999084472656,4336842.285804749
2024-06-03 16:35:04.564000+00:00,58.400001525878906,17.709999084472656,4329428.993307581
2024-06-03 16:36:04.682000+00:00,58.20000076293945,17.709999084472656,4314602.125514264
2024-06-03 16:37:04.320000+00:00,58.09999847412109,17.709999084472656,4307188.550218115
2024-06-03 16:38:04.185000+00:00,57.900001525878906,17.709999084472656,4292361.96522378
2024-06-03 16:39:04.235000+00:00,57.79999923706055,17.709999084472656,4284948.38992763
2024-06-03 16:40:04.566000+00:00,57.59999847412109,17.709999084472656,4270121.522134313
2024-06-03 16:41:04.220000+00:00,57.400001525878906,17.709999084472656,4255294.937139979
2024-06-03 16:42:05.083000+00:00,57.09999847412109,17.709999084472656,4233054.494050512
2024-06-03 16:43:04.626000+00:00,57.20000076293945,17.709999084472656,4240468.069346662
2024-06-03 16:44:04.213000+00:00,57.5,17.709999084472656,4262708.229637146
2024-06-03 16:45:04.704000+00:00,57.900001525878906,17.709999084472656,4292361.96522378
2024-06-03 16:46:03.682000+00:00,58.09999847412109,17.709999084472656,4307188.550218115
2024-06-03 16:47:04.405000+00:00,58.09999847412109,17.709999084472656,4307188.550218115
2024-06-03 16:48:04.837000+00:00,58.20000076293945,17.709999084472656,4314602.125514264
2024-06-03 16:49:04.678000+00:00,58.20000076293945,17.709999084472656,4314602.125514264
2024-06-03 16:50:04.740000+00:00,58.20000076293945,17.709999084472656,4314602.125514264
2024-06-03 16:51:03.659000+00:00,58.20000076293945,17.709999084472656,4314602.125514264
2024-06-03 16:52:05.057000+00:00,58.29999923706055,17.709999084472656,4322015.418011432
2024-06-03 16:53:03.886000+00:00,58.29999923706055,17.709999084472656,4322015.418011432
2024-06-03 16:54:04.818000+00:00,58.22999954223633,17.709999084472656,4316826.056703618
2024-06-03 16:55:04.039000+00:00,58.09999847412109,17.709999084472656,4307188.550218115
2024-06-03 16:56:04.601000+00:00,58.09999847412109,17.709999084472656,4307188.550218115
2024-06-03 16:57:04.713000+00:00,58.09999847412109,17.440000534057617,4241523.122491314
2024-06-03 16:58:04.061000+00:00,58.09999847412109,16.959999084472656,4124783.6050086115
2024-06-03 16:59:04.063000+00:00,58.18999862670898,16.479999542236328,4014253.236959533
2024-06-03 17:00:07.017000+00:00,58.20000076293945,16.020000457763672,3902875.8666852736
2024-06-03 17:01:04.673000+00:00,58.20000076293945,15.619999885559082,3805425.6460043485
2024-06-03 17:02:04.547000+00:00,58.20000076293945,15.229999542236328,3710411.7331167436
2024-06-03 17:03:04.539000+00:00,58.20000076293945,14.850000381469728,3617834.360361559
2024-06-03 17:04:04.458000+00:00,58.29999923706055,14.489999771118164,3536194.5598666086
2024-06-03 17:05:04.484000+00:00,58.29999923706055,14.149999618530272,3453219.631714326
2024-06-03 17:06:05.373000+00:00,58.29999923706055,13.81999969482422,3372685.1973873
2024-06-03 17:07:04.380000+00:00,58.29999923706055,13.520000457763672,3299472.24453604
2024-06-03 17:08:04.415000+00:00,58.2599983215332,13.210000038146973,3221606.6320888656
2024-06-03 17:09:04.454000+00:00,58.09999847412109,12.93000030517578,3144661.329632596
2024-06-03 17:10:04.738000+00:00,58.09999847412109,12.65999984741211,3078995.438026032
2024-06-03 17:11:04.663000+00:00,58.0,12.390000343322754,3008143.403354645
2024-06-03 17:12:04.319000+00:00,58.0,12.149999618530272,2949874.1073837276
2024-06-03 17:13:04.571000+00:00,58.29999923706055,11.899999618530272,2904121.088900071
2024-06-03 17:14:04.567000+00:00,58.209999084472656,11.670000076293944,2843594.5640662424
2024-06-03 17:15:04.920000+00:00,58.27999877929688,11.449999809265137,2793342.8109603743
2024-06-03 17:16:04.574000+00:00,58.209999084472656,11.229999542236328,2736380.9292202503
2024-06-03 17:17:04.907000+00:00,58.20000076293945,11.029999732971191,2687185.9261711724
2024-06-03 17:18:04.302000+00:00,58.29999923706055,10.829999923706056,2642994.300793549
2024-06-03 17:19:04.638000+00:00,58.209999084472656,10.640000343322754,2592617.561279736
2024-06-03 17:20:04.603000+00:00,58.29999923706055,10.449999809265137,2550257.6300785453
2024-06-03 17:21:03.905000+00:00,58.20000076293945,10.270000457763672,2502030.9483217024
2024-06-03 17:22:04.984000+00:00,54.02999877929688,10.140000343322754,2293359.567035148
2024-06-03 17:23:04.228000+00:00,47.619998931884766,0.0,0.0
2024-06-03 17:24:04.333000+00:00,44.59999847412109,0.0,0.0
2024-06-03 17:25:04.335000+00:00,48.59000015258789,929.75,189109049.35886192
2024-06-03 17:26:04.925000+00:00,48.70000076293945,776.8699951171875,158371321.31966078
2024-06-03 17:27:05.162000+00:00,46.59999847412109,0.0,0.0
2024-06-03 17:28:04.714000+00:00,47.20000076293945,0.0,0.0
2024-06-03 17:29:04.774000+00:00,47.79999923706055,0.0,0.0
2024-06-03 17:30:05.214000+00:00,55.18999862670898,955.4299926757812,220728533.41173863
2024-06-03 17:31:04.211000+00:00,62.15999984741211,474.4299926757813,123447518.78799136
2024-06-03 17:32:04.581000+00:00,64.08000183105469,444.760009765625,119301930.29731458
2024-06-03 17:33:04.808000+00:00,64.4000015258789,254.9600067138672,68731712.30242704
2024-06-03 17:34:04.511000+00:00,64.19999694824219,179.67999267578125,48287414.55233017
2024-06-03 17:35:04.720000+00:00,63.900001525878906,137.63999938964844,36816691.17189184
2024-06-03 17:36:04.805000+00:00,63.59999847412109,111.68000030517578,29732521.09590991
2024-06-03 17:37:04.569000+00:00,63.29999923706055,0.0,0.0
2024-06-03 17:38:04.378000+00:00,63.09999847412109,0.0,0.0
2024-06-03 17:39:04.894000+00:00,62.84999847412109,0.0,0.0
2024-06-03 17:40:04.314000+00:00,62.59999847412109,0.0,0.0
2024-06-03 17:41:04.578000+00:00,62.400001525878906,0.0,0.0
2024-06-03 17:42:04.614000+00:00,62.20000076293945,0.0,0.0
2024-06-03 17:43:04.407000+00:00,62.0,0.0,0.0
2024-06-03 17:44:03.968000+00:00,61.79999923706055,0.0,0.0
2024-06-03 17:45:04.076000+00:00,61.56999969482422,0.0,0.0
2024-06-03 17:46:04.302000+00:00,61.400001525878906,0.0,0.0
2024-06-03 17:47:04.825000+00:00,61.20000076293945,0.0,0.0
2024-06-03 17:48:04.871000+00:00,61.0,0.0,0.0
2024-06-03 17:49:04.010000+00:00,60.79999923706055,0.0,0.0
2024-06-03 17:50:05.203000+00:00,60.59999847412109,0.0,0.0
2024-06-03 17:51:04.258000+00:00,60.20000076293945,0.0,0.0
2024-06-03 17:52:04.810000+00:00,59.79999923706055,0.0,0.0
2024-06-03 17:53:04.672000+00:00,59.59999847412109,0.0,0.0
2024-06-03 17:54:04.525000+00:00,59.400001525878906,0.0,0.0
2024-06-03 17:55:04.186000+00:00,59.20000076293945,0.0,0.0
2024-06-03 17:56:04.916000+00:00,59.09999847412109,0.0,0.0
2024-06-03 17:57:04.604000+00:00,58.900001525878906,0.0,0.0
2024-06-03 17:58:04.232000+00:00,54.290000915527344,0.0,0.0
2024-06-03 17:59:04.615000+00:00,54.61000061035156,0.0,0.0
2024-06-03 18:00:07.434000+00:00,54.40999984741211,0.0,0.0
2024-06-03 18:01:05.002000+00:00,47.7400016784668,0.0,0.0
2024-06-03 18:02:04.430000+00:00,42.09999847412109,0.0,0.0
2024-06-03 18:03:04.981000+00:00,45.68999862670898,0.0,0.0
2024-06-03 18:04:04.303000+00:00,53.290000915527344,706.4600219726562,157591410.34131864
2024-06-03 18:05:04.547000+00:00,57.29999923706055,321.1700134277344,77035131.82103755
2024-06-03 18:06:05.457000+00:00,59.20000076293945,248.92999267578125,61687640.99597546
2024-06-03 18:07:04.600000+00:00,60.09999847412109,248.92999267578125,62625457.465385504
2024-06-03 18:08:04.528000+00:00,60.400001525878906,245.3999938964844,62045561.78427182
2024-06-03 18:09:04.636000+00:00,60.5,174.5500030517578,44205311.92286682
2024-06-03 18:10:04.686000+00:00,60.29999923706055,134.8000030517578,34025650.1798059
2024-06-03 18:11:04.475000+00:00,60.20000076293945,110.36000061035156,27810411.49825971
2024-06-03 18:12:04.544000+00:00,60.0,92.93000030517578,23340298.87664795
2024-06-03 18:13:05.054000+00:00,59.70000076293945,80.36000061035156,20082301.921172306
2024-06-03 18:14:04.791000+00:00,59.5,70.91999816894531,17663831.183944702
2024-06-03 18:15:04.348000+00:00,59.20000076293945,63.5,15736011.402797699
2024-06-03 18:16:05.009000+00:00,59.0,57.310001373291016,14154080.279167175
2024-06-03 18:17:04.542000+00:00,58.79999923706055,52.380001068115234,12892645.679618314
2024-06-03 18:18:04.817000+00:00,58.5,0.0,0.0
2024-06-03 18:19:03.989000+00:00,57.18999862670898,0.0,0.0
2024-06-03 18:20:04.560000+00:00,55.2400016784668,0.0,0.0
2024-06-03 18:21:04.843000+00:00,55.58000183105469,0.0,0.0
2024-06-03 18:22:04.702000+00:00,55.400001525878906,0.0,0.0
2024-06-03 18:23:04.772000+00:00,56.29999923706055,0.0,0.0
2024-06-03 18:24:04.598000+00:00,57.20000076293945,0.0,0.0
2024-06-03 18:25:04.670000+00:00,58.0,0.0,0.0
2024-06-03 18:26:04.746000+00:00,58.40999984741211,0.0,0.0
2024-06-03 18:27:04.651000+00:00,58.5,0.0,0.0
2024-06-03 18:28:04.099000+00:00,56.9900016784668,0.0,0.0
2024-06-03 18:29:04.485000+00:00,57.540000915527344,0.0,0.0
2024-06-03 18:30:04.893000+00:00,57.900001525878906,0.0,0.0
2024-06-03 18:31:04.320000+00:00,58.20000076293945,0.0,0.0
2024-06-03 18:32:04.865000+00:00,58.5,0.0,0.0
2024-06-03 18:33:04.054000+00:00,58.70000076293945,0.0,0.0
2024-06-03 18:34:04.082000+00:00,58.70000076293945,0.0,0.0
2024-06-03 18:35:04.908000+00:00,58.79999923706055,0.0,0.0
2024-06-03 18:36:04.955000+00:00,58.79999923706055,0.0,0.0
2024-06-03 18:37:04.272000+00:00,58.79999923706055,0.0,0.0
2024-06-03 18:38:04.159000+00:00,58.79999923706055,0.0,0.0
2024-06-03 18:39:05.662000+00:00,58.70000076293945,0.0,0.0
2024-06-03 18:40:04.829000+00:00,58.59999847412109,0.0,0.0
2024-06-03 18:41:04.387000+00:00,58.5,0.0,0.0
2024-06-03 18:42:04.920000+00:00,58.400001525878906,0.0,0.0
2024-06-03 18:43:04.317000+00:00,58.29999923706055,0.0,0.0
2024-06-03 18:44:03.805000+00:00,58.20000076293945,0.0,0.0
2024-06-03 18:45:04.159000+00:00,58.09999847412109,0.0,0.0
2024-06-03 18:46:04.853000+00:00,58.09999847412109,0.0,0.0
2024-06-03 18:47:04.302000+00:00,58.0,0.0,0.0
2024-06-03 18:48:04.420000+00:00,57.900001525878906,0.0,0.0
2024-06-03 18:49:04.278000+00:00,57.900001525878906,0.0,0.0
2024-06-03 18:50:04.638000+00:00,57.81999969482422,0.0,0.0
2024-06-03 18:51:04.505000+00:00,57.79999923706055,0.0,0.0
2024-06-03 18:52:05.219000+00:00,57.790000915527344,0.0,0.0
2024-06-03 18:53:04.645000+00:00,57.70000076293945,0.0,0.0
2024-06-03 18:54:05.296000+00:00,57.79999923706055,0.0,0.0
2024-06-03 18:55:04.483000+00:00,57.70000076293945,0.0,0.0
2024-06-03 18:56:04.455000+00:00,57.70000076293945,0.0,0.0
2024-06-03 18:57:04.379000+00:00,57.70000076293945,0.0,0.0
2024-06-03 18:58:04.240000+00:00,57.70000076293945,0.0,0.0
2024-06-03 18:59:04.359000+00:00,57.70000076293945,0.0,0.0
2024-06-03 19:00:06.785000+00:00,57.70000076293945,0.0,0.0
2024-06-03 19:01:05.127000+00:00,57.79999923706055,0.0,0.0
2024-06-03 19:02:04.687000+00:00,57.810001373291016,0.0,0.0
2024-06-03 19:03:03.926000+00:00,57.900001525878906,0.0,0.0
2024-06-03 19:04:04.206000+00:00,58.0,0.0,0.0
2024-06-03 19:05:04.847000+00:00,58.09999847412109,0.0,0.0
2024-06-03 19:06:05.211000+00:00,58.11000061035156,0.0,0.0
2024-06-03 19:07:04.346000+00:00,58.20000076293945,0.0,0.0
2024-06-03 19:08:03.966000+00:00,58.29999923706055,0.0,0.0
2024-06-03 19:09:05.385000+00:00,58.29999923706055,0.0,0.0
2024-06-03 19:10:04.784000+00:00,58.29999923706055,0.0,0.0
2024-06-03 19:11:04.827000+00:00,58.400001525878906,0.0,0.0
2024-06-03 19:12:04.697000+00:00,58.36000061035156,0.0,0.0
2024-06-03 19:13:05.253000+00:00,58.400001525878906,0.0,0.0
2024-06-03 19:14:04.753000+00:00,58.380001068115234,0.0,0.0
2024-06-03 19:15:04.943000+00:00,58.29999923706055,0.0,0.0
2024-06-03 19:16:04.012000+00:00,58.38999938964844,0.0,0.0
2024-06-03 19:17:04.864000+00:00,58.29999923706055,0.0,0.0
2024-06-03 19:18:04.938000+00:00,58.29999923706055,0.0,0.0
2024-06-03 19:19:04.640000+00:00,58.29999923706055,0.0,0.0
2024-06-03 19:20:04.944000+00:00,58.29999923706055,0.0,0.0
2024-06-03 19:21:04.317000+00:00,58.29999923706055,0.0,0.0
2024-06-03 19:22:04.591000+00:00,58.29999923706055,0.0,0.0
2024-06-03 19:23:04.544000+00:00,58.20000076293945,0.0,0.0
2024-06-03 19:24:05.571000+00:00,58.20000076293945,0.0,0.0
2024-06-03 19:25:04.690000+00:00,58.09999847412109,0.0,0.0
2024-06-03 19:26:05.358000+00:00,58.0,0.0,0.0
2024-06-03 19:27:04.454000+00:00,57.900001525878906,0.0,0.0
2024-06-03 19:28:04.492000+00:00,57.900001525878906,0.0,0.0
2024-06-03 19:29:04.326000+00:00,57.79999923706055,0.0,0.0
2024-06-03 19:30:05.110000+00:00,57.70000076293945,0.0,0.0
2024-06-03 19:31:04.819000+00:00,57.70000076293945,0.0,0.0
2024-06-03 19:32:04.261000+00:00,57.70000076293945,0.0,0.0
2024-06-03 19:33:04.597000+00:00,57.619998931884766,0.0,0.0
2024-06-03 19:34:04.708000+00:00,57.70000076293945,0.0,0.0
2024-06-03 19:35:04.608000+00:00,57.70000076293945,0.0,0.0
2024-06-03 19:36:04.567000+00:00,57.70000076293945,0.0,0.0
2024-06-03 19:37:04.298000+00:00,57.77999877929688,0.0,0.0
2024-06-03 19:38:04.587000+00:00,57.88999938964844,0.0,0.0
2024-06-03 19:39:05.909000+00:00,57.900001525878906,0.0,0.0
2024-06-03 19:40:04.801000+00:00,58.0,0.0,0.0
2024-06-03 19:41:04.878000+00:00,58.09999847412109,0.0,0.0
2024-06-03 19:42:04.511000+00:00,58.20000076293945,0.0,0.0
2024-06-03 19:43:04.172000+00:00,58.29999923706055,0.0,0.0
2024-06-03 19:44:04.648000+00:00,58.29999923706055,0.0,0.0
2024-06-03 19:45:04.545000+00:00,58.29999923706055,0.0,0.0
2024-06-03 19:46:04.472000+00:00,58.29999923706055,0.0,0.0
2024-06-03 19:47:04.861000+00:00,58.33000183105469,0.0,0.0
2024-06-03 19:48:04.791000+00:00,58.29999923706055,0.0,0.0
2024-06-03 19:49:04.748000+00:00,58.29999923706055,0.0,0.0
2024-06-03 19:50:04.566000+00:00,58.29999923706055,0.0,0.0
2024-06-03 19:51:04.648000+00:00,58.29999923706055,0.0,0.0
2024-06-03 19:52:04.894000+00:00,58.29999923706055,0.0,0.0
2024-06-03 19:53:04.518000+00:00,58.29999923706055,0.0,0.0
2024-06-03 19:54:05.695000+00:00,58.29999923706055,0.0,0.0
2024-06-03 19:55:04.080000+00:00,58.20000076293945,0.0,0.0
2024-06-03 19:56:05.314000+00:00,57.900001525878906,0.0,0.0
2024-06-03 19:57:04.443000+00:00,57.900001525878906,0.0,0.0
2024-06-03 19:58:03.885000+00:00,57.900001525878906,0.0,0.0
2024-06-03 19:59:04.308000+00:00,57.900001525878906,0.0,0.0
2024-06-03 20:00:06.187000+00:00,57.900001525878906,0.0,0.0
2024-06-03 20:01:04.794000+00:00,57.900001525878906,0.0,0.0
2024-06-03 20:02:04.442000+00:00,57.900001525878906,0.0,0.0
2024-06-03 20:03:04.363000+00:00,57.900001525878906,0.0,0.0
2024-06-03 20:04:05.051000+00:00,57.900001525878906,0.0,0.0
2024-06-03 20:05:04.418000+00:00,57.900001525878906,0.0,0.0
2024-06-03 20:06:04.892000+00:00,57.900001525878906,0.0,0.0
2024-06-03 20:07:04.182000+00:00,53.09000015258789,0.0,0.0
2024-06-03 20:08:04.504000+00:00,53.29999923706055,0.0,0.0
2024-06-03 20:09:04.629000+00:00,53.119998931884766,0.0,0.0
2024-06-03 20:10:04.727000+00:00,55.7400016784668,0.0,0.0
2024-06-03 20:11:04.148000+00:00,57.4900016784668,0.0,0.0
2024-06-03 20:12:04.105000+00:00,58.56999969482422,0.0,0.0
2024-06-03 20:13:04.843000+00:00,58.4900016784668,0.0,0.0
2024-06-03 20:14:04.794000+00:00,58.900001525878906,0.0,0.0
2024-06-03 20:15:04.585000+00:00,58.900001525878906,0.0,0.0
2024-06-03 20:16:04.642000+00:00,57.02000045776367,0.0,0.0
2024-06-03 20:17:04.577000+00:00,54.560001373291016,0.0,0.0
2024-06-03 20:18:04.642000+00:00,55.619998931884766,91.08000183105467,21205730.164685328
2024-06-03 20:19:03.958000+00:00,57.0099983215332,91.08000183105467,21735682.565836214
2024-06-03 20:20:04.429000+00:00,58.20000076293945,91.08000183105467,22189383.952970035
2024-06-03 20:21:04.347000+00:00,58.900001525878906,91.08000183105467,22456266.865214363
2024-06-03 20:22:04.883000+00:00,59.29999923706055,91.08000183105467,22608770.34764336
2024-06-03 20:23:04.341000+00:00,59.5,91.08000183105467,22685022.816055294
2024-06-03 20:24:05.012000+00:00,59.5,91.08000183105467,22685022.816055294
2024-06-03 20:25:04.681000+00:00,59.400001525878906,81.79000091552734,20336953.386064064
2024-06-03 20:26:05.227000+00:00,59.29999923706055,71.80999755859375,17825381.10263317
2024-06-03 20:27:04.511000+00:00,59.20000076293945,64.2300033569336,15916914.413014827
2024-06-03 20:28:04.399000+00:00,58.959999084472656,58.09000015258789,14336992.885435723
2024-06-03 20:29:04.638000+00:00,58.79999923706055,52.869998931884766,13013252.184248492
2024-06-03 20:30:05.357000+00:00,58.0,48.560001373291016,11789785.61341858
2024-06-03 20:31:04.922000+00:00,57.93000030517578,44.93999862670898,10897724.125593133
2024-06-03 20:32:03.953000+00:00,57.900001525878906,41.84000015258789,10140736.000228487
2024-06-03 20:33:04.334000+00:00,57.709999084472656,39.150001525878906,9457624.667574396
2024-06-03 20:34:04.194000+00:00,57.70000076293945,36.72999954223633,8871477.712738631
2024-06-03 20:35:04.183000+00:00,57.59999847412109,34.619998931884766,8347352.353333563
2024-06-03 20:36:04.493000+00:00,57.5,32.689998626708984,7868319.219455719
2024-06-03 20:37:04.857000+00:00,57.47999954223633,31.030000686645508,7466168.124155006
2024-06-03 20:38:04.414000+00:00,57.43000030517578,29.479999542236328,7087050.298012399
2024-06-03 20:39:04.748000+00:00,57.5,28.11000061035156,6765936.596908568
2024-06-03 20:40:04.265000+00:00,57.68000030517578,26.8700008392334,6487720.894557136
2024-06-03 20:41:04.470000+00:00,57.79999923706055,25.709999084472656,6220554.764378314
2024-06-03 20:42:04.698000+00:00,57.900001525878906,24.64999961853028,5974405.774991073
2024-06-03 20:43:04.326000+00:00,58.09000015258789,23.690000534057617,5760572.835595565
2024-06-03 20:44:04.623000+00:00,58.20000076293945,22.780000686645508,5549782.29603583
2024-06-03 20:45:04.492000+00:00,58.29999923706055,21.959999084472656,5359201.554438357
2024-06-03 20:46:04.218000+00:00,58.29999923706055,21.170000076293945,5166407.197009185
2024-06-03 20:47:04.992000+00:00,58.400001525878906,20.450000762939453,4999256.3971308945
2024-06-03 20:48:04.822000+00:00,58.400001525878906,19.780000686645508,4835466.566200383
2024-06-03 20:49:04.237000+00:00,58.5,19.14999961853028,4689471.056585314
2024-06-03 20:50:04.489000+00:00,58.59999847412109,18.559999465942383,4552760.326447055
2024-06-03 20:51:04.778000+00:00,58.54999923706055,0.0,0.0
2024-06-03 20:52:05.055000+00:00,58.52000045776367,0.0,0.0
2024-06-03 20:53:04.574000+00:00,58.5,0.0,0.0
2024-06-03 20:54:04.653000+00:00,58.40999984741211,0.0,0.0
2024-06-03 20:55:04.183000+00:00,58.400001525878906,0.0,0.0
2024-06-03 20:56:04.396000+00:00,58.400001525878906,0.0,0.0
2024-06-03 20:57:04.752000+00:00,58.29999923706055,0.0,0.0
2024-06-03 20:58:04.297000+00:00,58.20000076293945,0.0,0.0
2024-06-03 20:59:04.275000+00:00,58.09999847412109,0.0,0.0
2024-06-03 21:00:07.626000+00:00,58.09999847412109,0.0,0.0
2024-06-03 21:01:04.450000+00:00,58.0,0.0,0.0
2024-06-03 21:02:04.263000+00:00,57.900001525878906,0.0,0.0
2024-06-03 21:03:04.464000+00:00,57.70000076293945,0.0,0.0
2024-06-03 21:04:04.862000+00:00,57.5,0.0,0.0
2024-06-03 21:05:05.157000+00:00,57.29999923706055,0.0,0.0
2024-06-03 21:06:05.325000+00:00,57.09999847412109,0.0,0.0
2024-06-03 21:07:04.282000+00:00,56.900001525878906,0.0,0.0
2024-06-03 21:08:04.148000+00:00,56.70000076293945,0.0,0.0
2024-06-03 21:09:04.355000+00:00,56.5,0.0,0.0
2024-06-03 21:10:04.842000+00:00,56.29999923706055,0.0,0.0
2024-06-03 21:11:04.327000+00:00,56.09999847412109,0.0,0.0
2024-06-03 21:12:04.126000+00:00,56.0,0.0,0.0
2024-06-03 21:13:05.279000+00:00,55.79999923706055,0.0,0.0
2024-06-03 21:14:05.064000+00:00,55.59999847412109,0.0,0.0
2024-06-03 21:15:04.311000+00:00,55.400001525878906,0.0,0.0
2024-06-03 21:16:03.719000+00:00,55.29999923706055,0.0,0.0
2024-06-03 21:17:04.244000+00:00,55.09999847412109,0.0,0.0
2024-06-03 21:18:04.199000+00:00,54.900001525878906,0.0,0.0
2024-06-03 21:19:04.855000+00:00,54.790000915527344,0.0,0.0
2024-06-03 21:20:04.366000+00:00,54.560001373291016,0.0,0.0
2024-06-03 21:21:03.821000+00:00,54.400001525878906,0.0,0.0
2024-06-03 21:22:04.052000+00:00,54.20000076293945,0.0,0.0
2024-06-03 21:23:04.165000+00:00,54.09999847412109,0.0,0.0
2024-06-03 21:24:04.485000+00:00,53.900001525878906,0.0,0.0
2024-06-03 21:25:04.879000+00:00,53.70000076293945,0.0,0.0
2024-06-03 21:26:04.356000+00:00,53.400001525878906,0.0,0.0
2024-06-03 21:27:04.684000+00:00,53.20000076293945,0.0,0.0
2024-06-03 21:28:04.041000+00:00,53.09999847412109,0.0,0.0
2024-06-03 21:29:04.182000+00:00,53.0,0.0,0.0
2024-06-03 21:30:04.758000+00:00,53.0,0.0,0.0
2024-06-03 21:31:04.082000+00:00,53.09999847412109,0.0,0.0
2024-06-03 21:32:04.590000+00:00,53.29999923706055,0.0,0.0
2024-06-03 21:33:04.012000+00:00,53.70000076293945,0.0,0.0
2024-06-03 21:34:03.950000+00:00,54.09999847412109,0.0,0.0
2024-06-03 21:35:04.374000+00:00,54.400001525878906,0.0,0.0
2024-06-03 21:36:04.541000+00:00,54.70000076293945,0.0,0.0
2024-06-03 21:37:04.562000+00:00,54.900001525878906,0.0,0.0
2024-06-03 21:38:04.938000+00:00,55.08000183105469,0.0,0.0
2024-06-03 21:39:05.150000+00:00,55.20000076293945,0.0,0.0
2024-06-03 21:40:04.271000+00:00,55.29999923706055,0.0,0.0
2024-06-03 21:41:04.252000+00:00,55.400001525878906,0.0,0.0
2024-06-03 21:42:04.750000+00:00,55.5,0.0,0.0
2024-06-03 21:43:04.210000+00:00,55.59999847412109,0.0,0.0
2024-06-03 21:44:03.680000+00:00,55.70000076293945,0.0,0.0
2024-06-03 21:45:04.420000+00:00,55.70000076293945,0.0,0.0
2024-06-03 21:46:04.245000+00:00,55.70000076293945,0.0,0.0
2024-06-03 21:47:04.657000+00:00,55.70000076293945,0.0,0.0
2024-06-03 21:48:04.572000+00:00,55.720001220703125,0.0,0.0
2024-06-03 21:49:04.587000+00:00,55.70000076293945,0.0,0.0
2024-06-03 21:50:04.735000+00:00,55.70000076293945,0.0,0.0
2024-06-03 21:51:04.672000+00:00,55.59999847412109,0.0,0.0
2024-06-03 21:52:04.291000+00:00,55.59999847412109,0.0,0.0
2024-06-03 21:53:04.957000+00:00,55.5,0.0,0.0
2024-06-03 21:54:04.207000+00:00,55.5,0.0,0.0
2024-06-03 21:55:04.073000+00:00,55.41999816894531,0.0,0.0
2024-06-03 21:56:04.310000+00:00,55.400001525878906,0.0,0.0
2024-06-03 21:57:04.480000+00:00,55.29999923706055,0.0,0.0
2024-06-03 21:58:04.579000+00:00,55.20000076293945,0.0,0.0
2024-06-03 21:59:04.133000+00:00,55.09999847412109,0.0,0.0
2024-06-03 22:00:06.785000+00:00,55.09999847412109,0.0,0.0
2024-06-03 22:01:04.699000+00:00,55.0,0.0,0.0
2024-06-03 22:02:04.355000+00:00,55.0,0.0,0.0
2024-06-03 22:03:04.623000+00:00,54.900001525878906,0.0,0.0
2024-06-03 22:04:04.992000+00:00,54.900001525878906,0.0,0.0
2024-06-03 22:05:04.247000+00:00,54.900001525878906,0.0,0.0
2024-06-03 22:06:04.716000+00:00,54.79999923706055,0.0,0.0
2024-06-03 22:07:04.669000+00:00,54.79999923706055,0.0,0.0
2024-06-03 22:08:03.838000+00:00,54.79999923706055,0.0,0.0
2024-06-03 22:09:04.668000+00:00,54.79999923706055,0.0,0.0
2024-06-03 22:10:04.061000+00:00,54.79999923706055,0.0,0.0
2024-06-03 22:11:04.314000+00:00,54.79999923706055,0.0,0.0
2024-06-03 22:12:04.224000+00:00,54.900001525878906,0.0,0.0
2024-06-03 22:13:04.342000+00:00,54.900001525878906,0.0,0.0
2024-06-03 22:14:04.785000+00:00,54.900001525878906,0.0,0.0
2024-06-03 22:15:04.696000+00:00,55.0,0.0,0.0
2024-06-03 22:16:04.742000+00:00,55.0,0.0,0.0
2024-06-03 22:17:04.043000+00:00,55.09999847412109,0.0,0.0
2024-06-03 22:18:04.665000+00:00,55.09999847412109,0.0,0.0
2024-06-03 22:19:04.476000+00:00,55.20000076293945,0.0,0.0
2024-06-03 22:20:04.384000+00:00,55.20000076293945,0.0,0.0
2024-06-03 22:21:04.126000+00:00,55.290000915527344,0.0,0.0
2024-06-03 22:22:05.119000+00:00,55.29999923706055,0.0,0.0
2024-06-03 22:23:04.236000+00:00,55.29999923706055,0.0,0.0
2024-06-03 22:24:04.518000+00:00,55.29999923706055,0.0,0.0
2024-06-03 22:25:04.408000+00:00,55.20000076293945,0.0,0.0
2024-06-03 22:26:04.292000+00:00,55.11000061035156,0.0,0.0
2024-06-03 22:27:04.683000+00:00,55.09999847412109,0.0,0.0
2024-06-03 22:28:04.896000+00:00,55.18999862670898,0.0,0.0
2024-06-03 22:29:03.923000+00:00,55.20000076293945,0.0,0.0
2024-06-03 22:30:04.861000+00:00,55.20000076293945,0.0,0.0
2024-06-03 22:31:04.571000+00:00,55.20000076293945,0.0,0.0
2024-06-03 22:32:04.448000+00:00,55.20000076293945,0.0,0.0
2024-06-03 22:33:04.357000+00:00,55.20000076293945,0.0,0.0
2024-06-03 22:34:04.217000+00:00,55.20000076293945,0.0,0.0
2024-06-03 22:35:05.046000+00:00,55.20000076293945,0.0,0.0
2024-06-03 22:36:04.557000+00:00,55.20000076293945,0.0,0.0
2024-06-03 22:37:04.258000+00:00,55.20000076293945,0.0,0.0
2024-06-03 22:38:04.505000+00:00,55.20000076293945,0.0,0.0
2024-06-03 22:39:04.716000+00:00,55.20000076293945,0.0,0.0
2024-06-03 22:40:04.569000+00:00,55.20000076293945,0.0,0.0
2024-06-03 22:41:04.318000+00:00,55.18999862670898,0.0,0.0
2024-06-03 22:42:04.567000+00:00,55.09999847412109,0.0,0.0
2024-06-03 22:43:05.143000+00:00,55.09999847412109,0.0,0.0
2024-06-03 22:44:04.611000+00:00,55.09999847412109,0.0,0.0
2024-06-03 22:45:04.556000+00:00,55.0,0.0,0.0
2024-06-03 22:46:04.733000+00:00,55.0,0.0,0.0
2024-06-03 22:47:04.896000+00:00,54.93999862670898,0.0,0.0
2024-06-03 22:48:04.228000+00:00,54.900001525878906,0.0,0.0
2024-06-03 22:49:05.337000+00:00,54.900001525878906,0.0,0.0
2024-06-03 22:50:05.045000+00:00,54.900001525878906,0.0,0.0
2024-06-03 22:51:04.318000+00:00,54.900001525878906,0.0,0.0
2024-06-03 22:52:04.308000+00:00,54.900001525878906,0.0,0.0
2024-06-03 22:53:04.167000+00:00,54.900001525878906,0.0,0.0
2024-06-03 22:54:04.204000+00:00,54.900001525878906,0.0,0.0
2024-06-03 22:55:04.190000+00:00,55.0,0.0,0.0
2024-06-03 22:56:04.886000+00:00,55.0,0.0,0.0
2024-06-03 22:57:04.955000+00:00,55.0,0.0,0.0
2024-06-03 22:58:03.895000+00:00,55.0,0.0,0.0
2024-06-03 22:59:03.894000+00:00,55.09999847412109,0.0,0.0
2024-06-03 23:00:05.606000+00:00,55.09999847412109,0.0,0.0
2024-06-04 00:00:06.564000+00:00,55.0,47.20000076293945,10866856.17565155
2024-06-04 00:01:04.957000+00:00,55.09999847412109,47.20000076293945,10886613.794488978
2024-06-04 00:02:04.196000+00:00,55.09999847412109,47.20000076293945,10886613.794488978
2024-06-04 00:03:03.949000+00:00,55.09999847412109,67.19999694824219,15499584.786887836
2024-06-04 00:04:04.362000+00:00,55.09999847412109,67.19999694824219,15499584.786887836
2024-06-04 00:05:04.544000+00:00,55.09999847412109,67.19999694824219,15499584.786887836
2024-06-04 00:06:05.290000+00:00,55.09999847412109,67.19999694824219,15499584.786887836
2024-06-04 00:07:04.241000+00:00,55.09999847412109,67.19999694824219,15499584.786887836
2024-06-04 00:08:04.626000+00:00,55.09999847412109,67.19999694824219,15499584.786887836
2024-06-04 00:09:04.638000+00:00,55.09999847412109,67.19999694824219,15499584.786887836
2024-06-04 00:10:04.566000+00:00,55.09999847412109,67.19999694824219,15499584.786887836
2024-06-04 00:11:04.679000+00:00,55.09999847412109,73.83000183105469,17028786.088753678
2024-06-04 00:12:04.274000+00:00,55.09999847412109,73.83000183105469,17028786.088753678
2024-06-04 00:13:04.591000+00:00,55.0,73.83000183105469,16997881.32156372
2024-06-04 00:14:05.487000+00:00,55.0,73.83000183105469,16997881.32156372
2024-06-04 00:15:04.500000+00:00,55.0,73.83000183105469,16997881.32156372
2024-06-04 00:16:04.193000+00:00,55.0,73.83000183105469,16997881.32156372
2024-06-04 00:17:04.722000+00:00,55.0,73.83000183105469,16997881.32156372
2024-06-04 00:18:04.468000+00:00,54.900001525878906,73.83000183105469,16966976.55437376
2024-06-04 00:19:04.609000+00:00,54.900001525878906,74.91999816894531,17217470.145741444
2024-06-04 00:20:04.482000+00:00,54.900001525878906,74.91999816894531,17217470.145741444
2024-06-04 00:21:04.609000+00:00,54.79999923706055,74.91999816894531,17186107.916699897
2024-06-04 00:22:05.051000+00:00,54.900001525878906,74.91999816894531,17217470.145741444
2024-06-04 00:23:04.477000+00:00,54.79999923706055,74.91999816894531,17186107.916699897
2024-06-04 00:24:04.672000+00:00,54.900001525878906,74.91999816894531,17217470.145741444
2024-06-04 00:25:04.444000+00:00,54.810001373291016,97.1999969482422,22301048.81058452
2024-06-04 00:26:05.006000+00:00,54.900001525878906,97.1999969482422,22337667.99951964
2024-06-04 00:27:04.007000+00:00,54.880001068115234,97.1999969482422,22329530.22952062
2024-06-04 00:28:04.827000+00:00,54.88999938964844,97.1999969482422,22333598.338459667
2024-06-04 00:29:04.491000+00:00,54.900001525878906,97.1999969482422,22337667.99951964
2024-06-04 00:30:04.782000+00:00,54.900001525878906,118.41999816894533,27214266.323590264
2024-06-04 00:31:04.823000+00:00,54.900001525878906,118.41999816894533,27214266.323590264
2024-06-04 00:32:04.627000+00:00,54.900001525878906,118.41999816894533,27214266.323590264
2024-06-04 00:33:04.064000+00:00,54.810001373291016,118.41999816894533,27169652.697841343
2024-06-04 00:34:04.480000+00:00,54.79999923706055,118.41999816894533,27164694.57777549
2024-06-04 00:35:04.306000+00:00,54.79999923706055,131.0500030517578,30061926.72152152
2024-06-04 00:36:04.594000+00:00,54.79999923706055,131.0500030517578,30061926.72152152
2024-06-04 00:37:04.701000+00:00,54.77999877929688,131.0500030517578,30050954.964148182
2024-06-04 00:38:04.484000+00:00,54.70000076293945,131.0500030517578,30007070.027303554
2024-06-04 00:39:04.797000+00:00,54.70000076293945,152.88999938964844,35007865.78652461
2024-06-04 00:40:04.888000+00:00,54.70000076293945,152.88999938964844,35007865.78652461
2024-06-04 00:41:05.094000+00:00,54.70000076293945,152.88999938964844,35007865.78652461
2024-06-04 00:42:04.612000+00:00,54.70000076293945,170.10000610351562,38948513.36078997
2024-06-04 00:43:04.682000+00:00,54.70000076293945,170.10000610351562,38948513.36078997
2024-06-04 00:44:04.167000+00:00,54.61000061035156,170.10000610351562,38884429.775842056
2024-06-04 00:45:04.479000+00:00,54.59999847412109,170.10000610351562,38877307.86850795
2024-06-04 00:46:04.391000+00:00,54.59999847412109,194.6999969482422,44499773.3788907
2024-06-04 00:47:04.342000+00:00,54.59999847412109,194.6999969482422,44499773.3788907
2024-06-04 00:48:04.578000+00:00,54.59999847412109,217.83999633789065,49788549.675588645
2024-06-04 00:49:04.076000+00:00,54.59999847412109,217.83999633789065,49788549.675588645
2024-06-04 00:50:04.718000+00:00,54.5,217.83999633789065,49697363.24453736
2024-06-04 00:51:03.925000+00:00,54.5,237.8099975585937,54253259.41302489
2024-06-04 00:52:04.780000+00:00,54.5,237.8099975585937,54253259.41302489
2024-06-04 00:53:04.656000+00:00,54.5,265.1700134277344,60495091.35336304
2024-06-04 00:54:03.913000+00:00,54.5,265.1700134277344,60495091.35336304
2024-06-04 00:55:04.113000+00:00,54.400001525878906,296.92999267578125,67616424.74073021
2024-06-04 00:56:04.341000+00:00,54.400001525878906,296.92999267578125,67616424.74073021
2024-06-04 00:57:04.867000+00:00,54.33000183105469,317.239990234375,72148427.76182848
2024-06-04 00:58:04.657000+00:00,54.400001525878906,317.239990234375,72241385.01850373
2024-06-04 00:59:04.470000+00:00,54.29999923706055,348.0299987792969,79107148.00504336
2024-06-04 01:00:05.739000+00:00,54.29999923706055,365.4800109863281,83073532.23396963
2024-06-04 01:01:04.467000+00:00,54.29999923706055,365.4800109863281,83073532.23396963
2024-06-04 01:02:04.598000+00:00,54.209999084472656,398.2300109863281,90367571.15067552
2024-06-04 01:03:04.933000+00:00,54.20000076293945,431.3399963378906,97862937.35469149
2024-06-04 01:04:03.908000+00:00,54.20000076293945,431.3399963378906,97862937.35469149
2024-06-04 01:05:04.425000+00:00,54.20000076293945,455.5799865722656,103362535.50446917
2024-06-04 01:06:04.756000+00:00,54.09999847412109,486.489990234375,110171784.95507948
2024-06-04 01:07:04.678000+00:00,54.09999847412109,508.0400085449219,115052057.99408647
2024-06-04 01:08:04.245000+00:00,54.0,546.1199951171875,123447148.17626953
2024-06-04 01:09:04.511000+00:00,53.900001525878906,581.02001953125,131092878.02591217
2024-06-04 01:10:05.214000+00:00,53.900001525878906,600.0,135375243.83239746
2024-06-04 01:11:04.498000+00:00,53.79999923706055,636.489990234375,143341871.89997932
2024-06-04 01:12:04.537000+00:00,53.79999923706055,664.2100219726562,149584611.4551276
2024-06-04 01:13:05.016000+00:00,53.70000076293945,682.5900268554688,153438185.65475604
2024-06-04 01:14:05.128000+00:00,53.70000076293945,725.47998046875,163079341.26254517
2024-06-04 01:15:04.751000+00:00,53.70000076293945,745.3400268554688,167543645.4051585
2024-06-04 01:16:04.326000+00:00,53.70000076293945,781.5900268554688,175692217.77092883
2024-06-04 01:17:05.125000+00:00,53.70000076293945,814.47998046875,183085491.3467813
2024-06-04 01:18:04.118000+00:00,53.70000076293945,853.47998046875,191852231.27133423
2024-06-04 01:19:04.527000+00:00,53.70000076293945,876.3400268554688,196990900.02352855
2024-06-04 01:20:04.497000+00:00,53.70000076293945,923.5499877929688,207603142.31551227
2024-06-04 01:21:04.059000+00:00,53.70000076293945,928.7899780273438,208781030.30504978
2024-06-04 01:22:04.535000+00:00,53.70000076293945,984.1400146484376,221223065.583809
2024-06-04 01:23:04.026000+00:00,53.70000076293945,1000.5599975585938,224914084.03865367
2024-06-04 01:24:04.715000+00:00,53.70000076293945,1010.0999755859376,227058558.55792737
2024-06-04 01:25:04.614000+00:00,53.70000076293945,1047.72998046875,235517339.74170357
2024-06-04 01:26:04.818000+00:00,53.70000076293945,1073.3399658203125,241274162.33269736
2024-06-04 01:27:04.837000+00:00,53.70000076293945,1100.239990234375,247320970.4866002
2024-06-04 01:28:04.447000+00:00,53.70000076293945,1136.3599853515625,255440319.2883567
2024-06-04 01:29:04.152000+00:00,53.70000076293945,1153.1099853515625,259205521.69185057
2024-06-04 01:30:04.261000+00:00,53.70000076293945,1194.4300537109375,268493785.61419386
2024-06-04 01:31:04.494000+00:00,53.70000076293945,1211.300048828125,272285961.5044724
2024-06-04 01:32:04.538000+00:00,53.59999847412109,1232.8800048828125,276620785.6687443
2024-06-04 01:33:04.912000+00:00,53.59999847412109,1258.739990234375,282422980.072904
2024-06-04 01:34:04.766000+00:00,53.5,1273.8800048828125,285286700.97351074
2024-06-04 01:35:04.753000+00:00,53.5,1298.699951171875,290845152.7648926
2024-06-04 01:36:04.132000+00:00,53.400001525878906,1321.5899658203125,295418185.31716245
2024-06-04 01:37:04.211000+00:00,53.20000076293945,1344.2900390625,299366943.4002427
2024-06-04 01:38:04.220000+00:00,53.09999847412109,1381.4300537109375,307059566.6530361
2024-06-04 01:39:04.615000+00:00,52.900001525878906,1400.780029296875,310187898.16672546
2024-06-04 01:40:04.886000+00:00,52.79999923706055,1427.030029296875,315403314.1417635
2024-06-04 01:41:04.267000+00:00,52.79999923706055,1430.8399658203125,316245389.3479552
2024-06-04 01:42:04.716000+00:00,52.79999923706055,1428.5699462890625,315743667.8223924
2024-06-04 01:43:04.551000+00:00,52.70000076293945,1434.260009765625,316400918.10686374
2024-06-04 01:44:04.749000+00:00,52.70000076293945,1441.1500244140625,317920870.51834565
2024-06-04 01:45:04.945000+00:00,52.79999923706055,1437.699951171875,317761588.7764374
2024-06-04 01:46:03.917000+00:00,52.79999923706055,1435.4100341796875,317255469.49820375
2024-06-04 01:47:04.735000+00:00,52.79999923706055,1443.4599609375,319034670.7244481
2024-06-04 01:48:04.335000+00:00,52.900001525878906,1443.4599609375,319638916.89387727
2024-06-04 01:49:04.482000+00:00,52.79999923706055,1444.6199951171875,319291062.4031652
2024-06-04 01:50:04.875000+00:00,52.900001525878906,1442.31005859375,319384283.20147383
2024-06-04 01:51:03.940000+00:00,52.900001525878906,1443.4599609375,319638916.89387727
2024-06-04 01:52:05.093000+00:00,52.79999923706055,1442.31005859375,318780518.392183
2024-06-04 01:53:03.817000+00:00,52.79999923706055,1445.780029296875,319547454.0818823
2024-06-04 01:54:04.800000+00:00,52.79999923706055,1446.93994140625,319803818.7805217
2024-06-04 01:55:04.522000+00:00,52.650001525878906,1440.0,317365785.1977539
2024-06-04 01:56:04.338000+00:00,52.70000076293945,1446.93994140625,319198138.96313065
2024-06-04 01:57:04.398000+00:00,52.619998931884766,1446.93994140625,318713576.6250546
2024-06-04 01:58:03.877000+00:00,52.59999847412109,1444.6199951171875,318081621.9296214
2024-06-04 01:59:04.178000+00:00,52.70000076293945,1446.949951171875,319200347.13948095
2024-06-04 02:00:06.309000+00:00,52.59999847412109,1446.949951171875,318594640.0267021
2024-06-04 02:01:04.142000+00:00,52.59999847412109,1445.780029296875,318337042.4240185
2024-06-04 02:02:04.151000+00:00,52.59999847412109,1448.1099853515625,318850060.5210992
2024-06-04 02:03:04.551000+00:00,52.56999969482422,1441.1500244140625,317136619.0544903
2024-06-04 02:04:04.205000+00:00,52.5,1444.6199951171875,317476913.2269287
2024-06-04 02:05:04.911000+00:00,52.5,1440.0,316461600.0
2024-06-04 02:06:04.732000+00:00,52.65999984741211,1442.31005859375,317935270.69044834
2024-06-04 02:07:04.420000+00:00,52.900001525878906,1442.31005859375,319384283.20147383
2024-06-04 02:08:04.227000+00:00,53.29999923706055,1445.780029296875,322573471.68320066
2024-06-04 02:09:04.346000+00:00,53.5,1440.0,322489440.0
2024-06-04 02:10:04.472000+00:00,53.900001525878906,1448.8299560546875,326892847.620975
2024-06-04 02:11:04.273000+00:00,54.29999923706055,1442.31005859375,327836783.25009316
2024-06-04 02:12:04.491000+00:00,54.59999847412109,1445.780029296875,330441112.82929194
2024-06-04 02:13:04.737000+00:00,54.900001525878906,1443.4599609375,331723563.686846
2024-06-04 02:14:04.448000+00:00,55.29999923706055,1443.4599609375,334140479.215659
2024-06-04 02:15:05.027000+00:00,55.59999847412109,1441.22998046875,335434162.41665536
2024-06-04 02:16:04.016000+00:00,56.0,1446.93994140625,339185873.3046875
2024-06-04 02:17:04.718000+00:00,56.0,1450.43994140625,340006329.3046875
2024-06-04 02:18:04.278000+00:00,56.09999847412109,1448.1099853515625,340066319.91648495
2024-06-04 02:19:04.233000+00:00,56.0099983215332,1446.949951171875,339248778.9125022
2024-06-04 02:20:05.130000+00:00,56.0,1444.6199951171875,338642040.7753906
2024-06-04 02:21:04.114000+00:00,56.20000076293945,1449.280029296875,340947769.2166979
2024-06-04 02:22:04.680000+00:00,56.29999923706055,1450.43994140625,341827787.15088683
2024-06-04 02:23:04.488000+00:00,56.400001525878906,1445.780029296875,341334794.6633838
2024-06-04 02:24:04.285000+00:00,56.5,1446.93994140625,342214318.6020508
2024-06-04 02:25:04.504000+00:00,56.5,1440.0,340572960.0
2024-06-04 02:26:04.602000+00:00,56.70000076293945,1446.93994140625,343425701.3420369
2024-06-04 02:27:04.698000+00:00,56.70000076293945,1438.8499755859375,341505578.6706192
2024-06-04 02:28:04.384000+00:00,56.79999923706055,1442.31005859375,342930558.01327676
2024-06-04 02:29:04.333000+00:00,56.79999923706055,1444.6199951171875,343479779.6014074
2024-06-04 02:30:04.643000+00:00,56.900001525878906,1446.93994140625,344637084.082023
2024-06-04 02:31:04.316000+00:00,57.0,1444.6199951171875,344689220.0749512
2024-06-04 02:32:04.197000+00:00,57.0,1442.31005859375,344138064.60058594
2024-06-04 02:33:04.555000+00:00,57.09999847412109,1444.6199951171875,345293928.77764386
2024-06-04 02:34:03.949000+00:00,57.15999984741211,1442.31005859375,345104065.2641788
2024-06-04 02:35:04.100000+00:00,57.20000076293945,1445.780029296875,346176418.20815676
2024-06-04 02:36:03.969000+00:00,57.09999847412109,1438.8499755859375,343914775.2841278
2024-06-04 02:37:05.135000+00:00,57.290000915527344,1443.4599609375,346164712.9165021
2024-06-04 02:38:04.540000+00:00,57.25,1436.550048828125,344267064.3765869
2024-06-04 02:39:04.949000+00:00,57.5,1441.1500244140625,346877605.1263428
2024-06-04 02:40:04.757000+00:00,57.68000030517578,1436.550048828125,346852827.56862015
2024-06-04 02:41:04.173000+00:00,57.70000076293945,1438.8499755859375,347528604.6684219
2024-06-04 02:42:04.766000+00:00,57.70000076293945,1445.780029296875,349202435.8094751
2024-06-04 02:43:04.815000+00:00,57.70000076293945,1436.550048828125,346973098.29142344
2024-06-04 02:44:04.672000+00:00,57.70000076293945,1441.1500244140625,348084140.529332
2024-06-04 02:45:04.496000+00:00,57.70000076293945,1441.1500244140625,348084140.529332
2024-06-04 02:46:04.311000+00:00,57.79999923706055,1444.6199951171875,349526958.90096796
2024-06-04 02:47:04.783000+00:00,57.70000076293945,1442.31005859375,348364326.14053184
2024-06-04 02:48:04.942000+00:00,57.84000015258789,1441.1500244140625,348928708.4075998
2024-06-04 02:49:04.446000+00:00,57.79999923706055,1440.0,348409147.40112305
2024-06-04 02:50:04.208000+00:00,57.900001525878906,1439.25,348830168.1429634
2024-06-04 02:51:04.172000+00:00,57.900001525878906,1441.1500244140625,349290675.9323212
2024-06-04 02:52:04.732000+00:00,58.0,1442.31005859375,350175574.5058594
2024-06-04 02:53:04.480000+00:00,58.09999847412109,1435.4100341796875,349101184.8502893
2024-06-04 02:54:04.006000+00:00,58.09999847412109,1442.31005859375,350779316.2838777
2024-06-04 02:55:04.556000+00:00,58.09999847412109,1438.8499755859375,349937801.2819305
2024-06-04 02:56:04.660000+00:00,58.20000076293945,1443.4599609375,351663226.28531754
2024-06-04 02:57:04.304000+00:00,58.29999923706055,1445.780029296875,352833647.69638425
2024-06-04 02:58:04.685000+00:00,58.400001525878906,1444.6199951171875,353155280.32159925
2024-06-04 02:59:04.707000+00:00,58.400001525878906,1440.0,352025865.1977539
2024-06-04 03:00:06.775000+00:00,58.400001525878906,1440.0,352025865.1977539
2024-06-04 03:01:04.658000+00:00,58.5,1443.4599609375,353475918.69433594
2024-06-04 03:02:04.823000+00:00,58.59999847412109,1437.699951171875,352667213.7594177
2024-06-04 03:03:04.199000+00:00,58.59999847412109,1445.780029296875,354649253.6398388
2024-06-04 03:04:04.077000+00:00,58.70000076293945,1448.1099853515625,355826983.62738985
2024-06-04 03:05:04.467000+00:00,58.70000076293945,1437.8299560546875,353300993.29978347
2024-06-04 03:06:05.208000+00:00,58.900001525878906,1440.0,355039785.1977539
2024-06-04 03:07:04.471000+00:00,58.900001525878906,1448.1099853515625,357039345.93190366
2024-06-04 03:08:04.286000+00:00,58.900001525878906,1438.8499755859375,354756240.46098936
2024-06-04 03:09:04.677000+00:00,58.900001525878906,1441.1500244140625,355323329.93451846
2024-06-04 03:10:04.892000+00:00,58.900001525878906,1440.050048828125,355052125.00691146
2024-06-04 03:11:05.307000+00:00,59.0,1442.31005859375,356213084.4111328
2024-06-04 03:12:04.875000+00:00,59.09999847412109,1438.8499755859375,355960827.27973324
2024-06-04 03:13:05.444000+00:00,59.09999847412109,1438.8499755859375,355960827.27973324
2024-06-04 03:14:04.396000+00:00,59.20000076293945,1435.4100341796875,355710687.6463275
2024-06-04 03:15:04.902000+00:00,59.20000076293945,1439.280029296875,356669715.7926714
2024-06-04 03:16:04.699000+00:00,59.29999923706055,1429.7099609375,354896613.0955094
2024-06-04 03:17:04.863000+00:00,59.29999923706055,1425.1800537109375,353772155.1451083
2024-06-04 03:18:04.614000+00:00,59.400001525878906,1406.25,349661821.48218155
2024-06-04 03:19:04.809000+00:00,59.5,1398.5999755859375,348345100.1192627
2024-06-04 03:20:04.243000+00:00,59.5,1378.25,343276592.75
2024-06-04 03:21:04.390000+00:00,59.59999847412109,1361.5699462890625,339692086.29509914
2024-06-04 03:22:04.084000+00:00,59.59999847412109,1340.280029296875,334380558.71633875
2024-06-04 03:23:04.499000+00:00,59.70000076293945,1317.719970703125,329303759.3109434
2024-06-04 03:24:04.410000+00:00,59.79999923706055,1301.52001953125,325800131.38849884
2024-06-04 03:25:04.424000+00:00,59.900001525878906,1269.3900146484375,318288637.52698153
2024-06-04 03:26:04.809000+00:00,60.0,1241.3800048828125,311785002.0263672
2024-06-04 03:27:04.456000+00:00,60.09999847412109,1201.5999755859375,302296831.9429298
2024-06-04 03:28:04.777000+00:00,60.20000076293945,1161.2900390625,292641841.94041145
2024-06-04 03:29:05.055000+00:00,60.20000076293945,1130.6500244140625,284920643.9431923
2024-06-04 03:30:05.341000+00:00,60.20000076293945,1083.68994140625,273086834.3634812
2024-06-04 03:31:04.653000+00:00,60.20000076293945,1045.9000244140625,263563880.97252923
2024-06-04 03:32:04.457000+00:00,60.20000076293945,1015.7999877929688,255978755.9279867
2024-06-04 03:33:04.275000+00:00,60.20000076293945,975.0800170898438,245717437.19667125
2024-06-04 03:34:04.189000+00:00,60.09999847412109,950.8699951171876,239218536.08006927
2024-06-04 03:35:04.823000+00:00,60.0,916.9600219726562,230303679.11865234
2024-06-04 03:36:04.774000+00:00,59.959999084472656,886.7000122070312,222555102.61768714
2024-06-04 03:37:04.743000+00:00,59.900001525878906,845.0700073242188,211894042.13222513
2024-06-04 03:38:04.835000+00:00,59.79999923706055,827.5900268554688,207164650.1314912
2024-06-04 03:39:04.141000+00:00,59.79999923706055,800.3599853515625,200348349.9850808
2024-06-04 03:40:04.754000+00:00,59.70000076293945,758.2100219726562,189479871.39452755
2024-06-04 03:41:04.506000+00:00,59.59999847412109,724.0499877929688,180640041.0097759
2024-06-04 03:42:05.160000+00:00,59.59999847412109,690.7100219726562,172322199.8460691
2024-06-04 03:43:04.556000+00:00,59.52000045776367,669.3900146484375,166779005.39315304
2024-06-04 03:44:04.569000+00:00,59.5,644.010009765625,160401641.10229492
2024-06-04 03:45:04.527000+00:00,59.5,610.5800170898438,152075333.1165161
2024-06-04 03:46:04.142000+00:00,59.400001525878906,583.469970703125,145078878.39019364
2024-06-04 03:47:04.915000+00:00,59.400001525878906,549.1199951171875,136537811.7013066
2024-06-04 03:48:04.546000+00:00,59.29999923706055,531.760009765625,131998679.17385605
2024-06-04 03:49:04.320000+00:00,59.29999923706055,512.530029296875,127225225.02950844
2024-06-04 03:50:04.801000+00:00,59.29999923706055,495.3200073242188,122953184.77220342
2024-06-04 03:51:04.078000+00:00,59.25,495.3200073242188,122849515.87655641
2024-06-04 03:52:04.604000+00:00,59.20000076293945,456.8500061035156,113212549.6915452
2024-06-04 03:53:03.896000+00:00,59.20000076293945,440.6400146484375,109195532.20530327
2024-06-04 03:54:04.005000+00:00,59.09999847412109,440.6400146484375,109011076.07340224
2024-06-04 03:55:04.070000+00:00,59.09999847412109,404.1300048828125,99978770.06466033
2024-06-04 03:56:04.637000+00:00,59.0,368.6300048828125,91042026.82592773
2024-06-04 03:57:03.990000+00:00,59.0,368.6300048828125,91042026.82592773
2024-06-04 03:58:03.825000+00:00,58.900001525878906,349.989990234375,86291924.27373368
2024-06-04 03:59:04.590000+00:00,58.900001525878906,349.989990234375,86291924.27373368
2024-06-04 04:00:05.746000+00:00,58.900001525878906,326.9800109863281,80618689.48926747
2024-06-04 04:01:05.144000+00:00,58.79999923706055,326.9800109863281,80481812.52387518
2024-06-04 04:02:04.403000+00:00,58.79999923706055,299.20001220703125,73644132.60905513
2024-06-04 04:03:04.555000+00:00,58.79999923706055,299.20001220703125,73644132.60905513
2024-06-04 04:04:04.951000+00:00,58.70000076293945,277.989990234375,68307200.90621498
2024-06-04 04:05:04.192000+00:00,58.70000076293945,277.989990234375,68307200.90621498
2024-06-04 04:06:05.296000+00:00,58.59999847412109,269.29998779296875,66059177.56551246
2024-06-04 04:07:04.484000+00:00,58.5,269.29998779296875,65946450.31072998
2024-06-04 04:08:04.120000+00:00,58.5,261.5,64036381.5
2024-06-04 04:09:04.533000+00:00,58.47999954223633,255.6100006103516,62572632.40041286
2024-06-04 04:10:05.170000+00:00,58.400001525878906,255.6100006103516,62487035.845873214
2024-06-04 04:11:04.720000+00:00,58.400001525878906,249.8600006103516,61081377.009146065
2024-06-04 04:12:04.831000+00:00,58.400001525878906,249.8600006103516,61081377.009146065
2024-06-04 04:13:04.949000+00:00,58.400001525878906,235.2700042724609,57514671.395202994
2024-06-04 04:14:04.552000+00:00,58.400001525878906,235.1999969482422,57497557.23625974
2024-06-04 04:15:04.692000+00:00,58.400001525878906,235.1999969482422,57497557.23625974
2024-06-04 04:16:04.703000+00:00,58.400001525878906,235.6600036621093,57610011.58448602
2024-06-04 04:17:04.705000+00:00,58.29999923706055,235.6600036621093,57511362.04909607
2024-06-04 04:18:04.316000+00:00,58.29999923706055,235.6600036621093,57511362.04909607
2024-06-04 04:19:04.464000+00:00,58.29999923706055,218.6100006103516,53350414.56878551
2024-06-04 04:20:05.106000+00:00,58.29999923706055,218.6100006103516,53350414.56878551
2024-06-04 04:21:04.408000+00:00,58.290000915527344,218.6100006103516,53341265.090127386
2024-06-04 04:22:04.349000+00:00,58.25,213.6499938964844,52095239.43675233
2024-06-04 04:23:04.306000+00:00,58.20000076293945,213.6499938964844,52050523.1753562
2024-06-04 04:24:05.006000+00:00,58.20000076293945,213.3000030517578,51965256.58469377
2024-06-04 04:25:04.704000+00:00,58.20000076293945,213.3000030517578,51965256.58469377
2024-06-04 04:26:05.126000+00:00,58.09999847412109,213.3000030517578,51875967.159790315
2024-06-04 04:27:04.160000+00:00,58.09999847412109,213.6499938964844,51961087.24093189
2024-06-04 04:28:04.622000+00:00,58.09999847412109,213.6499938964844,51961087.24093189
2024-06-04 04:29:04.421000+00:00,58.09999847412109,213.6499938964844,51961087.24093189
2024-06-04 04:30:05.051000+00:00,58.09999847412109,214.22999572753903,52102147.5105518
2024-06-04 04:31:04.334000+00:00,58.09999847412109,214.22999572753903,52102147.5105518
2024-06-04 04:32:04.774000+00:00,58.09999847412109,214.22999572753903,52102147.5105518
2024-06-04 04:33:04.452000+00:00,56.400001525878906,0.0,0.0
2024-06-04 04:34:04.572000+00:00,56.880001068115234,0.0,0.0
2024-06-04 04:35:04.616000+00:00,57.20000076293945,257.989990234375,61772917.69366005
2024-06-04 04:36:04.702000+00:00,57.400001525878906,257.989990234375,61988907.73741776
2024-06-04 04:37:04.438000+00:00,57.5,276.8399963378906,66634002.918548584
2024-06-04 04:38:04.245000+00:00,57.70000076293945,276.8399963378906,66865774.247616746
2024-06-04 04:39:05.244000+00:00,57.79999923706055,296.5899963378906,71760185.93874075
2024-06-04 04:40:05.471000+00:00,58.0,296.5899963378906,72008492.03088379
2024-06-04 04:41:04.365000+00:00,58.16999816894531,291.5899963378906,71002051.06910023
2024-06-04 04:42:04.951000+00:00,58.20000076293945,291.5899963378906,71038672.10705851
2024-06-04 04:43:04.242000+00:00,58.29999923706055,286.8099975585937,69994200.76621501
2024-06-04 04:44:03.962000+00:00,58.400001525878906,279.20001220703125,68253906.84750251
2024-06-04 04:45:04.639000+00:00,58.400001525878906,279.20001220703125,68253906.84750251
2024-06-04 04:46:04.163000+00:00,58.400001525878906,273.7200012207031,66914250.174755745
2024-06-04 04:47:04.358000+00:00,58.5,273.7200012207031,67028827.618927
2024-06-04 04:48:05.245000+00:00,58.5,270.4700012207031,66232964.368927
2024-06-04 04:49:04.128000+00:00,58.5,270.4700012207031,66232964.368927
2024-06-04 04:50:05.021000+00:00,57.209999084472656,256.9599914550781,61537050.14648023
2024-06-04 04:51:03.959000+00:00,57.29999923706055,256.9599914550781,61633857.417789824
2024-06-04 04:52:04.658000+00:00,57.5,275.3999938964844,66287401.53091431
2024-06-04 04:53:04.639000+00:00,57.709999084472656,275.3999938964844,66529493.59410671
2024-06-04 04:54:04.957000+00:00,57.900001525878906,275.3999938964844,66748533.03976498
2024-06-04 04:55:03.818000+00:00,57.70000076293945,274.0599975585937,66194315.01757746
2024-06-04 04:56:04.583000+00:00,57.79999923706055,274.0599975585937,66309034.78204409
2024-06-04 04:57:04.636000+00:00,57.84000015258789,290.17999267578125,70257869.29522055
2024-06-04 04:58:04.559000+00:00,57.900001525878906,290.17999267578125,70330752.57030861
2024-06-04 04:59:04.187000+00:00,58.09999847412109,294.6000061035156,71648663.96270809
2024-06-04 05:00:05.541000+00:00,58.20000076293945,294.6000061035156,71771986.34782381
2024-06-04 05:01:05.357000+00:00,58.09999847412109,295.0799865722656,71765398.37751338
2024-06-04 05:02:04.992000+00:00,58.20000076293945,295.0799865722656,71888921.68705203
2024-06-04 05:03:04.251000+00:00,58.20000076293945,296.7799987792969,72303087.50642172
2024-06-04 05:04:04.645000+00:00,58.20000076293945,296.7799987792969,72303087.50642172
2024-06-04 05:05:04.527000+00:00,58.29999923706055,293.5400085449219,71636618.19986689
2024-06-04 05:06:05.065000+00:00,57.04999923706055,293.5400085449219,70100670.10515559
2024-06-04 05:07:03.991000+00:00,54.34999847412109,0.0,0.0
2024-06-04 05:08:03.976000+00:00,55.400001525878906,0.0,0.0
2024-06-04 05:09:04.038000+00:00,56.400001525878906,540.8699951171875,127694216.9499295
2024-06-04 05:10:04.608000+00:00,57.20000076293945,521.8900146484375,124960929.2621518
2024-06-04 05:11:04.824000+00:00,57.70000076293945,487.1400146484375,117660001.00183113
2024-06-04 05:12:04.233000+00:00,57.900001525878906,487.1400146484375,118067836.1778566
2024-06-04 05:13:04.611000+00:00,58.09999847412109,470.5899963378906,114450589.99753764
2024-06-04 05:14:04.248000+00:00,58.20000076293945,459.6499938964844,111982323.16099767
2024-06-04 05:15:04.822000+00:00,58.20000076293945,448.1000061035156,109168455.03805132
2024-06-04 05:16:03.862000+00:00,58.29999923706055,448.1000061035156,109356026.83844404
2024-06-04 05:17:04.752000+00:00,58.400001525878906,424.2300109863281,103708289.34744084
2024-06-04 05:18:04.462000+00:00,58.31999969482422,419.1900024414063,102335815.16931356
2024-06-04 05:19:04.585000+00:00,58.38999938964844,419.1900024414063,102458645.68832804
2024-06-04 05:20:04.473000+00:00,58.400001525878906,416.2799987792969,101764810.23250133
2024-06-04 05:21:04.749000+00:00,58.400001525878906,384.4500122070313,93983575.11976892
2024-06-04 05:22:04+00:00,58.29999923706055,384.4500122070313,93822640.66124593
2024-06-04 05:23:05.062000+00:00,58.34000015258789,384.0400085449219,93786886.94166496
2024-06-04 05:24:04.879000+00:00,58.29999923706055,384.3699951171875,93803112.98683105
2024-06-04 05:25:05.041000+00:00,58.29999923706055,384.3699951171875,93803112.98683105
2024-06-04 05:26:04.665000+00:00,58.29999923706055,384.2099914550781,93764065.08562696
2024-06-04 05:27:04.005000+00:00,58.29999923706055,381.6799926757813,93146634.57761198
2024-06-04 05:28:05.087000+00:00,58.29999923706055,381.6799926757813,93146634.57761198
2024-06-04 05:29:04.116000+00:00,58.20000076293945,383.1400146484375,93342563.9203492
2024-06-04 05:30:04.950000+00:00,58.20000076293945,383.1400146484375,93342563.9203492
2024-06-04 05:31:05.024000+00:00,58.20000076293945,382.8200073242188,93264602.07096297
2024-06-04 05:32:04.079000+00:00,58.20000076293945,380.6300048828125,92731062.28118072
2024-06-04 05:33:04.460000+00:00,58.20000076293945,380.6300048828125,92731062.28118072
2024-06-04 05:34:04.005000+00:00,58.09999847412109,379.3500061035156,92260422.77138194
2024-06-04 05:35:04.691000+00:00,58.09999847412109,380.4700012207031,92532812.96869594
2024-06-04 05:36:04.811000+00:00,58.09999847412109,380.4700012207031,92532812.96869594
2024-06-04 05:37:04.543000+00:00,54.58000183105469,0.0,0.0
2024-06-04 05:38:04.580000+00:00,57.29999923706055,364.6700134277344,87468945.98211314
2024-06-04 05:39:04.807000+00:00,57.0,351.6300048828125,83899622.42504883
2024-06-04 05:40:04.750000+00:00,57.20000076293945,475.05999755859375,113747987.2846139
2024-06-04 05:41:03.836000+00:00,57.400001525878906,474.6799926757813,114054402.82410043
2024-06-04 05:42:05.190000+00:00,57.5,477.5799865722656,114951114.86801147
2024-06-04 05:43:03.895000+00:00,57.70000076293945,477.5799865722656,115350946.35800005
2024-06-04 05:44:04.443000+00:00,57.70000076293945,478.7200012207031,115626296.60771021
2024-06-04 05:45:04.902000+00:00,57.79999923706055,479.2300109863281,115950083.01165098
2024-06-04 05:46:04.817000+00:00,57.79999923706055,485.9599914550781,117578407.14855611
2024-06-04 05:47:04.999000+00:00,57.900001525878906,496.8299865722656,120416388.9209447
2024-06-04 05:48:04.287000+00:00,57.79999923706055,501.3900146484375,121311713.55492966
2024-06-04 05:49:04.689000+00:00,57.5,501.3900146484375,120682069.57580566
2024-06-04 05:50:04.959000+00:00,57.59999847412109,504.4800109863281,121636988.35467325
2024-06-04 05:51:04.486000+00:00,57.630001068115234,519.780029296875,125391310.37195837
2024-06-04 05:52:04.540000+00:00,57.70000076293945,515.6099853515625,124536415.750616
2024-06-04 05:53:04.079000+00:00,57.70000076293945,546.6099853515625,132023914.0496196
2024-06-04 05:54:04.658000+00:00,57.70000076293945,548.1099853515625,132386212.3544101
2024-06-04 05:55:04.600000+00:00,57.70000076293945,546.280029296875,131944219.03677383
2024-06-04 05:56:04.938000+00:00,57.70000076293945,547.6099853515625,132265446.25281326
2024-06-04 05:57:04.483000+00:00,57.70000076293945,547.280029296875,132185751.2399675
2024-06-04 05:58:04.139000+00:00,57.70000076293945,547.280029296875,132185751.2399675
2024-06-04 05:59:04.598000+00:00,57.70000076293945,556.5900268554688,134434415.46202227
2024-06-04 06:00:07.035000+00:00,57.70000076293945,581.02001953125,140335045.41700882
2024-06-04 06:01:04.777000+00:00,57.65999984741211,579.52001953125,139875710.05919695
2024-06-04 06:02:04.366000+00:00,56.79999923706055,697.3200073242188,165798149.85043523
2024-06-04 06:03:03.803000+00:00,57.0,707.8300170898438,168889657.7376709
2024-06-04 06:04:04.474000+00:00,57.20000076293945,710.6199951171875,170150285.40434515
2024-06-04 06:05:04.655000+00:00,57.400001525878906,723.469970703125,173832764.68969315
2024-06-04 06:06:05.619000+00:00,57.5,732.2999877929688,176260945.5618286
2024-06-04 06:07:04.075000+00:00,57.5,733.2000122070312,176477576.9381714
2024-06-04 06:08:04.332000+00:00,57.59999847412109,737.4000244140625,177797169.81654584
2024-06-04 06:09:04.170000+00:00,57.66999816894531,737.7000122070312,178085660.86653885
2024-06-04 06:10:04.348000+00:00,57.59999847412109,738.6099853515625,178088907.8463174
2024-06-04 06:11:04.475000+00:00,57.70000076293945,774.489990234375,187064273.69274834
2024-06-04 06:12:04.351000+00:00,57.70000076293945,773.2000122070312,186752702.4577326
2024-06-04 06:13:05.342000+00:00,57.61000061035156,772.2000122070312,186220251.12871048
2024-06-04 06:14:04.466000+00:00,57.70000076293945,801.0700073242188,193484203.78138354
2024-06-04 06:15:05.384000+00:00,57.70000076293945,805.3699951171875,194522789.30672514
2024-06-04 06:16:04.625000+00:00,57.70000076293945,807.9000244140625,195133872.8569439
2024-06-04 06:17:05.072000+00:00,57.70000076293945,841.1199951171875,203157565.57089865
2024-06-04 06:18:05.074000+00:00,57.70000076293945,842.2999877929688,203442571.8016325
2024-06-04 06:19:04.820000+00:00,57.59999847412109,842.7000122070312,203186428.28067893
2024-06-04 06:20:04.436000+00:00,57.59999847412109,871.6699829101562,210171482.02376318
2024-06-04 06:21:04.993000+00:00,57.59999847412109,872.0900268554688,210272760.3288927
2024-06-04 06:22:04.123000+00:00,57.5,904.52001953125,217713446.10107422
2024-06-04 06:23:04.536000+00:00,57.5,903.6099853515624,217494405.4241943
2024-06-04 06:24:04.941000+00:00,57.5,908.1699829101562,218591974.03656006
2024-06-04 06:25:04.337000+00:00,57.5,936.0399780273438,225300142.5112915
2024-06-04 06:26:05.150000+00:00,57.43000030517578,953.8900146484376,229317049.4422753
2024-06-04 06:27:04.268000+00:00,57.5,969.3099975585938,233308069.86236572
2024-06-04 06:28:04.958000+00:00,57.400001525878906,998.8900146484376,240009703.0959131
2024-06-04 06:29:04.157000+00:00,57.400001525878906,1003.3400268554688,241078936.0373983
2024-06-04 06:30:04.515000+00:00,57.400001525878906,1020.989990234375,245319805.81094986
2024-06-04 06:31:04.532000+00:00,57.31999969482422,1028.5699462890625,246796635.02495307
2024-06-04 06:32:04.924000+00:00,57.29999923706055,1057.5799560546875,253668798.2058184
2024-06-04 06:33:03.942000+00:00,57.29999923706055,1057.5799560546875,253668798.2058184
2024-06-04 06:34:04.209000+00:00,57.27000045776367,1086.9599609375,260579326.56949145
2024-06-04 06:35:04.616000+00:00,57.209999084472656,1109.8199462890625,265780852.89317662
2024-06-04 06:36:05.008000+00:00,57.20000076293945,1111.800048828125,266208517.80208358
2024-06-04 06:37:04.239000+00:00,57.20000076293945,1132.7900390625,271234344.33884513
2024-06-04 06:38:04.155000+00:00,57.20000076293945,1132.0699462890625,271061925.8989478
2024-06-04 06:39:04.994000+00:00,57.20000076293945,1154.5899658203125,276454101.43141603
2024-06-04 06:40:04.215000+00:00,57.20000076293945,1172.6400146484375,280775990.740429
2024-06-04 06:41:04.204000+00:00,57.20000076293945,1177.239990234375,281877405.22943616
2024-06-04 06:42:04.999000+00:00,57.119998931884766,1195.219970703125,285782253.0014063
2024-06-04 06:43:04.554000+00:00,57.20000076293945,1206.4300537109375,288866650.7694368
2024-06-04 06:44:04.488000+00:00,57.09999847412109,1218.68994140625,291291993.22471297
2024-06-04 06:45:04.619000+00:00,54.59999847412109,1269.3900146484375,290126188.3239706
2024-06-04 06:46:04.111000+00:00,56.59999847412109,1269.3900146484375,300753521.52660733
2024-06-04 06:47:04.195000+00:00,56.900001525878906,1284.800048828125,306018052.15648955
2024-06-04 06:48:04.177000+00:00,56.900001525878906,1304.3499755859375,310674520.3062881
2024-06-04 06:49:03.829000+00:00,56.900001525878906,1312.9100341796875,312713384.22102267
2024-06-04 06:50:04.936000+00:00,56.900001525878906,1332.3499755859375,317343655.68513334
2024-06-04 06:51:04.118000+00:00,56.900001525878906,1339.2900390625,318996663.6445253
2024-06-04 06:52:04.921000+00:00,56.900001525878906,1351.9300537109375,322007305.3902759
2024-06-04 06:53:04.969000+00:00,56.900001525878906,1366.739990234375,325534786.51980835
2024-06-04 06:54:05.349000+00:00,56.79999923706055,1387.8199462890625,329974727.5331983
2024-06-04 06:55:05.338000+00:00,56.79999923706055,1404.06005859375,333836054.5354344
2024-06-04 06:56:04.997000+00:00,56.79999923706055,1410.6600341796875,335405296.38955164
2024-06-04 06:57:04.698000+00:00,56.79999923706055,1424.050048828125,338588970.5016712
2024-06-04 06:58:03.916000+00:00,56.70000076293945,1437.699951171875,341232624.7423614
2024-06-04 06:59:04.177000+00:00,56.79999923706055,1441.1500244140625,342654742.72225493
2024-06-04 07:00:06.427000+00:00,56.79999923706055,1443.4599609375,343203964.3103856
2024-06-04 07:01:05.263000+00:00,56.79999923706055,1440.0,342381307.40112305
2024-06-04 07:02:04.085000+00:00,56.79999923706055,1435.4100341796875,341289975.11050844
2024-06-04 07:03:04.644000+00:00,56.79999923706055,1433.550048828125,340847736.0713314
2024-06-04 07:04:04.613000+00:00,56.79999923706055,1435.4100341796875,341289975.11050844
2024-06-04 07:05:04.363000+00:00,56.79999923706055,1440.0,342381307.40112305
2024-06-04 07:06:04.913000+00:00,56.79999923706055,1438.8499755859375,342107872.07999116
2024-06-04 07:07:04.342000+00:00,56.79999923706055,1443.4599609375,343203964.3103856
2024-06-04 07:08:04.439000+00:00,56.79999923706055,1440.0,342381307.40112305
2024-06-04 07:09:04.340000+00:00,56.79999923706055,1441.1500244140625,342654742.72225493
2024-06-04 07:10:04.501000+00:00,56.79999923706055,1441.1500244140625,342654742.72225493
2024-06-04 07:11:04.964000+00:00,56.79999923706055,1441.1500244140625,342654742.72225493
2024-06-04 07:12:04.598000+00:00,56.79999923706055,1448.1099853515625,344309576.42033964
2024-06-04 07:13:04.692000+00:00,56.79999923706055,1443.4599609375,343203964.3103856
2024-06-04 07:14:04.454000+00:00,56.79999923706055,1442.31005859375,342930558.01327676
2024-06-04 07:15:05.288000+00:00,56.79999923706055,1442.31005859375,342930558.01327676
2024-06-04 07:16:04.706000+00:00,56.79999923706055,1444.6199951171875,343479779.6014074
2024-06-04 07:17:04.891000+00:00,56.77000045776367,1444.6199951171875,343298371.60423124
2024-06-04 07:18:04.655000+00:00,56.70000076293945,1449.27001953125,343978736.53815025
2024-06-04 07:19:05.086000+00:00,56.70000076293945,1446.93994140625,343425701.3420369
2024-06-04 07:20:05.130000+00:00,56.70000076293945,1445.780029296875,343150400.6068384
2024-06-04 07:21:04.808000+00:00,56.70000076293945,1443.4599609375,342599741.190591
2024-06-04 07:22:05.285000+00:00,56.70000076293945,1444.6199951171875,342875070.89871466
2024-06-04 07:23:04.375000+00:00,56.70000076293945,1446.93994140625,343425701.3420369
2024-06-04 07:24:04.803000+00:00,56.619998931884766,1442.31005859375,341843804.3878257
2024-06-04 07:25:04.845000+00:00,56.59999847412109,1448.1099853515625,343097214.1158258
2024-06-04 07:26:04.954000+00:00,56.59999847412109,1445.780029296875,342545183.2345654
2024-06-04 07:27:04.170000+00:00,56.59999847412109,1442.31005859375,341723051.4259675
2024-06-04 07:28:04.660000+00:00,56.59999847412109,1442.5799560546875,341786997.5819096
2024-06-04 07:29:04.912000+00:00,56.59999847412109,1446.93994140625,342819998.4194418
2024-06-04 07:30:05.414000+00:00,56.59999847412109,1443.4599609375,341995495.0211618
2024-06-04 07:31:04.415000+00:00,56.5,1441.1500244140625,340844951.1241455
2024-06-04 07:32:04.629000+00:00,56.5,1444.6199951171875,341665630.4251709
2024-06-04 07:33:04.498000+00:00,56.5,1443.469970703125,341393639.3010254
2024-06-04 07:34:04.137000+00:00,56.5,1443.4599609375,341391271.9013672
2024-06-04 07:35:04.350000+00:00,56.5,1442.31005859375,341119309.6479492
2024-06-04 07:36:04.198000+00:00,55.29999923706055,1546.3900146484375,357967324.7142543
2024-06-04 07:37:04.473000+00:00,56.400001525878906,1441.1500244140625,340241694.9290253
2024-06-04 07:38:04.811000+00:00,56.5,1444.6199951171875,341665630.4251709
2024-06-04 07:39:04.799000+00:00,56.400001525878906,1448.1099853515625,341884874.93519956
2024-06-04 07:40:04.790000+00:00,56.4900016784668,1449.27001953125,342704746.78895986
2024-06-04 07:41:04.379000+00:00,56.5,1441.1500244140625,340844951.1241455
2024-06-04 07:42:05.116000+00:00,56.5,1444.6199951171875,341665630.4251709
2024-06-04 07:43:04.213000+00:00,56.5,1445.780029296875,341939988.9489746
2024-06-04 07:44:04.653000+00:00,56.400001525878906,1443.4599609375,340787048.7815726
2024-06-04 07:45:04.376000+00:00,56.400001525878906,1445.780029296875,341334794.6633838
2024-06-04 07:46:04.392000+00:00,56.47999954223633,1445.780029296875,341818945.47452
2024-06-04 07:47:04.334000+00:00,56.400001525878906,1443.4599609375,340787048.7815726
2024-06-04 07:48:05.105000+00:00,56.400001525878906,1443.4599609375,340787048.7815726
2024-06-04 07:49:04.530000+00:00,56.400001525878906,1445.780029296875,341334794.6633838
2024-06-04 07:50:04.977000+00:00,56.400001525878906,1445.780029296875,341334794.6633838
2024-06-04 07:51:04.258000+00:00,56.400001525878906,1446.93994140625,341608638.78465974
2024-06-04 07:52:04.417000+00:00,56.400001525878906,1445.780029296875,341334794.6633838
2024-06-04 07:53:04.657000+00:00,56.400001525878906,1444.6199951171875,341060921.72247815
2024-06-04 07:54:04.751000+00:00,56.29999923706055,1449.27001953125,341552069.56048256
2024-06-04 07:55:04.596000+00:00,56.29999923706055,1446.6700439453125,340939328.64249206
2024-06-04 07:56:04.789000+00:00,56.29999923706055,1443.4599609375,340182802.6121434
2024-06-04 07:57:04.297000+00:00,53.29999923706055,1441.1500244140625,321540453.7145645
2024-06-04 07:58:04.438000+00:00,55.40999984741211,1224.489990234375,284015872.86017776
2024-06-04 07:59:04.639000+00:00,55.900001525878906,1437.699951171875,336418059.73740846
2024-06-04 08:00:05.473000+00:00,56.09999847412109,1434.260009765625,336813866.5282159
2024-06-04 08:01:04.821000+00:00,56.09999847412109,1440.0,338161814.80224603
2024-06-04 08:02:04.391000+00:00,56.0,1456.31005859375,341382378.6953125
2024-06-04 08:03:04.482000+00:00,56.09999847412109,1438.8499755859375,337891749.28632504
2024-06-04 08:04:04.134000+00:00,55.09999847412109,1539.780029296875,355148098.23020136
2024-06-04 08:05:04.433000+00:00,56.0,1434.260009765625,336213494.44921875
2024-06-04 08:06:05.194000+00:00,56.0,1429.7099609375,335146890.203125
2024-06-04 08:07:03.726000+00:00,55.900001525878906,1429.7099609375,334548422.7455046
2024-06-04 08:08:04.922000+00:00,51.77999877929688,0.0,0.0
2024-06-04 08:09:04.492000+00:00,55.900001525878906,1449.27001953125,339125425.7252263
2024-06-04 08:10:04.640000+00:00,56.09999847412109,1449.27001953125,340338736.07164866
2024-06-04 08:11:05.066000+00:00,56.0,1448.1099853515625,339460150.3261719
2024-06-04 08:12:03.870000+00:00,56.20000076293945,1449.27001953125,340945414.38727134
2024-06-04 08:13:04.933000+00:00,56.41999816894531,1451.6099853515625,342832699.7473253
2024-06-04 08:14:04.285000+00:00,56.59999847412109,1449.27001953125,343372058.22252756
2024-06-04 08:15:04.948000+00:00,56.709999084472656,1444.6199951171875,342935532.5417206
2024-06-04 08:16:04.689000+00:00,56.900001525878906,1446.93994140625,344637084.082023
2024-06-04 08:17:05.026000+00:00,56.95000076293945,1449.27001953125,345495397.6135897
2024-06-04 08:18:04.903000+00:00,57.0,1443.4599609375,344412433.5996094
2024-06-04 08:19:04.589000+00:00,57.09999847412109,1445.780029296875,345571200.83588374
2024-06-04 08:20:04.938000+00:00,57.20000076293945,1440.0,344792452.59887695
2024-06-04 08:21:04.141000+00:00,57.25,1445.780029296875,346479015.35095215
2024-06-04 08:22:04.815000+00:00,57.29999923706055,1442.31005859375,345949312.9659135
2024-06-04 08:23:04.915000+00:00,57.400001525878906,1443.4599609375,346829372.17805696
2024-06-04 08:24:04.417000+00:00,57.400001525878906,1440.0,345998025.1977539
2024-06-04 08:25:04.415000+00:00,57.400001525878906,1441.1500244140625,346274348.93122256
2024-06-04 08:26:05.576000+00:00,57.5,1448.1099853515625,348552832.92419434
2024-06-04 08:27:04.817000+00:00,57.5,1443.4599609375,347433595.29785156
2024-06-04 08:28:04.349000+00:00,57.59999847412109,1442.31005859375,347760561.33124095
2024-06-04 08:29:04.537000+00:00,57.70000076293945,1445.780029296875,349202435.8094751
2024-06-04 08:30:05.426000+00:00,57.70000076293945,1444.6199951171875,348922250.1982752
2024-06-04 08:31:04.270000+00:00,57.70000076293945,1444.6199951171875,348922250.1982752
2024-06-04 08:32:04.560000+00:00,57.79999923706055,1445.780029296875,349807630.0950659
2024-06-04 08:33:04.203000+00:00,57.70000076293945,1446.93994140625,349482591.93676347
2024-06-04 08:34:05.234000+00:00,57.900001525878906,1448.1099853515625,350977557.533222
2024-06-04 08:35:04.610000+00:00,57.900001525878906,1443.4599609375,349850533.87629914
2024-06-04 08:36:04.405000+00:00,57.900001525878906,1442.31005859375,349571832.727841
2024-06-04 08:37:04.362000+00:00,58.0,1441.1500244140625,349893932.1274414
2024-06-04 08:38:04.644000+00:00,58.0,1438.8499755859375,349335507.8725586
2024-06-04 08:39:04.978000+00:00,58.02999877929688,1440.0,349795547.84179693
2024-06-04 08:40:04.744000+00:00,58.09999847412109,1446.93994140625,351905334.31153166
2024-06-04 08:41:04.776000+00:00,58.09999847412109,1444.6199951171875,351341108.0772044
2024-06-04 08:42:05.087000+00:00,58.20000076293945,1441.1500244140625,351100467.5304306
2024-06-04 08:43:04.820000+00:00,58.209999084472656,1450.43994140625,353424430.6703709
2024-06-04 08:44:05.028000+00:00,58.29999923706055,1445.780029296875,352833647.69638425
2024-06-04 08:45:04.239000+00:00,58.29999923706055,1441.1500244140625,351703723.72555083
2024-06-04 08:46:04.645000+00:00,58.400001525878906,1443.4599609375,352871695.57454133
2024-06-04 08:47:04.554000+00:00,58.5,1444.6199951171875,353759989.024292
2024-06-04 08:48:04.749000+00:00,58.59999847412109,1445.780029296875,354649253.6398388
2024-06-04 08:49:04.916000+00:00,58.59999847412109,1443.4599609375,354080141.81413054
2024-06-04 08:50:04.726000+00:00,58.70000076293945,1444.6199951171875,354969429.49783576
2024-06-04 08:51:04.537000+00:00,58.70000076293945,1444.6199951171875,354969429.49783576
2024-06-04 08:52:05.092000+00:00,58.79999923706055,1448.1099853515625,356433153.2177029
2024-06-04 08:53:04.727000+00:00,58.900001525878906,1442.550048828125,355668513.5228798
2024-06-04 08:54:04.820000+00:00,59.0,1446.93994140625,357356545.0888672
2024-06-04 08:55:04.465000+00:00,59.0,1443.4599609375,356497080.3925781
2024-06-04 08:56:04.523000+00:00,59.06999969482422,1443.4599609375,356920041.18636125
2024-06-04 08:57:04.510000+00:00,59.09999847412109,1442.31005859375,356816826.1891511
2024-06-04 08:58:04.757000+00:00,59.09999847412109,1443.4599609375,357101303.51237273
2024-06-04 08:59:04.486000+00:00,59.20000076293945,1440.0,356848132.59887695
2024-06-04 09:00:06.704000+00:00,59.29999923706055,1436.550048828125,356594526.7227367
2024-06-04 09:01:04.758000+00:00,59.400001525878906,1443.4599609375,358914018.9710257
2024-06-04 09:02:04.405000+00:00,59.5,1441.1500244140625,358942913.1307373
2024-06-04 09:03:04.994000+00:00,59.59999847412109,1438.8499755859375,358972340.2786346
2024-06-04 09:04:03.765000+00:00,59.59999847412109,1430.8399658203125,356973958.23741436
2024-06-04 09:05:04.654000+00:00,59.70000076293945,1430.8399658203125,357572921.55597544
2024-06-04 09:06:04.341000+00:00,59.70000076293945,1406.25,351427785.7410908
2024-06-04 09:07:04.186000+00:00,59.79999923706055,1393.18994140625,348747202.6152671
2024-06-04 09:08:04.640000+00:00,59.79999923706055,1365.7099609375,341868337.0481461
2024-06-04 09:09:04.818000+00:00,59.900001525878906,1351.3499755859375,338839393.3999008
2024-06-04 09:10:04.839000+00:00,59.900001525878906,1314.8299560546875,329682312.34134245
2024-06-04 09:11:04.621000+00:00,59.95000076293945,1300.5799560546875,326381454.53150916
2024-06-04 09:12:04.679000+00:00,60.0,1270.2900390625,319046046.2109375
2024-06-04 09:13:04.926000+00:00,60.09999847412109,1244.81005859375,313167563.85592204
2024-06-04 09:14:04.733000+00:00,60.09999847412109,1199.199951171875,301693037.1762039
2024-06-04 09:15:04.897000+00:00,60.20000076293945,1172.6400146484375,295502004.04438406
2024-06-04 09:16:04.557000+00:00,60.20000076293945,1132.7900390625,285459921.649392
2024-06-04 09:17:04.581000+00:00,60.20000076293945,1094.8900146484375,275909221.49607664
2024-06-04 09:18:04.680000+00:00,60.20000076293945,1068.25,269196012.31163216
2024-06-04 09:19:05.090000+00:00,60.20000076293945,1030.9300537109375,259791490.22345063
2024-06-04 09:20:04.604000+00:00,60.20000076293945,991.739990234375,249915703.8343747
2024-06-04 09:21:04.259000+00:00,60.11000061035156,964.6300048828124,242720648.02297923
2024-06-04 09:22:04.229000+00:00,60.09999847412109,927.3599853515624,233303920.8874131
2024-06-04 09:23:05.179000+00:00,60.09999847412109,906.7999877929688,228131465.6169422
2024-06-04 09:24:04.521000+00:00,60.0,847.8599853515625,212948513.92089844
2024-06-04 09:25:04.603000+00:00,59.900001525878906,842.7000122070312,211299786.22341043
2024-06-04 09:26:04.595000+00:00,59.900001525878906,809.719970703125,203030324.2340085
2024-06-04 09:27:04.665000+00:00,59.70000076293945,783.2899780273438,195747457.82850635
2024-06-04 09:28:05.095000+00:00,59.70000076293945,747.8200073242188,186883363.06263927
2024-06-04 09:29:04.195000+00:00,59.59999847412109,710.3400268554688,177219603.26687717
2024-06-04 09:30:05.462000+00:00,59.59999847412109,679.5,169525460.85980985
2024-06-04 09:31:04.555000+00:00,59.59999847412109,666.6699829101562,166324556.43008947
2024-06-04 09:32:04.718000+00:00,59.5,631.1400146484375,157196150.02844238
2024-06-04 09:33:04.360000+00:00,59.400001525878906,593.280029296875,147518133.82609588
2024-06-04 09:34:04.004000+00:00,59.400001525878906,571.0700073242188,141995647.25676736
2024-06-04 09:35:04.700000+00:00,59.29999923706055,533.02001953125,132311451.14195114
2024-06-04 09:36:04.900000+00:00,59.29999923706055,533.1799926757812,132351161.24311261
2024-06-04 09:37:04.305000+00:00,59.29999923706055,510.2000122070313,126646845.36074126
2024-06-04 09:38:04.296000+00:00,59.29999923706055,490.8599853515625,121846074.42417915
2024-06-04 09:39:04.779000+00:00,59.20000076293945,490.8599853515625,121640603.56959526
2024-06-04 09:40:05.038000+00:00,59.20000076293945,453.1700134277344,112300606.27881597
2024-06-04 09:41:04.238000+00:00,59.119998931884766,426.739990234375,105608040.47202893
2024-06-04 09:42:04.645000+00:00,59.09000015258789,426.739990234375,105554452.6446383
2024-06-04 09:43:04.577000+00:00,58.5,404.0400085449219,98941721.33248901
2024-06-04 09:44:04.756000+00:00,58.59999847412109,400.7099914550781,98293998.06046748
2024-06-04 09:45:04.748000+00:00,58.790000915527344,400.7099914550781,98612702.84021792
2024-06-04 09:46:04.425000+00:00,58.79999923706055,389.3599853515625,95835819.59899528
2024-06-04 09:47:04.101000+00:00,58.79999923706055,365.4100036621094,89940847.82238291
2024-06-04 09:48:04.854000+00:00,58.79999923706055,365.4100036621094,89940847.82238291
2024-06-04 09:49:04.993000+00:00,58.79999923706055,341.95001220703125,84166480.67252597
2024-06-04 09:50:04.886000+00:00,58.79999923706055,341.95001220703125,84166480.67252597
2024-06-04 09:51:04.515000+00:00,58.79999923706055,315.4599914550781,77646311.81730688
2024-06-04 09:52:04.842000+00:00,58.79999923706055,315.4599914550781,77646311.81730688
2024-06-04 09:53:04.670000+00:00,58.75,291.8299865722656,71769019.02275085
2024-06-04 09:54:04.547000+00:00,58.70000076293945,291.8299865722656,71707939.93856837
2024-06-04 09:55:04.497000+00:00,58.61000061035156,282.0400085449219,69196108.19541655
2024-06-04 09:56:04.285000+00:00,58.59999847412109,282.0400085449219,69184299.47858356
2024-06-04 09:57:04.725000+00:00,58.59999847412109,264.6300048828125,64913632.655473016
2024-06-04 09:58:04.316000+00:00,58.5,264.6300048828125,64802860.22570801
2024-06-04 09:59:04.490000+00:00,58.5,264.6300048828125,64802860.22570801
2024-06-04 10:00:06.997000+00:00,58.400001525878906,257.25,62887954.04314041
2024-06-04 10:01:05.152000+00:00,58.400001525878906,257.25,62887954.04314041
2024-06-04 10:02:04.720000+00:00,58.31999969482422,257.8800048828125,62955605.720196016
2024-06-04 10:03:04.423000+00:00,58.29999923706055,257.8800048828125,62934015.51203789
2024-06-04 10:04:04.894000+00:00,58.29999923706055,257.8800048828125,62934015.51203789
2024-06-04 10:05:04.861000+00:00,58.29999923706055,257.8800048828125,62934015.51203789
2024-06-04 10:06:05.203000+00:00,58.29999923706055,257.8800048828125,62934015.51203789
2024-06-04 10:07:04.212000+00:00,58.290000915527344,257.2200012207031,62762180.29042321
2024-06-04 10:08:03.606000+00:00,58.27999877929688,257.2200012207031,62751410.7610438
2024-06-04 10:09:04.555000+00:00,58.20000076293945,257.95001220703125,62843124.13774624
2024-06-04 10:10:04.846000+00:00,58.20000076293945,257.95001220703125,62843124.13774624
2024-06-04 10:11:04.531000+00:00,58.20000076293945,245.94000244140625,59917183.06823795
2024-06-04 10:12:04.709000+00:00,57.900001525878906,245.94000244140625,59608332.3986219
2024-06-04 10:13:04.393000+00:00,57.900001525878906,245.94000244140625,59608332.3986219
2024-06-04 10:14:04.598000+00:00,58.0,241.94000244140625,58740129.31274414
2024-06-04 10:15:05.369000+00:00,58.09999847412109,241.94000244140625,58841403.85241569
2024-06-04 10:16:04.611000+00:00,58.18999862670898,247.4900054931641,60284440.73192315
2024-06-04 10:17:04.808000+00:00,58.20000076293945,247.4900054931641,60294802.87667326
2024-06-04 10:18:04.959000+00:00,58.20000076293945,247.4900054931641,60294802.87667326
2024-06-04 10:19:04.774000+00:00,58.20000076293945,246.0,59931799.98564148
2024-06-04 10:20:04.709000+00:00,58.2599983215332,246.0,59993582.831588745
2024-06-04 10:21:04.365000+00:00,58.29999923706055,246.1999969482422,60083582.028957225
2024-06-04 10:22:04.926000+00:00,58.20000076293945,246.1999969482422,59980524.282795094
2024-06-04 10:23:04.654000+00:00,58.20000076293945,246.1999969482422,59980524.282795094
2024-06-04 10:24:04.592000+00:00,58.20000076293945,246.47000122070312,60046304.12853655
2024-06-04 10:25:04.537000+00:00,58.20000076293945,246.47000122070312,60046304.12853655
2024-06-04 10:26:05.106000+00:00,58.20000076293945,247.58999633789065,60319163.16653727
2024-06-04 10:27:04.466000+00:00,58.25,247.58999633789065,60370982.9620514
2024-06-04 10:28:04.977000+00:00,58.29999923706055,247.58999633789065,60422802.75756553
2024-06-04 10:29:04.790000+00:00,58.0,245.8300018310547,59684574.484558105
2024-06-04 10:30:05.031000+00:00,58.0,245.8300018310547,59684574.484558105
2024-06-04 10:31:04.389000+00:00,58.09999847412109,248.8600006103516,60524393.0348908
2024-06-04 10:32:04.508000+00:00,58.20000076293945,248.8600006103516,60628568.21547239
2024-06-04 10:33:05.228000+00:00,58.20000076293945,247.22000122070312,60229023.0309318
2024-06-04 10:34:04.713000+00:00,58.20000076293945,247.22000122070312,60229023.0309318
2024-06-04 10:35:05.029000+00:00,58.27999877929688,247.22000122070312,60311810.012142435
2024-06-04 10:36:04.861000+00:00,58.29999923706055,246.1699981689453,60076261.01295806
2024-06-04 10:37:04.730000+00:00,58.29999923706055,246.1699981689453,60076261.01295806
2024-06-04 10:38:05.123000+00:00,58.29999923706055,247.0200042724609,60283699.72976857
2024-06-04 10:39:05.247000+00:00,56.9900016784668,247.0200042724609,58929128.537616745
2024-06-04 10:40:04.791000+00:00,56.77000045776367,312.989990234375,74378697.74685551
2024-06-04 10:41:04.733000+00:00,57.0,312.989990234375,74680037.64990234
2024-06-04 10:42:05.015000+00:00,57.29999923706055,365.9299926757813,87771161.82857136
2024-06-04 10:43:04.513000+00:00,57.5,367.1199951171875,88363947.22473145
2024-06-04 10:44:04.649000+00:00,57.70000076293945,367.1199951171875,88671301.25710167
2024-06-04 10:45:04.654000+00:00,57.900001525878906,360.2900085449219,87323275.49831845
2024-06-04 10:46:04.672000+00:00,58.09999847412109,360.2900085449219,87624905.69089054
2024-06-04 10:47:04.656000+00:00,58.11000061035156,353.9800109863281,86105093.44760212
2024-06-04 10:48:05.262000+00:00,58.20000076293945,356.0799865722656,86750059.08186556
2024-06-04 10:49:04.698000+00:00,58.29999923706055,356.2200012207031,86933281.59625784
2024-06-04 10:50:05.228000+00:00,58.29999923706055,351.42999267578125,85764309.72422032
2024-06-04 10:51:04.698000+00:00,58.29999923706055,351.42999267578125,85764309.72422032
2024-06-04 10:52:05.484000+00:00,58.29999923706055,340.8399963378906,83179886.8097563
2024-06-04 10:53:04.435000+00:00,58.400001525878906,340.8399963378906,83322565.69780917
2024-06-04 10:54:04.618000+00:00,58.369998931884766,341.69000244140625,83487447.0945849
2024-06-04 10:55:05.027000+00:00,58.380001068115234,344.5599975585937,84203118.92474502
2024-06-04 10:56:04.561000+00:00,58.400001525878906,344.5599975585937,84231966.14798605
2024-06-04 10:57:05.086000+00:00,58.400001525878906,344.1000061035156,84119515.52996007
2024-06-04 10:58:04.154000+00:00,58.310001373291016,344.1000061035156,83989879.07387263
2024-06-04 10:59:04.706000+00:00,58.29999923706055,346.2200012207031,84492843.62819448
2024-06-04 11:00:05.261000+00:00,58.29999923706055,346.2200012207031,84492843.62819448
2024-06-04 11:01:04.745000+00:00,58.29999923706055,338.6600036621094,82647873.12014864
2024-06-04 11:02:04.495000+00:00,58.29999923706055,338.5599975585937,82623467.25094287
2024-06-04 11:03:04.404000+00:00,58.29999923706055,319.32000732421875,77928066.98362918
2024-06-04 11:04:05.401000+00:00,58.209999084472656,319.6000061035156,77875992.63839145
2024-06-04 11:05:04.771000+00:00,58.20000076293945,319.6000061035156,77862616.42766543
2024-06-04 11:06:05.283000+00:00,58.20000076293945,319.2099914550781,77767599.02969134
2024-06-04 11:07:04.357000+00:00,58.20000076293945,319.2099914550781,77767599.02969134
2024-06-04 11:08:04.527000+00:00,58.20000076293945,318.8699951171875,77684767.35278763
2024-06-04 11:09:04.349000+00:00,58.20000076293945,318.8699951171875,77684767.35278763
2024-06-04 11:10:04.733000+00:00,58.20000076293945,322.4100036621094,78547202.65385152
2024-06-04 11:11:04.548000+00:00,58.09999847412109,322.4100036621094,78412238.73731036
2024-06-04 11:12:04.495000+00:00,58.09999847412109,329.6700134277344,80177920.98200274
2024-06-04 11:13:05.103000+00:00,58.09999847412109,329.6700134277344,80177920.98200274
2024-06-04 11:14:04.375000+00:00,58.09999847412109,329.3699951171875,80104954.5506732
2024-06-04 11:15:04.942000+00:00,58.09999847412109,329.3699951171875,80104954.5506732
2024-06-04 11:16:04.436000+00:00,58.09999847412109,329.19000244140625,80061179.14512122
2024-06-04 11:17:04.880000+00:00,58.09999847412109,330.0899963378906,80280063.59495738
2024-06-04 11:18:04.702000+00:00,58.0,330.0899963378906,80141890.03088379
2024-06-04 11:19:04.462000+00:00,58.09000015258789,334.82000732421875,81416420.24165231
2024-06-04 11:20:05.004000+00:00,58.0,334.82000732421875,81290279.93823242
2024-06-04 11:21:04.633000+00:00,58.0,336.3900146484375,81671458.87646484
2024-06-04 11:22:04.410000+00:00,58.0,336.3900146484375,81671458.87646484
2024-06-04 11:23:05.003000+00:00,57.900001525878906,340.260009765625,82468616.58424133
2024-06-04 11:24:04.025000+00:00,57.93000030517578,358.6400146484375,86968403.63752292
2024-06-04 11:25:04.282000+00:00,57.900001525878906,358.6400146484375,86923367.4570848
2024-06-04 11:26:04.801000+00:00,57.900001525878906,360.0,87252986.29943848
2024-06-04 11:27:04.435000+00:00,57.900001525878906,360.0,87252986.29943848
2024-06-04 11:28:05.005000+00:00,57.900001525878906,369.2300109863281,89490058.58314335
2024-06-04 11:29:04.357000+00:00,57.900001525878906,384.1199951171875,93098935.19805649
2024-06-04 11:30:04.800000+00:00,57.900001525878906,384.1199951171875,93098935.19805649
2024-06-04 11:31:04.551000+00:00,57.900001525878906,385.8500061035156,93518236.9338564
2024-06-04 11:32:05.083000+00:00,57.900001525878906,385.1900024414063,93358272.2380575
2024-06-04 11:33:05.079000+00:00,57.79999923706055,385.1900024414063,93197028.01253255
2024-06-04 11:34:04.831000+00:00,57.84000015258789,401.3399963378906,97171733.81128559
2024-06-04 11:35:04.767000+00:00,57.79999923706055,413.7000122070313,100095047.59228192
2024-06-04 11:36:05.110000+00:00,57.79999923706055,413.7000122070313,100095047.59228192
2024-06-04 11:37:04.823000+00:00,57.79999923706055,430.6199951171875,104188850.9393438
2024-06-04 11:38:04.752000+00:00,57.70000076293945,449.6600036621094,108607371.37258054
2024-06-04 11:39:05.206000+00:00,57.59999847412109,444.7699890136719,107240090.38215457
2024-06-04 11:40:04.656000+00:00,57.59999847412109,444.7699890136719,107240090.38215457
2024-06-04 11:41:05.537000+00:00,57.68999862670898,463.2000122070313,111858325.7731303
2024-06-04 11:42:04.924000+00:00,57.59999847412109,469.7300109863281,113258290.97663294
2024-06-04 11:43:04.466000+00:00,57.70000076293945,495.0499877929688,119570514.2426325
2024-06-04 11:44:04.648000+00:00,57.70000076293945,489.3999938964844,118205858.76878385
2024-06-04 11:45:04.862000+00:00,57.70000076293945,489.3999938964844,118205858.76878385
2024-06-04 11:46:04.302000+00:00,57.70000076293945,501.80999755859375,121203274.29493457
2024-06-04 11:47:04.538000+00:00,57.70000076293945,517.5399780273438,125002571.13374507
2024-06-04 11:48:04.251000+00:00,57.70000076293945,518.5800170898438,125253774.05991818
2024-06-04 11:49:04.281000+00:00,57.70000076293945,524.9299926757812,126787497.65341564
2024-06-04 11:50:05.254000+00:00,57.70000076293945,547.4400024414062,132224389.90601796
2024-06-04 11:51:04.321000+00:00,57.70000076293945,551.8099975585938,133279884.4546178
2024-06-04 11:52:05.465000+00:00,57.70000076293945,575.8200073242188,139079075.0120106
2024-06-04 11:53:04.758000+00:00,57.70000076293945,582.3400268554688,140653869.69425914
2024-06-04 11:54:04.696000+00:00,57.70000076293945,581.9600219726562,140562086.2776891
2024-06-04 11:55:04.153000+00:00,57.59999847412109,600.2000122070312,144716381.82960624
2024-06-04 11:56:05.270000+00:00,57.59999847412109,610.7899780273438,147269766.54477713
2024-06-04 11:57:04.573000+00:00,57.59999847412109,620.6900024414062,149656797.00810492
2024-06-04 11:58:04.229000+00:00,57.59999847412109,650.0499877929688,156735888.58463553
2024-06-04 11:59:04.650000+00:00,57.59999847412109,650.52001953125,156849219.62616453
2024-06-04 12:00:05.209000+00:00,57.59999847412109,667.4099731445312,160921617.03781408
2024-06-04 12:01:05.060000+00:00,57.59999847412109,667.9000244140625,161039775.06046522
2024-06-04 12:02:04.347000+00:00,57.59999847412109,695.25,167634225.9592094
2024-06-04 12:03:03.983000+00:00,57.59999847412109,702.8499755859375,169466683.3841034
2024-06-04 12:04:04.516000+00:00,57.5,727.5700073242188,175122462.91290283
2024-06-04 12:05:04.775000+00:00,57.59999847412109,727.27001953125,175354687.93593702
2024-06-04 12:06:05.465000+00:00,57.59999847412109,733.7999877929688,176929152.0496967
2024-06-04 12:07:04.718000+00:00,57.59999847412109,758.8499755859375,182969044.62641296
2024-06-04 12:08:04.253000+00:00,57.52000045776367,760.4600219726562,183102592.15894058
2024-06-04 12:09:04.565000+00:00,57.5,786.030029296875,189193497.90161133
2024-06-04 12:10:04.431000+00:00,57.52999877929688,793.6500244140625,191127255.1409656
2024-06-04 12:11:05.916000+00:00,57.54999923706055,828.72998046875,199644613.18715233
2024-06-04 12:12:04.185000+00:00,57.5,826.0700073242188,198830920.41290283
2024-06-04 12:13:05.088000+00:00,57.5,827.5900268554688,199196781.51397705
2024-06-04 12:14:04.508000+00:00,57.5,852.27001953125,205137132.35107422
2024-06-04 12:15:05.163000+00:00,57.5,861.239990234375,207296159.4494629
2024-06-04 12:16:04.211000+00:00,57.5,889.77001953125,214163194.85107422
2024-06-04 12:17:04.719000+00:00,57.47999954223633,891.530029296875,214512179.7992099
2024-06-04 12:18:04.654000+00:00,57.40999984741211,924.02001953125,222058882.708714
2024-06-04 12:19:04.756000+00:00,57.5,923.5499877929688,222293864.3118286
2024-06-04 12:20:04.687000+00:00,57.400001525878906,945.3800048828124,227152510.2436778
2024-06-04 12:21:05.002000+00:00,57.400001525878906,966.1799926757812,232150256.56347266
2024-06-04 12:22:04.375000+00:00,57.400001525878906,987.9299926757812,237376268.40239707
2024-06-04 12:23:05.132000+00:00,57.400001525878906,987.9299926757812,237376268.40239707
2024-06-04 12:24:04.780000+00:00,57.400001525878906,1019.72998046875,245017055.19245255
2024-06-04 12:25:04.716000+00:00,57.400001525878906,1022.1500244140624,245598534.6549316
2024-06-04 12:26:06.022000+00:00,57.400001525878906,1048.949951171875,252037924.74774244
2024-06-04 12:27:04.677000+00:00,57.400001525878906,1068.25,256675271.1232643
2024-06-04 12:28:04.762000+00:00,57.400001525878906,1076.56005859375,258671982.1390387
2024-06-04 12:29:04.092000+00:00,57.33000183105469,1079.780029296875,259129269.36345556
2024-06-04 12:30:05.258000+00:00,57.29999923706055,1107.68994140625,265688068.89024192
2024-06-04 12:31:04.023000+00:00,57.29999923706055,1129.93994140625,271024904.8691829
2024-06-04 12:32:03.868000+00:00,57.29999923706055,1139.9599609375,273428284.67790496
2024-06-04 12:33:04.961000+00:00,57.29999923706055,1159.050048828125,278007191.10018957
2024-06-04 12:34:04.304000+00:00,57.290000915527344,1172.6400146484375,281217771.8885514
2024-06-04 12:35:04.815000+00:00,57.0,1189.68994140625,283862399.39941406
2024-06-04 12:36:04.851000+00:00,57.20000076293945,1215.3900146484375,291012016.67695814
2024-06-04 12:37:04.483000+00:00,57.20000076293945,1213.760009765625,290621729.6066158
2024-06-04 12:38:04.417000+00:00,57.20000076293945,1246.5400390625,298470553.7021245
2024-06-04 12:39:05.421000+00:00,57.20000076293945,1265.8199462890625,303086919.3261004
2024-06-04 12:40:04.692000+00:00,57.20000076293945,1274.7900390625,305234711.1923455
2024-06-04 12:41:04.945000+00:00,57.20000076293945,1287.550048828125,308289957.76337016
2024-06-04 12:42:04.366000+00:00,57.20000076293945,1290.3199462890625,308953179.8043452
2024-06-04 12:43:04.606000+00:00,57.20000076293945,1325.47998046875,317371870.37259156
2024-06-04 12:44:04.897000+00:00,57.20000076293945,1326.4599609375,317606516.1151744
2024-06-04 12:45:04.843000+00:00,57.09999847412109,1341.280029296875,320593548.8033596
2024-06-04 12:46:04.199000+00:00,57.13999938964844,1347.31005859375,322260448.7450391
2024-06-04 12:47:04.540000+00:00,57.09999847412109,1367.780029296875,326927594.5340954
2024-06-04 12:48:04.715000+00:00,57.09999847412109,1387.8199462890625,331717547.3895167
2024-06-04 12:49:04.336000+00:00,57.09999847412109,1383.550048828125,330696953.9637382
2024-06-04 12:50:04.839000+00:00,57.09999847412109,1409.550048828125,336911489.39766765
2024-06-04 12:51:04.489000+00:00,57.02000045776367,1413.97998046875,337496832.4132362
2024-06-04 12:52:04.972000+00:00,57.09999847412109,1416.2099609375,338503345.5434587
2024-06-04 12:53:04.955000+00:00,57.0,1435.4100341796875,342491704.9753418
2024-06-04 12:54:04.753000+00:00,57.0,1441.1500244140625,343861278.12524414
2024-06-04 12:55:04.490000+00:00,57.0,1448.1099853515625,345521938.7248535
2024-06-04 12:56:05.401000+00:00,57.0,1448.1099853515625,345521938.7248535
2024-06-04 12:57:04.496000+00:00,57.0,1452.780029296875,346636220.55029297
2024-06-04 12:58:04.109000+00:00,57.0,1449.27001953125,345798725.2001953
2024-06-04 12:59:04.889000+00:00,57.0,1453.9599609375,346917754.5996094
2024-06-04 13:00:06.483000+00:00,57.0,1449.27001953125,345798725.2001953
2024-06-04 13:01:04.645000+00:00,57.0,1450.43994140625,346077870.89941406
2024-06-04 13:02:04.063000+00:00,57.0,1446.949951171875,345245152.2495117
2024-06-04 13:03:04.737000+00:00,56.97999954223633,1448.1099853515625,345400700.1820134
2024-06-04 13:04:04.481000+00:00,56.900001525878906,1446.949951171875,344639468.2420967
2024-06-04 13:05:04.503000+00:00,57.0,1449.280029296875,345801113.55029297
2024-06-04 13:06:04.802000+00:00,56.900001525878906,1453.9599609375,346309136.2468817
2024-06-04 13:07:04.605000+00:00,56.900001525878906,1446.949951171875,344639468.2420967
2024-06-04 13:08:04.319000+00:00,56.900001525878906,1452.780029296875,346028096.10941344
2024-06-04 13:09:04.150000+00:00,56.81999969482422,1453.9599609375,345822222.990858
2024-06-04 13:10:04.286000+00:00,56.900001525878906,1452.780029296875,346028096.10941344
2024-06-04 13:11:03.850000+00:00,56.900001525878906,1445.780029296875,344360812.26470214
2024-06-04 13:12:04.031000+00:00,56.79999923706055,1452.780029296875,345419948.4700735
2024-06-04 13:13:05.186000+00:00,56.79999923706055,1452.780029296875,345419948.4700735
2024-06-04 13:14:04.583000+00:00,56.79999923706055,1452.7900390625,345422328.43996346
2024-06-04 13:15:04.700000+00:00,56.70000076293945,1451.6099853515625,344534118.5412044
2024-06-04 13:16:03.977000+00:00,56.59999847412109,1453.9599609375,344483234.75409484
2024-06-04 13:17:04.688000+00:00,56.70000076293945,1449.280029296875,343981112.31801623
2024-06-04 13:18:05.105000+00:00,56.709999084472656,1451.6099853515625,344594872.7360894
2024-06-04 13:19:04.784000+00:00,56.7599983215332,1451.6099853515625,344898690.0700681
2024-06-04 13:20:05.221000+00:00,56.70000076293945,1450.43994140625,344256413.0532147
2024-06-04 13:21:04.681000+00:00,56.70000076293945,1446.949951171875,343428077.1219028
2024-06-04 13:22:04.625000+00:00,56.59999847412109,1448.1099853515625,343097214.1158258
2024-06-04 13:23:03.906000+00:00,56.59999847412109,1445.780029296875,342545183.2345654
2024-06-04 13:24:04.757000+00:00,56.5,1449.280029296875,342767770.4489746
2024-06-04 13:25:04.415000+00:00,56.5,1456.31005859375,344430435.6479492
2024-06-04 13:26:04.458000+00:00,56.5,1446.949951171875,342216686.001709
2024-06-04 13:27:04.737000+00:00,56.70000076293945,1442.31005859375,342326816.2352584
2024-06-04 13:28:04.532000+00:00,57.0,1438.8499755859375,343312481.87475586
2024-06-04 13:29:04.532000+00:00,57.29999923706055,1436.550048828125,344567729.71394765
2024-06-04 13:30:04.870000+00:00,57.70000076293945,1434.260009765625,346419980.11125827
2024-06-04 13:31:04.756000+00:00,58.0,1430.8399658203125,347390773.62158203
2024-06-04 13:32:04.429000+00:00,58.29999923706055,1438.8499755859375,351142411.07669526
2024-06-04 13:33:04.953000+00:00,58.5,1437.699951171875,352065401.7429199
2024-06-04 13:34:04.358000+00:00,58.70000076293945,1434.260009765625,352423792.5121372
2024-06-04 13:35:04.752000+00:00,58.79999923706055,1437.699951171875,353870860.7500702
2024-06-04 13:36:04.375000+00:00,58.90999984741211,1440.0,355100053.4802246
2024-06-04 13:37:04.645000+00:00,59.09999847412109,1437.699951171875,355676319.75722045
2024-06-04 13:38:03.972000+00:00,59.20000076293945,1441.1500244140625,357133121.5326279
2024-06-04 13:39:04.545000+00:00,59.27000045776367,1441.1500244140625,357555405.47176176
2024-06-04 13:40:04.854000+00:00,59.29999923706055,1440.0,357450907.40112305
2024-06-04 13:41:04.691000+00:00,59.400001525878906,1441.1500244140625,358339656.9356171
2024-06-04 13:42:04.999000+00:00,59.400001525878906,1444.6199951171875,359202459.6211598
2024-06-04 13:43:04.184000+00:00,59.400001525878906,1442.31005859375,358628097.5857512
2024-06-04 13:44:04.699000+00:00,59.29999923706055,1444.6199951171875,358597727.8503088
2024-06-04 13:45:05.493000+00:00,59.20000076293945,1446.93994140625,358567927.8288533
2024-06-04 13:46:04.103000+00:00,59.09999847412109,1448.1099853515625,358251685.1125299
2024-06-04 13:47:05.208000+00:00,58.900001525878906,1449.27001953125,357325358.6304997
2024-06-04 13:48:04.983000+00:00,58.79999923706055,1448.1099853515625,356433153.2177029
2024-06-04 13:49:04.572000+00:00,58.70000076293945,1446.949951171875,355541942.11311376
2024-06-04 13:50:04.604000+00:00,58.59999847412109,1450.43994140625,355792328.1865393
2024-06-04 13:51:04.422000+00:00,58.59999847412109,1451.6099853515625,356079339.4908334
2024-06-04 13:52:05.031000+00:00,57.83000183105469,1444.6199951171875,349708389.96630245
2024-06-04 13:53:04.344000+00:00,58.400001525878906,1449.27001953125,354292036.4796208
2024-06-04 13:54:04.727000+00:00,58.400001525878906,1446.93994140625,353722419.97411287
2024-06-04 13:55:04.817000+00:00,58.29999923706055,1449.280029296875,353687800.9852064
2024-06-04 13:56:04.417000+00:00,58.20000076293945,1448.1099853515625,352796089.428049
2024-06-04 13:57:04.825000+00:00,58.18000030517578,1451.6099853515625,353527246.06968
2024-06-04 13:58:04.707000+00:00,58.09999847412109,1446.949951171875,351907768.7525322
2024-06-04 13:59:04.556000+00:00,58.09999847412109,1446.949951171875,351907768.7525322
2024-06-04 14:00:06.571000+00:00,58.09999847412109,1446.949951171875,351907768.7525322
2024-06-04 14:01:05.165000+00:00,58.09999847412109,1449.280029296875,352474459.1161648
2024-06-04 14:02:04.757000+00:00,58.0,1449.280029296875,351867799.7529297
2024-06-04 14:03:04.259000+00:00,58.0,1450.43994140625,352149412.4941406
2024-06-04 14:04:04.771000+00:00,58.0,1448.1099853515625,351583727.12353516
2024-06-04 14:05:04.876000+00:00,58.0,1446.949951171875,351302084.7451172
2024-06-04 14:06:04.969000+00:00,58.0,1449.280029296875,351867799.7529297
2024-06-04 14:07:04.749000+00:00,58.09999847412109,1453.9599609375,353612649.3488214
2024-06-04 14:08:05.101000+00:00,58.47999954223633,1446.949951171875,354209409.5703642
2024-06-04 14:09:03.895000+00:00,58.79999923706055,1433.1199951171875,352743565.03725564
2024-06-04 14:10:04.510000+00:00,59.0,1417.3199462890625,350041176.4147949
2024-06-04 14:11:04.592000+00:00,59.29999923706055,1409.550048828125,349892322.20896566
2024-06-04 14:12:04.994000+00:00,59.59999847412109,1359.52001953125,339180659.1010638
2024-06-04 14:13:05.177000+00:00,59.79999923706055,1342.280029296875,336003291.0308836
2024-06-04 14:14:04.784000+00:00,59.970001220703125,1313.8699951171875,329826598.893342
2024-06-04 14:15:05.325000+00:00,60.09999847412109,1280.22998046875,322078457.9871052
2024-06-04 14:16:04.488000+00:00,60.20000076293945,1247.4000244140625,314341317.41605264
2024-06-04 14:17:05.181000+00:00,60.34999847412109,1195.219970703125,301942556.9866107
2024-06-04 14:18:04.352000+00:00,60.5,1162.7900390625,294480065.7626953
2024-06-04 14:19:04.395000+00:00,60.5,1120.0999755859375,283668679.1170654
2024-06-04 14:20:05.205000+00:00,60.5,1068.8800048828125,270697067.8765869
2024-06-04 14:21:04.846000+00:00,60.5,1030.949951171875,261091167.98413086
2024-06-04 14:22:04.899000+00:00,60.29999923706055,1005.030029296875,253685455.65926537
2024-06-04 14:23:04.503000+00:00,60.29999923706055,967.219970703125,244141599.59202972
2024-06-04 14:24:04.856000+00:00,60.0099983215332,934.0900268554688,234645145.59056926
2024-06-04 14:25:04.684000+00:00,60.0,893.2999877929688,224361224.93408203
2024-06-04 14:26:05.350000+00:00,60.09999847412109,870.4099731445312,218976516.9101438
2024-06-04 14:27:04.573000+00:00,60.09999847412109,824.9299926757812,207534727.38628393
2024-06-04 14:28:04.575000+00:00,60.09999847412109,788.0900268554688,198266580.59647083
2024-06-04 14:29:04.692000+00:00,60.0,764.97998046875,192132371.89453125
2024-06-04 14:30:04.804000+00:00,59.9900016784668,734.0900268554688,184343327.2942574
2024-06-04 14:31:04.987000+00:00,59.869998931884766,689.1300048828125,172706878.17911997
2024-06-04 14:32:04.335000+00:00,54.40999984741211,0.0,0.0
2024-06-04 14:33:04.356000+00:00,51.5099983215332,0.0,0.0
2024-06-04 14:34:03.771000+00:00,50.90999984741211,0.0,0.0
2024-06-04 14:35:05.060000+00:00,54.709999084472656,0.0,0.0
2024-06-04 14:36:04.855000+00:00,57.68999862670898,0.0,0.0
2024-06-04 14:37:04.782000+00:00,58.70000076293945,878.9099731445312,215964179.3700662
2024-06-04 14:38:04.515000+00:00,59.0,835.27001953125,206289977.80371094
2024-06-04 14:39:05.041000+00:00,59.20000076293945,768.5700073242188,190460258.25357822
2024-06-04 14:40:05.012000+00:00,59.220001220703125,754.719970703125,187091250.61636937
2024-06-04 14:41:04.580000+00:00,59.29999923706055,730.8200073242188,181411301.9200954
2024-06-04 14:42:04.865000+00:00,59.310001373291016,698.219970703125,173348235.18540087
2024-06-04 14:43:04.097000+00:00,59.29999923706055,678.989990234375,168545547.3094146
2024-06-04 14:44:04.264000+00:00,59.29999923706055,657.4099731445312,163188744.05212542
2024-06-04 14:45:04.692000+00:00,59.20000076293945,628.489990234375,155746860.67515495
2024-06-04 14:46:04.329000+00:00,59.20000076293945,601.4000244140625,149033663.65074807
2024-06-04 14:47:04.547000+00:00,59.20000076293945,590.9400024414062,146441553.02027196
2024-06-04 14:48:04.615000+00:00,59.09999847412109,558.8300170898438,138250407.31646964
2024-06-04 14:49:05.036000+00:00,59.09999847412109,538.760009765625,133285236.15070586
2024-06-04 14:50:05.129000+00:00,59.0,543.47998046875,134225424.69628906
2024-06-04 14:51:03.836000+00:00,59.0,515.6099853515625,127342260.5222168
2024-06-04 14:52:04.795000+00:00,58.29999923706055,531.2899780273438,129658023.4429475
2024-06-04 14:53:04.919000+00:00,58.59999847412109,515.6099853515625,126478919.86937346
2024-06-04 14:54:04.500000+00:00,58.59999847412109,516.2100219726562,126626108.60868047
2024-06-04 14:55:04.995000+00:00,58.29999923706055,516.3499755859375,126012008.5228508
2024-06-04 14:56:04.947000+00:00,58.5,522.5,127950322.5
2024-06-04 14:57:04.410000+00:00,58.61000061035156,511.9500122070313,125602564.74988818
2024-06-04 14:58:04.227000+00:00,58.79999923706055,503.7799987792969,123998795.19463572
2024-06-04 14:59:04.160000+00:00,58.79999923706055,466.3200073242188,114778512.8894901
2024-06-04 15:00:06.115000+00:00,58.79999923706055,466.3200073242188,114778512.8894901
2024-06-04 15:01:04.619000+00:00,58.900001525878906,445.1000061035156,109741812.88785496
2024-06-04 15:02:04.253000+00:00,58.79999923706055,426.5400085449219,104987191.41299403
2024-06-04 15:03:04.592000+00:00,58.79999923706055,416.8299865722656,102597197.70772527
2024-06-04 15:04:04.428000+00:00,58.79999923706055,416.0899963378906,102415058.88176824
2024-06-04 15:05:04.783000+00:00,58.79999923706055,393.1799926757813,96776063.96555525
2024-06-04 15:06:04.643000+00:00,58.709999084472656,393.1799926757813,96627937.08397757
2024-06-04 15:07:04.318000+00:00,58.70000076293945,382.0,93864353.61997986
2024-06-04 15:08:04.396000+00:00,58.70000076293945,365.3299865722656,89768227.87330271
2024-06-04 15:09:04.638000+00:00,58.70000076293945,365.3299865722656,89768227.87330271
2024-06-04 15:10:04.320000+00:00,58.650001525878906,366.0799865722656,89875897.15364505
2024-06-04 15:11:04.922000+00:00,58.61000061035156,366.0799865722656,89814599.31772938
2024-06-04 15:12:03.950000+00:00,58.59999847412109,350.19000244140625,85901465.28609717
2024-06-04 15:13:05.015000+00:00,58.59999847412109,336.8900146484375,82638983.68542846
2024-06-04 15:14:04.679000+00:00,58.59999847412109,336.8900146484375,82638983.68542846
2024-06-04 15:15:04.793000+00:00,58.5,336.760009765625,82466127.95141602
2024-06-04 15:16:05.084000+00:00,58.5,336.760009765625,82466127.95141602
2024-06-04 15:17:04.662000+00:00,58.5,326.8599853515625,80041800.07287598
2024-06-04 15:18:04.941000+00:00,58.470001220703125,326.8599853515625,80000754.66612536
2024-06-04 15:19:05.179000+00:00,58.400001525878906,308.5899963378906,75438653.09181781
2024-06-04 15:20:04.858000+00:00,58.400001525878906,308.5899963378906,75438653.09181781
2024-06-04 15:21:04.697000+00:00,58.400001525878906,309.3800048828125,75631780.48177597
2024-06-04 15:22:05.159000+00:00,58.400001525878906,309.3800048828125,75631780.48177597
2024-06-04 15:23:04.520000+00:00,58.400001525878906,308.8500061035156,75502215.70480672
2024-06-04 15:24:04.709000+00:00,58.400001525878906,308.8500061035156,75502215.70480672
2024-06-04 15:25:04.309000+00:00,58.38999938964844,308.4800109863281,75398850.07633892
2024-06-04 15:26:04.780000+00:00,58.400001525878906,308.4800109863281,75411765.8081075
2024-06-04 15:27:04.805000+00:00,58.400001525878906,308.9599914550781,75529102.98851703
2024-06-04 15:28:05.062000+00:00,58.400001525878906,308.9599914550781,75529102.98851703
2024-06-04 15:29:04.697000+00:00,58.5,282.5299987792969,69186228.631073
2024-06-04 15:30:04.807000+00:00,58.5,282.5299987792969,69186228.631073
2024-06-04 15:31:04.626000+00:00,58.5,282.260009765625,69120113.45141602
2024-06-04 15:32:05.093000+00:00,58.5,282.260009765625,69120113.45141602
2024-06-04 15:33:04.317000+00:00,58.5,276.5,67709596.5
2024-06-04 15:34:04.301000+00:00,58.400001525878906,276.5,67593855.3660965
2024-06-04 15:35:04.669000+00:00,58.400001525878906,257.9200134277344,63051747.13799618
2024-06-04 15:36:04.071000+00:00,58.400001525878906,257.9200134277344,63051747.13799618
2024-06-04 15:37:04.213000+00:00,58.400001525878906,257.9200134277344,63051747.13799618
2024-06-04 15:38:04.419000+00:00,58.380001068115234,257.7300109863281,62983721.033568844
2024-06-04 15:39:05.113000+00:00,58.369998931884766,257.7300109863281,62972930.15062
2024-06-04 15:40:04.909000+00:00,58.29999923706055,258.2099914550781,63014546.6880287
2024-06-04 15:41:04.127000+00:00,58.29999923706055,258.2099914550781,63014546.6880287
2024-06-04 15:42:04.409000+00:00,58.29999923706055,258.25,63024310.52523613
2024-06-04 15:43:04.536000+00:00,58.29999923706055,258.25,63024310.52523613
2024-06-04 15:44:04.113000+00:00,58.29999923706055,258.25,63024310.52523613
2024-06-04 15:45:04.827000+00:00,58.209999084472656,257.5799865722656,62763757.05575456
2024-06-04 15:46:05.069000+00:00,58.20000076293945,257.5799865722656,62752976.5672896
2024-06-04 15:47:04.408000+00:00,58.20000076293945,257.9200134277344,62835815.67904448
2024-06-04 15:48:04.590000+00:00,58.20000076293945,257.9200134277344,62835815.67904448
2024-06-04 15:49:04.263000+00:00,58.20000076293945,258.32000732421875,62933264.27335171
2024-06-04 15:50:04.741000+00:00,58.20000076293945,258.32000732421875,62933264.27335171
2024-06-04 15:51:04.345000+00:00,58.20000076293945,258.32000732421875,62933264.27335171
2024-06-04 15:52:04.740000+00:00,58.20000076293945,258.2900085449219,62925955.81464995
2024-06-04 15:53:04.237000+00:00,58.20000076293945,258.2900085449219,62925955.81464995
2024-06-04 15:54:04.874000+00:00,58.09999847412109,257.7699890136719,62691360.96359073
2024-06-04 15:55:04.596000+00:00,58.20000076293945,257.7699890136719,62799265.95068449
2024-06-04 15:56:04.797000+00:00,58.09999847412109,258.1000061035156,62771623.2958456
2024-06-04 15:57:04.448000+00:00,58.09999847412109,258.1000061035156,62771623.2958456
2024-06-04 15:58:04.322000+00:00,58.09999847412109,258.1000061035156,62771623.2958456
2024-06-04 15:59:04.996000+00:00,57.900001525878906,257.6199951171875,62439205.29005936
2024-06-04 16:00:05.128000+00:00,57.72999954223633,257.6199951171875,62255875.609979264
2024-06-04 16:01:05.293000+00:00,57.70000076293945,274.6000061035156,66324744.471175864
2024-06-04 16:02:04.732000+00:00,57.70000076293945,274.6000061035156,66324744.471175864
2024-06-04 16:03:04.633000+00:00,57.79999923706055,288.7900085449219,69872972.67715228
2024-06-04 16:04:04.625000+00:00,57.900001525878906,288.7900085449219,69993862.94162442
2024-06-04 16:05:05.060000+00:00,57.900001525878906,300.8999938964844,72928952.90264186
2024-06-04 16:06:05.425000+00:00,58.0,300.8999938964844,73054907.71813965
2024-06-04 16:07:04.549000+00:00,58.0099983215332,300.20001220703125,72897524.82700779
2024-06-04 16:08:04.457000+00:00,58.09999847412109,300.20001220703125,73010622.37135428
2024-06-04 16:09:04.592000+00:00,58.09999847412109,301.04998779296875,73217342.03826408
2024-06-04 16:10:04.258000+00:00,58.09999847412109,301.04998779296875,73217342.03826408
2024-06-04 16:11:03.869000+00:00,58.09999847412109,300.0,72961978.08380125
2024-06-04 16:12:04.269000+00:00,58.11000061035156,300.0,72974538.76647949
2024-06-04 16:13:04.954000+00:00,58.11000061035156,300.6499938964844,73132648.7824694
2024-06-04 16:14:04.459000+00:00,58.09999847412109,300.6499938964844,73120060.88523425
2024-06-04 16:15:05.424000+00:00,58.09999847412109,301.4100036621094,73304900.27144428
2024-06-04 16:16:04.732000+00:00,58.09999847412109,301.4100036621094,73304900.27144428
2024-06-04 16:17:04.503000+00:00,53.27000045776367,0.0,0.0
2024-06-04 16:18:04.576000+00:00,55.27999877929688,0.0,0.0
2024-06-04 16:19:04.609000+00:00,56.66999816894531,0.0,0.0
2024-06-04 16:20:04.654000+00:00,57.29999923706055,571.6099853515625,137105111.71892747
2024-06-04 16:21:04.252000+00:00,57.70000076293945,535.8699951171875,129429860.54603256
2024-06-04 16:22:04.214000+00:00,57.900001525878906,505.0499877929688,122408665.73730966
2024-06-04 16:23:04.279000+00:00,58.09999847412109,505.0499877929688,122831487.13524896
2024-06-04 16:24:04.233000+00:00,58.09999847412109,503.2200012207031,122386422.33465128
2024-06-04 16:25:04.620000+00:00,58.20000076293945,503.0700073242188,122560532.75500113
2024-06-04 16:26:05.091000+00:00,58.20000076293945,491.0,119619974.7680893
2024-06-04 16:27:04.650000+00:00,58.20000076293945,483.4800109863281,117787915.91661936
2024-06-04 16:28:04.351000+00:00,58.220001220703125,483.4800109863281,117828393.78958292
2024-06-04 16:29:04.957000+00:00,58.29999923706055,484.6499938964844,118275824.63266535
2024-06-04 16:30:05.232000+00:00,57.02000045776367,462.6099853515625,110418398.31927982
2024-06-04 16:31:04.812000+00:00,57.58000183105469,474.55999755859375,114383142.9017532
2024-06-04 16:32:04.759000+00:00,57.79999923706055,486.6199951171875,117738095.56049858
2024-06-04 16:33:04.752000+00:00,58.0,486.6199951171875,118145495.37451172
2024-06-04 16:34:04.913000+00:00,58.09999847412109,486.489990234375,118317573.35156386
2024-06-04 16:35:04.363000+00:00,58.20000076293945,487.1400146484375,118679585.05249031
2024-06-04 16:36:04.373000+00:00,58.20000076293945,487.9400024414063,118874482.24110478
2024-06-04 16:37:04.660000+00:00,58.29999923706055,478.8500061035156,116860373.59023885
2024-06-04 16:38:04.512000+00:00,58.29999923706055,478.8500061035156,116860373.59023885
2024-06-04 16:39:05.304000+00:00,58.29999923706055,474.6799926757813,115842707.68060118
2024-06-04 16:40:04.212000+00:00,58.29999923706055,475.6900024414063,116089194.29861577
2024-06-04 16:41:04.284000+00:00,58.29999923706055,473.6799926757813,115598663.88379484
2024-06-04 16:42:04.964000+00:00,58.29999923706055,474.80999755859375,115874434.56580609
2024-06-04 16:43:04.186000+00:00,58.29999923706055,474.80999755859375,115874434.56580609
2024-06-04 16:44:04.548000+00:00,58.29999923706055,475.30999755859375,115996456.46420926
2024-06-04 16:45:04.579000+00:00,58.29999923706055,474.1799926757813,115720685.78219801
2024-06-04 16:46:04.439000+00:00,58.290000915527344,472.5700073242188,115308000.38399969
2024-06-04 16:47:04.699000+00:00,58.20000076293945,468.8699951171875,114228547.83183731
2024-06-04 16:48:04.943000+00:00,58.20000076293945,468.8699951171875,114228547.83183731
2024-06-04 16:49:04.139000+00:00,58.20000076293945,469.3599853515625,114347921.80224983
2024-06-04 16:50:04.770000+00:00,58.20000076293945,469.4800109863281,114377163.07190806
2024-06-04 16:51:04.489000+00:00,58.11000061035156,469.7300109863281,114261102.98833546
2024-06-04 16:52:04.841000+00:00,58.09999847412109,469.7300109863281,114241435.88962732
2024-06-04 16:53:04.841000+00:00,58.09999847412109,470.3399963378906,114389788.34913447
2024-06-04 16:54:04.639000+00:00,58.09999847412109,469.1199951171875,114093076.00804396
2024-06-04 16:55:04.384000+00:00,58.09999847412109,469.3599853515625,114151443.2154466
2024-06-04 16:56:05.108000+00:00,58.0,470.8299865722656,114311870.77990723
2024-06-04 16:57:04.523000+00:00,58.0,470.8299865722656,114311870.77990723
2024-06-04 16:58:04.272000+00:00,58.0,472.80999755859375,114792593.68725586
2024-06-04 16:59:04.708000+00:00,58.0,473.1900024414063,114884854.31274416
2024-06-04 17:00:06.223000+00:00,58.0,473.30999755859375,114913987.68725586
2024-06-04 17:01:04.794000+00:00,57.900001525878906,483.4800109863281,117180763.2628957
2024-06-04 17:02:04.629000+00:00,57.900001525878906,483.4800109863281,117180763.2628957
2024-06-04 17:03:04.949000+00:00,56.400001525878906,485.8299865722656,114699798.96499683
2024-06-04 17:04:04.751000+00:00,57.0,508.1900024414063,121255150.96252444
2024-06-04 17:05:04.803000+00:00,55.40999984741211,0.0,0.0
2024-06-04 17:06:05.150000+00:00,54.29999923706055,0.0,0.0
2024-06-04 17:07:04.109000+00:00,56.0,0.0,0.0
2024-06-04 17:08:04.508000+00:00,56.5,765.6300048828125,181078386.8248291
2024-06-04 17:09:04.150000+00:00,57.20000076293945,761.739990234375,182390416.30246857
2024-06-04 17:10:04.555000+00:00,57.5,760.1400146484375,182961900.82580566
2024-06-04 17:11:04.520000+00:00,57.70000076293945,760.1300048828125,183595874.7929567
2024-06-04 17:12:04.434000+00:00,57.70000076293945,759.1699829101562,183363998.5707867
2024-06-04 17:13:04.838000+00:00,57.70000076293945,758.2100219726562,183132137.09057248
2024-06-04 17:14:04.249000+00:00,57.70000076293945,759.489990234375,183441290.64484337
2024-06-04 17:15:05.167000+00:00,57.70000076293945,765.3099975585938,184847009.83646518
2024-06-04 17:16:04.586000+00:00,57.70000076293945,770.8800048828125,186192345.9772886
2024-06-04 17:17:04.932000+00:00,57.70000076293945,770.219970703125,186032926.46768555
2024-06-04 17:18:04.897000+00:00,57.61000061035156,770.8800048828125,185901924.15186262
2024-06-04 17:19:04.278000+00:00,57.70000076293945,792.9500122070312,191522963.47080746
2024-06-04 17:20:04.650000+00:00,57.70000076293945,789.8200073242188,190766966.49545482
2024-06-04 17:21:04.439000+00:00,57.61000061035156,813.3699951171875,196148617.40078783
2024-06-04 17:22:04.861000+00:00,57.650001525878906,826.0700073242188,199349615.04688272
2024-06-04 17:23:04.976000+00:00,57.59999847412109,824.9299926757812,198901835.01293188
2024-06-04 17:24:05.026000+00:00,57.650001525878906,860.4199829101562,207639050.98961493
2024-06-04 17:25:04.724000+00:00,57.59999847412109,858.3699951171875,206964674.17199582
2024-06-04 17:26:04.957000+00:00,57.59999847412109,861.6599731445312,207757932.5970754
2024-06-04 17:27:04.463000+00:00,57.59999847412109,877.6199951171875,211606110.84903973
2024-06-04 17:28:04.581000+00:00,57.59999847412109,891.530029296875,214960009.17737928
2024-06-04 17:29:04.829000+00:00,57.59999847412109,892.4099731445312,215172175.60066503
2024-06-04 17:30:04.901000+00:00,57.59999847412109,921.1900024414062,222111431.88871253
2024-06-04 17:31:04.125000+00:00,57.59999847412109,921.6599731445312,222224748.21383566
2024-06-04 17:32:04.892000+00:00,57.59999847412109,920.719970703125,221998100.8471835
2024-06-04 17:33:04.109000+00:00,57.59999847412109,945.8699951171876,228062113.61310455
2024-06-04 17:34:04.502000+00:00,57.59999847412109,953.9000244140624,229998262.83368906
2024-06-04 17:35:04.431000+00:00,57.5,966.7000122070312,232679859.4381714
2024-06-04 17:36:04.955000+00:00,57.5099983215332,987.3800048828124,237698755.06487978
2024-06-04 17:37:04.341000+00:00,57.5,1013.510009765625,243946791.8005371
2024-06-04 17:38:04.544000+00:00,57.5,1014.6599731445312,244223582.23602295
2024-06-04 17:39:05.010000+00:00,57.5,1015.7999877929688,244497978.0618286
2024-06-04 17:40:04.791000+00:00,57.5,1042.8699951171875,251013593.47473145
2024-06-04 17:41:04.413000+00:00,57.400001525878906,1059.449951171875,254560827.0148094
2024-06-04 17:42:04.302000+00:00,57.400001525878906,1072.7099609375,257746894.5099547
2024-06-04 17:43:03.757000+00:00,57.400001525878906,1068.8800048828125,256826646.43251297
2024-06-04 17:44:04.171000+00:00,57.400001525878906,1100.239990234375,264361711.0171457
2024-06-04 17:45:04.590000+00:00,57.400001525878906,1112.47998046875,267302691.88487732
2024-06-04 17:46:04.622000+00:00,57.400001525878906,1125.699951171875,270479138.93797
2024-06-04 17:47:04.630000+00:00,57.36000061035156,1150.1600341796875,276163732.5790295
2024-06-04 17:48:05.028000+00:00,57.400001525878906,1148.68994140625,276003091.1743654
2024-06-04 17:49:04.116000+00:00,57.29999923706055,1177.199951171875,282360586.6886116
2024-06-04 17:50:04.719000+00:00,57.29999923706055,1186.4300537109375,284574498.7479277
2024-06-04 17:51:04.482000+00:00,57.29999923706055,1208.199951171875,289796178.389608
2024-06-04 17:52:05.006000+00:00,57.29999923706055,1230.3499755859375,295109034.4447716
2024-06-04 17:53:04.923000+00:00,57.29999923706055,1232.8800048828125,295715881.6977755
2024-06-04 17:54:04.529000+00:00,57.20000076293945,1264.0400390625,302660739.7580136
2024-06-04 17:55:04.656000+00:00,57.29999923706055,1271.18994140625,304904818.66807777
2024-06-04 17:56:04.541000+00:00,57.20000076293945,1286.6300048828125,308069663.17420137
2024-06-04 17:57:04.426000+00:00,57.29999923706055,1296.8299560546875,311054776.0917342
2024-06-04 17:58:04.510000+00:00,57.20000076293945,1294.030029296875,309841519.12351817
2024-06-04 17:59:03.863000+00:00,57.20000076293945,1312.9100341796875,314362132.44895124
2024-06-04 18:00:06.296000+00:00,57.20000076293945,1327.4300537109375,317838794.3558702
2024-06-04 18:01:05.122000+00:00,57.20000076293945,1335.31005859375,319725576.446173
2024-06-04 18:02:04.603000+00:00,56.83000183105469,1349.3199462890625,320990245.1065453
2024-06-04 18:03:05.177000+00:00,57.0,1360.5400390625,324627574.4003906
2024-06-04 18:04:04.231000+00:00,57.11000061035156,1374.050048828125,328483788.3465756
2024-06-04 18:05:05.111000+00:00,57.20000076293945,1384.6099853515625,331529911.6265697
2024-06-04 18:06:04.930000+00:00,57.20000076293945,1386.75,332042315.0288143
2024-06-04 18:07:04.291000+00:00,57.09999847412109,1407.3499755859375,336385626.58532864
2024-06-04 18:08:04.848000+00:00,57.09999847412109,1413.97998046875,337970334.28807336
2024-06-04 18:09:04.615000+00:00,57.09999847412109,1413.97998046875,337970334.28807336
2024-06-04 18:10:04.537000+00:00,57.09999847412109,1437.699951171875,343639895.7660095
2024-06-04 18:11:04.775000+00:00,57.09999847412109,1443.4599609375,345016656.719404
2024-06-04 18:12:04.227000+00:00,57.040000915527344,1448.010009765625,345740544.6954827
2024-06-04 18:13:04.913000+00:00,57.09999847412109,1451.6099853515625,346964680.39281094
2024-06-04 18:14:04.825000+00:00,57.0,1450.43994140625,346077870.89941406
2024-06-04 18:15:05.107000+00:00,57.0,1456.31005859375,347478492.60058594
2024-06-04 18:16:04.630000+00:00,57.0,1449.27001953125,345798725.2001953
2024-06-04 18:17:04.632000+00:00,57.0,1450.43994140625,346077870.89941406
2024-06-04 18:18:04.487000+00:00,57.0,1451.6099853515625,346357045.7248535
2024-06-04 18:19:05.039000+00:00,57.0,1452.780029296875,346636220.55029297
2024-06-04 18:20:04.595000+00:00,57.0,1455.1300048828125,347196929.4250488
2024-06-04 18:21:04.417000+00:00,57.0,1453.9599609375,346917754.5996094
2024-06-04 18:22:04.240000+00:00,56.9900016784668,1451.6099853515625,346296291.5299685
2024-06-04 18:23:04.493000+00:00,56.900001525878906,1446.949951171875,344639468.2420967
2024-06-04 18:24:04.737000+00:00,56.900001525878906,1450.43994140625,345470726.0043787
2024-06-04 18:25:04.172000+00:00,56.900001525878906,1450.43994140625,345470726.0043787
2024-06-04 18:26:04.514000+00:00,56.900001525878906,1455.1300048828125,346587821.29939914
2024-06-04 18:27:04.634000+00:00,56.900001525878906,1455.1300048828125,346587821.29939914
2024-06-04 18:28:04.347000+00:00,56.900001525878906,1449.280029296875,345194454.1870578
2024-06-04 18:29:04.818000+00:00,56.900001525878906,1453.9599609375,346309136.2468817
2024-06-04 18:30:04.927000+00:00,56.79999923706055,1451.6099853515625,345141753.2091618
2024-06-04 18:31:04.272000+00:00,56.79999923706055,1445.780029296875,343755594.8924292
2024-06-04 18:32:05.051000+00:00,56.79999923706055,1451.6099853515625,345141753.2091618
2024-06-04 18:33:04.334000+00:00,56.79999923706055,1456.31005859375,346259265.16856545
2024-06-04 18:34:04.064000+00:00,56.79999923706055,1450.43994140625,344863557.9482501
2024-06-04 18:35:04.556000+00:00,56.79999923706055,1449.280029296875,344587771.68125135
2024-06-04 18:36:04.459000+00:00,56.79999923706055,1452.6400146484375,345386657.9156379
2024-06-04 18:37:04.185000+00:00,56.79999923706055,1455.1300048828125,345978689.9377638
2024-06-04 18:38:04.303000+00:00,56.70000076293945,1452.7900390625,344814199.80906
2024-06-04 18:39:04.669000+00:00,56.70000076293945,1453.9599609375,345091876.32412446
2024-06-04 18:40:04.522000+00:00,56.70000076293945,1451.6099853515625,344534118.5412044
2024-06-04 18:41:04.288000+00:00,56.70000076293945,1455.1300048828125,345369581.8121141
2024-06-04 18:42:04.729000+00:00,56.70000076293945,1452.7900390625,344814199.80906
2024-06-04 18:43:04.291000+00:00,56.70000076293945,1452.7900390625,344814199.80906
2024-06-04 18:44:04.392000+00:00,56.70000076293945,1457.489990234375,345929715.3749001
2024-06-04 18:45:04.399000+00:00,56.70000076293945,1448.1099853515625,343703406.83002657
2024-06-04 18:46:04.747000+00:00,56.70000076293945,1451.6099853515625,344534118.5412044
2024-06-04 18:47:04.660000+00:00,56.68000030517578,1456.31005859375,345527738.01128477
2024-06-04 18:48:04.519000+00:00,56.59999847412109,1450.43994140625,343649244.99708617
2024-06-04 18:49:04.162000+00:00,56.59999847412109,1449.280029296875,343374429.8122097
2024-06-04 18:50:05.106000+00:00,56.59999847412109,1453.9599609375,344483234.75409484
2024-06-04 18:51:04.740000+00:00,56.59999847412109,1450.43994140625,343649244.99708617
2024-06-04 18:52:05.681000+00:00,56.59999847412109,1453.9599609375,344483234.75409484
2024-06-04 18:53:03.760000+00:00,56.59999847412109,1455.1300048828125,344760450.4504788
2024-06-04 18:54:04.408000+00:00,56.5099983215332,1455.1300048828125,344212243.8429999
2024-06-04 18:55:04.464000+00:00,56.5,1449.280029296875,342767770.4489746
2024-06-04 18:56:04.742000+00:00,56.59000015258789,1453.9599609375,344422382.20574284
2024-06-04 18:57:04.211000+00:00,56.5,1453.9599609375,343874616.4013672
2024-06-04 18:58:04.121000+00:00,56.5,1456.31005859375,344430435.6479492
2024-06-04 18:59:04.088000+00:00,56.5,1456.31005859375,344430435.6479492
2024-06-04 19:00:06.440000+00:00,56.5,1452.7900390625,343597919.3486328
2024-06-04 19:01:05.021000+00:00,56.5,1451.6099853515625,343318826.0255127
2024-06-04 19:02:04.627000+00:00,56.5,1452.780029296875,343595551.9489746
2024-06-04 19:03:04.830000+00:00,56.5,1452.7900390625,343597919.3486328
2024-06-04 19:04:04.739000+00:00,56.400001525878906,1457.489990234375,344099404.0998979
2024-06-04 19:05:04.883000+00:00,56.400001525878906,1450.43994140625,342434955.2070154
2024-06-04 19:06:04.508000+00:00,56.400001525878906,1451.6099853515625,342711191.3575552
2024-06-04 19:07:04.160000+00:00,56.400001525878906,1453.9599609375,343265998.04863954
2024-06-04 19:08:03.903000+00:00,56.400001525878906,1451.6099853515625,342711191.3575552
2024-06-04 19:09:04.411000+00:00,56.400001525878906,1452.780029296875,342987427.5080951
2024-06-04 19:10:04.343000+00:00,56.400001525878906,1452.7900390625,342989790.71772933
2024-06-04 19:11:04.459000+00:00,56.400001525878906,1456.31005859375,343820833.5593535
2024-06-04 19:12:04.518000+00:00,56.400001525878906,1450.469970703125,342442044.8359181
2024-06-04 19:13:05.725000+00:00,56.400001525878906,1450.43994140625,342434955.2070154
2024-06-04 19:14:05.083000+00:00,56.29999923706055,1451.6099853515625,342103533.509821
2024-06-04 19:15:04.478000+00:00,56.209999084472656,1451.6099853515625,341556653.0367486
2024-06-04 19:16:04.778000+00:00,56.29999923706055,1451.6099853515625,342103533.509821
2024-06-04 19:17:04.720000+00:00,56.29999923706055,1448.1099853515625,341278682.2209988
2024-06-04 19:18:04.823000+00:00,56.29999923706055,1450.43994140625,341827787.15088683
2024-06-04 19:19:04.509000+00:00,56.29999923706055,1450.43994140625,341827787.15088683
2024-06-04 19:20:04.016000+00:00,56.29999923706055,1453.9599609375,342657356.4786099
2024-06-04 19:21:04.288000+00:00,56.29999923706055,1456.31005859375,343211208.21592873
2024-06-04 19:22:04.417000+00:00,56.27999877929688,1446.949951171875,340884153.4589594
2024-06-04 19:23:04.434000+00:00,56.20000076293945,1451.6099853515625,341495898.8418636
2024-06-04 19:24:04.241000+00:00,56.20000076293945,1451.030029296875,341359462.3222868
2024-06-04 19:25:04.498000+00:00,56.20000076293945,1453.9599609375,342048738.12588227
2024-06-04 19:26:05.465000+00:00,56.20000076293945,1452.7900390625,341773510.25730217
2024-06-04 19:27:04.307000+00:00,56.20000076293945,1451.6099853515625,341495898.8418636
2024-06-04 19:28:04.666000+00:00,56.20000076293945,1446.949951171875,340399610.8741001
2024-06-04 19:29:04.038000+00:00,56.18999862670898,1455.1300048828125,342263069.95773804
2024-06-04 19:30:05.257000+00:00,55.900001525878906,1451.6099853515625,339672971.6582144
2024-06-04 19:31:04.306000+00:00,56.09999847412109,1451.6099853515625,340888240.9941293
2024-06-04 19:32:04.942000+00:00,56.09999847412109,1453.9599609375,341440096.55585265
2024-06-04 19:33:03.940000+00:00,56.09999847412109,1453.9599609375,341440096.55585265
2024-06-04 19:34:04.206000+00:00,56.09999847412109,1455.1300048828125,341714863.35025907
2024-06-04 19:35:04.380000+00:00,56.09999847412109,1453.9599609375,341440096.55585265
2024-06-04 19:36:04.607000+00:00,56.0,1450.469970703125,340013368.65234375
2024-06-04 19:37:04.965000+00:00,56.09999847412109,1453.9599609375,341440096.55585265
2024-06-04 19:38:04.666000+00:00,56.0,1452.780029296875,340554883.34765625
2024-06-04 19:39:05.148000+00:00,56.09999847412109,1456.31005859375,341991980.7839082
2024-06-04 19:40:04.562000+00:00,56.20000076293945,1451.6099853515625,341495898.8418636
2024-06-04 19:41:04.039000+00:00,56.36000061035156,1451.6099853515625,342468128.2184616
2024-06-04 19:42:04.787000+00:00,56.400001525878906,1455.1300048828125,343542234.1991794
2024-06-04 19:43:04.736000+00:00,56.59000015258789,1449.280029296875,343313773.1329148
2024-06-04 19:44:04.909000+00:00,56.70000076293945,1451.6099853515625,344534118.5412044
2024-06-04 19:45:04.522000+00:00,56.79999923706055,1451.6099853515625,345141753.2091618
2024-06-04 19:46:04.711000+00:00,57.0,1455.1300048828125,347196929.4250488
2024-06-04 19:47:04.557000+00:00,57.0,1449.280029296875,345801113.55029297
2024-06-04 19:48:04.275000+00:00,57.09999847412109,1456.31005859375,348088094.6891816
2024-06-04 19:49:04.256000+00:00,57.20000076293945,1452.7900390625,347854889.3608178
2024-06-04 19:50:04.462000+00:00,57.20000076293945,1452.780029296875,347852492.6305124
2024-06-04 19:51:04.155000+00:00,57.290000915527344,1452.7900390625,348402214.408079
2024-06-04 19:52:04.844000+00:00,57.400001525878906,1455.1300048828125,349633408.39961886
2024-06-04 19:53:04.914000+00:00,57.400001525878906,1449.280029296875,348227797.28837615
2024-06-04 19:54:04.647000+00:00,57.5,1452.780029296875,349676889.1516113
2024-06-04 19:55:04.921000+00:00,57.5,1452.22998046875,349544495.1489258
2024-06-04 19:56:04.145000+00:00,57.5,1452.7900390625,349679298.45214844
2024-06-04 19:57:04.423000+00:00,57.59999847412109,1453.9599609375,350569511.1505792
2024-06-04 19:58:04.091000+00:00,57.70000076293945,1452.7900390625,350895578.9125756
2024-06-04 19:59:03.965000+00:00,57.70000076293945,1452.7900390625,350895578.9125756
2024-06-04 20:00:04.978000+00:00,57.70000076293945,1457.489990234375,352030768.4740212
2024-06-04 20:01:05.018000+00:00,57.790000915527344,1457.489990234375,352579864.183889
2024-06-04 20:02:03.966000+00:00,57.79999923706055,1456.31005859375,352355379.0738389
2024-06-04 20:03:04.134000+00:00,57.79999923706055,1453.9599609375,351786771.0733365
2024-06-04 20:04:04.970000+00:00,57.900001525878906,1453.9599609375,352395412.6433661
2024-06-04 20:05:04.911000+00:00,57.97999954223633,1451.6099853515625,352311953.55398834
2024-06-04 20:06:05.058000+00:00,57.959999084472656,1453.9599609375,352760574.3680819
2024-06-04 20:07:04.211000+00:00,58.0,1451.97998046875,352523315.4980469
2024-06-04 20:08:04.286000+00:00,58.08000183105469,1450.43994140625,352635146.93904346
2024-06-04 20:09:04.535000+00:00,58.09999847412109,1451.6099853515625,353041119.7914926
2024-06-04 20:10:04.825000+00:00,58.09999847412109,1448.1099853515625,352189896.71384823
2024-06-04 20:11:04.045000+00:00,58.09999847412109,1450.43994140625,352756557.389176
2024-06-04 20:12:04.008000+00:00,58.09999847412109,1452.780029296875,353325682.19380915
2024-06-04 20:13:04.383000+00:00,58.09999847412109,1452.780029296875,353325682.19380915
2024-06-04 20:14:04.217000+00:00,57.79999923706055,1452.7900390625,351503707.5434791
2024-06-04 20:15:05.243000+00:00,58.09999847412109,1451.6099853515625,353041119.7914926
2024-06-04 20:16:03.949000+00:00,58.20000076293945,1453.9599609375,354221290.918851
2024-06-04 20:17:04.580000+00:00,58.29999923706055,1455.1300048828125,355115451.238423
2024-06-04 20:18:04.466000+00:00,58.29999923706055,1452.780029296875,354541954.2740286
2024-06-04 20:19:04.852000+00:00,58.400001525878906,1452.0799560546875,354978960.323936
2024-06-04 20:20:04.878000+00:00,58.400001525878906,1455.1300048828125,355724582.6000583
2024-06-04 20:21:04.234000+00:00,58.5,1456.31005859375,356622663.4584961
2024-06-04 20:22:04.761000+00:00,58.59999847412109,1453.9599609375,356655787.5470636
2024-06-04 20:23:04.735000+00:00,58.59999847412109,1455.1300048828125,356942798.8513577
2024-06-04 20:24:04.152000+00:00,49.81999969482422,0.0,0.0
2024-06-04 20:25:04.362000+00:00,57.0,1387.8199462890625,331136614.8244629
2024-06-04 20:26:04.938000+00:00,58.09999847412109,1417.3199462890625,344701556.1962565
2024-06-04 20:27:04.315000+00:00,58.29999923706055,1430.8399658203125,349187617.8810363
2024-06-04 20:28:04.829000+00:00,58.5,1430.8399658203125,350385521.67004395
2024-06-04 20:29:04.317000+00:00,58.59999847412109,1436.550048828125,352385143.18180156
2024-06-04 20:30:04.853000+00:00,58.70000076293945,1435.4100341796875,352706374.4447894
2024-06-04 20:31:04.680000+00:00,58.79999923706055,1434.260009765625,353024164.5911343
2024-06-04 20:32:04.573000+00:00,58.70000076293945,1434.260009765625,352423792.5121372
2024-06-04 20:33:04.445000+00:00,58.70000076293945,1438.8499755859375,353551630.66622466
2024-06-04 20:34:04.227000+00:00,58.810001373291016,1443.4599609375,355349047.2451145
2024-06-04 20:35:04.595000+00:00,58.900001525878906,1443.4599609375,355892857.2727835
2024-06-04 20:36:04.650000+00:00,59.0,1440.0,355642560.0
2024-06-04 20:37:04.750000+00:00,58.9900016784668,1443.4599609375,356436667.3004525
2024-06-04 20:38:04.948000+00:00,59.0,1438.8499755859375,355358533.8703613
2024-06-04 20:39:04.848000+00:00,59.08000183105469,1442.31005859375,356696096.2585655
2024-06-04 20:40:04.832000+00:00,59.09999847412109,1441.1500244140625,356529842.3247589
2024-06-04 20:41:04.583000+00:00,59.20000076293945,1443.4599609375,357705549.6818019
2024-06-04 20:42:04.702000+00:00,59.20000076293945,1429.7099609375,354298145.637889
2024-06-04 20:43:04.590000+00:00,59.29999923706055,1427.43994140625,354333126.6085208
2024-06-04 20:44:04.490000+00:00,59.29999923706055,1417.3199462890625,351821042.27690023
2024-06-04 20:45:04.666000+00:00,59.400001525878906,1398.5999755859375,347759655.1028007
2024-06-04 20:46:03.893000+00:00,59.5,1378.25,343276592.75
2024-06-04 20:47:04.105000+00:00,59.5,1360.550048828125,338868119.0114746
2024-06-04 20:48:04.165000+00:00,59.59999847412109,1359.52001953125,339180659.1010638
2024-06-04 20:49:04.455000+00:00,59.619998931884766,1316.75,328620396.2226391
2024-06-04 20:50:04.586000+00:00,59.70000076293945,1298.699951171875,324550576.48525846
2024-06-04 20:51:03.812000+00:00,59.79999923706055,1272.989990234375,318658414.6619384
2024-06-04 20:52:04.938000+00:00,59.84999847412109,1238.8199462890625,310364154.7529353
2024-06-04 20:53:03.776000+00:00,59.900001525878906,1208.050048828125,302908168.22944564
2024-06-04 20:54:04.398000+00:00,60.0,1178.010009765625,295868994.0527344
2024-06-04 20:55:04.837000+00:00,60.09999847412109,1129.93994140625,284268701.3257681
2024-06-04 20:56:04.645000+00:00,60.09999847412109,1102.27001953125,277307541.2950831
2024-06-04 20:57:04.565000+00:00,60.20000076293945,1077.8399658203125,271612656.87707376
2024-06-04 20:58:04.684000+00:00,60.20000076293945,1033.8900146484375,260537392.10126314
2024-06-04 20:59:05.096000+00:00,60.20000076293945,983.0700073242188,247730892.38927844
2024-06-04 21:00:06.840000+00:00,60.29999923706055,961.030029296875,242579160.5997866
2024-06-04 21:01:04.575000+00:00,60.20000076293945,917.4299926757812,231189792.28028104
2024-06-04 21:02:04.630000+00:00,60.20000076293945,664.9400024414062,167563020.90682286
2024-06-04 21:03:04.432000+00:00,60.09999847412109,495.5899963378906,124679834.28719524
2024-06-04 21:04:04.662000+00:00,60.0,495.5899963378906,124472383.48022461
2024-06-04 21:05:04.746000+00:00,59.79999923706055,381.6000061035156,95523180.7891467
2024-06-04 21:06:05.033000+00:00,59.59999847412109,381.4400024414063,95163785.43671288
2024-06-04 21:07:04.275000+00:00,59.5,242.4900054931641,60396258.1981659
2024-06-04 21:08:03.690000+00:00,59.400001525878906,242.4900054931641,60294753.43072993
2024-06-04 21:09:04.166000+00:00,59.29999923706055,242.4900054931641,60193244.79113529
2024-06-04 21:10:04.303000+00:00,59.09999847412109,194.3699951171875,48085697.212523185
2024-06-04 21:11:04.290000+00:00,58.90999984741211,146.27999877929688,36072246.798344105
2024-06-04 21:12:04.489000+00:00,58.79999923706055,117.80999755859376,28997375.43083447
2024-06-04 21:13:04.463000+00:00,58.59999847412109,98.6999969482422,24211069.140975665
2024-06-04 21:14:04.538000+00:00,58.400001525878906,84.5199966430664,20661961.76721299
2024-06-04 21:15:04.902000+00:00,58.290000915527344,73.91999816894531,18036623.24130992
2024-06-04 21:16:04.093000+00:00,58.09999847412109,66.13999938964844,16085683.953100527
2024-06-04 21:17:04.519000+00:00,57.900001525878906,59.459999084472656,14411284.68189477
2024-06-04 21:18:04.264000+00:00,57.70000076293945,54.02999877929688,13049984.643714583
2024-06-04 21:19:04.189000+00:00,57.5,0.0,0.0
2024-06-04 21:20:04.549000+00:00,57.29999923706055,0.0,0.0
2024-06-04 21:21:04.457000+00:00,57.09999847412109,0.0,0.0
2024-06-04 21:22:04.821000+00:00,56.97999954223633,0.0,0.0
2024-06-04 21:23:03.949000+00:00,56.79999923706055,0.0,0.0
2024-06-04 21:24:04.247000+00:00,56.59999847412109,0.0,0.0
2024-06-04 21:25:04.488000+00:00,54.38999938964844,0.0,0.0
2024-06-04 21:26:04.829000+00:00,47.0,0.0,0.0
2024-06-04 21:27:05.608000+00:00,42.20000076293945,0.0,0.0
2024-06-04 21:28:03.951000+00:00,41.20000076293945,0.0,0.0
2024-06-04 21:29:04.469000+00:00,43.09999847412109,0.0,0.0
2024-06-04 21:30:04.813000+00:00,41.20000076293945,0.0,0.0
2024-06-04 21:31:04.526000+00:00,40.900001525878906,0.0,0.0
2024-06-04 21:32:04.983000+00:00,47.29999923706055,0.0,0.0
2024-06-04 21:33:03.765000+00:00,49.790000915527344,0.0,0.0
2024-06-04 21:34:04.931000+00:00,52.18999862670898,693.9099731445312,151596662.04334894
2024-06-04 21:35:04.507000+00:00,54.09999847412109,578.9299926757812,131105987.66152197
2024-06-04 21:36:04.752000+00:00,55.0,576.9199829101562,132824287.66540527
2024-06-04 21:37:04.483000+00:00,55.77999877929688,482.4400024414063,112647364.50005393
2024-06-04 21:38:04.256000+00:00,56.70000076293945,382.3299865722656,90744570.680012
2024-06-04 21:39:04.596000+00:00,57.20000076293945,382.3299865722656,91544787.34190775
2024-06-04 21:40:03.990000+00:00,57.5,279.3299865722656,67233331.11801147
2024-06-04 21:41:04.442000+00:00,57.70000076293945,252.9499969482422,61095570.06073966
2024-06-04 21:42:06.111000+00:00,57.70000076293945,252.9499969482422,61095570.06073966
2024-06-04 21:43:04.503000+00:00,57.79999923706055,213.2100067138672,51586331.0115043
2024-06-04 21:44:04.260000+00:00,57.70000076293945,157.8699951171875,38130687.73882736
2024-06-04 21:45:04.167000+00:00,57.70000076293945,125.3499984741211,30276061.301776957
2024-06-04 21:46:04.289000+00:00,57.59999847412109,103.36000061035156,24921501.18296972
2024-06-04 21:47:04.507000+00:00,57.5,88.33000183105469,21260589.790725708
2024-06-04 21:48:04.983000+00:00,57.5,76.80000305175781,18485376.734542847
2024-06-04 21:49:04.439000+00:00,57.29999923706055,68.19000244140625,16355903.749814339
2024-06-04 21:50:05.165000+00:00,57.20000076293945,61.11000061035156,14632129.853306932
2024-06-04 21:51:04.178000+00:00,57.0,55.52999877929688,13249568.768737795
2024-06-04 21:52:04.731000+00:00,56.900001525878906,50.77000045776367,12092571.65131641
2024-06-04 21:53:04.249000+00:00,56.79999923706055,0.0,0.0
2024-06-04 21:54:04.339000+00:00,56.59999847412109,0.0,0.0
2024-06-04 21:55:04.258000+00:00,56.5,0.0,0.0
2024-06-04 21:56:04.254000+00:00,56.29999923706055,0.0,0.0
2024-06-04 21:57:05.294000+00:00,56.20000076293945,0.0,0.0
2024-06-04 21:58:04.487000+00:00,56.0,0.0,0.0
2024-06-04 21:59:04.271000+00:00,55.79999923706055,0.0,0.0
2024-06-04 22:00:06.165000+00:00,55.70000076293945,0.0,0.0
2024-06-04 22:01:05.194000+00:00,55.5,0.0,0.0
2024-06-04 22:02:04.452000+00:00,55.29999923706055,0.0,0.0
2024-06-04 22:03:04.286000+00:00,54.400001525878906,0.0,0.0
2024-06-04 22:04:04.287000+00:00,54.5,0.0,0.0
2024-06-04 22:05:04.960000+00:00,54.400001525878906,0.0,0.0
2024-06-04 22:06:05.044000+00:00,54.29999923706055,0.0,0.0
2024-06-04 22:07:04.515000+00:00,54.09999847412109,0.0,0.0
2024-06-04 22:08:04.629000+00:00,54.0,0.0,0.0
2024-06-04 22:09:04.049000+00:00,53.900001525878906,0.0,0.0
2024-06-04 22:10:04.831000+00:00,53.900001525878906,0.0,0.0
2024-06-04 22:11:04.882000+00:00,53.90999984741211,0.0,0.0
2024-06-04 22:12:05.037000+00:00,53.79999923706055,0.0,0.0
2024-06-04 22:13:04.982000+00:00,53.900001525878906,0.0,0.0
2024-06-04 22:14:04.203000+00:00,53.90999984741211,0.0,0.0
2024-06-04 22:15:04.653000+00:00,54.20000076293945,0.0,0.0
2024-06-04 22:16:04.987000+00:00,54.29999923706055,0.0,0.0
2024-06-04 22:17:04.091000+00:00,54.5,0.0,0.0
2024-06-04 22:18:04.827000+00:00,52.29999923706055,0.0,0.0
2024-06-04 22:19:04.909000+00:00,50.68000030517578,0.0,0.0
2024-06-04 22:20:03.900000+00:00,45.20000076293945,0.0,0.0
2024-06-04 22:21:03.859000+00:00,48.66999816894531,0.0,0.0
2024-06-04 22:22:04.660000+00:00,52.79999923706055,536.3499755859375,118544498.97106247
2024-06-04 22:23:04.160000+00:00,54.869998931884766,536.030029296875,123118494.42701662
2024-06-04 22:24:04.085000+00:00,55.79999923706055,372.5199890136719,87012770.82012278
2024-06-04 22:25:04.176000+00:00,56.369998931884766,372.5199890136719,87901610.48842762
2024-06-04 22:26:04.523000+00:00,56.59999847412109,239.38999938964844,56718096.490328155
2024-06-04 22:27:04.147000+00:00,56.79999923706055,239.38999938964844,56918514.56234853
2024-06-04 22:28:04.801000+00:00,56.900001525878906,239.38999938964844,57018725.509687096
2024-06-04 22:29:03.946000+00:00,57.0,200.52999877929688,47846858.76873779
2024-06-04 22:30:04.931000+00:00,57.0,148.74000549316406,35489662.79067993
2024-06-04 22:31:03.775000+00:00,56.97999954223633,139.9499969482422,33380632.28992797
2024-06-04 22:32:04.399000+00:00,56.900001525878906,139.9499969482422,33333766.997028638
2024-06-04 22:33:04.368000+00:00,56.79999923706055,139.9499969482422,33275182.58744607
2024-06-04 22:34:04.333000+00:00,56.79999923706055,139.9499969482422,33275182.58744607
2024-06-04 22:35:04.751000+00:00,56.70000076293945,126.86000061035156,30109739.482012913
2024-06-04 22:36:04.164000+00:00,56.59999847412109,104.97000122070312,24870289.790740315
2024-06-04 22:37:04.597000+00:00,56.4900016784668,89.1500015258789,21081046.51819366
2024-06-04 22:38:04.487000+00:00,56.29999923706055,77.69999694824219,18311697.89263902
2024-06-04 22:39:04.996000+00:00,56.040000915527344,68.63999938964844,16101807.44147739
2024-06-04 22:40:04.589000+00:00,55.90999984741211,61.68000030517578,14435541.588826068
2024-06-04 22:41:04.524000+00:00,55.79999923706055,56.0,13080412.621154785
2024-06-04 22:42:04.843000+00:00,55.77000045776367,51.13999938964844,11938797.626305865
2024-06-04 22:43:04.430000+00:00,55.619998931884766,47.16999816894531,10982369.707180895
2024-06-04 22:44:04.162000+00:00,55.59999847412109,43.77999877929688,10189426.68425434
2024-06-04 22:45:04.184000+00:00,55.5,40.75,9467162.25
2024-06-04 22:46:03.828000+00:00,55.400001525878906,38.18999862670898,8856428.961459858
2024-06-04 22:47:04.878000+00:00,55.29999923706055,35.86000061035156,8301080.814762907
2024-06-04 22:48:04.675000+00:00,55.20000076293945,33.86000061035156,7823935.64116971
2024-06-04 22:49:04.360000+00:00,55.09999847412109,32.08000183105469,7399207.30542467
2024-06-04 22:50:04.730000+00:00,55.0,30.420000076293945,7003596.617565155
2024-06-04 22:51:03.844000+00:00,55.0,28.96999931335449,6669762.941913604
2024-06-04 22:52:04.998000+00:00,54.900001525878906,0.0,0.0
2024-06-04 22:53:04.261000+00:00,54.79999923706055,0.0,0.0
2024-06-04 22:54:04.302000+00:00,54.79999923706055,0.0,0.0
2024-06-04 22:55:04.383000+00:00,54.70000076293945,0.0,0.0
2024-06-04 22:56:04.484000+00:00,54.70000076293945,0.0,0.0
2024-06-04 22:57:04.542000+00:00,54.70000076293945,0.0,0.0
2024-06-04 22:58:04.370000+00:00,54.70000076293945,0.0,0.0
2024-06-04 22:59:04.571000+00:00,54.70000076293945,0.0,0.0
2024-06-04 23:00:05.770000+00:00,54.790000915527344,0.0,0.0
2024-06-05 00:00:06.964000+00:00,55.09999847412109,96.62999725341795,22287572.9672971
2024-06-05 00:01:05.111000+00:00,55.09999847412109,96.62999725341795,22287572.9672971
2024-06-05 00:02:04.971000+00:00,55.119998931884766,96.62999725341795,22295663.015829436
2024-06-05 00:03:04.737000+00:00,55.20000076293945,96.62999725341795,22328023.209958773
2024-06-05 00:04:03.997000+00:00,55.20000076293945,97.4000015258789,22505945.9436435
2024-06-05 00:05:04.510000+00:00,55.29999923706055,97.43000030517578,22553661.25348512
2024-06-05 00:06:04.892000+00:00,55.400001525878906,97.43000030517578,22594446.385089085
2024-06-05 00:07:04.321000+00:00,55.400001525878906,97.43000030517578,22594446.385089085
2024-06-05 00:08:04.262000+00:00,55.400001525878906,97.43000030517578,22594446.385089085
2024-06-05 00:09:04.385000+00:00,55.400001525878906,97.43000030517578,22594446.385089085
2024-06-05 00:10:04.215000+00:00,55.400001525878906,97.43000030517578,22594446.385089085
2024-06-05 00:11:04.148000+00:00,55.400001525878906,91.04000091552734,21112577.369817268
2024-06-05 00:12:04.609000+00:00,55.5,91.04000091552734,21150686.13269806
2024-06-05 00:13:04.627000+00:00,55.5,91.04000091552734,21150686.13269806
2024-06-05 00:14:04.778000+00:00,55.5,91.04000091552734,21150686.13269806
2024-06-05 00:15:05.137000+00:00,55.5,91.04000091552734,21150686.13269806
2024-06-05 00:16:04.061000+00:00,55.5,91.04000091552734,21150686.13269806
2024-06-05 00:17:04.426000+00:00,55.41999816894531,91.04000091552734,21120197.95938853
2024-06-05 00:18:04.440000+00:00,55.400001525878906,81.01000213623047,18786576.45683879
2024-06-05 00:19:04.137000+00:00,55.400001525878906,76.5199966430664,17745324.39827073
2024-06-05 00:20:04.515000+00:00,55.400001525878906,76.5199966430664,17745324.39827073
2024-06-05 00:21:04.154000+00:00,55.400001525878906,76.5199966430664,17745324.39827073
2024-06-05 00:22:04.300000+00:00,55.400001525878906,76.5199966430664,17745324.39827073
2024-06-05 00:23:04.116000+00:00,55.400001525878906,76.5199966430664,17745324.39827073
2024-06-05 00:24:04.448000+00:00,55.400001525878906,76.5199966430664,17745324.39827073
2024-06-05 00:25:04.517000+00:00,55.400001525878906,76.5199966430664,17745324.39827073
2024-06-05 00:26:05.062000+00:00,55.29999923706055,76.5199966430664,17713292.39453834
2024-06-05 00:27:04.805000+00:00,55.29999923706055,70.12999725341797,16234098.294233575
2024-06-05 00:28:04.703000+00:00,55.29999923706055,68.77999877929688,15921592.821764316
2024-06-05 00:29:04.427000+00:00,55.29999923706055,68.77999877929688,15921592.821764316
2024-06-05 00:30:04.935000+00:00,55.29999923706055,68.77999877929688,15921592.821764316
2024-06-05 00:31:04.521000+00:00,55.20000076293945,68.77999877929688,15892801.953595791
2024-06-05 00:32:04.616000+00:00,55.20000076293945,68.77999877929688,15892801.953595791
2024-06-05 00:33:04.370000+00:00,55.20000076293945,68.77999877929688,15892801.953595791
2024-06-05 00:34:04.166000+00:00,55.20000076293945,68.77999877929688,15892801.953595791
2024-06-05 00:35:04.685000+00:00,55.20000076293945,68.77999877929688,15892801.953595791
2024-06-05 00:36:04.415000+00:00,55.20000076293945,67.87000274658203,15682531.715399042
2024-06-05 00:37:04.523000+00:00,55.20000076293945,62.400001525878906,14418593.83186524
2024-06-05 00:38:04.105000+00:00,55.09999847412109,62.400001525878906,14392472.593372487
2024-06-05 00:39:05.105000+00:00,55.09999847412109,62.400001525878906,14392472.593372487
2024-06-05 00:40:04.731000+00:00,55.09999847412109,62.400001525878906,14392472.593372487
2024-06-05 00:41:04.932000+00:00,55.09999847412109,62.400001525878906,14392472.593372487
2024-06-05 00:42:04.481000+00:00,55.09999847412109,62.400001525878906,14392472.593372487
2024-06-05 00:43:04.236000+00:00,55.0,62.400001525878906,14366352.3513031
2024-06-05 00:44:04.242000+00:00,55.040000915527344,62.400001525878906,14376800.8467002
2024-06-05 00:45:04.283000+00:00,55.060001373291016,62.400001525878906,14382025.094398752
2024-06-05 00:46:04.303000+00:00,55.0,62.400001525878906,14366352.3513031
2024-06-05 00:47:04.279000+00:00,55.0,62.33000183105469,14350236.32156372
2024-06-05 00:48:04.402000+00:00,55.0,62.33000183105469,14350236.32156372
2024-06-05 00:49:03.858000+00:00,55.0,62.33000183105469,14350236.32156372
2024-06-05 00:50:04.394000+00:00,55.0,62.33000183105469,14350236.32156372
2024-06-05 00:51:04.579000+00:00,55.0,62.33000183105469,14350236.32156372
2024-06-05 00:52:04.998000+00:00,55.0,62.33000183105469,14350236.32156372
2024-06-05 00:53:04.282000+00:00,55.0,62.33000183105469,14350236.32156372
2024-06-05 00:54:04.247000+00:00,55.0,62.33000183105469,14350236.32156372
2024-06-05 00:55:04.484000+00:00,55.0,62.33000183105469,14350236.32156372
2024-06-05 00:56:04.830000+00:00,55.0,68.47000122070312,15763848.38104248
2024-06-05 00:57:04.618000+00:00,55.0,68.47000122070312,15763848.38104248
2024-06-05 00:58:04.053000+00:00,55.0,68.47000122070312,15763848.38104248
2024-06-05 00:59:04.618000+00:00,55.0,68.47000122070312,15763848.38104248
2024-06-05 01:00:06.136000+00:00,55.09999847412109,68.47000122070312,15792509.486213034
2024-06-05 01:01:04.706000+00:00,55.09999847412109,68.47000122070312,15792509.486213034
2024-06-05 01:02:04.416000+00:00,55.06999969482422,68.47000122070312,15783911.373332085
2024-06-05 01:03:04.509000+00:00,55.09999847412109,68.47000122070312,15792509.486213034
2024-06-05 01:04:05.187000+00:00,55.09999847412109,75.4800033569336,17409356.62015641
2024-06-05 01:05:04.899000+00:00,55.09999847412109,75.4800033569336,17409356.62015641
2024-06-05 01:06:05.198000+00:00,55.09999847412109,75.4800033569336,17409356.62015641
2024-06-05 01:07:04.681000+00:00,55.09999847412109,75.4800033569336,17409356.62015641
2024-06-05 01:08:04.036000+00:00,55.09999847412109,75.4800033569336,17409356.62015641
2024-06-05 01:09:04.097000+00:00,55.09999847412109,75.4800033569336,17409356.62015641
2024-06-05 01:10:04.715000+00:00,55.09999847412109,75.4800033569336,17409356.62015641
2024-06-05 01:11:04.808000+00:00,55.09999847412109,77.44999694824219,17863732.871417712
2024-06-05 01:12:04.652000+00:00,55.09999847412109,77.44999694824219,17863732.871417712
2024-06-05 01:13:04.363000+00:00,55.08000183105469,77.44999694824219,17857249.84601017
2024-06-05 01:14:04.542000+00:00,55.09999847412109,77.44999694824219,17863732.871417712
2024-06-05 01:15:04.840000+00:00,55.09999847412109,77.44999694824219,17863732.871417712
2024-06-05 01:16:04.112000+00:00,55.060001373291016,77.44999694824219,17850765.583856076
2024-06-05 01:17:04.115000+00:00,55.040000915527344,77.44999694824219,17844281.321701985
2024-06-05 01:18:04.383000+00:00,55.0,77.44999694824219,17831312.7973938
2024-06-05 01:19:04.889000+00:00,55.09999847412109,80.16999816894531,18491097.327597637
2024-06-05 01:20:04.450000+00:00,55.09999847412109,80.16999816894531,18491097.327597637
2024-06-05 01:21:04.683000+00:00,55.09999847412109,80.16999816894531,18491097.327597637
2024-06-05 01:22:04.784000+00:00,55.09999847412109,80.16999816894531,18491097.327597637
2024-06-05 01:23:03.861000+00:00,55.18000030517578,80.16999816894531,18517945.27107105
2024-06-05 01:24:04.596000+00:00,55.20000076293945,80.16999816894531,18524657.2569394
2024-06-05 01:25:04.598000+00:00,55.20000076293945,90.33000183105467,20872300.887580402
2024-06-05 01:26:05.095000+00:00,55.20000076293945,90.33000183105467,20872300.887580402
2024-06-05 01:27:04.632000+00:00,55.20000076293945,90.33000183105467,20872300.887580402
2024-06-05 01:28:05.147000+00:00,55.20000076293945,90.33000183105467,20872300.887580402
2024-06-05 01:29:04.781000+00:00,55.20000076293945,90.33000183105467,20872300.887580402
2024-06-05 01:30:05.007000+00:00,55.20000076293945,90.33000183105467,20872300.887580402
2024-06-05 01:31:04.374000+00:00,55.20000076293945,90.33000183105467,20872300.887580402
2024-06-05 01:32:04.413000+00:00,55.20000076293945,88.30999755859375,20405544.149903603
2024-06-05 01:33:04.428000+00:00,55.20000076293945,88.30999755859375,20405544.149903603
2024-06-05 01:34:04.724000+00:00,55.15999984741211,88.30999755859375,20390757.185473382
2024-06-05 01:35:04.080000+00:00,55.20000076293945,88.30999755859375,20405544.149903603
2024-06-05 01:36:04.373000+00:00,55.20000076293945,88.30999755859375,20405544.149903603
2024-06-05 01:37:04.450000+00:00,55.09999847412109,88.30999755859375,20368576.738828048
2024-06-05 01:38:04.585000+00:00,55.09999847412109,88.30999755859375,20368576.738828048
2024-06-05 01:39:04.907000+00:00,55.09999847412109,82.91999816894531,19125380.96003248
2024-06-05 01:40:04.667000+00:00,55.09999847412109,82.01000213623047,18915491.654893693
2024-06-05 01:41:04.408000+00:00,55.09000015258789,82.01000213623047,18912059.292411633
2024-06-05 01:42:04.229000+00:00,55.02000045776367,82.01000213623047,18888028.826350648
2024-06-05 01:43:04.407000+00:00,55.0,82.01000213623047,18881162.79182434
2024-06-05 01:44:03.851000+00:00,55.09999847412109,82.01000213623047,18915491.654893693
2024-06-05 01:45:04.805000+00:00,55.09999847412109,82.01000213623047,18915491.654893693
2024-06-05 01:46:04.003000+00:00,55.09999847412109,87.26000213623047,20126396.771360215
2024-06-05 01:47:04.127000+00:00,55.09999847412109,87.26000213623047,20126396.771360215
2024-06-05 01:48:04.323000+00:00,55.09999847412109,87.26000213623047,20126396.771360215
2024-06-05 01:49:04.603000+00:00,55.09999847412109,87.26000213623047,20126396.771360215
2024-06-05 01:50:04.687000+00:00,55.09999847412109,87.26000213623047,20126396.771360215
2024-06-05 01:51:04.683000+00:00,55.09999847412109,87.26000213623047,20126396.771360215
2024-06-05 01:52:04.824000+00:00,55.09999847412109,87.26000213623047,20126396.771360215
2024-06-05 01:53:04.507000+00:00,55.09999847412109,91.44000244140624,21090507.96304954
2024-06-05 01:54:04.356000+00:00,55.09999847412109,91.44000244140624,21090507.96304954
2024-06-05 01:55:04.603000+00:00,55.09999847412109,91.44000244140624,21090507.96304954
2024-06-05 01:56:04.375000+00:00,55.09999847412109,91.44000244140624,21090507.96304954
2024-06-05 01:57:04.443000+00:00,55.09999847412109,91.44000244140624,21090507.96304954
2024-06-05 01:58:04.250000+00:00,55.09999847412109,91.44000244140624,21090507.96304954
2024-06-05 01:59:04.603000+00:00,55.09999847412109,91.44000244140624,21090507.96304954
2024-06-05 02:00:06.229000+00:00,55.09999847412109,91.23999786376952,21044377.188501533
2024-06-05 02:01:04.777000+00:00,55.20000076293945,91.23999786376952,21082571.12577715
2024-06-05 02:02:04.150000+00:00,55.5,211.0399932861328,49029444.36021423
2024-06-05 02:03:04.263000+00:00,55.79999923706055,211.0399932861328,49294467.70979201
2024-06-05 02:04:04.764000+00:00,56.09999847412109,304.0,71389716.45825194
2024-06-05 02:05:04.925000+00:00,56.29999923706055,304.0,71644226.22912598
2024-06-05 02:06:04.833000+00:00,56.5,328.95001220703125,77799638.43707275
2024-06-05 02:07:04.640000+00:00,56.70000076293945,328.95001220703125,78075036.43784848
2024-06-05 02:08:04.164000+00:00,56.79999923706055,362.3900146484375,86163588.19753067
2024-06-05 02:09:03.759000+00:00,57.0,381.5400085449219,91036209.11883545
2024-06-05 02:10:04.784000+00:00,57.0,381.6000061035156,91050524.65631104
2024-06-05 02:11:04.384000+00:00,57.09999847412109,399.3800048828125,95460045.84412123
2024-06-05 02:12:04.813000+00:00,57.09999847412109,422.4400024414063,100971860.14928307
2024-06-05 02:13:05.090000+00:00,57.09999847412109,422.4400024414063,100971860.14928307
2024-06-05 02:14:04.451000+00:00,57.09999847412109,440.6400146484375,105322037.87076552
2024-06-05 02:15:04.913000+00:00,57.09999847412109,465.9599914550781,111374033.75734782
2024-06-05 02:16:04.951000+00:00,57.09999847412109,492.3399963378906,117679398.18394282
2024-06-05 02:17:04.389000+00:00,57.02000045776367,520.0800170898438,124135674.33327833
2024-06-05 02:18:04.753000+00:00,57.0,520.0800170898438,124092132.2376709
2024-06-05 02:19:04.984000+00:00,57.0,535.8699951171875,127859652.57495117
2024-06-05 02:20:04.693000+00:00,57.0,566.9299926757812,135270630.11242676
2024-06-05 02:21:04.547000+00:00,56.900001525878906,600.0,142910043.83239746
2024-06-05 02:22:04.385000+00:00,56.79999923706055,653.9000244140625,155474406.43646735
2024-06-05 02:23:04.788000+00:00,56.70000076293945,700.3900146484375,166234910.73156175
2024-06-05 02:24:04.515000+00:00,56.59999847412109,715.7100219726562,169571453.23045325
2024-06-05 02:25:04.486000+00:00,56.400001525878906,749.3800048828125,176921429.89132187
2024-06-05 02:26:05.150000+00:00,56.20000076293945,823.0700073242188,193629855.6756554
2024-06-05 02:27:04.811000+00:00,56.09999847412109,855.510009765625,200903345.47488263
2024-06-05 02:28:04.593000+00:00,56.0,903.1599731445312,211715148.26464844
2024-06-05 02:29:04.754000+00:00,56.0,954.9099731445312,223846176.26464844
2024-06-05 02:30:04.642000+00:00,55.900001525878906,1014.0800170898438,237292093.86824182
2024-06-05 02:31:04.438000+00:00,55.900001525878906,1055.949951171875,247089549.84904554
2024-06-05 02:32:04.898000+00:00,55.900001525878906,1071.4300537109375,250711853.6937961
2024-06-05 02:33:03.730000+00:00,55.869998931884766,1113.1700439453125,260339099.16984183
2024-06-05 02:34:04.367000+00:00,55.810001373291016,1145.77001953125,267675554.7576727
2024-06-05 02:35:04.377000+00:00,55.900001525878906,1192.8399658203125,279121458.2371034
2024-06-05 02:36:04.670000+00:00,55.900001525878906,1229.510009765625,287702153.4124159
2024-06-05 02:37:04.510000+00:00,55.900001525878906,1263.1600341796875,295576171.8501769
2024-06-05 02:38:04.415000+00:00,55.900001525878906,1286.6300048828125,301068084.12269473
2024-06-05 02:39:04.681000+00:00,55.900001525878906,1325.47998046875,310158877.64801514
2024-06-05 02:40:04.732000+00:00,55.900001525878906,1351.3499755859375,316212389.40868986
2024-06-05 02:41:04.588000+00:00,55.880001068115234,1375.0999755859375,321654701.8054681
2024-06-05 02:42:04.766000+00:00,55.810001373291016,1397.510009765625,326487218.87177247
2024-06-05 02:43:04.743000+00:00,55.79999923706055,1416.2099609375,330796618.70092857
2024-06-05 02:44:04.527000+00:00,55.79999923706055,1429.7099609375,333949932.4578141
2024-06-05 02:45:04.927000+00:00,55.79999923706055,1436.550048828125,335547631.95735586
2024-06-05 02:46:04.043000+00:00,55.79999923706055,1443.4599609375,337161640.9139012
2024-06-05 02:47:04.146000+00:00,55.79999923706055,1443.4599609375,337161640.9139012
2024-06-05 02:48:04.398000+00:00,55.79999923706055,1444.6199951171875,337432600.30184686
2024-06-05 02:49:04.160000+00:00,55.79999923706055,1449.27001953125,338518747.40960366
2024-06-05 02:50:04.876000+00:00,55.79999923706055,1449.280029296875,338521085.4786146
2024-06-05 02:51:03.961000+00:00,55.77999877929688,1448.1099853515625,338126549.47881794
2024-06-05 02:52:05.344000+00:00,55.790000915527344,1444.6199951171875,337372138.6588409
2024-06-05 02:53:04.634000+00:00,55.70000076293945,1451.6099853515625,338457679.14252275
2024-06-05 02:54:04.266000+00:00,55.70000076293945,1452.780029296875,338730486.82655734
2024-06-05 02:55:04.445000+00:00,55.70000076293945,1449.280029296875,337914426.1153795
2024-06-05 02:56:04.723000+00:00,55.70000076293945,1457.489990234375,339828662.275779
2024-06-05 02:57:04.994000+00:00,55.63999938964844,1453.9599609375,338640414.9856223
2024-06-05 02:58:04.258000+00:00,55.59999847412109,1450.43994140625,337577703.4023596
2024-06-05 02:59:04.654000+00:00,55.5,1446.949951171875,336159753.5061035
2024-06-05 03:00:06.778000+00:00,55.59999847412109,1445.780029296875,336493148.03192866
2024-06-05 03:01:04.498000+00:00,55.5099983215332,1449.280029296875,336761740.9256329
2024-06-05 03:02:04.369000+00:00,55.59999847412109,1450.5,337591681.5351791
2024-06-05 03:03:05.011000+00:00,55.59999847412109,1449.280029296875,337307743.609573
2024-06-05 03:04:04.671000+00:00,55.59999847412109,1448.1099853515625,337035425.71714413
2024-06-05 03:05:04.561000+00:00,55.66999816894531,1452.780029296875,338548030.9355251
2024-06-05 03:06:05.449000+00:00,55.70000076293945,1450.43994140625,338184871.45848817
2024-06-05 03:07:04.800000+00:00,55.70000076293945,1448.1099853515625,337641618.4313449
2024-06-05 03:08:04.154000+00:00,55.79999923706055,1450.43994140625,338792016.35352355
2024-06-05 03:09:05.247000+00:00,55.79999923706055,1453.9599609375,339614218.28036773
2024-06-05 03:10:04.617000+00:00,55.9900016784668,1455.1300048828125,341044853.7064386
2024-06-05 03:11:04.206000+00:00,56.0,1453.9599609375,340831478.203125
2024-06-05 03:12:04.034000+00:00,56.06999969482422,1450.43994140625,340431335.3634309
2024-06-05 03:13:04.583000+00:00,56.09999847412109,1451.6099853515625,340888240.9941293
2024-06-05 03:14:04.518000+00:00,56.20000076293945,1449.68994140625,341044202.3534562
2024-06-05 03:15:04.973000+00:00,56.27000045776367,1445.780029296875,340548023.62277
2024-06-05 03:16:03.767000+00:00,56.29999923706055,1446.949951171875,341005294.88151515
2024-06-05 03:17:04.535000+00:00,56.400001525878906,1442.31005859375,340515567.86993086
2024-06-05 03:18:04.521000+00:00,56.5,1446.949951171875,342216686.001709
2024-06-05 03:19:04.069000+00:00,56.5,1445.780029296875,341939988.9489746
2024-06-05 03:20:04.570000+00:00,56.59999847412109,1448.1099853515625,343097214.1158258
2024-06-05 03:21:04.217000+00:00,56.70000076293945,1445.780029296875,343150400.6068384
2024-06-05 03:22:03.558000+00:00,56.79999923706055,1444.6199951171875,343479779.6014074
2024-06-05 03:23:04.430000+00:00,56.79999923706055,1445.780029296875,343755594.8924292
2024-06-05 03:24:04.769000+00:00,56.900001525878906,1446.93994140625,344637084.082023
2024-06-05 03:25:04.777000+00:00,57.0,1446.93994140625,345242763.89941406
2024-06-05 03:26:04.758000+00:00,57.09999847412109,1449.280029296875,346407772.9135281
2024-06-05 03:27:04.113000+00:00,57.09999847412109,1445.780029296875,345571200.83588374
2024-06-05 03:28:04.708000+00:00,57.20000076293945,1440.0,344792452.59887695
2024-06-05 03:29:04.462000+00:00,57.11000061035156,1446.949951171875,345911418.52088654
2024-06-05 03:30:05.117000+00:00,57.29999923706055,1445.780029296875,346781612.49374753
2024-06-05 03:31:04.402000+00:00,57.29999923706055,1441.1500244140625,345671069.72335356
2024-06-05 03:32:04.228000+00:00,57.400001525878906,1440.0,345998025.1977539
2024-06-05 03:33:04.543000+00:00,57.400001525878906,1442.31005859375,346553077.7752043
2024-06-05 03:34:03.706000+00:00,57.400001525878906,1446.93994140625,347665529.3793863
2024-06-05 03:35:04.666000+00:00,57.5,1443.4599609375,347433595.29785156
2024-06-05 03:36:04.344000+00:00,57.56999969482422,1444.6199951171875,348136110.430248
2024-06-05 03:37:04.103000+00:00,57.59999847412109,1442.31005859375,347760561.33124095
2024-06-05 03:38:04.326000+00:00,57.59999847412109,1442.31005859375,347760561.33124095
2024-06-05 03:39:04.503000+00:00,57.59999847412109,1442.31005859375,347760561.33124095
2024-06-05 03:40:04.430000+00:00,57.59999847412109,1442.31005859375,347760561.33124095
2024-06-05 03:41:04.706000+00:00,57.70000076293945,1436.550048828125,346973098.29142344
2024-06-05 03:42:05.013000+00:00,57.70000076293945,1445.780029296875,349202435.8094751
2024-06-05 03:43:04.204000+00:00,57.70000076293945,1442.31005859375,348364326.14053184
2024-06-05 03:44:04.636000+00:00,57.79999923706055,1434.260009765625,347020352.1902554
2024-06-05 03:45:04.642000+00:00,57.79999923706055,1438.8499755859375,348130898.0777939
2024-06-05 03:46:04.399000+00:00,57.79999923706055,1440.0,348409147.40112305
2024-06-05 03:47:04.876000+00:00,57.880001068115234,1436.550048828125,348055511.85735804
2024-06-05 03:48:04.081000+00:00,57.88999938964844,1441.1500244140625,349230336.5051599
2024-06-05 03:49:04.573000+00:00,57.900001525878906,1443.4599609375,349850533.87629914
2024-06-05 03:50:04.824000+00:00,57.900001525878906,1440.0,349011945.1977539
2024-06-05 03:51:04.581000+00:00,57.90999984741211,1441.1500244140625,349350992.3467337
2024-06-05 03:52:04.753000+00:00,58.0,1441.1500244140625,349893932.1274414
2024-06-05 03:53:04.500000+00:00,58.040000915527344,1434.260009765625,348461277.2436661
2024-06-05 03:54:04.747000+00:00,58.09999847412109,1442.31005859375,350779316.2838777
2024-06-05 03:55:04.759000+00:00,58.09999847412109,1438.8499755859375,349937801.2819305
2024-06-05 03:56:04.999000+00:00,58.20000076293945,1436.550048828125,349979797.5436207
2024-06-05 03:57:04.694000+00:00,58.20000076293945,1436.550048828125,349979797.5436207
2024-06-05 03:58:04.201000+00:00,58.20000076293945,1435.4100341796875,349702061.2432513
2024-06-05 03:59:04.237000+00:00,58.29999923706055,1436.550048828125,350581128.2183422
2024-06-05 04:00:05.206000+00:00,58.29999923706055,1434.260009765625,350022258.39069486
2024-06-05 04:01:04.395000+00:00,58.29999923706055,1433.1199951171875,349744044.8874754
2024-06-05 04:02:04.693000+00:00,58.400001525878906,1435.4100341796875,350903791.10808474
2024-06-05 04:03:04.802000+00:00,58.5,1431.97998046875,350664689.59716797
2024-06-05 04:04:04.658000+00:00,58.5,1437.699951171875,352065401.7429199
2024-06-05 04:05:04.533000+00:00,58.59999847412109,1433.1199951171875,351543752.40043896
2024-06-05 04:06:04.965000+00:00,58.70000076293945,1437.699951171875,353269048.73357236
2024-06-05 04:07:04.046000+00:00,58.70000076293945,1444.6199951171875,354969429.49783576
2024-06-05 04:08:04.414000+00:00,55.5,0.0,0.0
2024-06-05 04:09:04.612000+00:00,55.9900016784668,0.0,0.0
2024-06-05 04:10:04.877000+00:00,58.29999923706055,1457.489990234375,355691391.0240257
2024-06-05 04:11:04.019000+00:00,58.400001525878906,1451.6099853515625,354864070.1549185
2024-06-05 04:12:04.731000+00:00,58.70000076293945,1443.4599609375,354684387.9835597
2024-06-05 04:13:04.924000+00:00,58.900001525878906,1444.6199951171875,356178869.9713795
2024-06-05 04:14:04.622000+00:00,59.0,1438.8499755859375,355358533.8703613
2024-06-05 04:15:04.862000+00:00,59.20000076293945,1435.4100341796875,355710687.6463275
2024-06-05 04:16:04.308000+00:00,59.20000076293945,1441.1500244140625,357133121.5326279
2024-06-05 04:17:04.547000+00:00,59.29999923706055,1436.550048828125,356594526.7227367
2024-06-05 04:18:04.184000+00:00,59.29999923706055,1434.260009765625,356026070.79157376
2024-06-05 04:19:04.404000+00:00,59.400001525878906,1435.4100341796875,356912417.5111609
2024-06-05 04:20:05.003000+00:00,59.400001525878906,1427.43994140625,354930666.6442865
2024-06-05 04:21:04.570000+00:00,58.790000915527344,1461.0400390625,359554566.34996974
2024-06-05 04:22:04.283000+00:00,59.29999923706055,1407.3499755859375,349346198.47509843
2024-06-05 04:23:04.183000+00:00,59.400001525878906,1385.6800537109375,344547137.1179332
2024-06-05 04:24:04.685000+00:00,58.470001220703125,1428.5699462890625,349650244.50315404
2024-06-05 04:25:03.715000+00:00,59.29999923706055,1350.3399658203125,335194615.3350501
2024-06-05 04:26:04.835000+00:00,59.5,1334.72998046875,332437192.04541016
2024-06-05 04:27:04.845000+00:00,59.5,1311.949951171875,326763438.4885254
2024-06-05 04:28:04.627000+00:00,59.59999847412109,1291.25,322148272.75236124
2024-06-05 04:29:04.259000+00:00,59.59999847412109,1270.2900390625,316919064.4557707
2024-06-05 04:30:04.965000+00:00,59.79999923706055,1243.0899658203125,311173756.92603254
2024-06-05 04:31:04.435000+00:00,59.79999923706055,1212.93994140625,303626518.49092513
2024-06-05 04:32:04.157000+00:00,59.900001525878906,1185.77001953125,297321642.3491963
2024-06-05 04:33:04.126000+00:00,59.9900016784668,1141.4100341796875,286628772.7801572
2024-06-05 04:34:04.480000+00:00,60.0,1109.739990234375,278722295.9472656
2024-06-05 04:35:04.071000+00:00,60.09999847412109,1065.0899658203125,267953835.6720419
2024-06-05 04:36:04.598000+00:00,60.09999847412109,1048.949951171875,263893353.4859001
2024-06-05 04:37:04.536000+00:00,60.18999862670898,1000.5599975585938,252096428.62345925
2024-06-05 04:38:04.059000+00:00,60.20000076293945,950.75,239586340.93637657
2024-06-05 04:39:04.416000+00:00,60.20000076293945,927.8400268554688,233813091.77871272
2024-06-05 04:40:04.581000+00:00,60.20000076293945,872.5399780273438,219877634.13755214
2024-06-05 04:41:04.302000+00:00,60.20000076293945,845.469970703125,213056068.001417
2024-06-05 04:42:04.975000+00:00,60.09999847412109,821.1699829101562,206588789.41747808
2024-06-05 04:43:04.238000+00:00,60.09999847412109,765.02001953125,192462660.59920987
2024-06-05 04:44:04.686000+00:00,60.0099983215332,719.1400146484375,180649304.2273924
2024-06-05 04:45:04.751000+00:00,59.900001525878906,680.27001953125,170571861.42040145
2024-06-05 04:46:04.428000+00:00,59.900001525878906,656.6900024414062,164659374.7726568
2024-06-05 04:47:04.548000+00:00,59.79999923706055,618.97998046875,154944799.8780684
2024-06-05 04:48:04.332000+00:00,59.70000076293945,590.3599853515625,147533441.7367057
2024-06-05 04:49:04.503000+00:00,59.0,552.6599731445312,136492644.20739746
2024-06-05 04:50:04.430000+00:00,57.40999984741211,0.0,0.0
2024-06-05 04:51:04.558000+00:00,58.09999847412109,592.489990234375,144097472.274507
2024-06-05 04:52:04.944000+00:00,58.59999847412109,584.0399780273438,143264769.26366064
2024-06-05 04:53:04.194000+00:00,58.900001525878906,570.8900146484375,140756019.56411377
2024-06-05 04:54:04.571000+00:00,59.0,530.3499755859375,130982654.87036133
2024-06-05 04:55:04.818000+00:00,55.2599983215332,0.0,0.0
2024-06-05 04:56:04.904000+00:00,56.91999816894531,0.0,0.0
2024-06-05 04:57:04.184000+00:00,57.9900016784668,748.4400024414062,181680926.8728278
2024-06-05 04:58:05.148000+00:00,58.5,690.7100219726562,169141760.89068604
2024-06-05 04:59:03.451000+00:00,58.79999923706055,644.7000122070312,158684395.90564403
2024-06-05 05:00:06.758000+00:00,58.900001525878906,573.97998046875,141517867.34266388
2024-06-05 05:01:04.400000+00:00,59.0,528.7899780273438,130597376.0333252
2024-06-05 05:02:04.231000+00:00,59.0,510.7799987792969,126149379.41851807
2024-06-05 05:03:04.375000+00:00,59.0,482.4400024414063,119150137.16296388
2024-06-05 05:04:04.134000+00:00,59.09999847412109,462.2300109863281,114352281.26352106
2024-06-05 05:05:04.261000+00:00,59.060001373291016,461.4200134277344,114074639.2993911
2024-06-05 05:06:04.767000+00:00,59.0,419.6799926757813,103650046.51110841
2024-06-05 05:07:04.474000+00:00,59.0,398.1400146484375,98330231.9777832
2024-06-05 05:08:03.675000+00:00,59.0,398.1400146484375,98330231.9777832
2024-06-05 05:09:04.604000+00:00,59.0,371.4400024414063,91736023.16296388
2024-06-05 05:10:04.955000+00:00,58.900001525878906,371.4400024414063,91580540.75045145
2024-06-05 05:11:04.423000+00:00,58.900001525878906,359.42999267578125,88619407.91197197
2024-06-05 05:12:04.408000+00:00,58.86000061035156,347.3599853515625,85585319.06388238
2024-06-05 05:13:05.949000+00:00,58.810001373291016,347.3599853515625,85512617.72829957
2024-06-05 05:14:04.705000+00:00,58.79999923706055,330.5799865722656,81367898.98317884
2024-06-05 05:15:05.062000+00:00,58.79999923706055,330.5799865722656,81367898.98317884
2024-06-05 05:16:04.421000+00:00,58.77000045776367,306.3299865722656,75360614.30621582
2024-06-05 05:17:04.644000+00:00,58.70000076293945,306.3299865722656,75270853.8848765
2024-06-05 05:18:04.963000+00:00,58.70000076293945,283.69000244140625,69707797.66390866
2024-06-05 05:19:04.065000+00:00,58.59999847412109,283.69000244140625,69589042.31085455
2024-06-05 05:20:04.991000+00:00,58.59999847412109,278.82000732421875,68394434.48771277
2024-06-05 05:21:04.274000+00:00,58.59999847412109,278.8099975585937,68391979.0962728
2024-06-05 05:22:04.703000+00:00,58.59999847412109,278.8099975585937,68391979.0962728
2024-06-05 05:23:04.615000+00:00,58.58000183105469,256.6300048828125,62929754.448759526
2024-06-05 05:24:04.466000+00:00,58.5,256.6300048828125,62843812.22570801
2024-06-05 05:25:04.950000+00:00,58.5,248.5800018310547,60872519.4283905
2024-06-05 05:26:04.821000+00:00,58.400001525878906,248.5800018310547,60768465.427386306
2024-06-05 05:27:04.611000+00:00,58.400001525878906,248.5800018310547,60768465.427386306
2024-06-05 05:28:04.944000+00:00,58.400001525878906,233.97999572753903,57199312.80205117
2024-06-05 05:29:04.327000+00:00,58.29999923706055,233.97999572753903,57101366.53407877
2024-06-05 05:30:04.738000+00:00,58.29999923706055,233.63999938964844,57018392.5368797
2024-06-05 05:31:04.675000+00:00,58.29999923706055,233.63999938964844,57018392.5368797
2024-06-05 05:32:04.366000+00:00,58.29999923706055,233.63999938964844,57018392.5368797
2024-06-05 05:33:04.186000+00:00,58.29999923706055,234.19000244140625,57152617.36988575
2024-06-05 05:34:04.376000+00:00,58.290000915527344,234.19000244140625,57142815.82181703
2024-06-05 05:35:04.855000+00:00,58.20000076293945,234.17999267578125,57052148.299528085
2024-06-05 05:36:04.271000+00:00,58.20000076293945,218.38999938964844,53205307.976767376
2024-06-05 05:37:04.470000+00:00,58.20000076293945,218.38999938964844,53205307.976767376
2024-06-05 05:38:04.664000+00:00,58.15999984741211,213.2899932861328,51927103.85962159
2024-06-05 05:39:04.982000+00:00,58.09999847412109,212.69000244140625,51727610.989245065
2024-06-05 05:40:04.736000+00:00,58.09999847412109,212.69000244140625,51727610.989245065
2024-06-05 05:41:04.602000+00:00,56.45000076293945,230.3600006103516,54433999.77191847
2024-06-05 05:42:04.337000+00:00,56.5,230.3600006103516,54482213.384353645
2024-06-05 05:43:05.065000+00:00,56.79999923706055,414.8399963378906,98634347.4364195
2024-06-05 05:44:04.135000+00:00,57.0099983215332,381.5199890136719,91047400.16479714
2024-06-05 05:45:04.539000+00:00,57.29999923706055,381.5199890136719,91510544.00239664
2024-06-05 05:46:04.846000+00:00,57.59999847412109,368.8500061035156,88934750.47567424
2024-06-05 05:47:04.884000+00:00,57.79999923706055,382.8999938964844,92642958.62039538
2024-06-05 05:48:04.175000+00:00,57.9900016784668,382.8999938964844,92947498.21467425
2024-06-05 05:49:04.013000+00:00,58.09999847412109,370.6000061035156,90132365.07727107
2024-06-05 05:50:04.695000+00:00,58.20000076293945,370.6000061035156,90287501.79054232
2024-06-05 05:51:04.598000+00:00,58.22999954223633,353.9800109863281,86282903.10403
2024-06-05 05:52:04.755000+00:00,58.29999923706055,357.07000732421875,87140720.31306835
2024-06-05 05:53:04.288000+00:00,58.29999923706055,357.07000732421875,87140720.31306835
2024-06-05 05:54:04.586000+00:00,58.31999969482422,345.2200012207031,84277702.31140047
2024-06-05 05:55:03.927000+00:00,58.310001373291016,345.2200012207031,84263253.82768652
2024-06-05 05:56:04.268000+00:00,58.400001525878906,333.2699890136719,81471983.49096096
2024-06-05 05:57:04.594000+00:00,58.400001525878906,333.2699890136719,81471983.49096096
2024-06-05 05:58:04.429000+00:00,58.29999923706055,331.9200134277344,81003020.31291415
2024-06-05 05:59:04.881000+00:00,58.33000183105469,331.79998779296875,81015399.84659562
2024-06-05 06:00:05.831000+00:00,58.29999923706055,305.3399963378906,74516332.02313139
2024-06-05 06:01:05.119000+00:00,58.29999923706055,305.3399963378906,74516332.02313139
2024-06-05 06:02:04.093000+00:00,58.29999923706055,305.54998779296875,74567579.13512555
2024-06-05 06:03:04.174000+00:00,58.29999923706055,305.54998779296875,74567579.13512555
2024-06-05 06:04:04.515000+00:00,58.20000076293945,304.8800048828125,74276453.13926063
2024-06-05 06:05:04.742000+00:00,58.20000076293945,304.8800048828125,74276453.13926063
2024-06-05 06:06:05.070000+00:00,58.20000076293945,306.5400085449219,74680871.86874425
2024-06-05 06:07:04.492000+00:00,58.20000076293945,306.7799987792969,74739339.53835836
2024-06-05 06:08:04.511000+00:00,58.20000076293945,306.79998779296875,74744209.36587581
2024-06-05 06:09:04.164000+00:00,58.11000061035156,306.3299865722656,74514298.26817647
2024-06-05 06:10:04.835000+00:00,58.09999847412109,306.3299865722656,74501472.55565593
2024-06-05 06:11:04.395000+00:00,58.09999847412109,305.9100036621094,74399329.9427013
2024-06-05 06:12:04.050000+00:00,58.09999847412109,305.9100036621094,74399329.9427013
2024-06-05 06:13:04.742000+00:00,58.0099983215332,306.3299865722656,74386065.60085166
2024-06-05 06:14:04.869000+00:00,58.0,306.3299865722656,74373244.77990723
2024-06-05 06:15:05.084000+00:00,57.900001525878906,307.79998779296875,74601300.32740898
2024-06-05 06:16:04.896000+00:00,57.900001525878906,307.79998779296875,74601300.32740898
2024-06-05 06:17:04.724000+00:00,57.900001525878906,321.7699890136719,77987201.23050106
2024-06-05 06:18:04.801000+00:00,57.79999923706055,321.7699890136719,77852505.23022372
2024-06-05 06:19:04.652000+00:00,57.79999923706055,322.2300109863281,77963807.91305631
2024-06-05 06:20:04.743000+00:00,57.70000076293945,322.2300109863281,77828924.48864657
2024-06-05 06:21:04.513000+00:00,57.70000076293945,325.9700012207031,78732252.56987795
2024-06-05 06:22:03.983000+00:00,57.5,325.9700012207031,78459349.44381714
2024-06-05 06:23:04.794000+00:00,57.400001525878906,337.1400146484375,81006791.16909805
2024-06-05 06:24:04.204000+00:00,57.400001525878906,366.2300109863281,87996430.95098698
2024-06-05 06:25:04.841000+00:00,57.29999923706055,366.2300109863281,87843123.55954069
2024-06-05 06:26:04.991000+00:00,57.2599983215332,382.4100036621094,91659988.75853592
2024-06-05 06:27:04.567000+00:00,57.20000076293945,404.0400085449219,96743017.7043575
2024-06-05 06:28:05.152000+00:00,57.20000076293945,404.0400085449219,96743017.7043575
2024-06-05 06:29:04.782000+00:00,57.20000076293945,431.6499938964844,103353930.59712438
2024-06-05 06:30:05.060000+00:00,57.20000076293945,446.9800109863281,107024537.67406183
2024-06-05 06:31:04.416000+00:00,57.38999938964844,448.7699890136719,107810050.72992787
2024-06-05 06:32:04.492000+00:00,57.5,448.7699890136719,108016692.50564575
2024-06-05 06:33:05.012000+00:00,57.59999847412109,467.0499877929688,112612100.95351677
2024-06-05 06:34:04.637000+00:00,56.5,463.55999755859375,109636111.46258545
2024-06-05 06:35:04.421000+00:00,56.900001525878906,612.0399780273438,145777766.81177878
2024-06-05 06:36:04.738000+00:00,56.5,618.5599975585938,146295006.46258545
2024-06-05 06:37:03.825000+00:00,57.16999816894531,628.489990234375,150406209.87950605
2024-06-05 06:38:04.346000+00:00,57.5,603.8200073242188,145336456.66290283
2024-06-05 06:39:04.815000+00:00,57.70000076293945,603.8200073242188,145841976.7014332
2024-06-05 06:40:04.895000+00:00,57.84000015258789,605.0399780273438,146491214.99607807
2024-06-05 06:41:03.961000+00:00,57.900001525878906,608.1099853515625,147387256.1678656
2024-06-05 06:42:04.225000+00:00,57.93000030517578,605.4500122070312,146818589.3745855
2024-06-05 06:43:04.500000+00:00,58.0,607.489990234375,147491279.74902344
2024-06-05 06:44:04.443000+00:00,57.900001525878906,605.25,146694083.21593094
2024-06-05 06:45:04.808000+00:00,58.0,604.8400268554688,146847900.44018555
2024-06-05 06:46:04.294000+00:00,57.900001525878906,608.9299926757812,147586000.85626975
2024-06-05 06:47:04.937000+00:00,57.93999862670898,608.3099975585938,147537581.0513405
2024-06-05 06:48:04.597000+00:00,58.0,606.469970703125,147243631.2470703
2024-06-05 06:49:04.544000+00:00,57.900001525878906,615.8099975585938,149253503.55565894
2024-06-05 06:50:04.827000+00:00,57.900001525878906,618.97998046875,150021810.4318515
2024-06-05 06:51:04.145000+00:00,57.900001525878906,619.6199951171875,150176930.4022725
2024-06-05 06:52:04.504000+00:00,57.900001525878906,617.9199829101562,149764899.4528031
2024-06-05 06:53:04.161000+00:00,57.79999923706055,618.3400268554688,149607862.19493154
2024-06-05 06:54:04.276000+00:00,57.79999923706055,618.77001953125,149711899.2654577
2024-06-05 06:55:04.659000+00:00,57.79999923706055,635.3699951171875,153728276.585441
2024-06-05 06:56:04.307000+00:00,57.79999923706055,639.6599731445312,154766240.18743846
2024-06-05 06:57:05.114000+00:00,57.79999923706055,651.469970703125,157623678.5070211
2024-06-05 06:58:04.133000+00:00,57.720001220703125,669.6400146484375,161795691.62986463
2024-06-05 06:59:04.548000+00:00,57.70000076293945,669.3900146484375,161679245.0338765
2024-06-05 07:00:06.496000+00:00,57.70000076293945,677.2000122070312,163565610.9511408
2024-06-05 07:01:04.687000+00:00,57.70000076293945,673.9099731445312,162770960.56778196
2024-06-05 07:02:04.571000+00:00,57.70000076293945,708.3800048828125,171096583.27768457
2024-06-05 07:03:04.556000+00:00,57.70000076293945,707.6500244140625,170920269.48677903
2024-06-05 07:04:04.509000+00:00,57.70000076293945,727.8599853515625,175801625.8784713
2024-06-05 07:05:04.985000+00:00,57.70000076293945,727.8599853515625,175801625.8784713
2024-06-05 07:06:04.906000+00:00,57.70000076293945,726.97998046875,175589076.36030442
2024-06-05 07:07:04.591000+00:00,57.70000076293945,749.6900024414062,181074278.0019366
2024-06-05 07:08:04.353000+00:00,57.70000076293945,759.489990234375,183441290.64484337
2024-06-05 07:09:04.099000+00:00,57.68999862670898,758.2100219726562,183100391.63894096
2024-06-05 07:10:04.410000+00:00,57.59999847412109,773.8599853515625,186588162.02116406
2024-06-05 07:11:04.677000+00:00,57.59999847412109,793.2999877929688,191275410.86965063
2024-06-05 07:12:04.177000+00:00,57.5099983215332,822.6699829101562,198046982.72191435
2024-06-05 07:13:04.849000+00:00,57.5,822.6699829101562,198012551.53656006
2024-06-05 07:14:04.735000+00:00,57.5,841.9099731445312,202643520.98602295
2024-06-05 07:15:04.696000+00:00,57.5,862.47998046875,207594618.89892578
2024-06-05 07:16:04.362000+00:00,57.5,888.8900146484375,213951382.07580566
2024-06-05 07:17:05.379000+00:00,57.5,891.969970703125,214692712.09838867
2024-06-05 07:18:04.886000+00:00,57.5,924.969970703125,222635647.09838867
2024-06-05 07:19:05.101000+00:00,57.4900016784668,926.8800048828124,223056590.09058052
2024-06-05 07:20:04.798000+00:00,57.400001525878906,935.0599975585938,224672855.96992362
2024-06-05 07:21:04.929000+00:00,57.400001525878906,954.9099731445312,229442336.7705889
2024-06-05 07:22:04.076000+00:00,57.400001525878906,973.5,233909081.61806488
2024-06-05 07:23:04.440000+00:00,57.400001525878906,1005.02001953125,241482598.64029205
2024-06-05 07:24:04.263000+00:00,57.400001525878906,1006.1500244140624,241754112.15273434
2024-06-05 07:25:04.765000+00:00,57.400001525878906,1012.9400024414062,243385583.67259347
2024-06-05 07:26:04.862000+00:00,57.400001525878906,1035.6700439453125,248847076.3621869
2024-06-05 07:27:03.935000+00:00,57.400001525878906,1052.02001953125,252775589.74049652
2024-06-05 07:28:04.590000+00:00,57.400001525878906,1062.5699462890625,255310488.22951323
2024-06-05 07:29:04.454000+00:00,57.400001525878906,1072.7099609375,257746894.5099547
2024-06-05 07:30:05.147000+00:00,57.29999923706055,1092.22998046875,261979876.72106117
2024-06-05 07:31:04.353000+00:00,57.400001525878906,1115.9300537109375,268131663.08528322
2024-06-05 07:32:04.850000+00:00,57.400001525878906,1134.219970703125,272526298.6132886
2024-06-05 07:33:04.592000+00:00,57.29999923706055,1142.56005859375,274051938.3732144
2024-06-05 07:34:04.641000+00:00,57.29999923706055,1146.5,274996964.0384636
2024-06-05 07:35:04.890000+00:00,57.29999923706055,1170.3499755859375,280717566.63639146
2024-06-05 07:36:04.391000+00:00,57.29999923706055,1188.1199951171875,284979844.37036264
2024-06-05 07:37:04.159000+00:00,57.29999923706055,1209.6800537109375,290151192.523675
2024-06-05 07:38:04.364000+00:00,57.29999923706055,1228.6700439453125,294706089.742666
2024-06-05 07:39:04.524000+00:00,57.29999923706055,1243.300048828125,298215210.4811233
2024-06-05 07:40:04.574000+00:00,57.209999084472656,1252.6099853515625,299976362.2580773
2024-06-05 07:41:04.014000+00:00,57.20000076293945,1276.5999755859375,305668080.9513485
2024-06-05 07:42:04.474000+00:00,57.20000076293945,1274.7900390625,305234711.1923455
2024-06-05 07:43:04.736000+00:00,57.20000076293945,1295.9000244140625,310289269.2643536
2024-06-05 07:44:04.821000+00:00,57.20000076293945,1301.52001953125,311634916.4171652
2024-06-05 07:45:04.184000+00:00,57.20000076293945,1317.719970703125,315513819.8175352
2024-06-05 07:46:04.573000+00:00,57.20000076293945,1338.2900390625,320439100.5951432
2024-06-05 07:47:04.183000+00:00,57.11000061035156,1344.2900390625,321369287.12634647
2024-06-05 07:48:04.813000+00:00,57.18999862670898,1355.4200439453125,324483945.31142837
2024-06-05 07:49:04.186000+00:00,57.11000061035156,1371.949951171875,327981733.82926667
2024-06-05 07:50:04.458000+00:00,57.09999847412109,1375.0999755859375,328677212.44132
2024-06-05 07:51:04.398000+00:00,57.09999847412109,1391.030029296875,332484823.33559
2024-06-05 07:52:04.589000+00:00,57.09999847412109,1406.25,336122709.7678184
2024-06-05 07:53:04.554000+00:00,57.09999847412109,1418.43994140625,339036356.798844
2024-06-05 07:54:04.648000+00:00,57.02000045776367,1420.6800537109375,339096044.2319391
2024-06-05 07:55:04.220000+00:00,57.040000915527344,1430.8399658203125,341640862.8520826
2024-06-05 07:56:04.129000+00:00,57.0,1440.0,343586880.0
2024-06-05 07:57:04.748000+00:00,56.70000076293945,1503.760009765625,356911728.83233905
2024-06-05 07:58:03.983000+00:00,57.0,1444.6199951171875,344689220.0749512
2024-06-05 07:59:04.927000+00:00,57.0,1443.4599609375,344412433.5996094
2024-06-05 08:00:05.539000+00:00,56.91999816894531,1444.6199951171875,344205434.6582703
2024-06-05 08:01:04.824000+00:00,57.0,1443.4599609375,344412433.5996094
2024-06-05 08:02:04.905000+00:00,56.93000030517578,1445.780029296875,344542365.93304294
2024-06-05 08:03:04.762000+00:00,57.0,1440.0,343586880.0
2024-06-05 08:04:04.085000+00:00,56.900001525878906,1443.4599609375,343808210.47981477
2024-06-05 08:05:04.973000+00:00,56.95000076293945,1445.780029296875,344663409.4074976
2024-06-05 08:06:05.053000+00:00,57.0,1442.31005859375,344138064.60058594
2024-06-05 08:07:04.713000+00:00,56.93000030517578,1448.1099853515625,345097615.3868568
2024-06-05 08:08:04.669000+00:00,56.900001525878906,1449.27001953125,345192070.0269841
2024-06-05 08:09:04.550000+00:00,56.900001525878906,1445.780029296875,344360812.26470214
2024-06-05 08:10:05.223000+00:00,56.900001525878906,1444.4100341796875,344034502.16095644
2024-06-05 08:11:04.129000+00:00,56.900001525878906,1449.27001953125,345192070.0269841
2024-06-05 08:12:04.667000+00:00,56.79999923706055,1445.780029296875,343755594.8924292
2024-06-05 08:13:04.971000+00:00,56.79999923706055,1448.1099853515625,344309576.42033964
2024-06-05 08:14:04.425000+00:00,56.79999923706055,1446.93994140625,344031381.15942794
2024-06-05 08:15:04.767000+00:00,56.79999923706055,1451.1400146484375,345030010.7204284
2024-06-05 08:16:04.373000+00:00,56.79999923706055,1446.949951171875,344033761.1293179
2024-06-05 08:17:04.445000+00:00,56.70000076293945,1444.6199951171875,342875070.89871466
2024-06-05 08:18:05.189000+00:00,56.70000076293945,1450.43994140625,344256413.0532147
2024-06-05 08:19:04.145000+00:00,56.79999923706055,1451.6099853515625,345141753.2091618
2024-06-05 08:20:04.588000+00:00,56.70000076293945,1451.6099853515625,344534118.5412044
2024-06-05 08:21:04.209000+00:00,56.70000076293945,1450.43994140625,344256413.0532147
2024-06-05 08:22:04.199000+00:00,56.70000076293945,1451.6099853515625,344534118.5412044
2024-06-05 08:23:04.106000+00:00,56.70000076293945,1451.6099853515625,344534118.5412044
2024-06-05 08:24:04.166000+00:00,56.630001068115234,1450.43994140625,343831406.9944713
2024-06-05 08:25:04.528000+00:00,56.66999816894531,1444.6199951171875,342693639.83338016
2024-06-05 08:26:04.319000+00:00,56.59999847412109,1446.949951171875,342822370.009124
2024-06-05 08:27:04.391000+00:00,56.59999847412109,1446.949951171875,342822370.009124
2024-06-05 08:28:04.799000+00:00,56.5099983215332,1444.6199951171875,341726092.0681768
2024-06-05 08:29:04.524000+00:00,56.59999847412109,1451.6099853515625,343926460.6934701
2024-06-05 08:30:04.921000+00:00,56.59999847412109,1451.6099853515625,343926460.6934701
2024-06-05 08:31:04.054000+00:00,56.59999847412109,1448.1099853515625,343097214.1158258
2024-06-05 08:32:04.288000+00:00,56.5,1449.280029296875,342767770.4489746
2024-06-05 08:33:04.652000+00:00,56.5,1449.280029296875,342767770.4489746
2024-06-05 08:34:04.351000+00:00,56.5,1451.6099853515625,343318826.0255127
2024-06-05 08:35:04.918000+00:00,56.5,1450.43994140625,343042100.1020508
2024-06-05 08:36:04.427000+00:00,56.5,1446.949951171875,342216686.001709
2024-06-05 08:37:04.587000+00:00,56.5,1445.780029296875,341939988.9489746
2024-06-05 08:38:04.641000+00:00,56.5,1445.780029296875,341939988.9489746
2024-06-05 08:39:04.686000+00:00,56.43999862670898,1449.27001953125,342401396.0599428
2024-06-05 08:40:05.421000+00:00,56.400001525878906,1453.9599609375,343265998.04863954
2024-06-05 08:41:04.439000+00:00,56.400001525878906,1449.280029296875,342161111.08573943
2024-06-05 08:42:04.813000+00:00,56.400001525878906,1450.43994140625,342434955.2070154
2024-06-05 08:43:04.734000+00:00,56.400001525878906,1449.280029296875,342161111.08573943
2024-06-05 08:44:04.363000+00:00,56.400001525878906,1452.780029296875,342987427.5080951
2024-06-05 08:45:04.714000+00:00,56.400001525878906,1451.6099853515625,342711191.3575552
2024-06-05 08:46:04.604000+00:00,56.400001525878906,1451.6099853515625,342711191.3575552
2024-06-05 08:47:04.180000+00:00,56.400001525878906,1453.9599609375,343265998.04863954
2024-06-05 08:48:04.531000+00:00,56.400001525878906,1450.43994140625,342434955.2070154
2024-06-05 08:49:04.663000+00:00,56.29999923706055,1452.7900390625,342381638.88820565
2024-06-05 08:50:04.892000+00:00,56.29999923706055,1448.1099853515625,341278682.2209988
2024-06-05 08:51:04.320000+00:00,56.29999923706055,1455.1300048828125,342933102.8375441
2024-06-05 08:52:04.769000+00:00,56.29999923706055,1450.43994140625,341827787.15088683
2024-06-05 08:53:04.164000+00:00,56.29999923706055,1451.6099853515625,342103533.509821
2024-06-05 08:54:04.597000+00:00,56.27999877929688,1450.43994140625,341706353.53966117
2024-06-05 08:55:03.919000+00:00,56.290000915527344,1450.43994140625,341767081.9258205
2024-06-05 08:56:04.647000+00:00,56.20000076293945,1452.780029296875,341771155.4278757
2024-06-05 08:57:04.503000+00:00,56.20000076293945,1449.280029296875,340947769.2166979
2024-06-05 08:58:04.603000+00:00,56.20000076293945,1448.1099853515625,340672512.63068575
2024-06-05 08:59:04.485000+00:00,56.20000076293945,1451.6099853515625,341495898.8418636
2024-06-05 09:00:05.551000+00:00,56.20000076293945,1451.6099853515625,341495898.8418636
2024-06-05 09:01:04.611000+00:00,56.20000076293945,1451.6500244140625,341505318.15956956
2024-06-05 09:02:04.500000+00:00,56.20000076293945,1444.6199951171875,339851481.2489344
2024-06-05 09:03:04.394000+00:00,56.09999847412109,1449.280029296875,340341086.71089137
2024-06-05 09:04:04.328000+00:00,56.18000030517578,1451.6099853515625,341374367.2723167
2024-06-05 09:05:04.771000+00:00,56.09999847412109,1446.949951171875,339793903.76132125
2024-06-05 09:06:05.179000+00:00,56.09999847412109,1449.280029296875,340341086.71089137
2024-06-05 09:07:04.602000+00:00,56.09999847412109,1448.1099853515625,340066319.91648495
2024-06-05 09:08:04.666000+00:00,56.09999847412109,1446.949951171875,339793903.76132125
2024-06-05 09:09:04.075000+00:00,56.09999847412109,1448.1099853515625,340066319.91648495
2024-06-05 09:10:04.795000+00:00,56.09999847412109,1450.43994140625,340613474.1997229
2024-06-05 09:11:04.160000+00:00,56.20000076293945,1449.27001953125,340945414.38727134
2024-06-05 09:12:04.405000+00:00,56.29999923706055,1449.27001953125,341552069.56048256
2024-06-05 09:13:05.136000+00:00,56.5,1445.780029296875,341939988.9489746
2024-06-05 09:14:04.320000+00:00,56.70000076293945,1448.1099853515625,343703406.83002657
2024-06-05 09:15:05.176000+00:00,56.79999923706055,1446.949951171875,344033761.1293179
2024-06-05 09:16:04.708000+00:00,56.900001525878906,1449.27001953125,345192070.0269841
2024-06-05 09:17:04.566000+00:00,57.0,1444.6199951171875,344689220.0749512
2024-06-05 09:18:04.813000+00:00,57.09999847412109,1446.989990234375,345860406.4174131
2024-06-05 09:19:04.858000+00:00,57.20000076293945,1450.43994140625,347292183.850578
2024-06-05 09:20:04.634000+00:00,57.29999923706055,1444.6199951171875,346503369.2511877
2024-06-05 09:21:04.258000+00:00,57.400001525878906,1445.780029296875,347386829.8660205
2024-06-05 09:22:04.220000+00:00,57.5,1448.1099853515625,348552832.92419434
2024-06-05 09:23:04.678000+00:00,57.5,1449.25,348827228.75
2024-06-05 09:24:04.199000+00:00,57.58000183105469,1449.280029296875,349319802.6562565
2024-06-05 09:25:04.296000+00:00,57.61000061035156,1442.31005859375,347820949.32780635
2024-06-05 09:26:04.331000+00:00,57.70000076293945,1448.1099853515625,349765195.2287082
2024-06-05 09:27:04.104000+00:00,57.70000076293945,1442.31005859375,348364326.14053184
2024-06-05 09:28:04.934000+00:00,57.79999923706055,1449.27001953125,350652036.0131193
2024-06-05 09:29:04.584000+00:00,57.79999923706055,1449.27001953125,350652036.0131193
2024-06-05 09:30:05.438000+00:00,57.900001525878906,1448.1099853515625,350977557.533222
2024-06-05 09:31:04.778000+00:00,57.900001525878906,1445.780029296875,350412847.46733886
2024-06-05 09:32:04.722000+00:00,57.970001220703125,1443.4599609375,350273494.6700823
2024-06-05 09:33:04.880000+00:00,58.0,1445.780029296875,351018041.7529297
2024-06-05 09:34:04.430000+00:00,58.0,1445.780029296875,351018041.7529297
2024-06-05 09:35:04.689000+00:00,58.0,1445.780029296875,351018041.7529297
2024-06-05 09:36:04.438000+00:00,58.09999847412109,1446.949951171875,351907768.7525322
2024-06-05 09:37:04.891000+00:00,58.20000076293945,1444.6199951171875,351945839.8480555
2024-06-05 09:38:04.102000+00:00,58.20000076293945,1450.43994140625,353363725.4453046
2024-06-05 09:39:05.150000+00:00,58.20000076293945,1443.4599609375,351663226.28531754
2024-06-05 09:40:04.730000+00:00,58.20000076293945,1447.989990234375,352766855.59324193
2024-06-05 09:41:04.285000+00:00,58.29999923706055,1448.1099853515625,353402259.0183621
2024-06-05 09:42:05.066000+00:00,58.29999923706055,1445.780029296875,352833647.69638425
2024-06-05 09:43:04.407000+00:00,58.310001373291016,1449.27001953125,353746037.56676614
2024-06-05 09:44:04.029000+00:00,58.400001525878906,1444.6199951171875,353155280.32159925
2024-06-05 09:45:04.890000+00:00,58.5,1446.949951171875,354330550.9929199
2024-06-05 09:46:04.657000+00:00,58.5,1446.949951171875,354330550.9929199
2024-06-05 09:47:04.912000+00:00,58.59999847412109,1445.780029296875,354649253.6398388
2024-06-05 09:48:04.968000+00:00,58.59999847412109,1450.43994140625,355792328.1865393
2024-06-05 09:49:04.324000+00:00,58.59999847412109,1452.780029296875,356366350.7951275
2024-06-05 09:50:04.623000+00:00,58.59999847412109,1450.43994140625,355792328.1865393
2024-06-05 09:51:04.782000+00:00,58.59999847412109,1448.1099853515625,355220790.91318905
2024-06-05 09:52:05.251000+00:00,58.5,1449.280029296875,354901142.85424805
2024-06-05 09:53:04.648000+00:00,58.400001525878906,1450.43994140625,354578038.3964685
2024-06-05 09:54:05.085000+00:00,58.11000061035156,1455.1300048828125,353958136.5052943
2024-06-05 09:55:04.636000+00:00,58.20000076293945,1451.6099853515625,353648777.63922685
2024-06-05 09:56:04.268000+00:00,58.29999923706055,1450.43994140625,353970870.34033996
2024-06-05 09:57:04.534000+00:00,58.290000915527344,1456.31005859375,355342485.11954767
2024-06-05 09:58:04.637000+00:00,58.20000076293945,1452.7900390625,353936268.4643334
2024-06-05 09:59:04.107000+00:00,58.20000076293945,1455.1300048828125,354506343.1127733
2024-06-05 10:00:06.688000+00:00,58.20000076293945,1456.31005859375,354793833.93787986
2024-06-05 10:01:04.972000+00:00,58.20000076293945,1450.43994140625,353363725.4453046
2024-06-05 10:02:04.727000+00:00,58.20000076293945,1449.280029296875,353081141.6219713
2024-06-05 10:03:04.341000+00:00,58.09999847412109,1458.6700439453125,354758172.59278435
2024-06-05 10:04:04.369000+00:00,57.97999954223633,1488.8299560546875,361345399.6737905
2024-06-05 10:05:04.963000+00:00,58.09999847412109,1452.780029296875,353325682.19380915
2024-06-05 10:06:05.191000+00:00,57.900001525878906,1491.300048828125,361445507.57986754
2024-06-05 10:07:04.692000+00:00,58.0,1450.43994140625,352149412.4941406
2024-06-05 10:08:04.304000+00:00,58.0,1450.43994140625,352149412.4941406
2024-06-05 10:09:04.111000+00:00,57.900001525878906,1448.1800537109375,350994539.9598903
2024-06-05 10:10:04.682000+00:00,58.0,1445.780029296875,351018041.7529297
2024-06-05 10:11:04.885000+00:00,58.0,1444.6199951171875,350736399.3745117
2024-06-05 10:12:04.570000+00:00,58.0,1450.43994140625,352149412.4941406
2024-06-05 10:13:05.263000+00:00,58.0,1452.780029296875,352717557.7529297
2024-06-05 10:14:04.516000+00:00,58.0,1449.27001953125,351865369.5019531
2024-06-05 10:15:04.756000+00:00,58.0,1448.1099853515625,351583727.12353516
2024-06-05 10:16:04.710000+00:00,58.0,1451.6099853515625,352433485.12353516
2024-06-05 10:17:04.519000+00:00,57.900001525878906,1451.6099853515625,351825850.4555777
2024-06-05 10:18:04.618000+00:00,57.7400016784668,1451.6099853515625,350853621.07897973
2024-06-05 10:19:04.804000+00:00,57.79999923706055,1449.27001953125,350652036.0131193
2024-06-05 10:20:04.896000+00:00,57.70000076293945,1448.1099853515625,349765195.2287082
2024-06-05 10:21:04.246000+00:00,57.70000076293945,1453.9599609375,351178152.72060883
2024-06-05 10:22:04.407000+00:00,57.70000076293945,1451.6099853515625,350610557.93988603
2024-06-05 10:23:04.501000+00:00,57.70000076293945,1452.780029296875,350893161.2318308
2024-06-05 10:24:04.291000+00:00,57.70000076293945,1452.780029296875,350893161.2318308
2024-06-05 10:25:04.735000+00:00,57.70000076293945,1453.9599609375,351178152.72060883
2024-06-05 10:26:04.289000+00:00,57.70000076293945,1453.9599609375,351178152.72060883
2024-06-05 10:27:04.558000+00:00,57.70000076293945,1450.43994140625,350327954.6479413
2024-06-05 10:28:04.709000+00:00,57.70000076293945,1453.9599609375,351178152.72060883
2024-06-05 10:29:04.333000+00:00,57.70000076293945,1451.6099853515625,350610557.93988603
2024-06-05 10:30:04.916000+00:00,57.70000076293945,1448.1099853515625,349765195.2287082
2024-06-05 10:31:04.101000+00:00,57.70000076293945,1448.1099853515625,349765195.2287082
2024-06-05 10:32:04.385000+00:00,57.540000915527344,1450.43994140625,349356508.91922873
2024-06-05 10:33:04.363000+00:00,57.59999847412109,1452.780029296875,350285013.5924908
2024-06-05 10:34:04.628000+00:00,57.630001068115234,1448.1099853515625,349340871.8907115
2024-06-05 10:35:05.107000+00:00,57.59999847412109,1452.780029296875,350285013.5924908
2024-06-05 10:36:04.960000+00:00,57.59999847412109,1448.1099853515625,349159002.5145074
2024-06-05 10:37:04.328000+00:00,57.59999847412109,1451.6099853515625,350002900.09215176
2024-06-05 10:38:04.221000+00:00,57.5,1451.6099853515625,349395265.42419434
2024-06-05 10:39:04.466000+00:00,57.5,1448.1099853515625,348552832.92419434
2024-06-05 10:40:04.182000+00:00,57.5,1458.6700439453125,351094586.227417
2024-06-05 10:41:04.397000+00:00,57.5,1450.43994140625,349113641.69677734
2024-06-05 10:42:05.116000+00:00,57.5,1450.43994140625,349113641.69677734
2024-06-05 10:43:04.876000+00:00,57.400001525878906,1448.1099853515625,347946663.3338812
2024-06-05 10:44:04.414000+00:00,57.5,1451.6099853515625,349395265.42419434
2024-06-05 10:45:04.301000+00:00,57.400001525878906,1449.280029296875,348227797.28837615
2024-06-05 10:46:04.248000+00:00,57.4900016784668,1450.43994140625,349052936.47171104
2024-06-05 10:47:04.221000+00:00,57.400001525878906,1449.280029296875,348227797.28837615
2024-06-05 10:48:05.192000+00:00,57.400001525878906,1448.1099853515625,347946663.3338812
2024-06-05 10:49:04.374000+00:00,57.400001525878906,1451.6099853515625,348787630.75623685
2024-06-05 10:50:05.024000+00:00,57.400001525878906,1451.5999755859375,348785225.6457237
2024-06-05 10:51:04.538000+00:00,57.400001525878906,1446.949951171875,347667934.48989946
2024-06-05 10:52:05.127000+00:00,57.33000183105469,1449.280029296875,347803131.1055973
2024-06-05 10:53:03.930000+00:00,57.400001525878906,1446.949951171875,347667934.48989946
2024-06-05 10:54:04.437000+00:00,57.400001525878906,1448.1099853515625,347946663.3338812
2024-06-05 10:55:04.386000+00:00,57.34999847412109,1446.93994140625,347362666.36548674
2024-06-05 10:56:04.705000+00:00,57.29999923706055,1452.780029296875,348460617.0713919
2024-06-05 10:57:05.154000+00:00,57.29999923706055,1448.1099853515625,347340470.61968046
2024-06-05 10:58:04.274000+00:00,57.29999923706055,1451.6099853515625,348179972.90850264
2024-06-05 10:59:05.015000+00:00,57.29999923706055,1451.6099853515625,348179972.90850264
2024-06-05 11:00:05.719000+00:00,57.20000076293945,1445.780029296875,346176418.20815676
2024-06-05 11:01:04.568000+00:00,57.20000076293945,1448.1099853515625,346734301.0293674
2024-06-05 11:02:04.377000+00:00,57.20000076293945,1453.9599609375,348135014.52236664
2024-06-05 11:03:04.644000+00:00,57.20000076293945,1446.949951171875,346456543.36970556
2024-06-05 11:04:04.271000+00:00,57.20000076293945,1449.280029296875,347014455.4193346
2024-06-05 11:05:04.633000+00:00,57.20000076293945,1450.43994140625,347292183.850578
2024-06-05 11:06:05.100000+00:00,57.20000076293945,1451.6099853515625,347572338.2405452
2024-06-05 11:07:04.321000+00:00,57.20000076293945,1449.300048828125,347019248.8799454
2024-06-05 11:08:04.406000+00:00,57.20000076293945,1449.27001953125,347012058.68902916
2024-06-05 11:09:04.498000+00:00,57.11000061035156,1451.6099853515625,347025457.7674728
2024-06-05 11:10:04.169000+00:00,57.13999938964844,1448.1099853515625,346370585.4008469
2024-06-05 11:11:04.178000+00:00,57.09999847412109,1448.1099853515625,346128108.3151666
2024-06-05 11:12:04.163000+00:00,57.09999847412109,1446.949951171875,345850836.2569267
2024-06-05 11:13:04.784000+00:00,57.09999847412109,1451.6099853515625,346964680.39281094
2024-06-05 11:14:04.563000+00:00,57.09999847412109,1449.27001953125,346405380.37340647
2024-06-05 11:15:04.928000+00:00,57.08000183105469,1449.280029296875,346286459.55493814
2024-06-05 11:16:04.735000+00:00,57.08000183105469,1449.280029296875,346286459.55493814
2024-06-05 11:17:04.378000+00:00,57.09000015258789,1448.1099853515625,346067500.60569036
2024-06-05 11:18:04.751000+00:00,57.0,1448.1099853515625,345521938.7248535
2024-06-05 11:19:04.856000+00:00,57.0,1448.1099853515625,345521938.7248535
2024-06-05 11:20:04.912000+00:00,57.0,1452.780029296875,346636220.55029297
2024-06-05 11:21:03.995000+00:00,57.0,1446.93994140625,345242763.89941406
2024-06-05 11:22:04.442000+00:00,57.08000183105469,1443.4599609375,344895830.5351527
2024-06-05 11:23:04.485000+00:00,57.20000076293945,1449.27001953125,347012058.68902916
2024-06-05 11:24:04.513000+00:00,57.29999923706055,1445.780029296875,346781612.49374753
2024-06-05 11:25:04.444000+00:00,57.400001525878906,1449.27001953125,348225392.177863
2024-06-05 11:26:04.269000+00:00,57.400001525878906,1445.780029296875,347386829.8660205
2024-06-05 11:27:05.021000+00:00,57.5,1443.4599609375,347433595.29785156
2024-06-05 11:28:04.655000+00:00,57.59999847412109,1444.6199951171875,348317518.42742413
2024-06-05 11:29:04.652000+00:00,57.70000076293945,1441.1800537109375,348091393.5715665
2024-06-05 11:30:05.425000+00:00,57.79999923706055,1441.1500244140625,348687396.7244522
2024-06-05 11:31:04.844000+00:00,57.900001525878906,1446.93994140625,350693974.6767496
2024-06-05 11:32:04.401000+00:00,58.09999847412109,1444.6199951171875,351341108.0772044
2024-06-05 11:33:04.122000+00:00,58.18999862670898,1445.780029296875,352167920.13022506
2024-06-05 11:34:04.377000+00:00,58.29999923706055,1443.4599609375,352267449.40511215
2024-06-05 11:35:04.256000+00:00,58.29999923706055,1442.31005859375,351986822.8711869
2024-06-05 11:36:04.621000+00:00,58.400001525878906,1444.6199951171875,353155280.32159925
2024-06-05 11:37:04.050000+00:00,58.400001525878906,1444.6199951171875,353155280.32159925
2024-06-05 11:38:04.379000+00:00,58.5,1450.43994140625,355185183.2915039
2024-06-05 11:39:04.739000+00:00,58.59999847412109,1444.6199951171875,354364697.7269847
2024-06-05 11:40:04.970000+00:00,58.70000076293945,1444.6199951171875,354969429.49783576
2024-06-05 11:41:04.368000+00:00,58.79999923706055,1448.1099853515625,356433153.2177029
2024-06-05 11:42:04.828000+00:00,58.79999923706055,1446.93994140625,356145162.34888107
2024-06-05 11:43:04.980000+00:00,58.79999923706055,1444.6199951171875,355574138.2005285
2024-06-05 11:44:04.562000+00:00,58.900001525878906,1443.4599609375,355892857.2727835
2024-06-05 11:45:04.431000+00:00,58.900001525878906,1450.43994140625,357613809.1938318
2024-06-05 11:46:04.473000+00:00,58.900001525878906,1448.1099853515625,357039345.93190366
2024-06-05 11:47:04.488000+00:00,58.90999984741211,1445.780029296875,356525392.8638618
2024-06-05 11:48:04.584000+00:00,59.0,1446.949951171875,357359017.24072266
2024-06-05 11:49:04.296000+00:00,59.0099983215332,1445.780029296875,357130587.1494526
2024-06-05 11:50:04.835000+00:00,59.20000076293945,1445.780029296875,358280488.6134302
2024-06-05 11:51:04.662000+00:00,59.20000076293945,1445.780029296875,358280488.6134302
2024-06-05 11:52:05.168000+00:00,59.20000076293945,1442.31005859375,357420590.998442
2024-06-05 11:53:04.694000+00:00,59.20000076293945,1446.93994140625,358567927.8288533
2024-06-05 11:54:04.361000+00:00,59.20000076293945,1446.93994140625,358567927.8288533
2024-06-05 11:55:04.302000+00:00,59.29999923706055,1445.780029296875,358885682.89902097
2024-06-05 11:56:04.777000+00:00,59.29999923706055,1444.6199951171875,358597727.8503088
2024-06-05 11:57:04.992000+00:00,59.31999969482422,1434.260009765625,356146149.78791857
2024-06-05 11:58:04.197000+00:00,59.400001525878906,1420.6800537109375,353249831.34148973
2024-06-05 11:59:04.428000+00:00,59.5,1411.77001953125,351625323.45458984
2024-06-05 12:00:07.421000+00:00,59.5,1386.75,345393662.25
2024-06-05 12:01:04.873000+00:00,59.52000045776367,1371.949951171875,341822320.76736623
2024-06-05 12:02:04.430000+00:00,59.59999847412109,1366.739990234375,340981937.777799
2024-06-05 12:03:04.671000+00:00,59.59999847412109,1356.43994140625,338412223.9816748
2024-06-05 12:04:04.699000+00:00,59.59999847412109,1315.7900390625,328270658.9651472
2024-06-05 12:05:04.611000+00:00,59.75,1285.7099609375,321573418.3149414
2024-06-05 12:06:05.039000+00:00,59.79999923706055,1272.0799560546875,318430612.3608897
2024-06-05 12:07:04.244000+00:00,59.86000061035156,1228.6700439453125,307872721.5839189
2024-06-05 12:08:04.679000+00:00,59.900001525878906,1193.6300048828125,299292466.13043094
2024-06-05 12:09:04.860000+00:00,60.0,1173.4000244140625,294711150.13183594
2024-06-05 12:10:04.808000+00:00,60.0,1132.7900390625,284511546.2109375
2024-06-05 12:11:04.287000+00:00,60.0099983215332,1096.8900146484375,275540804.1882975
2024-06-05 12:12:04.037000+00:00,60.09999847412109,1062.5899658203125,267324889.18801022
2024-06-05 12:13:04.799000+00:00,60.09999847412109,1026.22998046875,258177495.2094868
2024-06-05 12:14:05.155000+00:00,60.20000076293945,984.1400146484376,248000531.24237835
2024-06-05 12:15:05.163000+00:00,60.20000076293945,955.9199829101562,240889162.170295
2024-06-05 12:16:04.458000+00:00,60.29999923706055,888.8900146484375,224369881.32068053
2024-06-05 12:17:04.696000+00:00,60.29999923706055,854.7000122070312,215739784.61162242
2024-06-05 12:18:05.259000+00:00,60.29999923706055,786.7100219726562,198578037.0517577
2024-06-05 12:19:04.240000+00:00,60.380001068115234,756.2999877929688,191155339.5801804
2024-06-05 12:20:05.079000+00:00,60.400001525878906,703.9500122070312,177982783.46271783
2024-06-05 12:21:03.910000+00:00,60.400001525878906,658.1400146484375,166400439.92338577
2024-06-05 12:22:04.220000+00:00,60.400001525878906,602.2100219726562,152259413.42595696
2024-06-05 12:23:04.836000+00:00,60.29999923706055,551.97998046875,139328466.591165
2024-06-05 12:24:04.708000+00:00,60.29999923706055,518.1400146484375,130786724.65473168
2024-06-05 12:25:04.122000+00:00,60.29999923706055,476.2099914550781,120202924.44027174
2024-06-05 12:26:04.729000+00:00,60.20000076293945,468.75,118123688.99703026
2024-06-05 12:27:04.624000+00:00,60.20000076293945,419.5799865722656,105732983.13224627
2024-06-05 12:28:04.696000+00:00,60.09999847412109,388.0,97612494.3217163
2024-06-05 12:29:04.129000+00:00,60.0,363.0499877929688,91183634.93408205
2024-06-05 12:30:05.052000+00:00,59.900001525878906,312.3900146484375,78329111.61430755
2024-06-05 12:31:04.435000+00:00,59.79999923706055,303.6400146484375,76008017.68911354
2024-06-05 12:32:04.136000+00:00,59.79999923706055,303.6400146484375,76008017.68911354
2024-06-05 12:33:04.330000+00:00,59.70000076293945,255.5,63850523.91598129
2024-06-05 12:34:03.935000+00:00,59.59000015258789,255.5,63732875.73319626
2024-06-05 12:35:05.176000+00:00,59.5,231.92999267578125,57766107.48577881
2024-06-05 12:36:04.782000+00:00,59.400001525878906,210.6699981689453,52382759.31832979
2024-06-05 12:37:04.122000+00:00,59.29999923706055,210.6699981689453,52294570.838668354
2024-06-05 12:38:04.444000+00:00,59.20000076293945,210.6699981689453,52206385.72305345
2024-06-05 12:39:04.369000+00:00,59.09999847412109,172.3800048828125,42645536.49492385
2024-06-05 12:40:04.488000+00:00,59.0,172.3800048828125,42573379.325927734
2024-06-05 12:41:04.612000+00:00,58.970001220703125,172.3800048828125,42551732.72575281
2024-06-05 12:42:04.835000+00:00,58.83000183105469,172.3800048828125,42450711.58811042
2024-06-05 12:43:04.896000+00:00,58.79999923706055,140.77000427246094,34648677.93803769
2024-06-05 12:44:04.443000+00:00,58.70000076293945,139.89999389648438,34375975.127048776
2024-06-05 12:45:05.219000+00:00,58.11000061035156,139.89999389648438,34030458.426764145
2024-06-05 12:46:03.536000+00:00,57.0,0.0,0.0
2024-06-05 12:47:04.880000+00:00,56.9900016784668,0.0,0.0
2024-06-05 12:48:04.560000+00:00,57.09999847412109,0.0,0.0
2024-06-05 12:49:04.640000+00:00,57.29999923706055,0.0,0.0
2024-06-05 12:50:04.890000+00:00,57.5,0.0,0.0
2024-06-05 12:51:04.240000+00:00,57.59999847412109,171.52999877929688,41358214.418053314
2024-06-05 12:52:04.779000+00:00,57.0,0.0,0.0
2024-06-05 12:53:04.284000+00:00,57.31999969482422,0.0,0.0
2024-06-05 12:54:04.514000+00:00,57.5,187.1300048828125,45041256.525268555
2024-06-05 12:55:05.144000+00:00,57.70000076293945,187.1300048828125,45197922.36298691
2024-06-05 12:56:04.974000+00:00,57.900001525878906,187.1300048828125,45354588.20070526
2024-06-05 12:57:03.655000+00:00,57.900001525878906,206.4499969482422,50037163.20901136
2024-06-05 12:58:04.621000+00:00,58.09999847412109,206.4499969482422,50210000.50912828
2024-06-05 12:59:05.343000+00:00,58.20000076293945,206.4499969482422,50296422.45584693
2024-06-05 13:00:05.813000+00:00,57.900001525878906,220.94000244140625,53549097.238938674
2024-06-05 13:01:05.481000+00:00,58.04999923706055,220.94000244140625,53687823.349646874
2024-06-05 13:02:04.814000+00:00,58.150001525878906,220.94000244140625,53780310.951493606
2024-06-05 13:03:04.971000+00:00,58.20000076293945,209.1300048828125,50949339.933467254
2024-06-05 13:04:04.155000+00:00,55.7400016784668,0.0,0.0
2024-06-05 13:05:04.468000+00:00,56.59000015258789,0.0,0.0
2024-06-05 13:06:05.130000+00:00,57.20000076293945,228.9499969482422,54819604.84047904
2024-06-05 13:07:04.410000+00:00,57.5,228.9499969482422,55107119.51545715
2024-06-05 13:08:04.782000+00:00,57.79999923706055,280.8999938964844,67963977.34614916
2024-06-05 13:09:04.699000+00:00,57.720001220703125,280.8999938964844,67869911.88865402
2024-06-05 13:10:04.468000+00:00,56.70000076293945,0.0,0.0
2024-06-05 13:11:04.269000+00:00,57.09999847412109,283.2900085449219,67712146.00694583
2024-06-05 13:12:04.742000+00:00,57.5099983215332,316.4599914550781,76183582.43505481
2024-06-05 13:13:04.762000+00:00,57.900001525878906,319.7699890136719,77502462.4177264
2024-06-05 13:14:05.263000+00:00,58.20000076293945,319.7699890136719,77904028.54869169
2024-06-05 13:15:05.041000+00:00,58.400001525878906,306.2300109863281,74861725.393736
2024-06-05 13:16:04.243000+00:00,58.5,306.2300109863281,74989911.32034302
2024-06-05 13:17:04.721000+00:00,58.5,292.07000732421875,71522395.46356201
2024-06-05 13:18:04.675000+00:00,58.59999847412109,292.07000732421875,71644654.10308066
2024-06-05 13:19:04.321000+00:00,58.59999847412109,292.07000732421875,71644654.10308066
2024-06-05 13:20:04.544000+00:00,58.59999847412109,275.0599975585937,67472105.62022528
2024-06-05 13:21:04.356000+00:00,58.59999847412109,275.0599975585937,67472105.62022528
2024-06-05 13:22:04.260000+00:00,58.59999847412109,257.3599853515625,63130299.81890121
2024-06-05 13:23:04.419000+00:00,58.59999847412109,257.3599853515625,63130299.81890121
2024-06-05 13:24:04.924000+00:00,58.59999847412109,244.3699951171875,59943860.493376456
2024-06-05 13:25:04.146000+00:00,58.59999847412109,244.3699951171875,59943860.493376456
2024-06-05 13:26:04.789000+00:00,58.5,244.3699951171875,59841568.77429199
2024-06-05 13:27:04.707000+00:00,58.5,232.88999938964844,57030335.9405365
2024-06-05 13:28:05.518000+00:00,58.5,232.88999938964844,57030335.9405365
2024-06-05 13:29:04.916000+00:00,58.5,232.88999938964844,57030335.9405365
2024-06-05 13:30:04.522000+00:00,58.400001525878906,222.6300048828125,54424666.72767517
2024-06-05 13:31:04.413000+00:00,58.400001525878906,222.6300048828125,54424666.72767517
2024-06-05 13:32:04.961000+00:00,58.400001525878906,215.3800048828125,52652314.28136703
2024-06-05 13:33:04.050000+00:00,58.400001525878906,211.0399932861328,51591344.6026938
2024-06-05 13:34:04.427000+00:00,58.38999938964844,211.0399932861328,51582508.5814002
2024-06-05 13:35:04.925000+00:00,58.29999923706055,211.4199981689453,51595739.0739379
2024-06-05 13:36:04.680000+00:00,58.29999923706055,211.4199981689453,51595739.0739379
2024-06-05 13:37:04.090000+00:00,58.29999923706055,211.4199981689453,51595739.0739379
2024-06-05 13:38:03.933000+00:00,58.29999923706055,211.13999938964844,51527407.108737156
2024-06-05 13:39:04.305000+00:00,58.29999923706055,211.13999938964844,51527407.108737156
2024-06-05 13:40:04.749000+00:00,58.29999923706055,211.13999938964844,51527407.108737156
2024-06-05 13:41:04.441000+00:00,58.20000076293945,210.6199951171875,51312339.10707344
2024-06-05 13:42:04.780000+00:00,58.20000076293945,210.6199951171875,51312339.10707344
2024-06-05 13:43:04.468000+00:00,58.20000076293945,210.6199951171875,51312339.10707344
2024-06-05 13:44:04.464000+00:00,58.20000076293945,211.08999633789065,51426843.249968514
2024-06-05 13:45:04.893000+00:00,58.20000076293945,211.08999633789065,51426843.249968514
2024-06-05 13:46:04.016000+00:00,57.59000015258789,211.08999633789065,50887832.848599054
2024-06-05 13:47:05.134000+00:00,57.70000076293945,213.08999633789065,51468096.29402064
2024-06-05 13:48:04.230000+00:00,57.79999923706055,213.08999633789065,51557294.40541174
2024-06-05 13:49:04.299000+00:00,57.900001525878906,213.08999633789065,51646495.91949269
2024-06-05 13:50:04.910000+00:00,57.900001525878906,215.57000732421875,52247574.71008308
2024-06-05 13:51:04.566000+00:00,57.900001525878906,215.57000732421875,52247574.71008308
2024-06-05 13:52:04.645000+00:00,57.900001525878906,221.9199981689453,53786618.22168443
2024-06-05 13:53:04.656000+00:00,58.0,221.9199981689453,53879512.515441895
2024-06-05 13:54:04.418000+00:00,58.0,221.9199981689453,53879512.515441895
2024-06-05 13:55:04.779000+00:00,58.0,221.8099975585937,53852805.687255844
2024-06-05 13:56:04.945000+00:00,58.0,221.8099975585937,53852805.687255844
2024-06-05 13:57:04.695000+00:00,58.0,221.8099975585937,53852805.687255844
2024-06-05 13:58:04.334000+00:00,58.09999847412109,224.8000030517578,54672842.98633603
2024-06-05 13:59:04.280000+00:00,58.09999847412109,224.8000030517578,54672842.98633603
2024-06-05 14:00:05.852000+00:00,58.09999847412109,230.9199981689453,56161266.151713386
2024-06-05 14:01:04.785000+00:00,58.09999847412109,230.9199981689453,56161266.151713386
2024-06-05 14:02:04.472000+00:00,58.09999847412109,230.9199981689453,56161266.151713386
2024-06-05 14:03:05.042000+00:00,58.09999847412109,230.2400054931641,55995887.449355066
2024-06-05 14:04:03.977000+00:00,58.09999847412109,230.2400054931641,55995887.449355066
2024-06-05 14:05:04.248000+00:00,58.11000061035156,229.8000030517578,55898497.43745869
2024-06-05 14:06:05.196000+00:00,58.20000076293945,229.8000030517578,55985072.43738923
2024-06-05 14:07:04.436000+00:00,58.20000076293945,229.8000030517578,55985072.43738923
2024-06-05 14:08:04.293000+00:00,58.18000030517578,230.8600006103516,56223986.51636169
2024-06-05 14:09:04.529000+00:00,58.20000076293945,230.8600006103516,56243314.55798643
2024-06-05 14:10:04.633000+00:00,58.20000076293945,230.8600006103516,56243314.55798643
2024-06-05 14:11:04.440000+00:00,58.20000076293945,230.3000030517578,56106885.038986064
2024-06-05 14:12:04.704000+00:00,58.20000076293945,230.3000030517578,56106885.038986064
2024-06-05 14:13:05.211000+00:00,58.09999847412109,230.5599975585937,56073711.62957128
2024-06-05 14:14:04.410000+00:00,58.09999847412109,230.5599975585937,56073711.62957128
2024-06-05 14:15:05.740000+00:00,58.09999847412109,230.5599975585937,56073711.62957128
2024-06-05 14:16:04.522000+00:00,58.09999847412109,229.7100067138672,55866988.25162339
2024-06-05 14:17:04.668000+00:00,58.09999847412109,229.7100067138672,55866988.25162339
2024-06-05 14:18:04.052000+00:00,58.09999847412109,229.5,55815913.234107964
2024-06-05 14:19:04.098000+00:00,58.09999847412109,229.5,55815913.234107964
2024-06-05 14:20:04.327000+00:00,58.09999847412109,229.5,55815913.234107964
2024-06-05 14:21:04.518000+00:00,58.0,229.8000030517578,55792683.140930176
2024-06-05 14:22:04.523000+00:00,58.09999847412109,229.8000030517578,55888875.954399385
2024-06-05 14:23:04.373000+00:00,58.09999847412109,229.8000030517578,55888875.954399385
2024-06-05 14:24:04.471000+00:00,58.09999847412109,235.97000122070312,57389460.191664994
2024-06-05 14:25:04.552000+00:00,58.09999847412109,235.97000122070312,57389460.191664994
2024-06-05 14:26:04.408000+00:00,57.540000915527344,245.6300048828125,59163043.25463794
2024-06-05 14:27:04.552000+00:00,57.400001525878906,245.6300048828125,59019094.874144286
2024-06-05 14:28:04.814000+00:00,57.5,290.6000061035156,69945968.4690857
2024-06-05 14:29:04.309000+00:00,57.59999847412109,290.6000061035156,70067611.77548274
2024-06-05 14:30:04.746000+00:00,57.70000076293945,296.5899963378906,71636035.26069163
2024-06-05 14:31:04.595000+00:00,57.79999923706055,296.5899963378906,71760185.93874075
2024-06-05 14:32:04.381000+00:00,57.900001525878906,296.739990234375,71920695.2844873
2024-06-05 14:33:04.600000+00:00,57.97999954223633,296.739990234375,72020065.10842822
2024-06-05 14:34:04.499000+00:00,58.0,296.44000244140625,71972075.31274414
2024-06-05 14:35:04.601000+00:00,58.0,296.44000244140625,71972075.31274414
2024-06-05 14:36:04.135000+00:00,58.09999847412109,296.5899963378906,72132642.7089329
2024-06-05 14:37:04.351000+00:00,58.09999847412109,296.5899963378906,72132642.7089329
2024-06-05 14:38:04.497000+00:00,58.09999847412109,297.6199951171875,72383145.20347092
2024-06-05 14:39:04.534000+00:00,58.09999847412109,297.6199951171875,72383145.20347092
2024-06-05 14:40:04.835000+00:00,58.09999847412109,296.8800048828125,72203174.69926192
2024-06-05 14:41:04.451000+00:00,58.09999847412109,296.8800048828125,72203174.69926192
2024-06-05 14:42:04.785000+00:00,57.90999984741211,313.0400085449219,75884422.70183632
2024-06-05 14:43:04.558000+00:00,57.79999923706055,313.0400085449219,75740279.49970591
2024-06-05 14:44:04.503000+00:00,57.70000076293945,322.70001220703125,77942444.91898671
2024-06-05 14:45:04.713000+00:00,57.70000076293945,322.70001220703125,77942444.91898671
2024-06-05 14:46:04.406000+00:00,57.7400016784668,347.8299865722656,84070384.9795965
2024-06-05 14:47:04.299000+00:00,57.810001373291016,350.3299865722656,84777287.34229247
2024-06-05 14:48:04.497000+00:00,57.900001525878906,350.3299865722656,84909270.88520099
2024-06-05 14:49:04.797000+00:00,57.04999923706055,393.9599914550781,94082096.44920003
2024-06-05 14:50:04.525000+00:00,57.0,519.3300170898438,123913180.7376709
2024-06-05 14:51:04.847000+00:00,56.29999923706055,508.1900024414063,119766050.99438223
2024-06-05 14:52:04.616000+00:00,56.36000061035156,508.1900024414063,119893690.91677453
2024-06-05 14:53:05.001000+00:00,56.59999847412109,507.1900024414063,120167306.78284708
2024-06-05 14:54:04.499000+00:00,57.09999847412109,524.3200073242188,125323279.3936347
2024-06-05 14:55:04.621000+00:00,57.5,529.719970703125,127500948.34838867
2024-06-05 14:56:04.265000+00:00,54.2599983215332,0.0,0.0
2024-06-05 14:57:04.262000+00:00,51.29999923706055,0.0,0.0
2024-06-05 14:58:04.404000+00:00,49.70000076293945,0.0,0.0
2024-06-05 14:59:04.296000+00:00,49.29999923706055,0.0,0.0
2024-06-05 15:00:07.031000+00:00,49.5,0.0,0.0
2024-06-05 15:01:04.860000+00:00,54.540000915527344,1077.199951171875,245929535.74858063
2024-06-05 15:02:04.647000+00:00,56.790000915527344,1016.3800048828124,241616846.81312865
2024-06-05 15:03:03.809000+00:00,57.5,991.739990234375,238706856.9494629
2024-06-05 15:04:04.796000+00:00,57.77999877929688,961.5399780273438,232564861.8754
2024-06-05 15:05:04.221000+00:00,57.81999969482422,957.4500122070312,231735952.90541327
2024-06-05 15:06:04.954000+00:00,57.900001525878906,954.9099731445312,231440963.3443804
2024-06-05 15:07:04.112000+00:00,57.900001525878906,953.3900146484376,231072571.90594882
2024-06-05 15:08:04.391000+00:00,57.900001525878906,952.8900146484376,230951387.20275515
2024-06-05 15:09:04.540000+00:00,57.900001525878906,951.8800048828124,230706591.73541516
2024-06-05 15:10:04.760000+00:00,57.900001525878906,953.3900146484376,231072571.90594882
2024-06-05 15:11:04.671000+00:00,57.81999969482422,959.489990234375,232229698.00546598
2024-06-05 15:12:04.542000+00:00,57.79999923706055,964.6300048828124,233392998.30469573
2024-06-05 15:13:05.029000+00:00,57.79999923706055,966.1799926757812,233768019.0862446
2024-06-05 15:14:04.505000+00:00,57.79999923706055,968.780029296875,234397100.0184439
2024-06-05 15:15:04.628000+00:00,57.70000076293945,968.260009765625,233865973.42301056
2024-06-05 15:16:04.462000+00:00,57.70000076293945,982.0,237184623.5361786
2024-06-05 15:17:05.150000+00:00,57.70000076293945,1006.7100219726562,243152889.58419812
2024-06-05 15:18:04.692000+00:00,57.70000076293945,1008.969970703125,243698739.98017296
2024-06-05 15:19:04.373000+00:00,57.59999847412109,1010.6699829101562,243686271.53592443
2024-06-05 15:20:04.281000+00:00,57.59999847412109,1041.6700439453125,251160807.65432307
2024-06-05 15:21:03.998000+00:00,57.5,1050.5,252850097.5
2024-06-05 15:22:03.936000+00:00,57.5,1068.8800048828125,257274072.77526855
2024-06-05 15:23:04.630000+00:00,57.5,1075.27001953125,258812117.35107422
2024-06-05 15:24:03.930000+00:00,57.5,1092.9000244140625,263055571.37634277
2024-06-05 15:25:04.327000+00:00,57.400001525878906,1096.8900146484375,263556790.92187133
2024-06-05 15:26:04.826000+00:00,57.400001525878906,1122.8900146484375,269803977.4879419
2024-06-05 15:27:04.762000+00:00,57.400001525878906,1139.780029296875,273862249.5114978
2024-06-05 15:28:04.413000+00:00,57.400001525878906,1145.77001953125,275301502.8393086
2024-06-05 15:29:04.227000+00:00,57.400001525878906,1160.5400390625,278850390.054548
2024-06-05 15:30:05.017000+00:00,57.400001525878906,1171.8699951171875,281572711.1798947
2024-06-05 15:31:04.786000+00:00,57.400001525878906,1171.1099853515625,281390098.76459104
2024-06-05 15:32:04.747000+00:00,57.400001525878906,1196.010009765625,287372987.14975876
2024-06-05 15:33:04.726000+00:00,57.400001525878906,1217.8599853515625,292623020.7631987
2024-06-05 15:34:04.302000+00:00,57.400001525878906,1224.489990234375,294216054.51077133
2024-06-05 15:35:04.266000+00:00,57.400001525878906,1235.4100341796875,296839883.42754275
2024-06-05 15:36:05.018000+00:00,57.400001525878906,1252.6099853515625,300972625.88515836
2024-06-05 15:37:04.317000+00:00,57.400001525878906,1273.8800048828125,306083309.74191546
2024-06-05 15:38:04.075000+00:00,57.400001525878906,1282.050048828125,308046378.54112166
2024-06-05 15:39:04.377000+00:00,57.29999923706055,1289.4000244140625,309272649.05799216
2024-06-05 15:40:05.102000+00:00,57.29999923706055,1293.0999755859375,310160111.19436914
2024-06-05 15:41:04.979000+00:00,57.20000076293945,1318.6800537109375,315743701.3279256
2024-06-05 15:42:04.299000+00:00,57.20000076293945,1334.3199462890625,319488504.74486643
2024-06-05 15:43:04.305000+00:00,57.20000076293945,1337.300048828125,320202058.12225497
2024-06-05 15:44:04.359000+00:00,57.20000076293945,1341.280029296875,321155021.4744188
2024-06-05 15:45:04.717000+00:00,57.20000076293945,1355.4200439453125,324540695.3149874
2024-06-05 15:46:03.875000+00:00,57.09999847412109,1363.6400146484375,325938045.77526075
2024-06-05 15:47:04.719000+00:00,57.09999847412109,1366.739990234375,326679003.7799963
2024-06-05 15:48:04.629000+00:00,57.09999847412109,1374.050048828125,328426258.3244178
2024-06-05 15:49:04.188000+00:00,57.0,1393.18994140625,332417906.39941406
2024-06-05 15:50:04.303000+00:00,57.0,1399.68994140625,333968819.39941406
2024-06-05 15:51:03.745000+00:00,57.0,1410.6600341796875,336586305.4753418
2024-06-05 15:52:04.752000+00:00,57.0,1422.9200439453125,339511568.32543945
2024-06-05 15:53:04.326000+00:00,57.0,1430.8399658203125,341401277.5246582
2024-06-05 15:54:04.503000+00:00,57.0,1436.550048828125,342763714.7504883
2024-06-05 15:55:04.635000+00:00,56.810001373291016,1448.9100341796875,344560464.197956
2024-06-05 15:56:04.704000+00:00,56.900001525878906,1442.31005859375,343534322.8225676
2024-06-05 15:57:04.750000+00:00,56.900001525878906,1448.1099853515625,344915769.1345404
2024-06-05 15:58:04.673000+00:00,56.900001525878906,1443.4599609375,343808210.47981477
2024-06-05 15:59:04.644000+00:00,44.790000915527344,0.0,0.0
2024-06-05 16:00:06.533000+00:00,51.18999862670898,0.0,0.0
2024-06-05 16:01:04.983000+00:00,52.79999923706055,2586.2099609375,571606186.2748879
2024-06-05 16:02:03.926000+00:00,52.09999847412109,0.0,0.0
2024-06-05 16:03:04.690000+00:00,52.29999923706055,0.0,0.0
2024-06-05 16:04:04.483000+00:00,55.290000915527344,1776.9000244140625,411252749.446274
2024-06-05 16:05:03.970000+00:00,55.5,1642.3399658203125,381553347.87927246
2024-06-05 16:06:04.918000+00:00,56.0,1506.280029296875,353096139.34765625
2024-06-05 16:07:04.182000+00:00,56.0,1487.5999755859375,348717235.8769531
2024-06-05 16:08:04.237000+00:00,56.0,1471.7900390625,345011133.796875
2024-06-05 16:09:04.708000+00:00,56.0,1459.8499755859375,342212191.8769531
2024-06-05 16:10:04.525000+00:00,56.0,1452.7900390625,340557229.796875
2024-06-05 16:11:04.383000+00:00,56.0,1444.6199951171875,338642040.7753906
2024-06-05 16:12:04.606000+00:00,56.0,1445.780029296875,338913971.34765625
2024-06-05 16:13:04.179000+00:00,56.0,1443.4599609375,338370110.203125
2024-06-05 16:14:04.655000+00:00,56.0,1445.780029296875,338913971.34765625
2024-06-05 16:15:04.612000+00:00,55.900001525878906,1446.949951171875,338582535.74649125
2024-06-05 16:16:03.989000+00:00,55.79999923706055,1442.31005859375,336893048.1080033
2024-06-05 16:17:04.799000+00:00,55.70000076293945,1453.9599609375,339005599.9276401
2024-06-05 16:18:04.973000+00:00,55.70000076293945,1443.4599609375,336557417.7941066
2024-06-05 16:19:04.220000+00:00,55.70000076293945,1445.780029296875,337098365.4042017
2024-06-05 16:20:04.766000+00:00,55.70000076293945,1443.4599609375,336557417.7941066
2024-06-05 16:21:04.730000+00:00,55.70000076293945,1441.43994140625,336086429.6297452
2024-06-05 16:22:04.308000+00:00,55.70000076293945,1450.43994140625,338184871.45848817
2024-06-05 16:23:04.412000+00:00,55.70000076293945,1445.780029296875,337098365.4042017
2024-06-05 16:24:04.652000+00:00,55.70000076293945,1446.93994140625,337368810.74731034
2024-06-05 16:25:04.263000+00:00,55.59999847412109,1444.6199951171875,336223159.82830304
2024-06-05 16:26:04.857000+00:00,55.52000045776367,1443.4599609375,335469797.73876864
2024-06-05 16:27:04.248000+00:00,55.5,1448.1099853515625,336429256.12683105
2024-06-05 16:28:04.095000+00:00,55.5,1448.1099853515625,336429256.12683105
2024-06-05 16:29:04.417000+00:00,55.5,1449.27001953125,336698758.7475586
2024-06-05 16:30:04.913000+00:00,55.41999816894531,1445.780029296875,335403779.8485195
2024-06-05 16:31:04.542000+00:00,55.400001525878906,1450.43994140625,336363413.61228883
2024-06-05 16:32:04.513000+00:00,55.400001525878906,1445.780029296875,335282759.46074706
2024-06-05 16:33:04.156000+00:00,55.400001525878906,1444.6199951171875,335013742.4229176
2024-06-05 16:34:04.507000+00:00,55.400001525878906,1449.27001953125,336092103.5743474
2024-06-05 16:35:04.408000+00:00,55.400001525878906,1446.949951171875,335554069.4986885
2024-06-05 16:36:04.579000+00:00,55.400001525878906,1448.1099853515625,335823086.5365179
2024-06-05 16:37:04.817000+00:00,55.400001525878906,1452.780029296875,336906090.30545837
2024-06-05 16:38:04.695000+00:00,55.400001525878906,1445.780029296875,335282759.46074706
2024-06-05 16:39:04.993000+00:00,55.310001373291016,1449.27001953125,335546104.6614927
2024-06-05 16:40:04.329000+00:00,55.29999923706055,1444.6199951171875,334409010.6520666
2024-06-05 16:41:04.332000+00:00,55.29999923706055,1449.27001953125,335485425.25872475
2024-06-05 16:42:04.338000+00:00,55.29999923706055,1451.6099853515625,336027094.11113936
2024-06-05 16:43:04.350000+00:00,55.29999923706055,1449.280029296875,335487742.37729627
2024-06-05 16:44:04.027000+00:00,55.29999923706055,1445.780029296875,334677542.0884741
2024-06-05 16:45:04.971000+00:00,55.29999923706055,1448.1099853515625,335216893.8223172
2024-06-05 16:46:04.315000+00:00,55.290000915527344,1444.6199951171875,334348549.0090606
2024-06-05 16:47:04.541000+00:00,55.20000076293945,1448.1099853515625,334610724.2320041
2024-06-05 16:48:04.337000+00:00,55.20000076293945,1448.4300537109375,334684681.5326356
2024-06-05 16:49:04.376000+00:00,55.20000076293945,1449.27001953125,334878770.08551353
2024-06-05 16:50:04.547000+00:00,55.20000076293945,1445.780029296875,334072347.8028833
2024-06-05 16:51:04.462000+00:00,55.20000076293945,1450.43994140625,335149100.6611249
2024-06-05 16:52:04.574000+00:00,55.20000076293945,1445.780029296875,334072347.8028833
2024-06-05 16:53:04.709000+00:00,55.20000076293945,1450.43994140625,335149100.6611249
2024-06-05 16:54:04.658000+00:00,55.11000061035156,1446.949951171875,333797553.5296756
2024-06-05 16:55:04.498000+00:00,55.20000076293945,1446.93994140625,334340365.44994706
2024-06-05 16:56:04.965000+00:00,55.09999847412109,1446.93994140625,333734662.527352
2024-06-05 16:57:05.159000+00:00,55.09999847412109,1451.6099853515625,334811801.59544766
2024-06-05 16:58:04.124000+00:00,55.09999847412109,1442.31005859375,332666786.56805736
2024-06-05 16:59:04.504000+00:00,55.09999847412109,1450.43994140625,334541932.6049963
2024-06-05 17:00:05.600000+00:00,55.09999847412109,1445.780029296875,333467130.4306103
2024-06-05 17:01:04.075000+00:00,55.09999847412109,1451.6099853515625,334811801.59544766
2024-06-05 17:02:04.663000+00:00,55.0,1453.9599609375,334745201.8066406
2024-06-05 17:03:05.022000+00:00,55.0,1445.780029296875,332861936.14501953
2024-06-05 17:04:05.175000+00:00,55.0,1451.6099853515625,334204166.92749023
2024-06-05 17:05:04.305000+00:00,55.0,1449.280029296875,333667741.14501953
2024-06-05 17:06:04.722000+00:00,55.0,1445.780029296875,332861936.14501953
2024-06-05 17:07:04.141000+00:00,55.0,1450.43994140625,333934787.70996094
2024-06-05 17:08:04.188000+00:00,55.0,1451.6099853515625,334204166.92749023
2024-06-05 17:09:04.170000+00:00,55.0,1446.949951171875,333131287.2583008
2024-06-05 17:10:04.544000+00:00,54.900001525878906,1449.969970703125,333219638.18667954
2024-06-05 17:11:03.792000+00:00,54.900001525878906,1448.1099853515625,332792192.3371771
2024-06-05 17:12:04.033000+00:00,54.900001525878906,1449.27001953125,333058781.4234685
2024-06-05 17:13:04.635000+00:00,54.900001525878906,1449.280029296875,333061081.78178436
2024-06-05 17:14:04.571000+00:00,54.900001525878906,1452.780029296875,333865421.70414
2024-06-05 17:15:04.838000+00:00,54.900001525878906,1449.280029296875,333061081.78178436
2024-06-05 17:16:04.008000+00:00,54.900001525878906,1450.43994140625,333327642.81492555
2024-06-05 17:17:04.482000+00:00,54.88999938964844,1451.6099853515625,333535754.88487095
2024-06-05 17:18:04.612000+00:00,54.810001373291016,1449.27001953125,332512782.5106138
2024-06-05 17:19:04.195000+00:00,54.88999938964844,1448.1099853515625,332731561.5038132
2024-06-05 17:20:04.605000+00:00,54.79999923706055,1450.43994140625,332720474.758797
2024-06-05 17:21:04.931000+00:00,54.79999923706055,1450.43994140625,332720474.758797
2024-06-05 17:22:04.270000+00:00,54.79999923706055,1451.6099853515625,332988874.41179854
2024-06-05 17:23:04.635000+00:00,54.79999923706055,1450.43994140625,332720474.758797
2024-06-05 17:24:04.163000+00:00,54.79999923706055,1450.43994140625,332720474.758797
2024-06-05 17:25:04.788000+00:00,54.790000915527344,1444.6199951171875,331324959.35928035
2024-06-05 17:26:05.520000+00:00,54.70000076293945,1448.1099853515625,331579830.0326633
2024-06-05 17:27:04.140000+00:00,54.70000076293945,1448.8599853515625,331751560.68505853
2024-06-05 17:28:04.579000+00:00,54.70000076293945,1449.280029296875,331847739.9127428
2024-06-05 17:29:04.658000+00:00,54.70000076293945,1450.43994140625,332113329.8637616
2024-06-05 17:30:04.778000+00:00,50.95000076293945,0.0,0.0
2024-06-05 17:31:05.010000+00:00,51.79999923706055,0.0,0.0
2024-06-05 17:32:04.533000+00:00,52.08000183105469,1446.949951171875,315445055.4617075
2024-06-05 17:33:04.206000+00:00,54.5,1455.1300048828125,331968993.9239502
2024-06-05 17:34:04.564000+00:00,53.5,1452.7900390625,325353782.03808594
2024-06-05 17:35:04.481000+00:00,54.5,1446.949951171875,330102821.01049805
2024-06-05 17:36:04.121000+00:00,54.59999847412109,1452.780029296875,332041001.98458064
2024-06-05 17:37:03.848000+00:00,54.59999847412109,1450.43994140625,331506161.80763304
2024-06-05 17:38:05.032000+00:00,54.59999847412109,1456.31005859375,332847809.92599803
2024-06-05 17:39:04.572000+00:00,54.5,1453.9599609375,331702063.60839844
2024-06-05 17:40:04.656000+00:00,54.5,1452.780029296875,331432877.5437012
2024-06-05 17:41:04.125000+00:00,54.54999923706055,1451.6099853515625,331469764.5621281
2024-06-05 17:42:04.799000+00:00,54.5,1450.43994140625,330899016.91259766
2024-06-05 17:43:04.549000+00:00,54.5,1448.1099853515625,330367467.7281494
2024-06-05 17:44:04.363000+00:00,54.59999847412109,1447.1700439453125,330758808.45239586
2024-06-05 17:45:05.229000+00:00,54.5,1450.43994140625,330899016.91259766
2024-06-05 17:46:04.165000+00:00,54.5,1450.43994140625,330899016.91259766
2024-06-05 17:47:04.752000+00:00,54.400001525878906,1449.280029296875,330027738.680466
2024-06-05 17:48:04.698000+00:00,54.29999923706055,1453.9599609375,330484803.68564117
2024-06-05 17:49:05.098000+00:00,54.29999923706055,1451.6099853515625,329950654.7124577
2024-06-05 17:50:04.443000+00:00,54.29999923706055,1455.1300048828125,330750754.4366652
2024-06-05 17:51:04.786000+00:00,54.20000076293945,1448.1099853515625,328548935.83332247
2024-06-05 17:52:04.568000+00:00,54.29999923706055,1448.1099853515625,329155105.42363554
2024-06-05 17:53:04.161000+00:00,54.209999084472656,1450.43994140625,329138264.2914646
2024-06-05 17:54:05.013000+00:00,54.29999923706055,1450.43994140625,329684703.9614337
2024-06-05 17:55:04.470000+00:00,54.29999923706055,1452.780029296875,330216605.4634817
2024-06-05 17:56:04.583000+00:00,54.400001525878906,1451.449951171875,330521869.83182603
2024-06-05 17:57:04.753000+00:00,54.45000076293945,1450.43994140625,330595444.46507996
2024-06-05 17:58:04.155000+00:00,54.59000015258789,1457.489990234375,333056489.6119673
2024-06-05 17:59:04.865000+00:00,54.70000076293945,1456.31005859375,333457435.2694228
2024-06-05 18:00:06.940000+00:00,54.900001525878906,1450.43994140625,333327642.81492555
2024-06-05 18:01:04.807000+00:00,55.0,1450.43994140625,333934787.70996094
2024-06-05 18:02:04.563000+00:00,55.09999847412109,1453.9599609375,335353820.1593683
2024-06-05 18:03:04.381000+00:00,55.20000076293945,1451.6099853515625,335419459.44318193
2024-06-05 18:04:03.982000+00:00,55.29999923706055,1457.489990234375,337388231.7266624
2024-06-05 18:05:04.715000+00:00,55.400001525878906,1457.489990234375,337998351.0007768
2024-06-05 18:06:05.105000+00:00,55.5,1455.1300048828125,338060168.12438965
2024-06-05 18:07:04.152000+00:00,55.59999847412109,1450.43994140625,337577703.4023596
2024-06-05 18:08:04.297000+00:00,55.70000076293945,1450.43994140625,338184871.45848817
2024-06-05 18:09:04.901000+00:00,55.79999923706055,1453.9599609375,339614218.28036773
2024-06-05 18:10:04.407000+00:00,55.900001525878906,1451.6099853515625,339672971.6582144
2024-06-05 18:11:04.283000+00:00,55.900001525878906,1451.6099853515625,339672971.6582144
2024-06-05 18:12:04.028000+00:00,56.09999847412109,1452.7900390625,341165358.4277784
2024-06-05 18:13:04.601000+00:00,56.09999847412109,1451.6099853515625,340888240.9941293
2024-06-05 18:14:04.885000+00:00,56.20000076293945,1452.7900390625,341773510.25730217
2024-06-05 18:15:05.132000+00:00,56.29999923706055,1458.6700439453125,343767390.2041681
2024-06-05 18:16:03.824000+00:00,56.400001525878906,1455.1300048828125,343542234.1991794
2024-06-05 18:17:04.602000+00:00,56.400001525878906,1456.31005859375,343820833.5593535
2024-06-05 18:18:04.688000+00:00,56.5,1455.1300048828125,344151342.3248291
2024-06-05 18:19:04.602000+00:00,56.59999847412109,1453.9599609375,344483234.75409484
2024-06-05 18:20:04.644000+00:00,56.70000076293945,1449.300048828125,343985863.87774813
2024-06-05 18:21:04.155000+00:00,56.79999923706055,1458.6700439453125,346820386.6061456
2024-06-05 18:22:04.248000+00:00,56.79999923706055,1451.6099853515625,345141753.2091618
2024-06-05 18:23:04.399000+00:00,56.900001525878906,1451.6099853515625,345749411.05689603
2024-06-05 18:24:04.556000+00:00,56.79999923706055,1451.6099853515625,345141753.2091618
2024-06-05 18:25:04.507000+00:00,57.0,1449.27001953125,345798725.2001953
2024-06-05 18:26:04.729000+00:00,57.0,1450.43994140625,346077870.89941406
2024-06-05 18:27:04.737000+00:00,57.0,1449.280029296875,345801113.55029297
2024-06-05 18:28:04.503000+00:00,57.09999847412109,1450.43994140625,346685015.79444945
2024-06-05 18:29:04.521000+00:00,57.09999847412109,1446.949951171875,345850836.2569267
2024-06-05 18:30:04.853000+00:00,57.20000076293945,1449.27001953125,347012058.68902916
2024-06-05 18:31:04.399000+00:00,57.20000076293945,1451.6099853515625,347572338.2405452
2024-06-05 18:32:04.361000+00:00,57.29999923706055,1450.9000244140625,348009683.24221534
2024-06-05 18:33:04.384000+00:00,57.29999923706055,1448.1099853515625,347340470.61968046
2024-06-05 18:34:04.539000+00:00,57.400001525878906,1451.6099853515625,348787630.75623685
2024-06-05 18:35:04.823000+00:00,57.400001525878906,1450.43994140625,348506496.80174196
2024-06-05 18:36:04.327000+00:00,57.5,1449.27001953125,348832047.3510742
2024-06-05 18:37:04.411000+00:00,57.5,1452.77001953125,349674479.8510742
2024-06-05 18:38:03.989000+00:00,57.5,1445.780029296875,347992024.1516113
2024-06-05 18:39:04.277000+00:00,57.5,1445.780029296875,347992024.1516113
2024-06-05 18:40:04.636000+00:00,57.5,1444.6199951171875,347712809.72473145
2024-06-05 18:41:04.174000+00:00,57.68999862670898,1445.780029296875,349141902.5289067
2024-06-05 18:42:04.607000+00:00,57.70000076293945,1441.1500244140625,348084140.529332
2024-06-05 18:43:04.286000+00:00,57.70000076293945,1446.93994140625,349482591.93676347
2024-06-05 18:44:04.958000+00:00,57.70000076293945,1448.1099853515625,349765195.2287082
2024-06-05 18:45:04.566000+00:00,57.70000076293945,1444.6199951171875,348922250.1982752
2024-06-05 18:46:04.741000+00:00,57.7599983215332,1443.4599609375,349004589.2390983
2024-06-05 18:47:04.248000+00:00,57.79999923706055,1445.780029296875,349807630.0950659
2024-06-05 18:48:04.780000+00:00,57.84000015258789,1446.93994140625,350330552.92319256
2024-06-05 18:49:04.897000+00:00,57.79999923706055,1448.1099853515625,350371364.8190213
2024-06-05 18:50:04.290000+00:00,57.900001525878906,1444.6199951171875,350131690.671819
2024-06-05 18:51:04.358000+00:00,57.900001525878906,1448.1099853515625,350977557.533222
2024-06-05 18:52:04.956000+00:00,57.900001525878906,1449.27001953125,351258714.3287419
2024-06-05 18:53:04.022000+00:00,58.0,1446.949951171875,351302084.7451172
2024-06-05 18:54:04.670000+00:00,58.0,1451.25,352346085.0
2024-06-05 18:55:05.290000+00:00,58.09999847412109,1445.780029296875,351623236.03852046
2024-06-05 18:56:04.628000+00:00,58.09999847412109,1446.949951171875,351907768.7525322
2024-06-05 18:57:04.382000+00:00,58.09999847412109,1449.27001953125,352472024.6751643
2024-06-05 18:58:04.396000+00:00,58.09999847412109,1444.6199951171875,351341108.0772044
2024-06-05 18:59:04.245000+00:00,58.20000076293945,1451.219970703125,353553760.2412527
2024-06-05 19:00:06.682000+00:00,51.0,0.0,0.0
2024-06-05 19:01:04.968000+00:00,55.880001068115234,2135.22998046875,499459511.92466503
2024-06-05 19:02:03.896000+00:00,56.93000030517578,1614.3499755859375,384714098.10718656
2024-06-05 19:03:04.147000+00:00,58.0,1512.6099853515625,367243553.12353516
2024-06-05 19:04:04.618000+00:00,57.900001525878906,1482.699951171875,359361107.0160492
2024-06-05 19:05:04.506000+00:00,58.20000076293945,1474.199951171875,359152262.6523384
2024-06-05 19:06:04.534000+00:00,58.29999923706055,1463.4200439453125,357138583.84690833
2024-06-05 19:07:04.754000+00:00,58.29999923706055,1462.22998046875,356848156.2376475
2024-06-05 19:08:04.302000+00:00,58.29999923706055,1456.31005859375,355403436.0264756
2024-06-05 19:09:04.498000+00:00,58.29999923706055,1446.949951171875,353119159.8727261
2024-06-05 19:10:04.656000+00:00,58.29999923706055,1451.6099853515625,354256412.3071843
2024-06-05 19:11:04.607000+00:00,58.400001525878906,1445.780029296875,353438865.0686572
2024-06-05 19:12:04.716000+00:00,58.400001525878906,1450.43994140625,354578038.3964685
2024-06-05 19:13:05.168000+00:00,58.5,1453.9599609375,356047169.19433594
2024-06-05 19:14:05.048000+00:00,58.59999847412109,1448.1099853515625,355220790.91318905
2024-06-05 19:15:05.043000+00:00,58.59999847412109,1450.43994140625,355792328.1865393
2024-06-05 19:16:04.849000+00:00,58.70000076293945,1445.780029296875,355254471.01211184
2024-06-05 19:17:04.580000+00:00,58.79999923706055,1451.6099853515625,357294632.0065251
2024-06-05 19:18:04.598000+00:00,58.79999923706055,1450.43994140625,357006641.13770324
2024-06-05 19:19:05.046000+00:00,58.900001525878906,1455.1300048828125,358770169.70027804
2024-06-05 19:20:04.234000+00:00,58.900001525878906,1448.1099853515625,357039345.93190366
2024-06-05 19:21:03.939000+00:00,59.0,1451.6099853515625,358509924.5222168
2024-06-05 19:22:03.993000+00:00,59.0,1449.27001953125,357932013.80371094
2024-06-05 19:23:04.023000+00:00,59.09999847412109,1449.4300537109375,358578260.24770164
2024-06-05 19:24:04.390000+00:00,59.20000076293945,1451.6099853515625,359725217.0379085
2024-06-05 19:25:04.338000+00:00,59.20000076293945,1446.949951171875,358570408.3609165
2024-06-05 19:26:04.666000+00:00,59.29999923706055,1448.1099853515625,359464047.41704375
2024-06-05 19:27:04.563000+00:00,59.29999923706055,1446.949951171875,359176092.36833155
2024-06-05 19:28:05.203000+00:00,59.29999923706055,1446.93994140625,359173607.64624435
2024-06-05 19:29:04.673000+00:00,59.400001525878906,1452.780029296875,361231439.11600524
2024-06-05 19:30:06.285000+00:00,59.5,1445.780029296875,360096094.55688477
2024-06-05 19:31:04.486000+00:00,59.5,1438.8499755859375,358370046.8692627
2024-06-05 19:32:04.472000+00:00,59.52000045776367,1425.1800537109375,355084639.24264693
2024-06-05 19:33:04.145000+00:00,59.59999847412109,1411.77001953125,352216281.36732584
2024-06-05 19:34:04.127000+00:00,59.59999847412109,1384.6199951171875,345442741.409785
2024-06-05 19:35:04.939000+00:00,59.619998931884766,1362.5999755859375,340063143.24663687
2024-06-05 19:36:04.439000+00:00,59.7400016784668,1353.3800048828125,338441966.87318474
2024-06-05 19:37:04.449000+00:00,59.79999923706055,1321.5899658203125,330824096.4753299
2024-06-05 19:38:04.652000+00:00,59.79999923706055,1307.18994140625,327219442.08992225
2024-06-05 19:39:04.570000+00:00,59.900001525878906,1277.5,320322146.6598129
2024-06-05 19:40:04.646000+00:00,59.900001525878906,1255.22998046875,314738130.642274
2024-06-05 19:41:04.182000+00:00,59.900001525878906,1227.8299560546875,307867809.9856448
2024-06-05 19:42:05.085000+00:00,59.95000076293945,1208.050048828125,303161009.2465588
2024-06-05 19:43:04.782000+00:00,60.0,1173.4000244140625,294711150.13183594
2024-06-05 19:44:04.528000+00:00,60.08000183105469,1140.6800537109375,286875201.9695045
2024-06-05 19:45:05.242000+00:00,60.09999847412109,1094.8900146484375,275450890.0458105
2024-06-05 19:46:04.487000+00:00,60.20000076293945,1070.1600341796875,269677335.5829177
2024-06-05 19:47:04.947000+00:00,60.290000915527344,1020.989990234375,257671270.44885018
2024-06-05 19:48:04.622000+00:00,60.2400016784668,976.1400146484376,246148002.24183828
2024-06-05 19:49:04.207000+00:00,60.29999923706055,942.9000244140624,238002860.9711887
2024-06-05 19:50:04.649000+00:00,60.29999923706055,891.0900268554688,224925199.154902
2024-06-05 19:51:04.743000+00:00,60.20000076293945,851.0599975585938,214464739.1347726
2024-06-05 19:52:04.803000+00:00,60.20000076293945,796.8099975585938,200793890.8615163
2024-06-05 19:53:04.659000+00:00,60.20000076293945,778.5499877929688,196192419.4702898
2024-06-05 19:54:04.598000+00:00,60.09999847412109,748.4400024414062,188291483.21767294
2024-06-05 19:55:04.252000+00:00,60.04999923706055,707.27001953125,177785967.46177346
2024-06-05 19:56:04.499000+00:00,60.0,673.9099731445312,169259228.85498047
2024-06-05 19:57:04.146000+00:00,59.900001525878906,647.25,162292375.28419876
2024-06-05 19:58:04.943000+00:00,59.79999923706055,616.4400024414062,154308985.47443706
2024-06-05 19:59:04.934000+00:00,59.79999923706055,591.52001953125,148070945.65600067
2024-06-05 20:00:07.121000+00:00,59.79999923706055,554.1900024414062,138726391.37324268
2024-06-05 20:01:04.725000+00:00,59.70000076293945,515.4600219726562,128815626.06926548
2024-06-05 20:02:04.428000+00:00,59.59999847412109,489.3999938964844,122098247.99130191
2024-06-05 20:03:04.853000+00:00,59.59999847412109,448.4100036621094,111871835.94550128
2024-06-05 20:04:04.894000+00:00,59.5,448.3200073242188,111661719.2642212
2024-06-05 20:05:04.411000+00:00,59.400001525878906,423.6300048828125,105334925.61196777
2024-06-05 20:06:05.446000+00:00,59.400001525878906,383.2200012207031,95287042.59927815
2024-06-05 20:07:04.518000+00:00,59.29999923706055,383.2200012207031,95126623.03513876
2024-06-05 20:08:04.411000+00:00,59.29999923706055,359.07000732421875,89131874.9573402
2024-06-05 20:09:04.138000+00:00,59.20000076293945,359.07000732421875,88981570.5457726
2024-06-05 20:10:04.700000+00:00,59.20000076293945,324.7900085449219,80486602.80279768
2024-06-05 20:11:04.431000+00:00,59.09999847412109,324.7900085449219,80350642.59340976
2024-06-05 20:12:04.997000+00:00,59.0,294.7900085449219,72805467.57037354
2024-06-05 20:13:04.541000+00:00,59.0,294.7900085449219,72805467.57037354
2024-06-05 20:14:04.690000+00:00,58.900001525878906,272.19000244140625,67109916.66650902
2024-06-05 20:15:04.788000+00:00,58.900001525878906,272.19000244140625,67109916.66650902
2024-06-05 20:16:04.322000+00:00,58.79999923706055,268.3099975585937,66040963.350187935
2024-06-05 20:17:05.302000+00:00,58.79999923706055,247.8000030517578,60992698.999759816
2024-06-05 20:18:04.677000+00:00,58.79999923706055,247.8000030517578,60992698.999759816
2024-06-05 20:19:04.698000+00:00,58.70000076293945,229.4199981689453,56372669.726767056
2024-06-05 20:20:05.100000+00:00,58.59999847412109,229.4199981689453,56276632.31746198
2024-06-05 20:21:04.325000+00:00,54.9900016784668,0.0,0.0
2024-06-05 20:22:04.631000+00:00,56.29999923706055,0.0,0.0
2024-06-05 20:23:04.159000+00:00,57.18000030517578,0.0,0.0
2024-06-05 20:24:04.603000+00:00,57.59999847412109,296.92999267578125,71593857.58544166
2024-06-05 20:25:04.574000+00:00,57.79999923706055,296.92999267578125,71842448.32360463
2024-06-05 20:26:04.881000+00:00,58.0,286.260009765625,69500495.25097656
2024-06-05 20:27:04.255000+00:00,58.09999847412109,286.260009765625,69620321.86262755
2024-06-05 20:28:04.427000+00:00,58.09999847412109,273.6400146484375,66551055.83876784
2024-06-05 20:29:04.525000+00:00,58.20000076293945,273.6400146484375,66665604.17064293
2024-06-05 20:30:04.987000+00:00,58.29999923706055,273.7200012207031,66799668.35973516
2024-06-05 20:31:04.078000+00:00,58.29999923706055,273.7200012207031,66799668.35973516
2024-06-05 20:32:04.986000+00:00,58.29999923706055,273.7200012207031,66799668.35973516
2024-06-05 20:33:04.246000+00:00,58.400001525878906,259.25,63376878.85591507
2024-06-05 20:34:04.481000+00:00,58.400001525878906,259.25,63376878.85591507
2024-06-05 20:35:04.942000+00:00,58.400001525878906,253.5599975585937,61985887.166739106
2024-06-05 20:36:04.237000+00:00,58.380001068115234,253.5599975585937,61964658.63787215
2024-06-05 20:37:04.310000+00:00,57.220001220703125,246.5399932861328,59051980.348460585
2024-06-05 20:38:04.734000+00:00,57.5,246.5399932861328,59340943.68400574
2024-06-05 20:39:05.058000+00:00,57.70000076293945,246.5399932861328,59547347.75375093
2024-06-05 20:40:04.273000+00:00,57.88999938964844,262.42999267578125,63594013.8768494
2024-06-05 20:41:04.275000+00:00,58.0,262.42999267578125,63714853.06176758
2024-06-05 20:42:05.097000+00:00,58.09999847412109,270.4700012207031,65780087.67130214
2024-06-05 20:43:04.056000+00:00,58.20000076293945,270.4700012207031,65893309.0051845
2024-06-05 20:44:04.159000+00:00,58.20000076293945,270.9200134277344,66002943.32056212
2024-06-05 20:45:04.689000+00:00,58.20000076293945,270.9200134277344,66002943.32056212
2024-06-05 20:46:04.469000+00:00,58.20000076293945,260.7200012207031,63517963.27404627
2024-06-05 20:47:04.108000+00:00,58.20000076293945,260.7200012207031,63517963.27404627
2024-06-05 20:48:04.644000+00:00,58.29999923706055,260.7200012207031,63627099.0012528
2024-06-05 20:49:04.110000+00:00,58.29999923706055,259.5199890136719,63334243.46603495
2024-06-05 20:50:04.451000+00:00,58.29999923706055,259.5199890136719,63334243.46603495
2024-06-05 20:51:04.541000+00:00,58.29999923706055,260.3800048828125,63544125.00405373
2024-06-05 20:52:04.810000+00:00,58.29999923706055,260.3800048828125,63544125.00405373
2024-06-05 20:53:04.377000+00:00,58.29999923706055,259.9700012207031,63444066.15364805
2024-06-05 20:54:04.660000+00:00,58.29999923706055,259.9700012207031,63444066.15364805
2024-06-05 20:55:04.780000+00:00,58.209999084472656,259.9700012207031,63346124.88933677
2024-06-05 20:56:04.677000+00:00,58.20000076293945,254.3099975585937,61956324.829392724
2024-06-05 20:57:04.016000+00:00,58.20000076293945,254.3099975585937,61956324.829392724
2024-06-05 20:58:04.490000+00:00,58.20000076293945,250.97999572753903,61145052.45666675
2024-06-05 20:59:03.988000+00:00,58.20000076293945,250.97999572753903,61145052.45666675
2024-06-05 21:00:07.649000+00:00,58.20000076293945,251.13999938964844,61184033.38135989
2024-06-05 21:01:04.307000+00:00,58.20000076293945,251.47000122070312,61264430.144504875
2024-06-05 21:02:04.514000+00:00,58.18999862670898,251.47000122070312,61253901.36154345
2024-06-05 21:03:04.497000+00:00,58.0,204.72999572753903,49705986.20269775
2024-06-05 21:04:04.730000+00:00,57.79999923706055,151.92999267578125,36759582.78668598
2024-06-05 21:05:03.972000+00:00,57.59999847412109,121.5500030517578,29307358.039440434
2024-06-05 21:06:05.087000+00:00,57.400001525878906,101.0,24267917.04512024
2024-06-05 21:07:04.244000+00:00,57.09999847412109,86.4800033569336,20670501.738000035
2024-06-05 21:08:04.122000+00:00,56.61000061035156,75.66999816894531,17931478.79762763
2024-06-05 21:09:04.335000+00:00,56.380001068115234,67.30000305175781,15883250.585142316
2024-06-05 21:10:03.842000+00:00,55.90999984741211,0.0,0.0
2024-06-05 21:11:04.747000+00:00,55.79999923706055,0.0,0.0
2024-06-05 21:12:04.723000+00:00,55.59999847412109,0.0,0.0
2024-06-05 21:13:05.012000+00:00,55.540000915527344,0.0,0.0
2024-06-05 21:14:04.207000+00:00,55.400001525878906,0.0,0.0
2024-06-05 21:15:05.376000+00:00,55.29999923706055,0.0,0.0
2024-06-05 21:16:04.504000+00:00,55.20000076293945,0.0,0.0
2024-06-05 21:17:04.720000+00:00,55.09999847412109,0.0,0.0
2024-06-05 21:18:04.661000+00:00,54.900001525878906,0.0,0.0
2024-06-05 21:19:05.040000+00:00,54.900001525878906,0.0,0.0
2024-06-05 21:20:04.646000+00:00,54.70000076293945,0.0,0.0
2024-06-05 21:21:04.236000+00:00,54.59999847412109,0.0,0.0
2024-06-05 21:22:04.111000+00:00,54.59999847412109,0.0,0.0
2024-06-05 21:23:04.221000+00:00,54.5,0.0,0.0
2024-06-05 21:24:04.171000+00:00,54.5,0.0,0.0
2024-06-05 21:25:04.878000+00:00,54.5,0.0,0.0
2024-06-05 21:26:04.354000+00:00,54.5,0.0,0.0
2024-06-05 21:27:04.791000+00:00,54.59999847412109,0.0,0.0
2024-06-05 21:28:04.754000+00:00,54.59999847412109,0.0,0.0
2024-06-05 21:29:04.949000+00:00,54.70000076293945,0.0,0.0
2024-06-05 21:30:04.760000+00:00,54.70000076293945,0.0,0.0
2024-06-05 21:31:04.043000+00:00,54.72999954223633,0.0,0.0
2024-06-05 21:32:04.614000+00:00,54.900001525878906,0.0,0.0
2024-06-05 21:33:04.052000+00:00,54.900001525878906,0.0,0.0
2024-06-05 21:34:04.187000+00:00,55.0,0.0,0.0
2024-06-05 21:35:04.172000+00:00,55.09000015258789,0.0,0.0
2024-06-05 21:36:04.560000+00:00,55.09999847412109,0.0,0.0
2024-06-05 21:37:04.520000+00:00,55.20000076293945,0.0,0.0
2024-06-05 21:38:04.676000+00:00,55.20000076293945,0.0,0.0
2024-06-05 21:39:04.723000+00:00,55.20000076293945,0.0,0.0
2024-06-05 21:40:04.101000+00:00,55.29999923706055,0.0,0.0
2024-06-05 21:41:03.876000+00:00,55.29999923706055,0.0,0.0
2024-06-05 21:42:04.887000+00:00,55.36000061035156,0.0,0.0
2024-06-05 21:43:04.170000+00:00,55.400001525878906,0.0,0.0
2024-06-05 21:44:04.178000+00:00,55.400001525878906,74.94999694824219,17381234.551014233
2024-06-05 21:45:04.181000+00:00,55.400001525878906,74.94999694824219,17381234.551014233
2024-06-05 21:46:04.364000+00:00,55.400001525878906,74.94999694824219,17381234.551014233
2024-06-05 21:47:04.626000+00:00,55.43000030517578,74.94999694824219,17390646.388646755
2024-06-05 21:48:04.743000+00:00,55.5,74.94999694824219,17412608.14100647
2024-06-05 21:49:04.193000+00:00,55.5,74.94999694824219,17412608.14100647
2024-06-05 21:50:04.523000+00:00,55.5,74.94999694824219,17412608.14100647
2024-06-05 21:51:04.483000+00:00,55.5,74.94999694824219,17412608.14100647
2024-06-05 21:52:04.966000+00:00,55.5,67.88999938964844,15772408.328201294
2024-06-05 21:53:04.141000+00:00,55.400001525878906,67.87999725341797,15741670.468627423
2024-06-05 21:54:04.770000+00:00,55.400001525878906,67.87999725341797,15741670.468627423
2024-06-05 21:55:04.386000+00:00,55.400001525878906,67.87999725341797,15741670.468627423
2024-06-05 21:56:04.472000+00:00,55.400001525878906,67.87999725341797,15741670.468627423
2024-06-05 21:57:04.695000+00:00,55.400001525878906,67.87999725341797,15741670.468627423
2024-06-05 21:58:04.803000+00:00,55.400001525878906,67.87999725341797,15741670.468627423
2024-06-05 21:59:04.655000+00:00,55.36000061035156,67.87999725341797,15730304.381744182
2024-06-05 22:00:05.666000+00:00,55.400001525878906,67.87999725341797,15741670.468627423
2024-06-05 22:01:05.033000+00:00,55.29999923706055,66.69999694824219,15440101.940543985
2024-06-05 22:02:04.845000+00:00,55.29999923706055,66.62000274658203,15421584.419032797
2024-06-05 22:03:04.354000+00:00,55.29999923706055,66.62000274658203,15421584.419032797
2024-06-05 22:04:04.211000+00:00,55.29999923706055,66.62000274658203,15421584.419032797
2024-06-05 22:05:04.281000+00:00,55.29999923706055,66.62000274658203,15421584.419032797
2024-06-05 22:06:04.692000+00:00,55.29999923706055,66.62000274658203,15421584.419032797
2024-06-05 22:07:03.889000+00:00,55.29999923706055,66.62000274658203,15421584.419032797
2024-06-05 22:08:04.136000+00:00,55.20000076293945,66.62000274658203,15393697.711406961
2024-06-05 22:09:04.342000+00:00,55.20000076293945,66.62000274658203,15393697.711406961
2024-06-05 22:10:04.113000+00:00,55.20000076293945,66.62000274658203,15393697.711406961
2024-06-05 22:11:04.450000+00:00,55.20000076293945,66.68000030517578,15407561.179469667
2024-06-05 22:12:04.326000+00:00,55.20000076293945,66.68000030517578,15407561.179469667
2024-06-05 22:13:04.711000+00:00,55.20000076293945,66.68000030517578,15407561.179469667
2024-06-05 22:14:04.615000+00:00,55.20000076293945,66.68000030517578,15407561.179469667
2024-06-05 22:15:05.288000+00:00,55.150001525878906,66.68000030517578,15393605.268359346
2024-06-05 22:16:04.208000+00:00,55.18999862670898,66.68000030517578,15404769.358386941
2024-06-05 22:17:04.425000+00:00,55.20000076293945,66.68000030517578,15407561.179469667
2024-06-05 22:18:04.865000+00:00,55.09999847412109,66.68000030517578,15379648.292481259
2024-06-05 22:19:04.321000+00:00,54.900001525878906,66.68000030517578,15323824.64803998
2024-06-05 22:20:04.479000+00:00,54.70000076293945,66.69000244140625,15270290.17000454
2024-06-05 22:21:04.114000+00:00,54.70000076293945,66.69000244140625,15270290.17000454
2024-06-05 22:22:04.763000+00:00,54.79999923706055,66.69000244140625,15298206.17905552
2024-06-05 22:23:03.855000+00:00,54.900001525878906,66.69000244140625,15326123.25303398
2024-06-05 22:24:04.405000+00:00,55.0,66.69000244140625,15354039.262084961
2024-06-05 22:25:04.166000+00:00,55.09999847412109,66.69000244140625,15381955.271135937
2024-06-05 22:26:04.642000+00:00,55.20000076293945,86.30999755859375,19943409.743516274
2024-06-05 22:27:03.524000+00:00,55.29999923706055,86.30999755859375,19979538.55720394
2024-06-05 22:28:04.562000+00:00,55.29999923706055,86.30999755859375,19979538.55720394
2024-06-05 22:29:04.206000+00:00,55.380001068115234,86.30999755859375,20008442.710734796
2024-06-05 22:30:05.039000+00:00,55.400001525878906,86.30999755859375,20015668.74911751
2024-06-05 22:31:04.523000+00:00,55.400001525878906,86.30999755859375,20015668.74911751
2024-06-05 22:32:04.453000+00:00,55.4900016784668,86.30999755859375,20048185.232726768
2024-06-05 22:33:04.384000+00:00,55.400001525878906,85.47000122070312,19820869.89701145
2024-06-05 22:34:04.356000+00:00,55.400001525878906,79.26000213623047,18380743.745660964
2024-06-05 22:35:04.208000+00:00,55.40999984741211,79.26000213623047,18384061.012464695
2024-06-05 22:36:04.116000+00:00,55.5,79.26000213623047,18413921.47629547
2024-06-05 22:37:03.784000+00:00,55.5,79.26000213623047,18413921.47629547
2024-06-05 22:38:04.843000+00:00,55.400001525878906,79.26000213623047,18380743.745660964
2024-06-05 22:39:04.433000+00:00,55.400001525878906,79.26000213623047,18380743.745660964
2024-06-05 22:40:04.986000+00:00,55.400001525878906,79.26000213623047,18380743.745660964
2024-06-05 22:41:04.409000+00:00,55.400001525878906,79.26000213623047,18380743.745660964
2024-06-05 22:42:04.889000+00:00,55.29999923706055,70.72000122070312,16370675.832719479
2024-06-05 22:43:04.878000+00:00,55.29999923706055,70.13999938964844,16236413.64670865
2024-06-05 22:44:03.878000+00:00,55.29999923706055,70.13999938964844,16236413.64670865
2024-06-05 22:45:04.710000+00:00,55.20000076293945,70.13999938964844,16207053.490971403
2024-06-05 22:46:04.781000+00:00,55.20000076293945,70.13999938964844,16207053.490971403
2024-06-05 22:47:04.084000+00:00,55.20000076293945,70.13999938964844,16207053.490971403
2024-06-05 22:48:05.177000+00:00,55.09999847412109,70.13999938964844,16177692.215216005
2024-06-05 22:49:04.501000+00:00,55.09999847412109,70.13999938964844,16177692.215216005
2024-06-05 22:50:05.094000+00:00,55.0,70.13999938964844,16148332.05947876
2024-06-05 22:51:04.374000+00:00,55.0,67.44999694824219,15529012.797393799
2024-06-05 22:52:04.601000+00:00,55.0,63.29999923706055,14573558.82434845
2024-06-05 22:53:04.390000+00:00,55.0,63.29999923706055,14573558.82434845
2024-06-05 22:54:04.676000+00:00,55.0,63.29999923706055,14573558.82434845
2024-06-05 22:55:04.352000+00:00,54.93999862670898,63.29999923706055,14557660.032653933
2024-06-05 22:56:05.101000+00:00,54.900001525878906,63.29999923706055,14547061.848985743
2024-06-05 22:57:04.225000+00:00,54.900001525878906,63.29999923706055,14547061.848985743
2024-06-05 22:58:04.833000+00:00,54.900001525878906,63.29999923706055,14547061.848985743
2024-06-05 22:59:04.520000+00:00,54.900001525878906,63.29999923706055,14547061.848985743
2024-06-05 23:00:06.600000+00:00,54.900001525878906,72.9800033569336,16771637.209608909
2024-06-06 00:00:08.132000+00:00,55.09999847412109,78.5,18105914.59859466
2024-06-06 00:01:05.172000+00:00,55.09999847412109,78.05000305175781,18002123.43535261
2024-06-06 00:02:04.266000+00:00,55.09999847412109,78.05000305175781,18002123.43535261
2024-06-06 00:03:04.121000+00:00,55.09999847412109,78.05000305175781,18002123.43535261
2024-06-06 00:04:04.828000+00:00,55.09999847412109,78.05000305175781,18002123.43535261
2024-06-06 00:05:04.584000+00:00,55.09999847412109,78.05000305175781,18002123.43535261
2024-06-06 00:06:04.761000+00:00,55.09999847412109,78.05000305175781,18002123.43535261
2024-06-06 00:07:04.533000+00:00,55.09999847412109,78.05000305175781,18002123.43535261
2024-06-06 00:08:04.115000+00:00,55.09999847412109,83.94000244140625,19360643.51095451
2024-06-06 00:09:04.320000+00:00,55.09999847412109,83.94000244140625,19360643.51095451
2024-06-06 00:10:04.392000+00:00,55.09999847412109,83.94000244140625,19360643.51095451
2024-06-06 00:11:03.995000+00:00,55.09999847412109,83.94000244140625,19360643.51095451
2024-06-06 00:12:04.054000+00:00,55.09999847412109,83.94000244140625,19360643.51095451
2024-06-06 00:13:04.877000+00:00,55.09999847412109,83.94000244140625,19360643.51095451
2024-06-06 00:14:04.434000+00:00,55.09999847412109,83.94000244140625,19360643.51095451
2024-06-06 00:15:04.905000+00:00,55.150001525878906,87.1500015258789,20119266.893916942
2024-06-06 00:16:03.995000+00:00,55.09999847412109,87.1500015258789,20101025.28528609
2024-06-06 00:17:04.729000+00:00,55.09999847412109,87.1500015258789,20101025.28528609
2024-06-06 00:18:04.390000+00:00,55.09999847412109,87.1500015258789,20101025.28528609
2024-06-06 00:19:04.915000+00:00,55.16999816894531,87.1500015258789,20126561.867402058
2024-06-06 00:20:04.684000+00:00,55.18999862670898,87.1500015258789,20133858.232526522
2024-06-06 00:21:03.694000+00:00,55.13999938964844,92.45999908447266,21341250.610852625
2024-06-06 00:22:04.279000+00:00,55.20000076293945,92.45999908447266,21364473.395737883
2024-06-06 00:23:04.109000+00:00,55.09999847412109,92.45999908447266,21325768.754262455
2024-06-06 00:24:04.685000+00:00,55.150001525878906,92.45999908447266,21345121.81321572
2024-06-06 00:25:04.606000+00:00,55.18000030517578,92.45999908447266,21356732.467442796
2024-06-06 00:26:04.577000+00:00,55.20000076293945,92.45999908447266,21364473.395737883
2024-06-06 00:27:04.666000+00:00,55.09999847412109,92.45999908447266,21325768.754262455
2024-06-06 00:28:04.623000+00:00,55.20000076293945,92.54000091552734,21382959.19509006
2024-06-06 00:29:04.758000+00:00,55.20000076293945,92.54000091552734,21382959.19509006
2024-06-06 00:30:04.506000+00:00,55.20000076293945,92.54000091552734,21382959.19509006
2024-06-06 00:31:04.251000+00:00,55.09999847412109,92.54000091552734,21344221.064081658
2024-06-06 00:32:04.298000+00:00,55.09999847412109,92.54000091552734,21344221.064081658
2024-06-06 00:33:04.400000+00:00,55.16999816894531,92.54000091552734,21371337.01693324
2024-06-06 00:34:04.143000+00:00,55.09999847412109,92.63999938964844,21367285.5715011
2024-06-06 00:35:04.687000+00:00,55.09999847412109,92.63999938964844,21367285.5715011
2024-06-06 00:36:04.569000+00:00,55.09999847412109,92.63999938964844,21367285.5715011
2024-06-06 00:37:04.711000+00:00,55.09999847412109,92.63999938964844,21367285.5715011
2024-06-06 00:38:04.423000+00:00,55.09999847412109,92.63999938964844,21367285.5715011
2024-06-06 00:39:04.879000+00:00,55.09999847412109,92.63999938964844,21367285.5715011
2024-06-06 00:40:04.943000+00:00,55.09999847412109,92.63999938964844,21367285.5715011
2024-06-06 00:41:04.513000+00:00,55.09999847412109,92.75,21392657.057575222
2024-06-06 00:42:04.669000+00:00,55.09999847412109,92.75,21392657.057575222
2024-06-06 00:43:04.293000+00:00,55.09999847412109,92.75,21392657.057575222
2024-06-06 00:44:04.139000+00:00,55.09999847412109,92.75,21392657.057575222
2024-06-06 00:45:04.116000+00:00,55.09999847412109,92.75,21392657.057575222
2024-06-06 00:46:04.162000+00:00,55.09999847412109,92.75,21392657.057575222
2024-06-06 00:47:03.981000+00:00,55.09999847412109,92.73999786376952,21390350.07892054
2024-06-06 00:48:04.695000+00:00,55.09999847412109,92.73999786376952,21390350.07892054
2024-06-06 00:49:03.786000+00:00,55.09999847412109,92.73999786376952,21390350.07892054
2024-06-06 00:50:04.160000+00:00,55.09999847412109,92.73999786376952,21390350.07892054
2024-06-06 00:51:04.658000+00:00,55.11000061035156,92.73999786376952,21394233.00453636
2024-06-06 00:52:04.608000+00:00,55.130001068115234,92.73999786376952,21401997.37486578
2024-06-06 00:53:04.247000+00:00,55.20000076293945,104.48999786376952,24144211.568093207
2024-06-06 00:54:04.627000+00:00,55.20000076293945,104.48999786376952,24144211.568093207
2024-06-06 00:55:04.724000+00:00,55.20000076293945,104.48999786376952,24144211.568093207
2024-06-06 00:56:04.322000+00:00,55.20000076293945,104.48999786376952,24144211.568093207
2024-06-06 00:57:04.277000+00:00,55.20000076293945,104.48999786376952,24144211.568093207
2024-06-06 00:58:04.166000+00:00,55.20000076293945,104.88999938964844,24236638.801951244
2024-06-06 00:59:04.542000+00:00,55.20000076293945,104.9000015258789,24238949.967595983
2024-06-06 01:00:05.247000+00:00,55.20000076293945,104.9000015258789,24238949.967595983
2024-06-06 01:01:04.662000+00:00,55.20000076293945,104.9000015258789,24238949.967595983
2024-06-06 01:02:04.269000+00:00,55.20000076293945,104.9000015258789,24238949.967595983
2024-06-06 01:03:04.868000+00:00,55.20000076293945,104.9000015258789,24238949.967595983
2024-06-06 01:04:04.777000+00:00,55.20000076293945,104.98999786376952,24259745.16969004
2024-06-06 01:05:04.860000+00:00,55.20000076293945,104.98999786376952,24259745.16969004
2024-06-06 01:06:04.903000+00:00,55.20000076293945,104.98999786376952,24259745.16969004
2024-06-06 01:07:04.106000+00:00,55.20000076293945,104.98999786376952,24259745.16969004
2024-06-06 01:08:04.298000+00:00,55.20000076293945,104.98999786376952,24259745.16969004
2024-06-06 01:09:04.859000+00:00,55.20000076293945,104.98999786376952,24259745.16969004
2024-06-06 01:10:04.555000+00:00,55.20000076293945,104.93000030517578,24245881.701627336
2024-06-06 01:11:03.651000+00:00,55.20000076293945,104.93000030517578,24245881.701627336
2024-06-06 01:12:04.069000+00:00,55.20000076293945,104.93000030517578,24245881.701627336
2024-06-06 01:13:04.489000+00:00,55.20000076293945,104.93000030517578,24245881.701627336
2024-06-06 01:14:04.296000+00:00,55.20000076293945,104.93000030517578,24245881.701627336
2024-06-06 01:15:04.945000+00:00,55.20000076293945,104.93000030517578,24245881.701627336
2024-06-06 01:16:04.083000+00:00,55.20000076293945,104.81999969482422,24220464.168243803
2024-06-06 01:17:04.639000+00:00,55.20000076293945,104.81999969482422,24220464.168243803
2024-06-06 01:18:04.402000+00:00,55.20000076293945,104.81999969482422,24220464.168243803
2024-06-06 01:19:03.616000+00:00,55.20000076293945,104.81999969482422,24220464.168243803
2024-06-06 01:20:04.684000+00:00,55.09999847412109,104.81999969482422,24176585.512091797
2024-06-06 01:21:04.808000+00:00,55.20000076293945,105.18000030517578,24303648.502425753
2024-06-06 01:22:05.100000+00:00,55.09999847412109,105.18000030517578,24259619.146569088
2024-06-06 01:23:03.844000+00:00,55.09999847412109,105.18000030517578,24259619.146569088
2024-06-06 01:24:04.865000+00:00,55.09999847412109,105.18000030517578,24259619.146569088
2024-06-06 01:25:04.364000+00:00,55.09999847412109,105.18000030517578,24259619.146569088
2024-06-06 01:26:04.683000+00:00,55.09999847412109,105.18000030517578,24259619.146569088
2024-06-06 01:27:04.614000+00:00,55.09999847412109,105.11000061035156,24243473.815404564
2024-06-06 01:28:04.352000+00:00,55.09999847412109,105.11000061035156,24243473.815404564
2024-06-06 01:29:05.168000+00:00,55.09999847412109,105.11000061035156,24243473.815404564
2024-06-06 01:30:05.101000+00:00,55.09999847412109,105.11000061035156,24243473.815404564
2024-06-06 01:31:04.003000+00:00,55.09999847412109,105.11000061035156,24243473.815404564
2024-06-06 01:32:04.100000+00:00,55.09999847412109,105.11000061035156,24243473.815404564
2024-06-06 01:33:04.563000+00:00,55.0,105.29000091552734,24240916.91078186
2024-06-06 01:34:03.998000+00:00,55.0,105.29000091552734,24240916.91078186
2024-06-06 01:35:04.366000+00:00,55.0099983215332,105.29000091552734,24245323.61044611
2024-06-06 01:36:04.285000+00:00,55.09999847412109,105.29000091552734,24284990.63264321
2024-06-06 01:37:04.451000+00:00,55.09999847412109,105.29000091552734,24284990.63264321
2024-06-06 01:38:04.092000+00:00,55.20000076293945,118.44000244140624,27367600.11038654
2024-06-06 01:39:04.829000+00:00,55.09999847412109,118.44000244140624,27318019.990591653
2024-06-06 01:40:04.881000+00:00,55.20000076293945,118.44000244140624,27367600.11038654
2024-06-06 01:41:04.195000+00:00,55.119998931884766,118.44000244140624,27327936.014550634
2024-06-06 01:42:04.969000+00:00,55.20000076293945,118.44000244140624,27367600.11038654
2024-06-06 01:43:04.073000+00:00,55.20000076293945,121.48999786376952,28072354.022385504
2024-06-06 01:44:03.883000+00:00,55.20000076293945,121.48999786376952,28072354.022385504
2024-06-06 01:45:04.673000+00:00,55.20000076293945,121.48999786376952,28072354.022385504
2024-06-06 01:46:04.156000+00:00,55.20000076293945,121.48999786376952,28072354.022385504
2024-06-06 01:47:04.390000+00:00,55.20000076293945,121.48999786376952,28072354.022385504
2024-06-06 01:48:05.041000+00:00,55.20000076293945,121.3499984741211,28040004.75497062
2024-06-06 01:49:04.099000+00:00,55.20000076293945,121.3499984741211,28040004.75497062
2024-06-06 01:50:04.343000+00:00,55.20000076293945,121.3499984741211,28040004.75497062
2024-06-06 01:51:04.111000+00:00,55.20000076293945,121.3499984741211,28040004.75497062
2024-06-06 01:52:04.571000+00:00,55.20000076293945,121.3499984741211,28040004.75497062
2024-06-06 01:53:04.531000+00:00,55.20000076293945,121.5999984741211,28097771.555769037
2024-06-06 01:54:04.435000+00:00,55.18000030517578,121.5999984741211,28087590.97088702
2024-06-06 01:55:04.625000+00:00,55.09999847412109,121.5999984741211,28046868.631358955
2024-06-06 01:56:04.489000+00:00,55.119998931884766,121.5999984741211,28057049.216240972
2024-06-06 01:57:04.964000+00:00,55.119998931884766,121.5999984741211,28057049.216240972
2024-06-06 01:58:04.117000+00:00,55.09999847412109,121.0500030517578,27920012.960697453
2024-06-06 01:59:04.100000+00:00,55.09999847412109,121.0500030517578,27920012.960697453
2024-06-06 02:00:06.079000+00:00,55.09999847412109,121.0500030517578,27920012.960697453
2024-06-06 02:01:04.420000+00:00,55.20000076293945,160.3300018310547,37047005.11113692
2024-06-06 02:02:04.735000+00:00,55.400001525878906,160.3300018310547,37181233.90071013
2024-06-06 02:03:04.449000+00:00,55.70000076293945,335.510009765625,78227582.0504615
2024-06-06 02:04:04.679000+00:00,56.0,335.510009765625,78648914.44921875
2024-06-06 02:05:04.780000+00:00,56.09999847412109,378.5499877929688,88896632.54544334
2024-06-06 02:06:04.876000+00:00,56.29999923706055,418.30999755859375,98583868.74668759
2024-06-06 02:07:04.214000+00:00,56.400001525878906,456.9700012207031,107886233.29501408
2024-06-06 02:08:04.335000+00:00,56.59999847412109,456.9700012207031,108268802.74240047
2024-06-06 02:09:04.198000+00:00,56.59999847412109,479.8699951171875,113694443.19003935
2024-06-06 02:10:04.669000+00:00,56.61000061035156,511.0700073242188,121107984.96356513
2024-06-06 02:11:04.554000+00:00,56.619998931884766,535.8699951171875,127007252.49517356
2024-06-06 02:12:04.487000+00:00,56.59999847412109,575.0800170898438,136252324.58383033
2024-06-06 02:13:04.728000+00:00,56.59999847412109,612.4500122070312,145106307.60026282
2024-06-06 02:14:04.375000+00:00,56.59999847412109,630.9099731445312,149479981.7233686
2024-06-06 02:15:05.213000+00:00,56.5,674.9199829101562,159624650.23809814
2024-06-06 02:16:04.797000+00:00,56.5,698.219970703125,165135307.0510254
2024-06-06 02:17:04.462000+00:00,56.400001525878906,784.3099975585938,185168066.05725348
2024-06-06 02:18:05.117000+00:00,56.29999923706055,812.6400146484375,191516332.408924
2024-06-06 02:19:04.928000+00:00,56.20000076293945,876.77001953125,206262955.5588984
2024-06-06 02:20:04.261000+00:00,56.09999847412109,915.0999755859376,214897130.88168868
2024-06-06 02:21:03.967000+00:00,55.900001525878906,975.0800170898438,228166195.01913598
2024-06-06 02:22:04.059000+00:00,55.79999923706055,1008.969970703125,235673991.77055946
2024-06-06 02:23:04.418000+00:00,55.70000076293945,1066.97998046875,248777269.049666
2024-06-06 02:24:04.542000+00:00,55.59999847412109,1110.4300537109375,258443260.2960873
2024-06-06 02:25:04.555000+00:00,55.59999847412109,1159.7900390625,269931381.94750804
2024-06-06 02:26:04.829000+00:00,55.59999847412109,1205.6300048828125,280600248.64367795
2024-06-06 02:27:04.676000+00:00,55.59999847412109,1241.3800048828125,288920760.61533093
2024-06-06 02:28:04.784000+00:00,55.59999847412109,1274.7900390625,296696665.2129652
2024-06-06 02:29:03.955000+00:00,55.59999847412109,1297.760009765625,302042732.79964685
2024-06-06 02:30:04.424000+00:00,55.59999847412109,1341.280029296875,312171651.49940455
2024-06-06 02:31:04.659000+00:00,55.59999847412109,1366.739990234375,318097243.38131464
2024-06-06 02:32:04.594000+00:00,55.59999847412109,1394.27001953125,324504626.27207285
2024-06-06 02:33:04.775000+00:00,55.59999847412109,1421.800048828125,330912009.16283107
2024-06-06 02:34:04.146000+00:00,55.59999847412109,1441.1500244140625,335415553.31706846
2024-06-06 02:35:04.554000+00:00,55.59999847412109,1452.780029296875,338122339.18721735
2024-06-06 02:36:04.764000+00:00,55.5,1451.6099853515625,337242386.62683105
2024-06-06 02:37:04.718000+00:00,55.400001525878906,1452.780029296875,336906090.30545837
2024-06-06 02:38:04.055000+00:00,55.400001525878906,1452.780029296875,336906090.30545837
2024-06-06 02:39:04.677000+00:00,55.400001525878906,1451.6099853515625,336634751.95887357
2024-06-06 02:40:04.472000+00:00,55.5,1448.1099853515625,336429256.12683105
2024-06-06 02:41:04.637000+00:00,55.5,1451.6099853515625,337242386.62683105
2024-06-06 02:42:04.382000+00:00,55.59999847412109,1446.949951171875,336765437.5135185
2024-06-06 02:43:04.576000+00:00,55.59999847412109,1451.6099853515625,337850021.2947885
2024-06-06 02:44:04.099000+00:00,55.70000076293945,1453.9599609375,339005599.9276401
2024-06-06 02:45:04.379000+00:00,55.70000076293945,1448.0999755859375,337639284.55235785
2024-06-06 02:46:04.462000+00:00,55.70000076293945,1449.27001953125,337912092.23639244
2024-06-06 02:47:04.648000+00:00,55.79999923706055,1452.780029296875,339338611.2674368
2024-06-06 02:48:04.553000+00:00,55.79999923706055,1448.1099853515625,338247788.021658
2024-06-06 02:49:04.436000+00:00,55.900001525878906,1450.43994140625,339399184.4096521
2024-06-06 02:50:04.896000+00:00,55.900001525878906,1450.43994140625,339399184.4096521
2024-06-06 02:51:03.984000+00:00,56.0,1446.949951171875,339188219.75390625
2024-06-06 02:52:05.038000+00:00,56.09999847412109,1449.280029296875,340341086.71089137
2024-06-06 02:53:03.725000+00:00,56.09999847412109,1451.6099853515625,340888240.9941293
2024-06-06 02:54:04.459000+00:00,56.09999847412109,1452.780029296875,341163007.7885357
2024-06-06 02:55:04.425000+00:00,56.20000076293945,1448.1099853515625,340672512.63068575
2024-06-06 02:56:04.635000+00:00,56.29999923706055,1450.43994140625,341827787.15088683
2024-06-06 02:57:04.869000+00:00,56.400001525878906,1449.449951171875,342201228.0102623
2024-06-06 02:58:04.232000+00:00,56.400001525878906,1450.43994140625,342434955.2070154
2024-06-06 02:59:04.293000+00:00,56.5,1444.6199951171875,341665630.4251709
2024-06-06 03:00:06.729000+00:00,56.5,1451.6099853515625,343318826.0255127
2024-06-06 03:01:04.701000+00:00,56.70000076293945,1449.280029296875,343981112.31801623
2024-06-06 03:02:04.362000+00:00,56.70000076293945,1449.280029296875,343981112.31801623
2024-06-06 03:03:04.299000+00:00,56.79999923706055,1449.280029296875,344587771.68125135
2024-06-06 03:04:04.920000+00:00,56.900001525878906,1452.780029296875,346028096.10941344
2024-06-06 03:05:05.020000+00:00,56.95000076293945,1449.280029296875,345497783.8686754
2024-06-06 03:06:04.466000+00:00,57.0,1452.780029296875,346636220.55029297
2024-06-06 03:07:04.437000+00:00,57.0,1452.780029296875,346636220.55029297
2024-06-06 03:08:04.531000+00:00,57.09999847412109,1449.280029296875,346407772.9135281
2024-06-06 03:09:04.175000+00:00,57.150001525878906,1455.1300048828125,348110614.849509
2024-06-06 03:10:04.684000+00:00,57.20000076293945,1451.6099853515625,347572338.2405452
2024-06-06 03:11:04.405000+00:00,57.29999923706055,1446.949951171875,347062227.3771206
2024-06-06 03:12:04.288000+00:00,57.29999923706055,1448.1099853515625,347340470.61968046
2024-06-06 03:13:05.011000+00:00,57.29999923706055,1448.1099853515625,347340470.61968046
2024-06-06 03:14:03.937000+00:00,57.400001525878906,1450.0799560546875,348420000.8151164
2024-06-06 03:15:04.530000+00:00,57.4900016784668,1449.27001953125,348771391.0907177
2024-06-06 03:16:04.558000+00:00,57.5,1445.780029296875,347992024.1516113
2024-06-06 03:17:04.756000+00:00,57.5,1449.27001953125,348832047.3510742
2024-06-06 03:18:04.665000+00:00,57.59999847412109,1446.93994140625,348876889.0141684
2024-06-06 03:19:04.469000+00:00,57.59999847412109,1449.280029296875,349441116.01484644
2024-06-06 03:20:04.198000+00:00,57.61000061035156,1450.43994140625,349781514.97797215
2024-06-06 03:21:04.214000+00:00,57.66999816894531,1451.6099853515625,350428248.99567735
2024-06-06 03:22:04.606000+00:00,57.70000076293945,1446.949951171875,349485009.6175083
2024-06-06 03:23:04.230000+00:00,57.70000076293945,1451.6099853515625,350610557.93988603
2024-06-06 03:24:04.240000+00:00,57.70000076293945,1448.1099853515625,349765195.2287082
2024-06-06 03:25:04.835000+00:00,57.79999923706055,1446.949951171875,350090693.62492335
2024-06-06 03:26:04.849000+00:00,57.79999923706055,1450.43994140625,350935099.5429767
2024-06-06 03:27:04.281000+00:00,57.79999923706055,1449.27001953125,350652036.0131193
2024-06-06 03:28:04.320000+00:00,57.900001525878906,1450.43994140625,351542267.59910524
2024-06-06 03:29:04.712000+00:00,57.900001525878906,1445.780029296875,350412847.46733886
2024-06-06 03:30:04.452000+00:00,57.900001525878906,1446.93994140625,350693974.6767496
2024-06-06 03:31:04.763000+00:00,57.900001525878906,1448.1099853515625,350977557.533222
2024-06-06 03:32:04.305000+00:00,57.9900016784668,1445.780029296875,350957531.55904347
2024-06-06 03:33:04.620000+00:00,58.0,1448.1099853515625,351583727.12353516
2024-06-06 03:34:03.797000+00:00,58.08000183105469,1446.93994140625,351784216.8322167
2024-06-06 03:35:04.719000+00:00,58.09999847412109,1448.1099853515625,352189896.71384823
2024-06-06 03:36:04.618000+00:00,58.09999847412109,1446.949951171875,351907768.7525322
2024-06-06 03:37:04.426000+00:00,58.09999847412109,1446.949951171875,351907768.7525322
2024-06-06 03:38:04.662000+00:00,58.20000076293945,1448.1099853515625,352796089.428049
2024-06-06 03:39:04.565000+00:00,58.20000076293945,1448.1099853515625,352796089.428049
2024-06-06 03:40:04.524000+00:00,58.29999923706055,1448.1099853515625,353402259.0183621
2024-06-06 03:41:03.920000+00:00,58.400001525878906,1448.1099853515625,354008451.73256284
2024-06-06 03:42:05.034000+00:00,58.400001525878906,1448.1099853515625,354008451.73256284
2024-06-06 03:43:04.271000+00:00,58.5,1449.280029296875,354901142.85424805
2024-06-06 03:44:04.645000+00:00,58.5,1448.1099853515625,354614621.322876
2024-06-06 03:45:04.193000+00:00,58.59999847412109,1448.1099853515625,355220790.91318905
2024-06-06 03:46:04.882000+00:00,58.59999847412109,1451.6099853515625,356079339.4908334
2024-06-06 03:47:03.876000+00:00,58.70000076293945,1446.949951171875,355541942.11311376
2024-06-06 03:48:04.388000+00:00,58.790000915527344,1452.780029296875,357521819.7106432
2024-06-06 03:49:04.206000+00:00,58.79999923706055,1449.280029296875,356721144.0865248
2024-06-06 03:50:04.328000+00:00,58.900001525878906,1453.9599609375,358481689.0398505
2024-06-06 03:51:04.170000+00:00,58.900001525878906,1448.1099853515625,357039345.93190366
2024-06-06 03:52:04.516000+00:00,58.97999954223633,1449.280029296875,357813149.4544051
2024-06-06 03:53:04.618000+00:00,59.0,1449.27001953125,357932013.80371094
2024-06-06 03:54:04.825000+00:00,59.0,1449.27001953125,357932013.80371094
2024-06-06 03:55:03.756000+00:00,59.09999847412109,1448.1099853515625,358251685.1125299
2024-06-06 03:56:04.706000+00:00,59.20000076293945,1450.43994140625,359435267.04003114
2024-06-06 03:57:04.209000+00:00,59.20000076293945,1450.43994140625,359435267.04003114
2024-06-06 03:58:04.352000+00:00,59.20000076293945,1442.31005859375,357420590.998442
2024-06-06 03:59:04.138000+00:00,59.29999923706055,1437.699951171875,356879966.74787295
2024-06-06 04:00:06.176000+00:00,59.29999923706055,1434.260009765625,356026070.79157376
2024-06-06 04:01:05.353000+00:00,59.38999938964844,1416.2099609375,352079054.68388736
2024-06-06 04:02:04.524000+00:00,59.43999862670898,1404.06005859375,349352374.81807876
2024-06-06 04:03:04.139000+00:00,59.400001525878906,1387.8199462890625,345079217.99732405
2024-06-06 04:04:04.498000+00:00,59.5,1359.52001953125,338611572.70458984
2024-06-06 04:05:04.872000+00:00,59.5,1343.280029296875,334566727.05688477
2024-06-06 04:06:05.469000+00:00,59.59999847412109,1315.7900390625,328270658.9651472
2024-06-06 04:07:04.161000+00:00,59.59999847412109,1307.18994140625,326125058.49625075
2024-06-06 04:08:04.241000+00:00,59.59999847412109,1281.1400146484375,319625977.0555113
2024-06-06 04:09:04.702000+00:00,59.61000061035156,1254.3599853515625,312997264.27521664
2024-06-06 04:10:04.432000+00:00,59.70000076293945,1222.6400146484375,305542878.6534081
2024-06-06 04:11:04.306000+00:00,59.70000076293945,1206.4300537109375,301491941.28152174
2024-06-06 04:12:04.566000+00:00,59.79999923706055,1171.1099853515625,293155526.90102965
2024-06-06 04:13:04.627000+00:00,59.900001525878906,1139.239990234375,285654637.36405426
2024-06-06 04:14:04.676000+00:00,59.900001525878906,1091.5699462890625,273701783.5026608
2024-06-06 04:15:04.999000+00:00,60.0,1059.449951171875,266091449.73632812
2024-06-06 04:16:03.980000+00:00,59.93000030517578,1007.280029296875,252693300.25078437
2024-06-06 04:17:04.465000+00:00,60.0,991.1900024414062,248947281.0131836
2024-06-06 04:18:04.239000+00:00,60.0099983215332,934.5800170898438,234768232.0453834
2024-06-06 04:19:04.282000+00:00,60.0,910.010009765625,228558114.05273438
2024-06-06 04:20:04.503000+00:00,60.0,847.0599975585938,212747588.9868164
2024-06-06 04:21:03.632000+00:00,59.900001525878906,832.1799926757812,208661981.7309226
2024-06-06 04:22:04.419000+00:00,59.900001525878906,800.3599853515625,200683388.3431929
2024-06-06 04:23:04.729000+00:00,59.900001525878906,746.27001953125,187120794.24196517
2024-06-06 04:24:04.409000+00:00,59.79999923706055,704.780029296875,176422508.0668448
2024-06-06 04:25:04.438000+00:00,59.70000076293945,671.3900146484375,167783186.64290056
2024-06-06 04:26:04.443000+00:00,59.59999847412109,654.780029296875,163358184.29485288
2024-06-06 04:27:04.836000+00:00,59.52000045776367,625.4299926757812,155826334.18321377
2024-06-06 04:28:04.262000+00:00,59.5,590.3599853515625,147039190.47155762
2024-06-06 04:29:04.153000+00:00,59.400001525878906,562.1500244140625,139777707.72115478
2024-06-06 04:30:04.516000+00:00,59.29999923706055,535.4000244140625,132902239.27040978
2024-06-06 04:31:04.160000+00:00,59.29999923706055,525.3900146484375,130417456.58025925
2024-06-06 04:32:04.632000+00:00,59.27000045776367,525.3900146484375,130351480.78689083
2024-06-06 04:33:04.094000+00:00,59.20000076293945,510.2000122070313,126433278.89444679
2024-06-06 04:34:04.607000+00:00,57.59999847412109,476.3200073242188,114847228.67555611
2024-06-06 04:35:04.817000+00:00,57.83000183105469,494.6400146484375,119740667.94055499
2024-06-06 04:36:03.926000+00:00,58.20000076293945,480.6400146484375,117096021.23173149
2024-06-06 04:37:04.652000+00:00,58.5,480.6400146484375,117699607.42712402
2024-06-06 04:38:04.299000+00:00,58.70000076293945,475.1799926757813,116760373.99387166
2024-06-06 04:39:04.607000+00:00,58.79999923706055,440.9599914550781,108536479.81650198
2024-06-06 04:40:04.540000+00:00,58.900001525878906,418.989990234375,103304247.31445938
2024-06-06 04:41:04.089000+00:00,58.720001220703125,418.989990234375,102988546.20137219
2024-06-06 04:42:04.422000+00:00,58.79999923706055,397.0,97716308.33211517
2024-06-06 04:43:04.248000+00:00,58.79999923706055,379.75,93470448.58720589
2024-06-06 04:44:04.103000+00:00,58.79999923706055,368.9299926757813,90807246.64300162
2024-06-06 04:45:04.505000+00:00,58.79999923706055,354.19000244140625,87179192.66175586
2024-06-06 04:46:04.426000+00:00,58.79999923706055,354.19000244140625,87179192.66175586
2024-06-06 04:47:03.913000+00:00,58.79999923706055,327.989990234375,80730405.5808303
2024-06-06 04:48:04.207000+00:00,58.59999847412109,327.989990234375,80455811.31351608
2024-06-06 04:49:04.744000+00:00,58.59999847412109,305.0799865722656,74835996.72553584
2024-06-06 04:50:04.936000+00:00,58.59999847412109,305.0799865722656,74835996.72553584
2024-06-06 04:51:04.156000+00:00,58.59999847412109,287.8599853515625,70611937.42408767
2024-06-06 04:52:04.740000+00:00,58.59999847412109,287.8599853515625,70611937.42408767
2024-06-06 04:53:04.612000+00:00,58.59999847412109,279.9800109863281,68678982.91461742
2024-06-06 04:54:04.191000+00:00,58.59999847412109,279.9800109863281,68678982.91461742
2024-06-06 04:55:04.326000+00:00,58.59999847412109,267.3699951171875,65585751.14646789
2024-06-06 04:56:04.385000+00:00,58.5,262.1199951171875,64188206.52429199
2024-06-06 04:57:04.869000+00:00,58.5,262.1199951171875,64188206.52429199
2024-06-06 04:58:04.451000+00:00,58.43999862670898,253.5599975585937,62028340.17554512
2024-06-06 04:59:04.199000+00:00,58.400001525878906,253.5599975585937,61985887.166739106
2024-06-06 05:00:05.527000+00:00,58.400001525878906,233.0399932861328,56969517.543215044
2024-06-06 05:01:04.583000+00:00,58.400001525878906,233.0399932861328,56969517.543215044
2024-06-06 05:02:04.009000+00:00,58.400001525878906,233.0399932861328,56969517.543215044
2024-06-06 05:03:04.567000+00:00,58.29999923706055,233.19000244140625,56908573.573079415
2024-06-06 05:04:04.975000+00:00,58.29999923706055,233.19000244140625,56908573.573079415
2024-06-06 05:05:04.326000+00:00,58.29999923706055,233.19000244140625,56908573.573079415
2024-06-06 05:06:04.982000+00:00,58.29999923706055,232.4100036621093,56718219.70947548
2024-06-06 05:07:04.347000+00:00,58.29999923706055,232.4100036621093,56718219.70947548
2024-06-06 05:08:04.230000+00:00,58.20000076293945,213.8000030517578,52087069.1862906
2024-06-06 05:09:04.073000+00:00,58.20000076293945,213.8000030517578,52087069.1862906
2024-06-06 05:10:04.628000+00:00,58.20000076293945,213.8000030517578,52087069.1862906
2024-06-06 05:11:04.193000+00:00,58.20000076293945,210.9499969482422,51392735.87021842
2024-06-06 05:12:04.329000+00:00,57.11000061035156,210.9499969482422,50430225.74640209
2024-06-06 05:13:04.494000+00:00,57.09999847412109,210.9499969482422,50421393.49315996
2024-06-06 05:14:05.062000+00:00,57.29999923706055,222.5800018310547,53387548.85234689
2024-06-06 05:15:04.706000+00:00,57.5,222.5800018310547,53573893.54072571
2024-06-06 05:16:04.085000+00:00,57.70000076293945,222.5800018310547,53760238.22910453
2024-06-06 05:17:05.119000+00:00,57.79999923706055,230.97999572753903,55885794.012602024
2024-06-06 05:18:04.821000+00:00,57.79999923706055,230.97999572753903,55885794.012602024
2024-06-06 05:19:04.813000+00:00,57.900001525878906,230.1199951171875,55774046.61440781
2024-06-06 05:20:04.511000+00:00,58.0,230.1199951171875,55870373.37451172
2024-06-06 05:21:04.917000+00:00,58.0,230.1199951171875,55870373.37451172
2024-06-06 05:22:04.345000+00:00,58.0,230.8300018310547,56042754.484558105
2024-06-06 05:23:04.563000+00:00,58.09999847412109,230.8300018310547,56139378.448937386
2024-06-06 05:24:04.750000+00:00,58.09999847412109,231.2400054931641,56239094.04296774
2024-06-06 05:25:04.494000+00:00,58.09999847412109,231.2400054931641,56239094.04296774
2024-06-06 05:26:04.577000+00:00,58.09999847412109,231.2400054931641,56239094.04296774
2024-06-06 05:27:04.469000+00:00,58.09999847412109,230.6499938964844,56095599.332347296
2024-06-06 05:28:04.428000+00:00,58.09999847412109,230.6499938964844,56095599.332347296
2024-06-06 05:29:04.510000+00:00,58.09999847412109,230.6499938964844,56095599.332347296
2024-06-06 05:30:04.846000+00:00,58.09999847412109,230.0,55937516.5309143
2024-06-06 05:31:04.654000+00:00,58.09999847412109,230.0,55937516.5309143
2024-06-06 05:32:04.151000+00:00,58.09999847412109,234.009994506836,56912773.635327406
2024-06-06 05:33:04.346000+00:00,58.09999847412109,234.009994506836,56912773.635327406
2024-06-06 05:34:04.523000+00:00,58.09999847412109,234.009994506836,56912773.635327406
2024-06-06 05:35:04.507000+00:00,58.09999847412109,246.47000122070312,59943129.42459804
2024-06-06 05:36:04.634000+00:00,58.09999847412109,246.47000122070312,59943129.42459804
2024-06-06 05:37:03.929000+00:00,58.09999847412109,248.0399932861328,60324961.846830115
2024-06-06 05:38:04.426000+00:00,58.09999847412109,248.0399932861328,60324961.846830115
2024-06-06 05:39:04.423000+00:00,58.0,247.92999267578125,60194427.06176758
2024-06-06 05:40:04.784000+00:00,54.9900016784668,0.0,0.0
2024-06-06 05:41:04.220000+00:00,55.900001525878906,0.0,0.0
2024-06-06 05:42:04.535000+00:00,56.0,0.0,0.0
2024-06-06 05:43:05.048000+00:00,56.5,548.1099853515625,129632944.5255127
2024-06-06 05:44:04.785000+00:00,57.0,527.8599853515625,125948448.22485352
2024-06-06 05:45:04.853000+00:00,57.5,514.4299926757812,123820727.08709717
2024-06-06 05:46:04.367000+00:00,57.70000076293945,480.510009765625,116058641.31530067
2024-06-06 05:47:04.310000+00:00,57.33000183105469,480.510009765625,115314419.95039839
2024-06-06 05:48:04.345000+00:00,57.59000015258789,482.05999755859375,116211042.70375353
2024-06-06 05:49:04.261000+00:00,57.79999923706055,492.4800109863281,119155931.06933492
2024-06-06 05:50:04.950000+00:00,57.900001525878906,492.75,119427524.99735641
2024-06-06 05:51:04.059000+00:00,58.0,481.1499938964844,116817444.71813965
2024-06-06 05:52:04.706000+00:00,58.09999847412109,481.1499938964844,117018851.03232135
2024-06-06 05:53:04.664000+00:00,58.20000076293945,474.9299926757813,115704915.96840283
2024-06-06 05:54:04.446000+00:00,58.13999938964844,475.9400024414063,115831439.97578074
2024-06-06 05:55:04.435000+00:00,58.20000076293945,474.9299926757813,115704915.96840283
2024-06-06 05:56:04.662000+00:00,58.20000076293945,474.1799926757813,115522197.06600758
2024-06-06 05:57:04.637000+00:00,58.20000076293945,474.1799926757813,115522197.06600758
2024-06-06 05:58:04.555000+00:00,58.20000076293945,473.9299926757813,115461290.76520917
2024-06-06 05:59:04.915000+00:00,58.20000076293945,474.05999755859375,115492963.23120052
2024-06-06 06:00:06.367000+00:00,58.09999847412109,464.0400085449219,112857589.77820513
2024-06-06 06:01:05.013000+00:00,58.09999847412109,464.0400085449219,112857589.77820513
2024-06-06 06:02:04.671000+00:00,58.09999847412109,456.739990234375,111082177.1915869
2024-06-06 06:03:04.341000+00:00,58.09999847412109,456.1600036621094,110941120.63300508
2024-06-06 06:04:04.972000+00:00,58.09999847412109,457.0799865722656,111164866.54276606
2024-06-06 06:05:04.558000+00:00,58.09999847412109,457.0799865722656,111164866.54276606
2024-06-06 06:06:04.749000+00:00,58.09999847412109,455.010009765625,110661434.53476577
2024-06-06 06:07:04.446000+00:00,58.0,455.7000122070313,110638494.56372072
2024-06-06 06:08:04.743000+00:00,58.0,455.1199951171875,110497673.37451172
2024-06-06 06:09:03.881000+00:00,55.29999923706055,479.739990234375,111052993.89926788
2024-06-06 06:10:04.439000+00:00,56.400001525878906,479.739990234375,113262009.25468689
2024-06-06 06:11:04.716000+00:00,57.0,503.6400146484375,120169514.77514648
2024-06-06 06:12:04.451000+00:00,57.400001525878906,513.989990234375,123499667.77257401
2024-06-06 06:13:04.614000+00:00,57.59999847412109,512.8200073242188,123647874.84241858
2024-06-06 06:14:04.866000+00:00,57.70000076293945,515.1699829101562,124430140.99153255
2024-06-06 06:15:05.155000+00:00,57.79999923706055,511.510009765625,123760254.4372094
2024-06-06 06:16:04.005000+00:00,57.810001373291016,513.4099731445312,124241448.0231603
2024-06-06 06:17:04.213000+00:00,57.84000015258789,513.4099731445312,124305919.42413302
2024-06-06 06:18:04.774000+00:00,57.900001525878906,513.5499877929688,124468805.69160195
2024-06-06 06:19:04.650000+00:00,57.900001525878906,513.4099731445312,124434870.42437461
2024-06-06 06:20:04.518000+00:00,57.900001525878906,514.1400146484375,124611810.15031448
2024-06-06 06:21:04.580000+00:00,57.900001525878906,512.6699829101562,124255519.43053673
2024-06-06 06:22:04.012000+00:00,57.900001525878906,513.7000122070312,124505167.01978187
2024-06-06 06:23:04.562000+00:00,57.900001525878906,537.1500244140625,130188732.55817567
2024-06-06 06:24:04.345000+00:00,57.79999923706055,537.1500244140625,129963876.41152497
2024-06-06 06:25:04.931000+00:00,57.79999923706055,537.9600219726562,130159855.9662379
2024-06-06 06:26:04.704000+00:00,57.79999923706055,538.280029296875,130237281.9933165
2024-06-06 06:27:04.364000+00:00,57.79999923706055,540.7000122070312,130822798.78668651
2024-06-06 06:28:05.510000+00:00,57.79999923706055,568.1799926757812,137471601.9573231
2024-06-06 06:29:04.577000+00:00,57.79999923706055,569.4400024414062,137776462.32409984
2024-06-06 06:30:04.337000+00:00,57.79999923706055,569.4400024414062,137776462.32409984
2024-06-06 06:31:04.313000+00:00,57.790000915527344,570.52001953125,138013895.36004347
2024-06-06 06:32:04.528000+00:00,57.79999923706055,570.8800048828125,138124872.06220114
2024-06-06 06:33:05.141000+00:00,57.77000045776367,604.22998046875,146118049.1152759
2024-06-06 06:34:04.167000+00:00,57.7599983215332,609.3400268554688,147328274.79434466
2024-06-06 06:35:04.719000+00:00,57.70000076293945,607.0800170898438,146629374.04255748
2024-06-06 06:36:04.410000+00:00,57.70000076293945,624.780029296875,150904496.9874765
2024-06-06 06:37:04.652000+00:00,57.70000076293945,644.7000122070312,155715814.3473467
2024-06-06 06:38:04.171000+00:00,57.70000076293945,644.7000122070312,155715814.3473467
2024-06-06 06:39:04.579000+00:00,57.70000076293945,675.4199829101562,163135676.5533173
2024-06-06 06:40:04.968000+00:00,57.70000076293945,685.4500122070312,165558251.62748852
2024-06-06 06:41:04.491000+00:00,57.70000076293945,687.280029296875,166000259.68708053
2024-06-06 06:42:05.112000+00:00,57.68999862670898,706.7100219726562,170663639.42499366
2024-06-06 06:43:04.353000+00:00,57.59999847412109,718.280029296875,173187079.08398405
2024-06-06 06:44:04.548000+00:00,57.59999847412109,718.5599975585938,173254583.23766455
2024-06-06 06:45:05.238000+00:00,57.59999847412109,750.3099975585938,180909939.83486685
2024-06-06 06:46:03.961000+00:00,57.59999847412109,751.5700073242188,181213745.31744376
2024-06-06 06:47:04.695000+00:00,57.59999847412109,752.510009765625,181440392.6840959
2024-06-06 06:48:04.833000+00:00,57.59999847412109,772.8599853515625,186347048.4275514
2024-06-06 06:49:05.034000+00:00,57.5,783.2899780273438,188533981.2612915
2024-06-06 06:50:04.565000+00:00,57.5,799.6400146484375,192469353.32580566
2024-06-06 06:51:04.336000+00:00,57.5,817.8099975585938,196842777.36236572
2024-06-06 06:52:04.626000+00:00,57.5,842.7000122070312,202833679.4381714
2024-06-06 06:53:03.971000+00:00,57.5,849.4600219726562,204460779.9887085
2024-06-06 06:54:04.492000+00:00,57.5,845.469970703125,203500394.59838867
2024-06-06 06:55:06.061000+00:00,57.45000076293945,867.469970703125,208614125.9039286
2024-06-06 06:56:05.377000+00:00,57.400001525878906,876.77001953125,210667149.5211171
2024-06-06 06:57:04.708000+00:00,57.310001373291016,907.260009765625,217651373.08984154
2024-06-06 06:58:04.854000+00:00,56.59999847412109,965.1500244140624,228670672.75963435
2024-06-06 06:59:04.412000+00:00,57.0,989.5499877929688,236108606.18737793
2024-06-06 07:00:06.080000+00:00,57.20000076293945,991.739990234375,237461433.0370114
2024-06-06 07:01:04.724000+00:00,57.29999923706055,996.1300048828124,238929548.30387557
2024-06-06 07:02:04.318000+00:00,57.29999923706055,995.5800170898438,238797629.44358373
2024-06-06 07:03:04.240000+00:00,57.29999923706055,1027.4000244140625,246429906.29473227
2024-06-06 07:04:04.388000+00:00,57.290000915527344,1041.06005859375,249662800.53787115
2024-06-06 07:05:05.076000+00:00,57.20000076293945,1061.949951171875,254272450.14014474
2024-06-06 07:06:04.759000+00:00,57.20000076293945,1073.3399658203125,256999666.17193076
2024-06-06 07:07:04.426000+00:00,57.20000076293945,1092.22998046875,261522676.2276693
2024-06-06 07:08:05.010000+00:00,57.20000076293945,1097.56005859375,262798905.88687927
2024-06-06 07:09:04.087000+00:00,57.20000076293945,1122.8900146484375,268863890.3815442
2024-06-06 07:10:04.293000+00:00,57.20000076293945,1145.77001953125,274342260.51975197
2024-06-06 07:11:04.519000+00:00,57.20000076293945,1153.8499755859375,276276918.75932616
2024-06-06 07:12:03.975000+00:00,57.20000076293945,1176.449951171875,281688238.9058193
2024-06-06 07:13:04.851000+00:00,57.20000076293945,1176.6500244140625,281736144.2835091
2024-06-06 07:14:04.788000+00:00,57.20000076293945,1201.5999755859375,287710140.71182364
2024-06-06 07:15:04.959000+00:00,57.20000076293945,1219.280029296875,291943438.68479174
2024-06-06 07:16:04.002000+00:00,57.20000076293945,1226.989990234375,293789505.588321
2024-06-06 07:17:04.967000+00:00,57.20000076293945,1240.52001953125,297029125.0223517
2024-06-06 07:18:03.998000+00:00,57.20000076293945,1250.0,299299003.9920807
2024-06-06 07:19:03.974000+00:00,57.09999847412109,1269.3900146484375,303410354.8272665
2024-06-06 07:20:04.447000+00:00,56.11000061035156,1288.469970703125,302631268.8270064
2024-06-06 07:21:04.435000+00:00,56.900001525878906,1294.9599609375,308437974.6312964
2024-06-06 07:22:03.912000+00:00,57.09999847412109,1305.2900390625,311991199.9734251
2024-06-06 07:23:04.610000+00:00,57.20000076293945,1315.7900390625,315051718.52328575
2024-06-06 07:24:04.410000+00:00,57.20000076293945,1324.5,317137224.6300087
2024-06-06 07:25:04.429000+00:00,57.20000076293945,1342.280029296875,321394460.6776125
2024-06-06 07:26:05.098000+00:00,57.20000076293945,1342.280029296875,321394460.6776125
2024-06-06 07:27:04.580000+00:00,57.400001525878906,1343.280029296875,322758498.21131927
2024-06-06 07:28:04.553000+00:00,57.59999847412109,1343.280029296875,323883075.0919033
2024-06-06 07:29:04.817000+00:00,57.59999847412109,1357.469970703125,327304462.85751754
2024-06-06 07:30:04.991000+00:00,57.5,1358.489990234375,326981748.1994629
2024-06-06 07:31:04.545000+00:00,57.4900016784668,1374.050048828125,330669468.42180246
2024-06-06 07:32:04.422000+00:00,57.5,1373.0,330474235.0
2024-06-06 07:33:04.605000+00:00,57.70000076293945,1374.050048828125,331877335.5918194
2024-06-06 07:34:04.422000+00:00,57.79999923706055,1375.0999755859375,332706534.78139
2024-06-06 07:35:04.782000+00:00,58.0,1375.0999755859375,333857772.8725586
2024-06-06 07:36:04.954000+00:00,58.29999923706055,1363.6400146484375,332787886.6518516
2024-06-06 07:37:04.120000+00:00,58.400001525878906,1363.6400146484375,333358719.42700976
2024-06-06 07:38:04.721000+00:00,58.59999847412109,1355.4200439453125,332483985.9542537
2024-06-06 07:39:04.761000+00:00,58.900001525878906,1342.280029296875,330946398.108887
2024-06-06 07:40:04.252000+00:00,59.09000015258789,1317.719970703125,325939010.7078674
2024-06-06 07:41:04.435000+00:00,58.29999923706055,1442.31005859375,351986822.8711869
2024-06-06 07:42:04.425000+00:00,59.20000076293945,1290.3199462890625,319755738.3946772
2024-06-06 07:43:04.497000+00:00,59.29999923706055,1281.1400146484375,318017125.5166473
2024-06-06 07:44:04.024000+00:00,59.400001525878906,1243.949951171875,309306172.9844826
2024-06-06 07:45:04.614000+00:00,59.59999847412109,1209.6800537109375,301797746.28148085
2024-06-06 07:46:04.755000+00:00,59.79999923706055,1178.010009765625,294882760.31038976
2024-06-06 07:47:04.448000+00:00,59.90999984741211,1142.1300048828125,286427085.2388116
2024-06-06 07:48:04.374000+00:00,60.09999847412109,1084.989990234375,272960255.8269896
2024-06-06 07:49:04.424000+00:00,59.900001525878906,1039.8599853515625,260735955.17295823
2024-06-06 07:50:04.739000+00:00,60.20000076293945,1013.9600219726562,255515089.68729603
2024-06-06 07:51:03.692000+00:00,60.29999923706055,950.3699951171876,239888399.57833803
2024-06-06 07:52:04.740000+00:00,60.400001525878906,884.1099853515625,223533423.32747254
2024-06-06 07:53:04.525000+00:00,60.5,843.489990234375,213616370.49682617
2024-06-06 07:54:04.268000+00:00,60.540000915527344,797.8699951171875,202196568.28315046
2024-06-06 07:55:04.823000+00:00,60.59999847412109,763.0399780273438,193561567.21637365
2024-06-06 07:56:04.935000+00:00,60.61000061035156,667.1900024414062,169275085.70144248
2024-06-06 07:57:04.191000+00:00,60.70000076293945,622.3599853515625,158135575.1375846
2024-06-06 07:58:04.079000+00:00,60.70000076293945,572.8800048828125,145563196.84626138
2024-06-06 07:59:04.141000+00:00,60.79999923706055,510.3500061035156,129888566.00351171
2024-06-06 08:00:05.298000+00:00,60.79999923706055,454.5499877929688,115686970.48152296
2024-06-06 08:01:04.814000+00:00,60.79999923706055,424.3699951171875,108005896.85798584
2024-06-06 08:02:04.689000+00:00,60.79999923706055,372.2099914550781,94730717.08452833
2024-06-06 08:03:04.749000+00:00,60.70000076293945,336.57000732421875,85519141.54990391
2024-06-06 08:04:03.870000+00:00,60.70000076293945,284.95001220703125,72403006.50172177
2024-06-06 08:05:04.342000+00:00,60.59999847412109,284.95001220703125,72283723.69650763
2024-06-06 08:06:05.670000+00:00,60.5,220.7700042724609,55910665.89201354
2024-06-06 08:07:04.474000+00:00,60.5,190.8600006103516,48335867.73457337
2024-06-06 08:08:04.393000+00:00,60.400001525878906,190.8600006103516,48255974.95740351
2024-06-06 08:09:04.749000+00:00,60.29999923706055,190.8600006103516,48176079.132519566
2024-06-06 08:10:04.130000+00:00,60.16999816894531,168.92999267578125,42548669.62702341
2024-06-06 08:11:04.328000+00:00,60.0,132.2100067138672,33205865.286254883
2024-06-06 08:12:04.879000+00:00,59.900001525878906,108.06999969482422,27097623.71175845
2024-06-06 08:13:05.047000+00:00,59.79999923706055,91.68000030517578,22949594.08759729
2024-06-06 08:14:04.769000+00:00,59.59999847412109,79.68000030517578,19879012.175194576
2024-06-06 08:15:04.626000+00:00,58.77999877929688,0.0,0.0
2024-06-06 08:16:04.645000+00:00,58.220001220703125,0.0,0.0
2024-06-06 08:17:04.608000+00:00,58.0,0.0,0.0
2024-06-06 08:18:04.686000+00:00,57.900001525878906,0.0,0.0
2024-06-06 08:19:04.594000+00:00,57.900001525878906,0.0,0.0
2024-06-06 08:20:04.996000+00:00,57.900001525878906,0.0,0.0
2024-06-06 08:21:04.079000+00:00,57.79999923706055,0.0,0.0
2024-06-06 08:22:04.169000+00:00,57.900001525878906,0.0,0.0
2024-06-06 08:23:04.737000+00:00,57.900001525878906,0.0,0.0
2024-06-06 08:24:04.503000+00:00,57.900001525878906,0.0,0.0
2024-06-06 08:25:04.272000+00:00,57.900001525878906,0.0,0.0
2024-06-06 08:26:04.531000+00:00,58.0,0.0,0.0
2024-06-06 08:27:04.769000+00:00,58.0,0.0,0.0
2024-06-06 08:28:04.474000+00:00,58.0,0.0,0.0
2024-06-06 08:29:04.795000+00:00,58.09999847412109,0.0,0.0
2024-06-06 08:30:05.751000+00:00,58.09999847412109,0.0,0.0
2024-06-06 08:31:04.868000+00:00,58.09999847412109,0.0,0.0
2024-06-06 08:32:04.315000+00:00,58.20000076293945,0.0,0.0
2024-06-06 08:33:04.561000+00:00,58.20000076293945,0.0,0.0
2024-06-06 08:34:04.235000+00:00,58.29999923706055,0.0,0.0
2024-06-06 08:35:04.249000+00:00,58.29999923706055,0.0,0.0
2024-06-06 08:36:04.914000+00:00,58.400001525878906,0.0,0.0
2024-06-06 08:37:03.688000+00:00,58.400001525878906,0.0,0.0
2024-06-06 08:38:04.230000+00:00,58.400001525878906,0.0,0.0
2024-06-06 08:39:04.436000+00:00,58.43999862670898,0.0,0.0
2024-06-06 08:40:04.269000+00:00,58.40999984741211,0.0,0.0
2024-06-06 08:41:03.981000+00:00,58.470001220703125,0.0,0.0
2024-06-06 08:42:04.585000+00:00,58.40999984741211,0.0,0.0
2024-06-06 08:43:04.198000+00:00,58.5,0.0,0.0
2024-06-06 08:44:04.520000+00:00,58.5,0.0,0.0
2024-06-06 08:45:04.692000+00:00,58.4900016784668,0.0,0.0
2024-06-06 08:46:04.578000+00:00,58.400001525878906,0.0,0.0
2024-06-06 08:47:04.011000+00:00,58.400001525878906,0.0,0.0
2024-06-06 08:48:04.903000+00:00,58.400001525878906,0.0,0.0
2024-06-06 08:49:03.958000+00:00,58.29999923706055,0.0,0.0
2024-06-06 08:50:04.591000+00:00,58.29999923706055,0.0,0.0
2024-06-06 08:51:04.431000+00:00,58.29999923706055,0.0,0.0
2024-06-06 08:52:04.775000+00:00,58.29999923706055,0.0,0.0
2024-06-06 08:53:04.611000+00:00,58.29999923706055,0.0,0.0
2024-06-06 08:54:04.215000+00:00,58.2400016784668,0.0,0.0
2024-06-06 08:55:04.221000+00:00,58.20000076293945,0.0,0.0
2024-06-06 08:56:04.345000+00:00,58.20000076293945,0.0,0.0
2024-06-06 08:57:04.357000+00:00,58.20000076293945,0.0,0.0
2024-06-06 08:58:04.351000+00:00,58.20000076293945,0.0,0.0
2024-06-06 08:59:04.386000+00:00,58.20000076293945,0.0,0.0
2024-06-06 09:00:06.294000+00:00,58.20000076293945,0.0,0.0
2024-06-06 09:01:04.400000+00:00,58.20000076293945,0.0,0.0
2024-06-06 09:02:03.838000+00:00,58.20000076293945,0.0,0.0
2024-06-06 09:03:04.736000+00:00,58.29999923706055,0.0,0.0
2024-06-06 09:04:04.345000+00:00,58.29999923706055,0.0,0.0
2024-06-06 09:05:04.509000+00:00,58.29999923706055,0.0,0.0
2024-06-06 09:06:04.974000+00:00,58.29999923706055,0.0,0.0
2024-06-06 09:07:04.488000+00:00,58.29999923706055,0.0,0.0
2024-06-06 09:08:04.508000+00:00,58.29999923706055,0.0,0.0
2024-06-06 09:09:04.531000+00:00,58.29999923706055,0.0,0.0
2024-06-06 09:10:04.509000+00:00,58.29999923706055,0.0,0.0
2024-06-06 09:11:04.413000+00:00,58.29999923706055,0.0,0.0
2024-06-06 09:12:04.565000+00:00,58.29999923706055,0.0,0.0
2024-06-06 09:13:04.866000+00:00,52.16999816894531,0.0,0.0
2024-06-06 09:14:04.730000+00:00,51.0,0.0,0.0
2024-06-06 09:15:04.703000+00:00,55.09999847412109,0.0,0.0
2024-06-06 09:16:04.440000+00:00,57.290000915527344,0.0,0.0
2024-06-06 09:17:04.421000+00:00,58.5,0.0,0.0
2024-06-06 09:18:04.595000+00:00,59.20000076293945,0.0,0.0
2024-06-06 09:19:04.090000+00:00,59.54999923706055,0.0,0.0
2024-06-06 09:20:04.159000+00:00,58.93999862670898,0.0,0.0
2024-06-06 09:21:04.510000+00:00,58.400001525878906,0.0,0.0
2024-06-06 09:22:04.424000+00:00,58.5,0.0,0.0
2024-06-06 09:23:04.306000+00:00,58.70000076293945,0.0,0.0
2024-06-06 09:24:04.484000+00:00,58.79999923706055,0.0,0.0
2024-06-06 09:25:04.413000+00:00,58.900001525878906,0.0,0.0
2024-06-06 09:26:04.811000+00:00,59.0,0.0,0.0
2024-06-06 09:27:04.369000+00:00,59.0,0.0,0.0
2024-06-06 09:28:04.609000+00:00,59.0,0.0,0.0
2024-06-06 09:29:05.026000+00:00,59.0,0.0,0.0
2024-06-06 09:30:05.019000+00:00,58.900001525878906,0.0,0.0
2024-06-06 09:31:04.536000+00:00,58.86000061035156,0.0,0.0
2024-06-06 09:32:03.860000+00:00,58.79999923706055,0.0,0.0
2024-06-06 09:33:04.092000+00:00,58.650001525878906,0.0,0.0
2024-06-06 09:34:04.824000+00:00,58.5,0.0,0.0
2024-06-06 09:35:04.706000+00:00,58.400001525878906,0.0,0.0
2024-06-06 09:36:04.659000+00:00,58.310001373291016,0.0,0.0
2024-06-06 09:37:05.081000+00:00,58.29999923706055,0.0,0.0
2024-06-06 09:38:04.480000+00:00,58.20000076293945,0.0,0.0
2024-06-06 09:39:05.009000+00:00,58.09999847412109,0.0,0.0
2024-06-06 09:40:04.795000+00:00,58.040000915527344,0.0,0.0
2024-06-06 09:41:04.298000+00:00,58.0,0.0,0.0
2024-06-06 09:42:04.836000+00:00,57.900001525878906,0.0,0.0
2024-06-06 09:43:04.227000+00:00,57.900001525878906,0.0,0.0
2024-06-06 09:44:04.095000+00:00,57.400001525878906,0.0,0.0
2024-06-06 09:45:04.196000+00:00,57.400001525878906,0.0,0.0
2024-06-06 09:46:04.269000+00:00,57.5,0.0,0.0
2024-06-06 09:47:04.284000+00:00,57.59000015258789,0.0,0.0
2024-06-06 09:48:04.210000+00:00,57.70000076293945,0.0,0.0
2024-06-06 09:49:04.079000+00:00,57.70000076293945,0.0,0.0
2024-06-06 09:50:04.888000+00:00,57.900001525878906,0.0,0.0
2024-06-06 09:51:04.896000+00:00,58.0,0.0,0.0
2024-06-06 09:52:05.028000+00:00,58.20000076293945,0.0,0.0
2024-06-06 09:53:04.584000+00:00,58.29999923706055,0.0,0.0
2024-06-06 09:54:04.636000+00:00,58.400001525878906,0.0,0.0
2024-06-06 09:55:04.983000+00:00,58.47999954223633,0.0,0.0
2024-06-06 09:56:05.009000+00:00,58.5,0.0,0.0
2024-06-06 09:57:04.390000+00:00,58.59999847412109,0.0,0.0
2024-06-06 09:58:04.737000+00:00,58.59999847412109,0.0,0.0
2024-06-06 09:59:04.678000+00:00,58.59999847412109,0.0,0.0
2024-06-06 10:00:06.300000+00:00,58.59999847412109,0.0,0.0
2024-06-06 10:01:05.126000+00:00,58.59999847412109,0.0,0.0
2024-06-06 10:02:04.765000+00:00,58.59999847412109,0.0,0.0
2024-06-06 10:03:05.921000+00:00,58.52000045776367,0.0,0.0
2024-06-06 10:04:04.394000+00:00,58.5,0.0,0.0
2024-06-06 10:05:04.362000+00:00,58.4900016784668,0.0,0.0
2024-06-06 10:06:05.175000+00:00,58.400001525878906,0.0,0.0
2024-06-06 10:07:04.280000+00:00,58.29999923706055,0.0,0.0
2024-06-06 10:08:04.667000+00:00,58.29999923706055,0.0,0.0
2024-06-06 10:09:04.327000+00:00,58.25,0.0,0.0
2024-06-06 10:10:04.401000+00:00,58.20000076293945,0.0,0.0
2024-06-06 10:11:04.265000+00:00,58.20000076293945,0.0,0.0
2024-06-06 10:12:04.386000+00:00,58.09999847412109,0.0,0.0
2024-06-06 10:13:04.774000+00:00,58.09999847412109,0.0,0.0
2024-06-06 10:14:04.733000+00:00,58.0,0.0,0.0
2024-06-06 10:15:05.206000+00:00,58.0,0.0,0.0
2024-06-06 10:16:04.147000+00:00,58.0,0.0,0.0
2024-06-06 10:17:04.554000+00:00,57.900001525878906,0.0,0.0
2024-06-06 10:18:04.453000+00:00,57.900001525878906,0.0,0.0
2024-06-06 10:19:04.944000+00:00,57.900001525878906,0.0,0.0
2024-06-06 10:20:04.800000+00:00,57.900001525878906,0.0,0.0
2024-06-06 10:21:04.700000+00:00,57.900001525878906,0.0,0.0
2024-06-06 10:22:04.534000+00:00,57.900001525878906,0.0,0.0
2024-06-06 10:23:04.511000+00:00,57.900001525878906,0.0,0.0
2024-06-06 10:24:04.095000+00:00,57.900001525878906,0.0,0.0
2024-06-06 10:25:04.288000+00:00,57.900001525878906,0.0,0.0
2024-06-06 10:26:04.955000+00:00,58.0,0.0,0.0
2024-06-06 10:27:04.661000+00:00,58.09999847412109,0.0,0.0
2024-06-06 10:28:04.799000+00:00,58.20000076293945,0.0,0.0
2024-06-06 10:29:04.368000+00:00,58.20000076293945,0.0,0.0
2024-06-06 10:30:05.186000+00:00,58.20000076293945,0.0,0.0
2024-06-06 10:31:04.634000+00:00,57.900001525878906,0.0,0.0
2024-06-06 10:32:04.716000+00:00,57.79999923706055,0.0,0.0
2024-06-06 10:33:04.923000+00:00,57.54999923706055,0.0,0.0
2024-06-06 10:34:04.537000+00:00,54.59999847412109,0.0,0.0
2024-06-06 10:35:04.676000+00:00,54.900001525878906,0.0,0.0
2024-06-06 10:36:04.642000+00:00,56.79999923706055,0.0,0.0
2024-06-06 10:37:04.629000+00:00,58.09999847412109,0.0,0.0
2024-06-06 10:38:04.653000+00:00,58.83000183105469,0.0,0.0
2024-06-06 10:39:04.686000+00:00,59.20000076293945,0.0,0.0
2024-06-06 10:40:04.855000+00:00,59.29999923706055,0.0,0.0
2024-06-06 10:41:04.331000+00:00,59.29999923706055,0.0,0.0
2024-06-06 10:42:05.055000+00:00,59.29999923706055,0.0,0.0
2024-06-06 10:43:04.200000+00:00,59.20000076293945,0.0,0.0
2024-06-06 10:44:04.549000+00:00,59.130001068115234,0.0,0.0
2024-06-06 10:45:04.266000+00:00,59.0,0.0,0.0
2024-06-06 10:46:04.535000+00:00,58.900001525878906,0.0,0.0
2024-06-06 10:47:04.395000+00:00,58.79999923706055,0.0,0.0
2024-06-06 10:48:04.703000+00:00,58.59999847412109,0.0,0.0
2024-06-06 10:49:03.918000+00:00,58.5,0.0,0.0
2024-06-06 10:50:04.327000+00:00,58.400001525878906,0.0,0.0
2024-06-06 10:51:05.065000+00:00,58.29999923706055,0.0,0.0
2024-06-06 10:52:04.582000+00:00,58.20000076293945,0.0,0.0
2024-06-06 10:53:04.587000+00:00,58.09999847412109,0.0,0.0
2024-06-06 10:54:04.041000+00:00,58.09999847412109,0.0,0.0
2024-06-06 10:55:04.548000+00:00,58.0,0.0,0.0
2024-06-06 10:56:04.717000+00:00,58.0,0.0,0.0
2024-06-06 10:57:04.770000+00:00,57.900001525878906,0.0,0.0
2024-06-06 10:58:04.744000+00:00,54.88999938964844,0.0,0.0
2024-06-06 10:59:04.822000+00:00,55.7400016784668,0.0,0.0
2024-06-06 11:00:05.915000+00:00,56.84999847412109,0.0,0.0
2024-06-06 11:01:04.681000+00:00,57.5,0.0,0.0
2024-06-06 11:02:05.336000+00:00,58.09999847412109,0.0,0.0
2024-06-06 11:03:04.702000+00:00,58.5,0.0,0.0
2024-06-06 11:04:04.415000+00:00,58.79999923706055,0.0,0.0
2024-06-06 11:05:04.148000+00:00,58.900001525878906,0.0,0.0
2024-06-06 11:06:04.635000+00:00,58.900001525878906,0.0,0.0
2024-06-06 11:07:04.434000+00:00,59.0,0.0,0.0
2024-06-06 11:08:04.902000+00:00,59.0,0.0,0.0
2024-06-06 11:09:03.905000+00:00,58.900001525878906,0.0,0.0
2024-06-06 11:10:05.173000+00:00,58.900001525878906,0.0,0.0
2024-06-06 11:11:04.070000+00:00,58.66999816894531,0.0,0.0
2024-06-06 11:12:04.449000+00:00,58.5,0.0,0.0
2024-06-06 11:13:05.135000+00:00,58.400001525878906,0.0,0.0
2024-06-06 11:14:04.546000+00:00,58.29999923706055,0.0,0.0
2024-06-06 11:15:05.173000+00:00,58.20000076293945,0.0,0.0
2024-06-06 11:16:04.384000+00:00,58.11000061035156,0.0,0.0
2024-06-06 11:17:04.756000+00:00,58.09999847412109,0.0,0.0
2024-06-06 11:18:04.980000+00:00,58.0,0.0,0.0
2024-06-06 11:19:04.312000+00:00,58.0,0.0,0.0
2024-06-06 11:20:04.629000+00:00,57.900001525878906,0.0,0.0
2024-06-06 11:21:04.483000+00:00,57.81999969482422,0.0,0.0
2024-06-06 11:22:04.293000+00:00,57.79999923706055,0.0,0.0
2024-06-06 11:23:04.521000+00:00,57.70000076293945,0.0,0.0
2024-06-06 11:24:04.873000+00:00,57.70000076293945,0.0,0.0
2024-06-06 11:25:04.834000+00:00,57.79999923706055,0.0,0.0
2024-06-06 11:26:05.338000+00:00,57.869998931884766,0.0,0.0
2024-06-06 11:27:04.253000+00:00,57.900001525878906,0.0,0.0
2024-06-06 11:28:04.647000+00:00,57.900001525878906,0.0,0.0
2024-06-06 11:29:04.978000+00:00,57.959999084472656,0.0,0.0
2024-06-06 11:30:05.197000+00:00,58.0,0.0,0.0
2024-06-06 11:31:04.544000+00:00,58.0,0.0,0.0
2024-06-06 11:32:04.434000+00:00,58.09999847412109,0.0,0.0
2024-06-06 11:33:05.301000+00:00,58.09999847412109,0.0,0.0
2024-06-06 11:34:04.080000+00:00,58.09999847412109,0.0,0.0
2024-06-06 11:35:04.723000+00:00,58.20000076293945,0.0,0.0
2024-06-06 11:36:04.489000+00:00,58.20000076293945,0.0,0.0
2024-06-06 11:37:04.049000+00:00,58.29999923706055,0.0,0.0
2024-06-06 11:38:04.090000+00:00,58.400001525878906,0.0,0.0
2024-06-06 11:39:05.071000+00:00,58.400001525878906,0.0,0.0
2024-06-06 11:40:04.495000+00:00,58.400001525878906,0.0,0.0
2024-06-06 11:41:05.016000+00:00,58.5,0.0,0.0
2024-06-06 11:42:04.763000+00:00,58.5,0.0,0.0
2024-06-06 11:43:04.567000+00:00,58.59999847412109,0.0,0.0
2024-06-06 11:44:04.672000+00:00,58.58000183105469,0.0,0.0
2024-06-06 11:45:04.671000+00:00,58.59000015258789,0.0,0.0
2024-06-06 11:46:04.075000+00:00,58.5099983215332,0.0,0.0
2024-06-06 11:47:04.072000+00:00,58.5,0.0,0.0
2024-06-06 11:48:04.835000+00:00,58.400001525878906,0.0,0.0
2024-06-06 11:49:04.436000+00:00,58.29999923706055,0.0,0.0
2024-06-06 11:50:04.266000+00:00,58.29999923706055,0.0,0.0
2024-06-06 11:51:04.176000+00:00,58.20000076293945,0.0,0.0
2024-06-06 11:52:05.206000+00:00,58.16999816894531,0.0,0.0
2024-06-06 11:53:04.733000+00:00,58.09999847412109,0.0,0.0
2024-06-06 11:54:04.578000+00:00,58.09999847412109,0.0,0.0
2024-06-06 11:55:04.483000+00:00,58.09999847412109,0.0,0.0
2024-06-06 11:56:04.340000+00:00,58.09999847412109,0.0,0.0
2024-06-06 11:57:04.464000+00:00,58.09999847412109,0.0,0.0
2024-06-06 11:58:04.436000+00:00,58.09999847412109,0.0,0.0
2024-06-06 11:59:04.629000+00:00,58.20000076293945,0.0,0.0
2024-06-06 12:00:06.332000+00:00,58.20000076293945,0.0,0.0
2024-06-06 12:01:04.757000+00:00,58.20000076293945,0.0,0.0
2024-06-06 12:02:04.872000+00:00,58.20000076293945,0.0,0.0
2024-06-06 12:03:04.539000+00:00,58.29999923706055,0.0,0.0
2024-06-06 12:04:04.817000+00:00,58.29999923706055,0.0,0.0
2024-06-06 12:05:04.563000+00:00,58.400001525878906,0.0,0.0
2024-06-06 12:06:04.842000+00:00,58.400001525878906,0.0,0.0
2024-06-06 12:07:04.620000+00:00,58.31999969482422,0.0,0.0
2024-06-06 12:08:04.746000+00:00,58.400001525878906,0.0,0.0
2024-06-06 12:09:04.432000+00:00,58.400001525878906,0.0,0.0
2024-06-06 12:10:05.021000+00:00,58.400001525878906,0.0,0.0
2024-06-06 12:11:04.496000+00:00,58.400001525878906,0.0,0.0
2024-06-06 12:12:04.676000+00:00,58.400001525878906,0.0,0.0
2024-06-06 12:13:05.042000+00:00,58.400001525878906,0.0,0.0
2024-06-06 12:14:04.993000+00:00,58.400001525878906,0.0,0.0
2024-06-06 12:15:05.032000+00:00,58.400001525878906,0.0,0.0
2024-06-06 12:16:04.115000+00:00,58.400001525878906,0.0,0.0
2024-06-06 12:17:04.424000+00:00,58.400001525878906,0.0,0.0
2024-06-06 12:18:04.894000+00:00,58.29999923706055,0.0,0.0
2024-06-06 12:19:04.152000+00:00,58.29999923706055,0.0,0.0
2024-06-06 12:20:04.721000+00:00,58.29999923706055,0.0,0.0
2024-06-06 12:21:04.542000+00:00,58.20000076293945,0.0,0.0
2024-06-06 12:22:04.519000+00:00,58.20000076293945,0.0,0.0
2024-06-06 12:23:04.205000+00:00,58.20000076293945,0.0,0.0
2024-06-06 12:24:04.940000+00:00,58.20000076293945,0.0,0.0
2024-06-06 12:25:04.039000+00:00,58.20000076293945,0.0,0.0
2024-06-06 12:26:04.441000+00:00,58.29999923706055,0.0,0.0
2024-06-06 12:27:04.978000+00:00,58.20000076293945,0.0,0.0
2024-06-06 12:28:05.068000+00:00,58.29999923706055,0.0,0.0
2024-06-06 12:29:04.299000+00:00,58.29999923706055,0.0,0.0
2024-06-06 12:30:05.320000+00:00,58.29999923706055,0.0,0.0
2024-06-06 12:31:04.310000+00:00,58.29999923706055,0.0,0.0
2024-06-06 12:32:04.936000+00:00,58.29999923706055,0.0,0.0
2024-06-06 12:33:04.872000+00:00,58.29999923706055,0.0,0.0
2024-06-06 12:34:04.331000+00:00,58.29999923706055,0.0,0.0
2024-06-06 12:35:04.234000+00:00,58.400001525878906,0.0,0.0
2024-06-06 12:36:04.374000+00:00,58.400001525878906,0.0,0.0
2024-06-06 12:37:04.329000+00:00,58.400001525878906,0.0,0.0
2024-06-06 12:38:04.776000+00:00,58.5,0.0,0.0
2024-06-06 12:39:04.816000+00:00,58.5,0.0,0.0
2024-06-06 12:40:04.533000+00:00,58.400001525878906,0.0,0.0
2024-06-06 12:41:04.849000+00:00,58.400001525878906,0.0,0.0
2024-06-06 12:42:04.730000+00:00,58.400001525878906,0.0,0.0
2024-06-06 12:43:04.486000+00:00,58.29999923706055,0.0,0.0
2024-06-06 12:44:04.833000+00:00,58.29999923706055,0.0,0.0
2024-06-06 12:45:04.667000+00:00,58.29999923706055,0.0,0.0
2024-06-06 12:46:04.381000+00:00,58.29999923706055,0.0,0.0
2024-06-06 12:47:04.860000+00:00,57.29999923706055,0.0,0.0
2024-06-06 12:48:05.126000+00:00,57.5,0.0,0.0
2024-06-06 12:49:04.643000+00:00,57.70000076293945,0.0,0.0
2024-06-06 12:50:04.779000+00:00,57.79999923706055,0.0,0.0
2024-06-06 12:51:04.883000+00:00,57.900001525878906,0.0,0.0
2024-06-06 12:52:04.974000+00:00,58.0,0.0,0.0
2024-06-06 12:53:04.235000+00:00,58.09999847412109,0.0,0.0
2024-06-06 12:54:04.428000+00:00,58.20000076293945,0.0,0.0
2024-06-06 12:55:04.814000+00:00,58.29999923706055,0.0,0.0
2024-06-06 12:56:04.762000+00:00,58.400001525878906,0.0,0.0
2024-06-06 12:57:03.692000+00:00,58.5,0.0,0.0
2024-06-06 12:58:04.376000+00:00,58.59999847412109,0.0,0.0
2024-06-06 12:59:04.217000+00:00,58.70000076293945,0.0,0.0
2024-06-06 13:00:07.006000+00:00,58.72999954223633,0.0,0.0
2024-06-06 13:01:04.670000+00:00,58.70000076293945,0.0,0.0
2024-06-06 13:02:04.235000+00:00,58.70000076293945,0.0,0.0
2024-06-06 13:03:04.872000+00:00,58.70000076293945,0.0,0.0
2024-06-06 13:04:04.710000+00:00,58.70000076293945,0.0,0.0
2024-06-06 13:05:04.724000+00:00,58.59999847412109,0.0,0.0
2024-06-06 13:06:05.499000+00:00,58.59999847412109,0.0,0.0
2024-06-06 13:07:04.086000+00:00,58.5,0.0,0.0
2024-06-06 13:08:04.522000+00:00,58.400001525878906,0.0,0.0
2024-06-06 13:09:04.169000+00:00,58.29999923706055,0.0,0.0
2024-06-06 13:10:04.935000+00:00,58.29999923706055,0.0,0.0
2024-06-06 13:11:04.339000+00:00,58.20000076293945,0.0,0.0
2024-06-06 13:12:04.734000+00:00,58.20000076293945,0.0,0.0
2024-06-06 13:13:04.969000+00:00,58.09999847412109,0.0,0.0
2024-06-06 13:14:04.866000+00:00,58.09999847412109,0.0,0.0
2024-06-06 13:15:05.468000+00:00,58.09999847412109,0.0,0.0
2024-06-06 13:16:04.370000+00:00,58.09999847412109,0.0,0.0
2024-06-06 13:17:04.708000+00:00,58.13999938964844,0.0,0.0
2024-06-06 13:18:04.758000+00:00,58.20000076293945,0.0,0.0
2024-06-06 13:19:03.951000+00:00,58.20000076293945,0.0,0.0
2024-06-06 13:20:04.743000+00:00,58.20000076293945,0.0,0.0
2024-06-06 13:21:04.558000+00:00,58.20000076293945,0.0,0.0
2024-06-06 13:22:04.735000+00:00,58.29999923706055,0.0,0.0
2024-06-06 13:23:04.667000+00:00,58.29999923706055,0.0,0.0
2024-06-06 13:24:04.831000+00:00,58.29999923706055,0.0,0.0
2024-06-06 13:25:05.153000+00:00,58.29999923706055,0.0,0.0
2024-06-06 13:26:05.391000+00:00,58.400001525878906,0.0,0.0
2024-06-06 13:27:04.857000+00:00,58.400001525878906,0.0,0.0
2024-06-06 13:28:04.755000+00:00,58.400001525878906,0.0,0.0
2024-06-06 13:29:04.241000+00:00,58.400001525878906,0.0,0.0
2024-06-06 13:30:05.260000+00:00,58.400001525878906,0.0,0.0
2024-06-06 13:31:04.481000+00:00,58.5,0.0,0.0
2024-06-06 13:32:04.505000+00:00,58.470001220703125,0.0,0.0
2024-06-06 13:33:04.387000+00:00,58.400001525878906,0.0,0.0
2024-06-06 13:34:04.129000+00:00,58.5,0.0,0.0
2024-06-06 13:35:04.564000+00:00,58.02000045776367,0.0,0.0
2024-06-06 13:36:04.866000+00:00,55.91999816894531,0.0,0.0
2024-06-06 13:37:04.997000+00:00,56.310001373291016,0.0,0.0
2024-06-06 13:38:05.037000+00:00,57.29999923706055,0.0,0.0
2024-06-06 13:39:04.632000+00:00,58.20000076293945,0.0,0.0
2024-06-06 13:40:04.486000+00:00,58.709999084472656,0.0,0.0
2024-06-06 13:41:04.342000+00:00,59.09999847412109,0.0,0.0
2024-06-06 13:42:04.846000+00:00,59.20000076293945,0.0,0.0
2024-06-06 13:43:04.088000+00:00,59.20000076293945,0.0,0.0
2024-06-06 13:44:04.537000+00:00,59.09999847412109,0.0,0.0
2024-06-06 13:45:04.433000+00:00,53.66999816894531,0.0,0.0
2024-06-06 13:46:04.356000+00:00,48.810001373291016,0.0,0.0
2024-06-06 13:47:04.314000+00:00,55.29999923706055,0.0,0.0
2024-06-06 13:48:05.045000+00:00,58.380001068115234,0.0,0.0
2024-06-06 13:49:04.472000+00:00,59.59999847412109,0.0,0.0
2024-06-06 13:50:04.627000+00:00,60.18999862670898,0.0,0.0
2024-06-06 13:51:04.177000+00:00,60.20000076293945,0.0,0.0
2024-06-06 13:52:05.156000+00:00,60.09999847412109,0.0,0.0
2024-06-06 13:53:04.969000+00:00,59.88999938964844,0.0,0.0
2024-06-06 13:54:04.261000+00:00,59.59999847412109,0.0,0.0
2024-06-06 13:55:04.742000+00:00,59.29999923706055,0.0,0.0
2024-06-06 13:56:04.754000+00:00,59.09999847412109,0.0,0.0
2024-06-06 13:57:04.496000+00:00,58.900001525878906,0.0,0.0
2024-06-06 13:58:04.688000+00:00,58.70000076293945,0.0,0.0
2024-06-06 13:59:04.408000+00:00,58.5,0.0,0.0
2024-06-06 14:00:07.166000+00:00,58.29999923706055,0.0,0.0
2024-06-06 14:01:05.227000+00:00,58.09999847412109,0.0,0.0
2024-06-06 14:02:04.179000+00:00,57.900001525878906,0.0,0.0
2024-06-06 14:03:04.388000+00:00,57.79999923706055,0.0,0.0
2024-06-06 14:04:04.336000+00:00,57.70000076293945,0.0,0.0
2024-06-06 14:05:04.478000+00:00,56.400001525878906,0.0,0.0
2024-06-06 14:06:04.794000+00:00,56.5,0.0,0.0
2024-06-06 14:07:04.766000+00:00,56.790000915527344,0.0,0.0
2024-06-06 14:08:04.509000+00:00,57.06999969482422,0.0,0.0
2024-06-06 14:09:04.178000+00:00,57.400001525878906,0.0,0.0
2024-06-06 14:10:04.685000+00:00,52.31999969482422,0.0,0.0
2024-06-06 14:11:04.933000+00:00,52.68999862670898,0.0,0.0
2024-06-06 14:12:04.838000+00:00,56.0,0.0,0.0
2024-06-06 14:13:04.812000+00:00,56.4900016784668,0.0,0.0
2024-06-06 14:14:05.129000+00:00,58.20000076293945,0.0,0.0
2024-06-06 14:15:05.582000+00:00,59.150001525878906,0.0,0.0
2024-06-06 14:16:04.530000+00:00,59.400001525878906,0.0,0.0
2024-06-06 14:17:04.923000+00:00,59.5,0.0,0.0
2024-06-06 14:18:04.509000+00:00,59.5,0.0,0.0
2024-06-06 14:19:05.025000+00:00,59.400001525878906,0.0,0.0
2024-06-06 14:20:04.589000+00:00,59.29999923706055,0.0,0.0
2024-06-06 14:21:04.592000+00:00,59.09999847412109,0.0,0.0
2024-06-06 14:22:03.944000+00:00,58.900001525878906,0.0,0.0
2024-06-06 14:23:04.265000+00:00,58.79999923706055,0.0,0.0
2024-06-06 14:24:04.460000+00:00,58.59999847412109,0.0,0.0
2024-06-06 14:25:04.247000+00:00,58.5,0.0,0.0
2024-06-06 14:26:05.047000+00:00,58.29999923706055,0.0,0.0
2024-06-06 14:27:04.468000+00:00,58.209999084472656,0.0,0.0
2024-06-06 14:28:04.910000+00:00,58.20000076293945,0.0,0.0
2024-06-06 14:29:04.415000+00:00,58.09999847412109,0.0,0.0
2024-06-06 14:30:05.820000+00:00,58.0,0.0,0.0
2024-06-06 14:31:05.015000+00:00,58.0,0.0,0.0
2024-06-06 14:32:04.371000+00:00,53.400001525878906,0.0,0.0
2024-06-06 14:33:04.442000+00:00,55.09000015258789,0.0,0.0
2024-06-06 14:34:05.006000+00:00,56.959999084472656,0.0,0.0
2024-06-06 14:35:04.649000+00:00,58.29999923706055,0.0,0.0
2024-06-06 14:36:04.701000+00:00,57.900001525878906,0.0,0.0
2024-06-06 14:37:04.546000+00:00,58.400001525878906,0.0,0.0
2024-06-06 14:38:04.261000+00:00,58.79999923706055,0.0,0.0
2024-06-06 14:39:04.650000+00:00,59.0,0.0,0.0
2024-06-06 14:40:05.071000+00:00,59.09999847412109,0.0,0.0
2024-06-06 14:41:04.608000+00:00,59.11000061035156,0.0,0.0
2024-06-06 14:42:04.701000+00:00,59.02000045776367,0.0,0.0
2024-06-06 14:43:04.530000+00:00,59.0,0.0,0.0
2024-06-06 14:44:04.389000+00:00,58.900001525878906,0.0,0.0
2024-06-06 14:45:04.921000+00:00,58.79999923706055,0.0,0.0
2024-06-06 14:46:04.050000+00:00,58.59999847412109,0.0,0.0
2024-06-06 14:47:04.587000+00:00,58.4900016784668,0.0,0.0
2024-06-06 14:48:04.715000+00:00,58.400001525878906,0.0,0.0
2024-06-06 14:49:04.436000+00:00,58.29999923706055,0.0,0.0
2024-06-06 14:50:04.878000+00:00,58.20000076293945,0.0,0.0
2024-06-06 14:51:04.430000+00:00,58.09999847412109,0.0,0.0
2024-06-06 14:52:04.901000+00:00,58.0,0.0,0.0
2024-06-06 14:53:04.825000+00:00,58.0,0.0,0.0
2024-06-06 14:54:04.653000+00:00,58.0,0.0,0.0
2024-06-06 14:55:05.194000+00:00,58.0,0.0,0.0
2024-06-06 14:56:04.576000+00:00,58.09999847412109,0.0,0.0
2024-06-06 14:57:04.549000+00:00,56.369998931884766,0.0,0.0
2024-06-06 14:58:03.951000+00:00,56.310001373291016,0.0,0.0
2024-06-06 14:59:04.069000+00:00,56.86000061035156,0.0,0.0
2024-06-06 15:00:06.113000+00:00,57.29999923706055,0.0,0.0
2024-06-06 15:01:04.944000+00:00,58.20000076293945,0.0,0.0
2024-06-06 15:02:04.411000+00:00,59.0,0.0,0.0
2024-06-06 15:03:04.485000+00:00,59.400001525878906,0.0,0.0
2024-06-06 15:04:04.911000+00:00,59.59999847412109,0.0,0.0
2024-06-06 15:05:05.297000+00:00,59.70000076293945,0.0,0.0
2024-06-06 15:06:04.746000+00:00,59.59999847412109,0.0,0.0
2024-06-06 15:07:04.822000+00:00,59.5,0.0,0.0
2024-06-06 15:08:04.446000+00:00,59.29999923706055,0.0,0.0
2024-06-06 15:09:04.358000+00:00,59.20000076293945,0.0,0.0
2024-06-06 15:10:04.878000+00:00,59.0,0.0,0.0
2024-06-06 15:11:04.253000+00:00,58.900001525878906,0.0,0.0
2024-06-06 15:12:05.143000+00:00,58.70000076293945,0.0,0.0
2024-06-06 15:13:04.767000+00:00,58.5,0.0,0.0
2024-06-06 15:14:05.070000+00:00,58.29999923706055,0.0,0.0
2024-06-06 15:15:05.447000+00:00,58.20000076293945,0.0,0.0
2024-06-06 15:16:04.857000+00:00,58.09999847412109,0.0,0.0
2024-06-06 15:17:04.831000+00:00,58.0,0.0,0.0
2024-06-06 15:18:05.030000+00:00,57.900001525878906,0.0,0.0
2024-06-06 15:19:05.182000+00:00,57.79999923706055,0.0,0.0
2024-06-06 15:20:04.654000+00:00,57.720001220703125,0.0,0.0
2024-06-06 15:21:04.735000+00:00,57.79999923706055,0.0,0.0
2024-06-06 15:22:04.873000+00:00,57.79999923706055,0.0,0.0
2024-06-06 15:23:04.207000+00:00,57.79999923706055,0.0,0.0
2024-06-06 15:24:04.602000+00:00,57.900001525878906,0.0,0.0
2024-06-06 15:25:04.743000+00:00,58.0,0.0,0.0
2024-06-06 15:26:05.326000+00:00,58.20000076293945,0.0,0.0
2024-06-06 15:27:04.884000+00:00,58.29999923706055,0.0,0.0
2024-06-06 15:28:04.857000+00:00,58.5,0.0,0.0
2024-06-06 15:29:04.599000+00:00,58.59999847412109,0.0,0.0
2024-06-06 15:30:04.983000+00:00,58.70000076293945,0.0,0.0
2024-06-06 15:31:04.389000+00:00,58.70000076293945,0.0,0.0
2024-06-06 15:32:04.742000+00:00,58.619998931884766,0.0,0.0
2024-06-06 15:33:04.495000+00:00,58.59999847412109,0.0,0.0
2024-06-06 15:34:04.285000+00:00,58.5099983215332,0.0,0.0
2024-06-06 15:35:04.521000+00:00,58.400001525878906,0.0,0.0
2024-06-06 15:36:04.390000+00:00,58.29999923706055,0.0,0.0
2024-06-06 15:37:04.635000+00:00,58.2400016784668,0.0,0.0
2024-06-06 15:38:04.620000+00:00,58.20000076293945,0.0,0.0
2024-06-06 15:39:04.508000+00:00,58.09999847412109,0.0,0.0
2024-06-06 15:40:04.922000+00:00,58.0,0.0,0.0
2024-06-06 15:41:04.741000+00:00,57.900001525878906,0.0,0.0
2024-06-06 15:42:04.870000+00:00,57.900001525878906,0.0,0.0
2024-06-06 15:43:04.602000+00:00,57.900001525878906,0.0,0.0
2024-06-06 15:44:04.619000+00:00,57.900001525878906,0.0,0.0
2024-06-06 15:45:05.171000+00:00,57.90999984741211,0.0,0.0
2024-06-06 15:46:04.087000+00:00,58.0,0.0,0.0
2024-06-06 15:47:04.392000+00:00,58.0099983215332,0.0,0.0
2024-06-06 15:48:04.587000+00:00,58.09999847412109,0.0,0.0
2024-06-06 15:49:04.160000+00:00,58.18999862670898,0.0,0.0
2024-06-06 15:50:04.698000+00:00,58.20000076293945,0.0,0.0
2024-06-06 15:51:05.161000+00:00,58.29999923706055,0.0,0.0
2024-06-06 15:52:04.754000+00:00,58.38999938964844,0.0,0.0
2024-06-06 15:53:04.581000+00:00,58.5,0.0,0.0
2024-06-06 15:54:04.976000+00:00,58.52000045776367,0.0,0.0
2024-06-06 15:55:04.348000+00:00,58.59999847412109,0.0,0.0
2024-06-06 15:56:04.779000+00:00,58.68999862670898,0.0,0.0
2024-06-06 15:57:04.624000+00:00,57.400001525878906,0.0,0.0
2024-06-06 15:58:04.380000+00:00,57.79999923706055,0.0,0.0
2024-06-06 15:59:04.843000+00:00,58.20000076293945,0.0,0.0
2024-06-06 16:00:06.306000+00:00,58.59999847412109,0.0,0.0
2024-06-06 16:01:05.117000+00:00,58.79999923706055,0.0,0.0
2024-06-06 16:02:04.393000+00:00,58.900001525878906,0.0,0.0
2024-06-06 16:03:04.400000+00:00,59.0,0.0,0.0
2024-06-06 16:04:04.677000+00:00,59.060001373291016,0.0,0.0
2024-06-06 16:05:04.677000+00:00,59.0,0.0,0.0
2024-06-06 16:06:04.926000+00:00,58.900001525878906,0.0,0.0
2024-06-06 16:07:04.362000+00:00,58.900001525878906,0.0,0.0
2024-06-06 16:08:04.627000+00:00,58.79999923706055,0.0,0.0
2024-06-06 16:09:04.360000+00:00,58.59999847412109,0.0,0.0
2024-06-06 16:10:05.070000+00:00,58.40999984741211,0.0,0.0
2024-06-06 16:11:04.319000+00:00,58.400001525878906,0.0,0.0
2024-06-06 16:12:04.694000+00:00,58.209999084472656,0.0,0.0
2024-06-06 16:13:04.681000+00:00,58.09999847412109,0.0,0.0
2024-06-06 16:14:04.805000+00:00,58.040000915527344,0.0,0.0
2024-06-06 16:15:04.876000+00:00,57.900001525878906,0.0,0.0
2024-06-06 16:16:05.307000+00:00,57.900001525878906,0.0,0.0
2024-06-06 16:17:04.377000+00:00,57.900001525878906,0.0,0.0
2024-06-06 16:18:04.420000+00:00,57.900001525878906,0.0,0.0
2024-06-06 16:19:04.543000+00:00,58.0,0.0,0.0
2024-06-06 16:20:04.970000+00:00,58.09999847412109,0.0,0.0
2024-06-06 16:21:04.311000+00:00,58.20000076293945,0.0,0.0
2024-06-06 16:22:04.195000+00:00,58.29999923706055,0.0,0.0
2024-06-06 16:23:04.452000+00:00,58.400001525878906,0.0,0.0
2024-06-06 16:24:04.614000+00:00,58.400001525878906,0.0,0.0
2024-06-06 16:25:04.703000+00:00,58.43000030517578,0.0,0.0
2024-06-06 16:26:04.616000+00:00,58.43999862670898,0.0,0.0
2024-06-06 16:27:04.958000+00:00,58.4900016784668,0.0,0.0
2024-06-06 16:28:04.311000+00:00,58.5,0.0,0.0
2024-06-06 16:29:04.669000+00:00,58.5,0.0,0.0
2024-06-06 16:30:04.878000+00:00,58.5,0.0,0.0
2024-06-06 16:31:03.877000+00:00,58.5,0.0,0.0
2024-06-06 16:32:04.928000+00:00,58.43000030517578,0.0,0.0
2024-06-06 16:33:04.552000+00:00,58.400001525878906,0.0,0.0
2024-06-06 16:34:04.648000+00:00,58.400001525878906,0.0,0.0
2024-06-06 16:35:04.537000+00:00,58.400001525878906,0.0,0.0
2024-06-06 16:36:04.351000+00:00,58.400001525878906,0.0,0.0
2024-06-06 16:37:04.549000+00:00,58.400001525878906,0.0,0.0
2024-06-06 16:38:04.785000+00:00,58.400001525878906,0.0,0.0
2024-06-06 16:39:04.676000+00:00,58.400001525878906,0.0,0.0
2024-06-06 16:40:04.716000+00:00,58.29999923706055,0.0,0.0
2024-06-06 16:41:04.542000+00:00,58.29999923706055,0.0,0.0
2024-06-06 16:42:05.133000+00:00,58.29999923706055,0.0,0.0
2024-06-06 16:43:04.405000+00:00,58.29999923706055,0.0,0.0
2024-06-06 16:44:04.570000+00:00,58.29999923706055,0.0,0.0
2024-06-06 16:45:04.943000+00:00,58.29999923706055,0.0,0.0
2024-06-06 16:46:04.437000+00:00,58.25,0.0,0.0
2024-06-06 16:47:04.484000+00:00,58.20000076293945,0.0,0.0
2024-06-06 16:48:04.722000+00:00,58.20000076293945,0.0,0.0
2024-06-06 16:49:04.422000+00:00,58.20000076293945,0.0,0.0
2024-06-06 16:50:05.120000+00:00,58.20000076293945,0.0,0.0
2024-06-06 16:51:04.738000+00:00,58.20000076293945,0.0,0.0
2024-06-06 16:52:04.508000+00:00,58.20000076293945,0.0,0.0
2024-06-06 16:53:04.179000+00:00,58.20000076293945,0.0,0.0
2024-06-06 16:54:04.442000+00:00,58.20000076293945,0.0,0.0
2024-06-06 16:55:04.226000+00:00,58.29999923706055,0.0,0.0
2024-06-06 16:56:04.458000+00:00,58.29999923706055,0.0,0.0
2024-06-06 16:57:04.616000+00:00,58.29999923706055,0.0,0.0
2024-06-06 16:58:04.640000+00:00,58.380001068115234,0.0,0.0
2024-06-06 16:59:04.612000+00:00,58.29999923706055,0.0,0.0
2024-06-06 17:00:06.427000+00:00,58.380001068115234,0.0,0.0
2024-06-06 17:01:04.777000+00:00,58.400001525878906,0.0,0.0
2024-06-06 17:02:04.478000+00:00,58.400001525878906,0.0,0.0
2024-06-06 17:03:05.056000+00:00,58.400001525878906,0.0,0.0
2024-06-06 17:04:04.240000+00:00,58.400001525878906,0.0,0.0
2024-06-06 17:05:04.893000+00:00,58.400001525878906,0.0,0.0
2024-06-06 17:06:04.514000+00:00,58.400001525878906,0.0,0.0
2024-06-06 17:07:04.402000+00:00,58.400001525878906,0.0,0.0
2024-06-06 17:08:04.757000+00:00,58.400001525878906,0.0,0.0
2024-06-06 17:09:03.917000+00:00,58.400001525878906,0.0,0.0
2024-06-06 17:10:04.568000+00:00,58.400001525878906,0.0,0.0
2024-06-06 17:11:04.685000+00:00,58.400001525878906,0.0,0.0
2024-06-06 17:12:05.303000+00:00,58.400001525878906,0.0,0.0
2024-06-06 17:13:04.690000+00:00,58.400001525878906,0.0,0.0
2024-06-06 17:14:04.576000+00:00,58.20000076293945,0.0,0.0
2024-06-06 17:15:04.740000+00:00,58.11000061035156,0.0,0.0
2024-06-06 17:16:04.228000+00:00,58.20000076293945,0.0,0.0
2024-06-06 17:17:04.691000+00:00,58.150001525878906,0.0,0.0
2024-06-06 17:18:04.848000+00:00,58.130001068115234,0.0,0.0
2024-06-06 17:19:04.408000+00:00,58.20000076293945,0.0,0.0
2024-06-06 17:20:04.878000+00:00,58.20000076293945,0.0,0.0
2024-06-06 17:21:04.452000+00:00,58.29999923706055,0.0,0.0
2024-06-06 17:22:04.148000+00:00,58.29999923706055,0.0,0.0
2024-06-06 17:23:04.407000+00:00,58.400001525878906,0.0,0.0
2024-06-06 17:24:05.152000+00:00,58.400001525878906,0.0,0.0
2024-06-06 17:25:04.364000+00:00,58.400001525878906,0.0,0.0
2024-06-06 17:26:04.807000+00:00,58.400001525878906,0.0,0.0
2024-06-06 17:27:04.877000+00:00,58.400001525878906,0.0,0.0
2024-06-06 17:28:05.140000+00:00,58.400001525878906,0.0,0.0
2024-06-06 17:29:04.510000+00:00,58.400001525878906,0.0,0.0
2024-06-06 17:30:05.067000+00:00,58.400001525878906,0.0,0.0
2024-06-06 17:31:04.800000+00:00,58.400001525878906,0.0,0.0
2024-06-06 17:32:05.006000+00:00,58.400001525878906,0.0,0.0
2024-06-06 17:33:04.197000+00:00,58.400001525878906,0.0,0.0
2024-06-06 17:34:04.242000+00:00,58.400001525878906,0.0,0.0
2024-06-06 17:35:04.138000+00:00,58.400001525878906,0.0,0.0
2024-06-06 17:36:04.235000+00:00,58.400001525878906,0.0,0.0
2024-06-06 17:37:04.984000+00:00,58.400001525878906,0.0,0.0
2024-06-06 17:38:04.984000+00:00,58.29999923706055,0.0,0.0
2024-06-06 17:39:05.210000+00:00,58.20000076293945,0.0,0.0
2024-06-06 17:40:04.880000+00:00,58.09999847412109,0.0,0.0
2024-06-06 17:41:04.205000+00:00,58.0,0.0,0.0
2024-06-06 17:42:05.061000+00:00,58.0,0.0,0.0
2024-06-06 17:43:04.217000+00:00,57.900001525878906,0.0,0.0
2024-06-06 17:44:04.572000+00:00,57.900001525878906,0.0,0.0
2024-06-06 17:45:04.989000+00:00,57.900001525878906,0.0,0.0
2024-06-06 17:46:04.565000+00:00,57.900001525878906,0.0,0.0
2024-06-06 17:47:04.572000+00:00,58.0,0.0,0.0
2024-06-06 17:48:05.639000+00:00,58.09999847412109,0.0,0.0
2024-06-06 17:49:04.911000+00:00,58.20000076293945,0.0,0.0
2024-06-06 17:50:05.018000+00:00,58.29999923706055,0.0,0.0
2024-06-06 17:51:04.257000+00:00,58.29999923706055,0.0,0.0
2024-06-06 17:52:05.025000+00:00,58.29999923706055,0.0,0.0
2024-06-06 17:53:04.427000+00:00,58.34999847412109,0.0,0.0
2024-06-06 17:54:04.989000+00:00,58.400001525878906,0.0,0.0
2024-06-06 17:55:05.142000+00:00,58.400001525878906,0.0,0.0
2024-06-06 17:56:04.335000+00:00,58.400001525878906,0.0,0.0
2024-06-06 17:57:04.282000+00:00,58.400001525878906,0.0,0.0
2024-06-06 17:58:04.325000+00:00,58.400001525878906,0.0,0.0
2024-06-06 17:59:04.332000+00:00,58.310001373291016,0.0,0.0
2024-06-06 18:00:07.050000+00:00,58.29999923706055,0.0,0.0
2024-06-06 18:01:05.036000+00:00,58.29999923706055,0.0,0.0
2024-06-06 18:02:04.364000+00:00,58.29999923706055,0.0,0.0
2024-06-06 18:03:05.310000+00:00,58.20000076293945,0.0,0.0
2024-06-06 18:04:04.791000+00:00,58.20000076293945,0.0,0.0
2024-06-06 18:05:04.603000+00:00,58.20000076293945,0.0,0.0
2024-06-06 18:06:05.179000+00:00,58.20000076293945,0.0,0.0
2024-06-06 18:07:04.514000+00:00,58.130001068115234,0.0,0.0
2024-06-06 18:08:04.969000+00:00,58.11000061035156,0.0,0.0
2024-06-06 18:09:04.782000+00:00,58.20000076293945,0.0,0.0
2024-06-06 18:10:04.372000+00:00,58.20000076293945,0.0,0.0
2024-06-06 18:11:04.552000+00:00,58.20000076293945,0.0,0.0
2024-06-06 18:12:04.580000+00:00,58.20000076293945,0.0,0.0
2024-06-06 18:13:05.192000+00:00,58.20000076293945,0.0,0.0
2024-06-06 18:14:04.539000+00:00,58.2599983215332,0.0,0.0
2024-06-06 18:15:05.180000+00:00,58.25,0.0,0.0
2024-06-06 18:16:04.858000+00:00,58.29999923706055,0.0,0.0
2024-06-06 18:17:04.774000+00:00,58.29999923706055,0.0,0.0
2024-06-06 18:18:05.580000+00:00,58.29999923706055,0.0,0.0
2024-06-06 18:19:04.460000+00:00,58.29999923706055,0.0,0.0
2024-06-06 18:20:04.857000+00:00,58.29999923706055,0.0,0.0
2024-06-06 18:21:04.797000+00:00,58.29999923706055,0.0,0.0
2024-06-06 18:22:04.736000+00:00,58.29999923706055,0.0,0.0
2024-06-06 18:23:04.955000+00:00,58.29999923706055,0.0,0.0
2024-06-06 18:24:04.898000+00:00,58.29999923706055,0.0,0.0
2024-06-06 18:25:04.472000+00:00,58.29999923706055,0.0,0.0
2024-06-06 18:26:05.463000+00:00,58.29999923706055,0.0,0.0
2024-06-06 18:27:04.956000+00:00,58.29999923706055,0.0,0.0
2024-06-06 18:28:04.676000+00:00,58.29999923706055,0.0,0.0
2024-06-06 18:29:04.389000+00:00,58.29999923706055,0.0,0.0
2024-06-06 18:30:05.376000+00:00,58.29999923706055,0.0,0.0
2024-06-06 18:31:04.970000+00:00,58.29999923706055,0.0,0.0
2024-06-06 18:32:04.414000+00:00,58.29999923706055,0.0,0.0
2024-06-06 18:33:04.833000+00:00,58.29999923706055,0.0,0.0
2024-06-06 18:34:04.098000+00:00,58.29999923706055,0.0,0.0
2024-06-06 18:35:04.906000+00:00,58.20000076293945,0.0,0.0
2024-06-06 18:36:04.533000+00:00,58.20000076293945,0.0,0.0
2024-06-06 18:37:04.537000+00:00,58.09999847412109,0.0,0.0
2024-06-06 18:38:04.971000+00:00,58.09999847412109,0.0,0.0
2024-06-06 18:39:04.372000+00:00,58.09999847412109,0.0,0.0
2024-06-06 18:40:04.964000+00:00,58.09999847412109,0.0,0.0
2024-06-06 18:41:04.573000+00:00,58.09999847412109,0.0,0.0
2024-06-06 18:42:04.760000+00:00,55.400001525878906,0.0,0.0
2024-06-06 18:43:04.660000+00:00,53.18000030517578,0.0,0.0
2024-06-06 18:44:04.077000+00:00,52.560001373291016,0.0,0.0
2024-06-06 18:45:04.519000+00:00,53.400001525878906,0.0,0.0
2024-06-06 18:46:04.509000+00:00,53.59000015258789,0.0,0.0
2024-06-06 18:47:04.657000+00:00,57.47999954223633,0.0,0.0
2024-06-06 18:48:04.645000+00:00,59.70000076293945,0.0,0.0
2024-06-06 18:49:04.201000+00:00,57.95000076293945,0.0,0.0
2024-06-06 18:50:04.901000+00:00,54.119998931884766,0.0,0.0
2024-06-06 18:51:04.668000+00:00,54.70000076293945,0.0,0.0
2024-06-06 18:52:04.216000+00:00,57.70000076293945,0.0,0.0
2024-06-06 18:53:04.304000+00:00,59.59999847412109,0.0,0.0
2024-06-06 18:54:04.883000+00:00,60.22999954223633,0.0,0.0
2024-06-06 18:55:05.617000+00:00,60.400001525878906,0.0,0.0
2024-06-06 18:56:04.773000+00:00,60.29999923706055,0.0,0.0
2024-06-06 18:57:04.579000+00:00,60.20000076293945,0.0,0.0
2024-06-06 18:58:05.112000+00:00,59.900001525878906,0.0,0.0
2024-06-06 18:59:04.652000+00:00,59.65999984741211,0.0,0.0
2024-06-06 19:00:06.838000+00:00,59.400001525878906,0.0,0.0
2024-06-06 19:01:05.245000+00:00,59.20000076293945,0.0,0.0
2024-06-06 19:02:04.605000+00:00,59.0,0.0,0.0
2024-06-06 19:03:04.365000+00:00,58.79999923706055,0.0,0.0
2024-06-06 19:04:04.620000+00:00,58.5,0.0,0.0
2024-06-06 19:05:04.414000+00:00,58.29999923706055,0.0,0.0
2024-06-06 19:06:05.633000+00:00,58.09999847412109,0.0,0.0
2024-06-06 19:07:04.508000+00:00,57.900001525878906,0.0,0.0
2024-06-06 19:08:05+00:00,57.70000076293945,0.0,0.0
2024-06-06 19:09:04.100000+00:00,57.5,0.0,0.0
2024-06-06 19:10:04.860000+00:00,57.400001525878906,0.0,0.0
2024-06-06 19:11:04.978000+00:00,57.400001525878906,0.0,0.0
2024-06-06 19:12:04.643000+00:00,57.400001525878906,0.0,0.0
2024-06-06 19:13:04.757000+00:00,57.400001525878906,0.0,0.0
2024-06-06 19:14:04.749000+00:00,57.59999847412109,0.0,0.0
2024-06-06 19:15:05.214000+00:00,57.70000076293945,0.0,0.0
2024-06-06 19:16:04.743000+00:00,57.900001525878906,0.0,0.0
2024-06-06 19:17:04.426000+00:00,58.09999847412109,0.0,0.0
2024-06-06 19:18:04.592000+00:00,58.29999923706055,0.0,0.0
2024-06-06 19:19:04.273000+00:00,58.400001525878906,0.0,0.0
2024-06-06 19:20:04.245000+00:00,58.5,0.0,0.0
2024-06-06 19:21:04.242000+00:00,58.59999847412109,0.0,0.0
2024-06-06 19:22:04.753000+00:00,58.70000076293945,0.0,0.0
2024-06-06 19:23:04.206000+00:00,58.70000076293945,0.0,0.0
2024-06-06 19:24:04.781000+00:00,58.61000061035156,0.0,0.0
2024-06-06 19:25:05.456000+00:00,58.59999847412109,0.0,0.0
2024-06-06 19:26:04.406000+00:00,58.59999847412109,0.0,0.0
2024-06-06 19:27:05.101000+00:00,58.5,0.0,0.0
2024-06-06 19:28:04.650000+00:00,58.400001525878906,0.0,0.0
2024-06-06 19:29:05.098000+00:00,58.34999847412109,0.0,0.0
2024-06-06 19:30:05.022000+00:00,58.29999923706055,0.0,0.0
2024-06-06 19:31:04.601000+00:00,58.20000076293945,0.0,0.0
2024-06-06 19:32:04.332000+00:00,58.09999847412109,0.0,0.0
2024-06-06 19:33:04.817000+00:00,58.09999847412109,0.0,0.0
2024-06-06 19:34:04.702000+00:00,58.0,0.0,0.0
2024-06-06 19:35:05.144000+00:00,57.93000030517578,0.0,0.0
2024-06-06 19:36:04.748000+00:00,58.0,0.0,0.0
2024-06-06 19:37:04.621000+00:00,57.900001525878906,0.0,0.0
2024-06-06 19:38:04.510000+00:00,57.900001525878906,0.0,0.0
2024-06-06 19:39:04.900000+00:00,57.900001525878906,0.0,0.0
2024-06-06 19:40:04.199000+00:00,58.0,0.0,0.0
2024-06-06 19:41:04.623000+00:00,58.09999847412109,0.0,0.0
2024-06-06 19:42:05.097000+00:00,58.20000076293945,0.0,0.0
2024-06-06 19:43:04.557000+00:00,58.29999923706055,0.0,0.0
2024-06-06 19:44:04.351000+00:00,58.29999923706055,0.0,0.0
2024-06-06 19:45:04.968000+00:00,58.400001525878906,0.0,0.0
2024-06-06 19:46:04.384000+00:00,58.400001525878906,0.0,0.0
2024-06-06 19:47:04.391000+00:00,58.400001525878906,0.0,0.0
2024-06-06 19:48:04.535000+00:00,58.400001525878906,0.0,0.0
2024-06-06 19:49:05.243000+00:00,58.400001525878906,0.0,0.0
2024-06-06 19:50:04.881000+00:00,57.720001220703125,0.0,0.0
2024-06-06 19:51:04.687000+00:00,57.70000076293945,0.0,0.0
2024-06-06 19:52:04.931000+00:00,57.79999923706055,0.0,0.0
2024-06-06 19:53:04.490000+00:00,58.0,0.0,0.0
2024-06-06 19:54:04.630000+00:00,58.119998931884766,0.0,0.0
2024-06-06 19:55:05.036000+00:00,58.29999923706055,0.0,0.0
2024-06-06 19:56:04.728000+00:00,58.400001525878906,0.0,0.0
2024-06-06 19:57:04.978000+00:00,58.5,0.0,0.0
2024-06-06 19:58:04.055000+00:00,58.59999847412109,0.0,0.0
2024-06-06 19:59:04.602000+00:00,58.59999847412109,0.0,0.0
2024-06-06 20:00:06.995000+00:00,58.59999847412109,0.0,0.0
2024-06-06 20:01:04.421000+00:00,58.59999847412109,0.0,0.0
2024-06-06 20:02:04.790000+00:00,58.59999847412109,0.0,0.0
2024-06-06 20:03:04.866000+00:00,58.59999847412109,0.0,0.0
2024-06-06 20:04:04.918000+00:00,58.5,0.0,0.0
2024-06-06 20:05:04.509000+00:00,58.5,0.0,0.0
2024-06-06 20:06:04.908000+00:00,58.400001525878906,0.0,0.0
2024-06-06 20:07:04.993000+00:00,58.29999923706055,0.0,0.0
2024-06-06 20:08:04.738000+00:00,58.29999923706055,0.0,0.0
2024-06-06 20:09:04.640000+00:00,58.2400016784668,0.0,0.0
2024-06-06 20:10:04.594000+00:00,58.20000076293945,0.0,0.0
2024-06-06 20:11:04.734000+00:00,58.20000076293945,0.0,0.0
2024-06-06 20:12:04.908000+00:00,58.13999938964844,0.0,0.0
2024-06-06 20:13:05.091000+00:00,58.20000076293945,0.0,0.0
2024-06-06 20:14:04.736000+00:00,58.20000076293945,0.0,0.0
2024-06-06 20:15:05.171000+00:00,58.2599983215332,0.0,0.0
2024-06-06 20:16:04.439000+00:00,58.29999923706055,0.0,0.0
2024-06-06 20:17:04.721000+00:00,58.29999923706055,0.0,0.0
2024-06-06 20:18:04.683000+00:00,58.29999923706055,0.0,0.0
2024-06-06 20:19:04.315000+00:00,58.29999923706055,0.0,0.0
2024-06-06 20:20:03.873000+00:00,58.29999923706055,0.0,0.0
2024-06-06 20:21:04.582000+00:00,49.02000045776367,0.0,0.0
2024-06-06 20:22:04.413000+00:00,47.34999847412109,0.0,0.0
2024-06-06 20:23:04.937000+00:00,48.560001373291016,0.0,0.0
2024-06-06 20:24:04.497000+00:00,50.77000045776367,0.0,0.0
2024-06-06 20:25:04.909000+00:00,58.38999938964844,0.0,0.0
2024-06-06 20:26:04.667000+00:00,60.79999923706055,0.0,0.0
2024-06-06 20:27:04.885000+00:00,61.09999847412109,0.0,0.0
2024-06-06 20:28:04.320000+00:00,61.20000076293945,0.0,0.0
2024-06-06 20:29:05.517000+00:00,61.09999847412109,0.0,0.0
2024-06-06 20:30:05.462000+00:00,60.900001525878906,0.0,0.0
2024-06-06 20:31:04.891000+00:00,60.70000076293945,0.0,0.0
2024-06-06 20:32:04.275000+00:00,60.40999984741211,0.0,0.0
2024-06-06 20:33:04.489000+00:00,59.90999984741211,0.0,0.0
2024-06-06 20:34:04.681000+00:00,59.70000076293945,0.0,0.0
2024-06-06 20:35:04.941000+00:00,59.5,0.0,0.0
2024-06-06 20:36:04.802000+00:00,59.29999923706055,0.0,0.0
2024-06-06 20:37:04.984000+00:00,59.09999847412109,0.0,0.0
2024-06-06 20:38:04.891000+00:00,58.900001525878906,0.0,0.0
2024-06-06 20:39:04.838000+00:00,58.70000076293945,0.0,0.0
2024-06-06 20:40:04.753000+00:00,58.5,0.0,0.0
2024-06-06 20:41:04.516000+00:00,58.29999923706055,0.0,0.0
2024-06-06 20:42:04.709000+00:00,58.09999847412109,0.0,0.0
2024-06-06 20:43:04.500000+00:00,57.900001525878906,0.0,0.0
2024-06-06 20:44:04.890000+00:00,57.79999923706055,0.0,0.0
2024-06-06 20:45:04.529000+00:00,57.59999847412109,0.0,0.0
2024-06-06 20:46:04.564000+00:00,57.400001525878906,0.0,0.0
2024-06-06 20:47:04.685000+00:00,57.20000076293945,0.0,0.0
2024-06-06 20:48:05.218000+00:00,57.0,0.0,0.0
2024-06-06 20:49:04.287000+00:00,56.88999938964844,0.0,0.0
2024-06-06 20:50:04.772000+00:00,56.79999923706055,0.0,0.0
2024-06-06 20:51:04.483000+00:00,56.790000915527344,0.0,0.0
2024-06-06 20:52:05.096000+00:00,56.79999923706055,0.0,0.0
2024-06-06 20:53:04.027000+00:00,57.0,0.0,0.0
2024-06-06 20:54:04.925000+00:00,57.29999923706055,0.0,0.0
2024-06-06 20:55:04.957000+00:00,57.59999847412109,0.0,0.0
2024-06-06 20:56:04.833000+00:00,57.900001525878906,0.0,0.0
2024-06-06 20:57:04.424000+00:00,58.20000076293945,0.0,0.0
2024-06-06 20:58:04.889000+00:00,58.38999938964844,0.0,0.0
2024-06-06 20:59:05.224000+00:00,58.400001525878906,0.0,0.0
2024-06-06 21:00:07.741000+00:00,55.02000045776367,0.0,0.0
2024-06-06 21:01:04.491000+00:00,56.0099983215332,0.0,0.0
2024-06-06 21:02:04.844000+00:00,57.52999877929688,0.0,0.0
2024-06-06 21:03:04.289000+00:00,57.09999847412109,0.0,0.0
2024-06-06 21:04:04.292000+00:00,56.72999954223633,0.0,0.0
2024-06-06 21:05:04.250000+00:00,56.31999969482422,0.0,0.0
2024-06-06 21:06:05.396000+00:00,56.09999847412109,0.0,0.0
2024-06-06 21:07:04.280000+00:00,55.83000183105469,0.0,0.0
2024-06-06 21:08:04.519000+00:00,55.709999084472656,0.0,0.0
2024-06-06 21:09:04.560000+00:00,55.63999938964844,0.0,0.0
2024-06-06 21:10:04.620000+00:00,55.59000015258789,0.0,0.0
2024-06-06 21:11:04.950000+00:00,55.400001525878906,0.0,0.0
2024-06-06 21:12:04.691000+00:00,55.29999923706055,0.0,0.0
2024-06-06 21:13:05.134000+00:00,55.29999923706055,0.0,0.0
2024-06-06 21:14:04.498000+00:00,55.20000076293945,0.0,0.0
2024-06-06 21:15:04.921000+00:00,55.20000076293945,0.0,0.0
2024-06-06 21:16:04.298000+00:00,55.0099983215332,0.0,0.0
2024-06-06 21:17:04.483000+00:00,55.0,0.0,0.0
2024-06-06 21:18:05.136000+00:00,55.0,0.0,0.0
2024-06-06 21:19:03.958000+00:00,55.0,0.0,0.0
2024-06-06 21:20:04.233000+00:00,55.0,0.0,0.0
2024-06-06 21:21:04.655000+00:00,55.0,0.0,0.0
2024-06-06 21:22:04.774000+00:00,55.0,0.0,0.0
2024-06-06 21:23:04.801000+00:00,55.09999847412109,0.0,0.0
2024-06-06 21:24:04.979000+00:00,55.09999847412109,0.0,0.0
2024-06-06 21:25:04.534000+00:00,55.20000076293945,0.0,0.0
2024-06-06 21:26:04.520000+00:00,55.20000076293945,0.0,0.0
2024-06-06 21:27:04.754000+00:00,55.29999923706055,0.0,0.0
2024-06-06 21:28:04.747000+00:00,55.29999923706055,0.0,0.0
2024-06-06 21:29:04.200000+00:00,55.369998931884766,0.0,0.0
2024-06-06 21:30:04.870000+00:00,55.400001525878906,0.0,0.0
2024-06-06 21:31:04.608000+00:00,55.400001525878906,0.0,0.0
2024-06-06 21:32:04.216000+00:00,55.5,0.0,0.0
2024-06-06 21:33:04.667000+00:00,55.5,0.0,0.0
2024-06-06 21:34:04.577000+00:00,55.4900016784668,0.0,0.0
2024-06-06 21:35:04.305000+00:00,55.400001525878906,0.0,0.0
2024-06-06 21:36:04.219000+00:00,55.400001525878906,0.0,0.0
2024-06-06 21:37:04.354000+00:00,55.400001525878906,0.0,0.0
2024-06-06 21:38:04.883000+00:00,55.400001525878906,0.0,0.0
2024-06-06 21:39:05.271000+00:00,55.400001525878906,0.0,0.0
2024-06-06 21:40:05.013000+00:00,55.400001525878906,0.0,0.0
2024-06-06 21:41:04.496000+00:00,55.400001525878906,0.0,0.0
2024-06-06 21:42:04.844000+00:00,55.29999923706055,0.0,0.0
2024-06-06 21:43:04.303000+00:00,55.400001525878906,0.0,0.0
2024-06-06 21:44:04.317000+00:00,55.29999923706055,0.0,0.0
2024-06-06 21:45:05.030000+00:00,55.29999923706055,0.0,0.0
2024-06-06 21:46:04.144000+00:00,55.29999923706055,0.0,0.0
2024-06-06 21:47:04.648000+00:00,55.29999923706055,0.0,0.0
2024-06-06 21:48:04.614000+00:00,55.27999877929688,0.0,0.0
2024-06-06 21:49:03.916000+00:00,55.20000076293945,0.0,0.0
2024-06-06 21:50:04.836000+00:00,55.20000076293945,0.0,0.0
2024-06-06 21:51:04.674000+00:00,55.20000076293945,0.0,0.0
2024-06-06 21:52:04.792000+00:00,55.20000076293945,0.0,0.0
2024-06-06 21:53:04.702000+00:00,55.20000076293945,0.0,0.0
2024-06-06 21:54:04.732000+00:00,55.09999847412109,0.0,0.0
2024-06-06 21:55:04.660000+00:00,55.18999862670898,0.0,0.0
2024-06-06 21:56:04.165000+00:00,55.20000076293945,0.0,0.0
2024-06-06 21:57:04.091000+00:00,55.20000076293945,0.0,0.0
2024-06-06 21:58:04.652000+00:00,55.29999923706055,0.0,0.0
2024-06-06 21:59:05.021000+00:00,55.29999923706055,0.0,0.0
2024-06-06 22:00:05.891000+00:00,55.29999923706055,0.0,0.0
2024-06-06 22:01:04.823000+00:00,55.400001525878906,0.0,0.0
2024-06-06 22:02:04.622000+00:00,55.400001525878906,0.0,0.0
2024-06-06 22:03:04.742000+00:00,55.400001525878906,0.0,0.0
2024-06-06 22:04:05.197000+00:00,55.400001525878906,0.0,0.0
2024-06-06 22:05:04.911000+00:00,55.31999969482422,0.0,0.0
2024-06-06 22:06:05.085000+00:00,55.29999923706055,0.0,0.0
2024-06-06 22:07:04.756000+00:00,55.29999923706055,0.0,0.0
2024-06-06 22:08:03.969000+00:00,55.29999923706055,0.0,0.0
2024-06-06 22:09:04.283000+00:00,55.29999923706055,0.0,0.0
2024-06-06 22:10:04.497000+00:00,55.29999923706055,0.0,0.0
2024-06-06 22:11:05.005000+00:00,55.29999923706055,0.0,0.0
2024-06-06 22:12:04.533000+00:00,55.29999923706055,0.0,0.0
2024-06-06 22:13:04.390000+00:00,55.20000076293945,0.0,0.0
2024-06-06 22:14:04.984000+00:00,55.20000076293945,0.0,0.0
2024-06-06 22:15:04.928000+00:00,55.20000076293945,0.0,0.0
2024-06-06 22:16:04.613000+00:00,55.20000076293945,0.0,0.0
2024-06-06 22:17:05.203000+00:00,55.20000076293945,0.0,0.0
2024-06-06 22:18:04.525000+00:00,55.209999084472656,0.0,0.0
2024-06-06 22:19:04.703000+00:00,55.29999923706055,0.0,0.0
2024-06-06 22:20:04.677000+00:00,55.29999923706055,0.0,0.0
2024-06-06 22:21:04.241000+00:00,55.29999923706055,0.0,0.0
2024-06-06 22:22:04.519000+00:00,55.209999084472656,0.0,0.0
2024-06-06 22:23:04.718000+00:00,55.20000076293945,0.0,0.0
2024-06-06 22:24:04.590000+00:00,55.20000076293945,0.0,0.0
2024-06-06 22:25:04.595000+00:00,55.09999847412109,0.0,0.0
2024-06-06 22:26:05.181000+00:00,55.09999847412109,0.0,0.0
2024-06-06 22:27:04.347000+00:00,55.18000030517578,0.0,0.0
2024-06-06 22:28:04.606000+00:00,55.20000076293945,0.0,0.0
2024-06-06 22:29:04.633000+00:00,55.20000076293945,0.0,0.0
2024-06-06 22:30:05.447000+00:00,55.20000076293945,0.0,0.0
2024-06-06 22:31:04.879000+00:00,55.20000076293945,0.0,0.0
2024-06-06 22:32:04.397000+00:00,55.20000076293945,0.0,0.0
2024-06-06 22:33:04.770000+00:00,55.20000076293945,0.0,0.0
2024-06-06 22:34:04.538000+00:00,55.09999847412109,0.0,0.0
2024-06-06 22:35:04.616000+00:00,55.0,0.0,0.0
2024-06-06 22:36:04.854000+00:00,55.0099983215332,0.0,0.0
2024-06-06 22:37:04.819000+00:00,55.0,0.0,0.0
2024-06-06 22:38:04.361000+00:00,55.0,0.0,0.0
2024-06-06 22:39:04.633000+00:00,55.0,0.0,0.0
2024-06-06 22:40:04.326000+00:00,54.97999954223633,0.0,0.0
2024-06-06 22:41:04.621000+00:00,55.0,0.0,0.0
2024-06-06 22:42:05.117000+00:00,55.0,0.0,0.0
2024-06-06 22:43:04.054000+00:00,55.09999847412109,0.0,0.0
2024-06-06 22:44:04.409000+00:00,55.09999847412109,0.0,0.0
2024-06-06 22:45:04.970000+00:00,55.20000076293945,0.0,0.0
2024-06-06 22:46:03.919000+00:00,55.29999923706055,0.0,0.0
2024-06-06 22:47:04.195000+00:00,55.29999923706055,0.0,0.0
2024-06-06 22:48:04.652000+00:00,55.400001525878906,0.0,0.0
2024-06-06 22:49:04.480000+00:00,55.400001525878906,0.0,0.0
2024-06-06 22:50:04.756000+00:00,55.5,0.0,0.0
2024-06-06 22:51:04.314000+00:00,55.59999847412109,0.0,0.0
2024-06-06 22:52:04.875000+00:00,55.59999847412109,0.0,0.0
2024-06-06 22:53:04.161000+00:00,55.59999847412109,0.0,0.0
2024-06-06 22:54:04.653000+00:00,55.59999847412109,0.0,0.0
2024-06-06 22:55:05.041000+00:00,55.59999847412109,0.0,0.0
2024-06-06 22:56:04.881000+00:00,55.59999847412109,0.0,0.0
2024-06-06 22:57:05.372000+00:00,55.59999847412109,0.0,0.0
2024-06-06 22:58:04.448000+00:00,55.59999847412109,0.0,0.0
2024-06-06 22:59:04.350000+00:00,55.5,0.0,0.0
2024-06-06 23:00:06.231000+00:00,55.5,0.0,0.0
2024-06-07 00:00:08.171000+00:00,55.09999847412109,0.0,0.0
2024-06-07 00:01:04.800000+00:00,55.09999847412109,0.0,0.0
2024-06-07 00:02:04.853000+00:00,55.20000076293945,0.0,0.0
2024-06-07 00:03:04.314000+00:00,55.20000076293945,0.0,0.0
2024-06-07 00:04:04.419000+00:00,55.22999954223633,0.0,0.0
2024-06-07 00:05:04.688000+00:00,55.209999084472656,0.0,0.0
2024-06-07 00:06:05.001000+00:00,55.290000915527344,0.0,0.0
2024-06-07 00:07:04.971000+00:00,55.29999923706055,0.0,0.0
2024-06-07 00:08:04.376000+00:00,55.20000076293945,0.0,0.0
2024-06-07 00:09:04.453000+00:00,55.27000045776367,0.0,0.0
2024-06-07 00:10:04.861000+00:00,55.20000076293945,0.0,0.0
2024-06-07 00:11:05.001000+00:00,55.20000076293945,0.0,0.0
2024-06-07 00:12:04.612000+00:00,55.20000076293945,0.0,0.0
2024-06-07 00:13:04.825000+00:00,55.20000076293945,0.0,0.0
2024-06-07 00:14:04.643000+00:00,55.20000076293945,0.0,0.0
2024-06-07 00:15:05.644000+00:00,55.20000076293945,0.0,0.0
2024-06-07 00:16:04.699000+00:00,55.20000076293945,0.0,0.0
2024-06-07 00:17:04.305000+00:00,55.20000076293945,0.0,0.0
2024-06-07 00:18:04.754000+00:00,55.20000076293945,0.0,0.0
2024-06-07 00:19:04.856000+00:00,55.20000076293945,0.0,0.0
2024-06-07 00:20:05.007000+00:00,55.11000061035156,0.0,0.0
2024-06-07 00:21:04.694000+00:00,55.20000076293945,0.0,0.0
2024-06-07 00:22:04.823000+00:00,55.20000076293945,0.0,0.0
2024-06-07 00:23:04.185000+00:00,55.20000076293945,0.0,0.0
2024-06-07 00:24:04.746000+00:00,55.29999923706055,0.0,0.0
2024-06-07 00:25:04.480000+00:00,55.29999923706055,0.0,0.0
2024-06-07 00:26:04.697000+00:00,55.29999923706055,0.0,0.0
2024-06-07 00:27:04.305000+00:00,55.29999923706055,0.0,0.0
2024-06-07 00:28:04.609000+00:00,55.290000915527344,0.0,0.0
2024-06-07 00:29:04.635000+00:00,55.290000915527344,0.0,0.0
2024-06-07 00:30:05.340000+00:00,55.29999923706055,0.0,0.0
2024-06-07 00:31:04.417000+00:00,55.29999923706055,0.0,0.0
2024-06-07 00:32:04.968000+00:00,55.20000076293945,0.0,0.0
2024-06-07 00:33:04.855000+00:00,55.20000076293945,0.0,0.0
2024-06-07 00:34:05.093000+00:00,55.209999084472656,0.0,0.0
2024-06-07 00:35:04.198000+00:00,55.20000076293945,0.0,0.0
2024-06-07 00:36:04.736000+00:00,55.20000076293945,0.0,0.0
2024-06-07 00:37:04.020000+00:00,55.20000076293945,0.0,0.0
2024-06-07 00:38:04.466000+00:00,55.20000076293945,0.0,0.0
2024-06-07 00:39:05.327000+00:00,55.20000076293945,0.0,0.0
2024-06-07 00:40:04.907000+00:00,55.20000076293945,0.0,0.0
2024-06-07 00:41:04.917000+00:00,55.20000076293945,0.0,0.0
2024-06-07 00:42:04.859000+00:00,55.20000076293945,0.0,0.0
2024-06-07 00:43:05.039000+00:00,55.20000076293945,0.0,0.0
2024-06-07 00:44:04.582000+00:00,55.20000076293945,0.0,0.0
2024-06-07 00:45:04.508000+00:00,55.20000076293945,0.0,0.0
2024-06-07 00:46:04.290000+00:00,55.20000076293945,0.0,0.0
2024-06-07 00:47:04.965000+00:00,55.20000076293945,0.0,0.0
2024-06-07 00:48:05.044000+00:00,55.20000076293945,0.0,0.0
2024-06-07 00:49:04.597000+00:00,55.20000076293945,0.0,0.0
2024-06-07 00:50:04.171000+00:00,55.20000076293945,0.0,0.0
2024-06-07 00:51:04.580000+00:00,55.20000076293945,0.0,0.0
2024-06-07 00:52:04.945000+00:00,55.20000076293945,0.0,0.0
2024-06-07 00:53:04.022000+00:00,55.20000076293945,0.0,0.0
2024-06-07 00:54:04.667000+00:00,55.20000076293945,0.0,0.0
2024-06-07 00:55:04.722000+00:00,55.20000076293945,0.0,0.0
2024-06-07 00:56:05.032000+00:00,55.20000076293945,0.0,0.0
2024-06-07 00:57:04.711000+00:00,55.20000076293945,0.0,0.0
2024-06-07 00:58:05.072000+00:00,55.20000076293945,0.0,0.0
2024-06-07 00:59:04.821000+00:00,55.20000076293945,0.0,0.0
2024-06-07 01:00:06.612000+00:00,55.20000076293945,0.0,0.0
2024-06-07 01:01:04.542000+00:00,55.20000076293945,0.0,0.0
2024-06-07 01:02:05.007000+00:00,55.20000076293945,0.0,0.0
2024-06-07 01:03:04.521000+00:00,55.20000076293945,0.0,0.0
2024-06-07 01:04:04.942000+00:00,55.29999923706055,0.0,0.0
2024-06-07 01:05:04.562000+00:00,55.29999923706055,0.0,0.0
2024-06-07 01:06:05.202000+00:00,55.29999923706055,0.0,0.0
2024-06-07 01:07:04.223000+00:00,55.29999923706055,0.0,0.0
2024-06-07 01:08:05.099000+00:00,55.29999923706055,0.0,0.0
2024-06-07 01:09:04.380000+00:00,55.29999923706055,0.0,0.0
2024-06-07 01:10:04.977000+00:00,55.29999923706055,0.0,0.0
2024-06-07 01:11:04.888000+00:00,55.29999923706055,0.0,0.0
2024-06-07 01:12:05.028000+00:00,55.29999923706055,0.0,0.0
2024-06-07 01:13:05.142000+00:00,55.29999923706055,0.0,0.0
2024-06-07 01:14:04.451000+00:00,55.29999923706055,0.0,0.0
2024-06-07 01:15:04.549000+00:00,55.29999923706055,0.0,0.0
2024-06-07 01:16:04.562000+00:00,55.29999923706055,0.0,0.0
2024-06-07 01:17:04.474000+00:00,55.29999923706055,0.0,0.0
2024-06-07 01:18:04.635000+00:00,55.29999923706055,0.0,0.0
2024-06-07 01:19:05.416000+00:00,55.20000076293945,0.0,0.0
2024-06-07 01:20:04.343000+00:00,55.20000076293945,0.0,0.0
2024-06-07 01:21:04.685000+00:00,55.119998931884766,0.0,0.0
2024-06-07 01:22:04.555000+00:00,55.09999847412109,0.0,0.0
2024-06-07 01:23:04.758000+00:00,55.13999938964844,0.0,0.0
2024-06-07 01:24:04.867000+00:00,55.09999847412109,0.0,0.0
2024-06-07 01:25:04.781000+00:00,55.09999847412109,0.0,0.0
2024-06-07 01:26:04.981000+00:00,55.09999847412109,0.0,0.0
2024-06-07 01:27:04.328000+00:00,55.09999847412109,0.0,0.0
2024-06-07 01:28:04.969000+00:00,55.0,0.0,0.0
2024-06-07 01:29:04.701000+00:00,55.0,0.0,0.0
2024-06-07 01:30:04.973000+00:00,55.0,0.0,0.0
2024-06-07 01:31:04.831000+00:00,55.09999847412109,0.0,0.0
2024-06-07 01:32:04.741000+00:00,55.09999847412109,0.0,0.0
2024-06-07 01:33:03.923000+00:00,55.20000076293945,0.0,0.0
2024-06-07 01:34:04.429000+00:00,55.20000076293945,0.0,0.0
2024-06-07 01:35:04.720000+00:00,55.29999923706055,0.0,0.0
2024-06-07 01:36:05.259000+00:00,55.29999923706055,0.0,0.0
2024-06-07 01:37:04.281000+00:00,55.29999923706055,0.0,0.0
2024-06-07 01:38:04.385000+00:00,55.29999923706055,0.0,0.0
2024-06-07 01:39:04.743000+00:00,55.29999923706055,0.0,0.0
2024-06-07 01:40:04.887000+00:00,55.29999923706055,0.0,0.0
2024-06-07 01:41:04.846000+00:00,55.29999923706055,0.0,0.0
2024-06-07 01:42:04.754000+00:00,55.29999923706055,0.0,0.0
2024-06-07 01:43:04.905000+00:00,55.29999923706055,0.0,0.0
2024-06-07 01:44:04.071000+00:00,55.29999923706055,0.0,0.0
2024-06-07 01:45:04.477000+00:00,55.29999923706055,0.0,0.0
2024-06-07 01:46:04.282000+00:00,55.20000076293945,0.0,0.0
2024-06-07 01:47:04.406000+00:00,55.209999084472656,0.0,0.0
2024-06-07 01:48:04.730000+00:00,55.29999923706055,0.0,0.0
2024-06-07 01:49:04.053000+00:00,55.290000915527344,0.0,0.0
2024-06-07 01:50:04.771000+00:00,55.20000076293945,0.0,0.0
2024-06-07 01:51:04.109000+00:00,55.20000076293945,0.0,0.0
2024-06-07 01:52:05.118000+00:00,55.20000076293945,0.0,0.0
2024-06-07 01:53:04.139000+00:00,55.20000076293945,0.0,0.0
2024-06-07 01:54:04.480000+00:00,55.20000076293945,0.0,0.0
2024-06-07 01:55:04.832000+00:00,55.20000076293945,0.0,0.0
2024-06-07 01:56:05.328000+00:00,55.20000076293945,0.0,0.0
2024-06-07 01:57:04.289000+00:00,55.20000076293945,0.0,0.0
2024-06-07 01:58:04.213000+00:00,55.20000076293945,0.0,0.0
2024-06-07 01:59:05.063000+00:00,55.20000076293945,0.0,0.0
2024-06-07 02:00:06.890000+00:00,55.20000076293945,0.0,0.0
2024-06-07 02:01:04.778000+00:00,55.29999923706055,0.0,0.0
2024-06-07 02:02:04.157000+00:00,56.5,0.0,0.0
2024-06-07 02:03:04.628000+00:00,57.5,0.0,0.0
2024-06-07 02:04:04.282000+00:00,58.25,0.0,0.0
2024-06-07 02:05:04.874000+00:00,58.59999847412109,0.0,0.0
2024-06-07 02:06:05.439000+00:00,58.79999923706055,0.0,0.0
2024-06-07 02:07:04.469000+00:00,58.880001068115234,0.0,0.0
2024-06-07 02:08:04.851000+00:00,58.79999923706055,0.0,0.0
2024-06-07 02:09:04.497000+00:00,58.79999923706055,0.0,0.0
2024-06-07 02:10:05.150000+00:00,58.70000076293945,0.0,0.0
2024-06-07 02:11:04.348000+00:00,58.59999847412109,0.0,0.0
2024-06-07 02:12:04.603000+00:00,58.5,0.0,0.0
2024-06-07 02:13:05.088000+00:00,58.34000015258789,0.0,0.0
2024-06-07 02:14:04.758000+00:00,58.20000076293945,0.0,0.0
2024-06-07 02:15:05.624000+00:00,58.09999847412109,0.0,0.0
2024-06-07 02:16:04.696000+00:00,58.0,0.0,0.0
2024-06-07 02:17:04.619000+00:00,57.900001525878906,0.0,0.0
2024-06-07 02:18:04.659000+00:00,57.79999923706055,0.0,0.0
2024-06-07 02:19:04.336000+00:00,57.709999084472656,0.0,0.0
2024-06-07 02:20:04.803000+00:00,57.70000076293945,0.0,0.0
2024-06-07 02:21:05.009000+00:00,57.70000076293945,0.0,0.0
2024-06-07 02:22:04.547000+00:00,57.70000076293945,0.0,0.0
2024-06-07 02:23:04.845000+00:00,57.70000076293945,0.0,0.0
2024-06-07 02:24:04.624000+00:00,57.70000076293945,0.0,0.0
2024-06-07 02:25:04.659000+00:00,57.7599983215332,0.0,0.0
2024-06-07 02:26:04.991000+00:00,57.79999923706055,0.0,0.0
2024-06-07 02:27:04.282000+00:00,57.900001525878906,0.0,0.0
2024-06-07 02:28:04.266000+00:00,57.900001525878906,0.0,0.0
2024-06-07 02:29:04.636000+00:00,57.90999984741211,0.0,0.0
2024-06-07 02:30:05.844000+00:00,58.0,0.0,0.0
2024-06-07 02:31:05.247000+00:00,58.060001373291016,0.0,0.0
2024-06-07 02:32:04.336000+00:00,58.09000015258789,0.0,0.0
2024-06-07 02:33:04.541000+00:00,58.09999847412109,0.0,0.0
2024-06-07 02:34:05.065000+00:00,58.09999847412109,0.0,0.0
2024-06-07 02:35:04.602000+00:00,58.09999847412109,0.0,0.0
2024-06-07 02:36:04.164000+00:00,58.20000076293945,0.0,0.0
2024-06-07 02:37:05.159000+00:00,58.20000076293945,0.0,0.0
2024-06-07 02:38:04.127000+00:00,58.29999923706055,0.0,0.0
2024-06-07 02:39:05.315000+00:00,58.29999923706055,0.0,0.0
2024-06-07 02:40:04.712000+00:00,58.29999923706055,0.0,0.0
2024-06-07 02:41:04.718000+00:00,58.220001220703125,0.0,0.0
2024-06-07 02:42:04.757000+00:00,58.29999923706055,0.0,0.0
2024-06-07 02:43:04.823000+00:00,58.209999084472656,0.0,0.0
2024-06-07 02:44:05.233000+00:00,58.20000076293945,0.0,0.0
2024-06-07 02:45:04.842000+00:00,58.20000076293945,0.0,0.0
2024-06-07 02:46:04.145000+00:00,58.20000076293945,0.0,0.0
2024-06-07 02:47:04.940000+00:00,58.20000076293945,0.0,0.0
2024-06-07 02:48:04.942000+00:00,58.20000076293945,0.0,0.0
2024-06-07 02:49:04.242000+00:00,58.15999984741211,0.0,0.0
2024-06-07 02:50:05.104000+00:00,58.09999847412109,0.0,0.0
2024-06-07 02:51:04.356000+00:00,58.09999847412109,0.0,0.0
2024-06-07 02:52:04.896000+00:00,58.09999847412109,0.0,0.0
2024-06-07 02:53:04.824000+00:00,58.09999847412109,0.0,0.0
2024-06-07 02:54:05.063000+00:00,58.09999847412109,0.0,0.0
2024-06-07 02:55:04.925000+00:00,58.09999847412109,0.0,0.0
2024-06-07 02:56:04.738000+00:00,58.0,0.0,0.0
2024-06-07 02:57:04.649000+00:00,58.09999847412109,0.0,0.0
2024-06-07 02:58:04.753000+00:00,58.0,0.0,0.0
2024-06-07 02:59:04.436000+00:00,58.0,0.0,0.0
2024-06-07 03:00:07.488000+00:00,58.0,0.0,0.0
2024-06-07 03:01:04.814000+00:00,58.0,0.0,0.0
2024-06-07 03:02:04.859000+00:00,57.97999954223633,0.0,0.0
2024-06-07 03:03:04.605000+00:00,57.91999816894531,0.0,0.0
2024-06-07 03:04:04.721000+00:00,57.900001525878906,0.0,0.0
2024-06-07 03:05:04.579000+00:00,57.900001525878906,0.0,0.0
2024-06-07 03:06:05.365000+00:00,58.0,0.0,0.0
2024-06-07 03:07:04.745000+00:00,58.0099983215332,0.0,0.0
2024-06-07 03:08:04.939000+00:00,58.09999847412109,0.0,0.0
2024-06-07 03:09:04.936000+00:00,58.09999847412109,0.0,0.0
2024-06-07 03:10:04.701000+00:00,58.09999847412109,0.0,0.0
2024-06-07 03:11:04.956000+00:00,58.150001525878906,0.0,0.0
2024-06-07 03:12:04.907000+00:00,58.09999847412109,0.0,0.0
2024-06-07 03:13:04.262000+00:00,58.09999847412109,0.0,0.0
2024-06-07 03:14:04.790000+00:00,58.09999847412109,0.0,0.0
2024-06-07 03:15:05.865000+00:00,58.09999847412109,0.0,0.0
2024-06-07 03:16:04.995000+00:00,58.09999847412109,0.0,0.0
2024-06-07 03:17:04.992000+00:00,58.09999847412109,0.0,0.0
2024-06-07 03:18:04.785000+00:00,58.09999847412109,0.0,0.0
2024-06-07 03:19:04.818000+00:00,58.09999847412109,0.0,0.0
2024-06-07 03:20:04.936000+00:00,58.09999847412109,0.0,0.0
2024-06-07 03:21:04.035000+00:00,58.09999847412109,0.0,0.0
2024-06-07 03:22:04.985000+00:00,58.09999847412109,0.0,0.0
2024-06-07 03:23:04.364000+00:00,58.09999847412109,0.0,0.0
2024-06-07 03:24:04.919000+00:00,58.09999847412109,0.0,0.0
2024-06-07 03:25:04.542000+00:00,58.09999847412109,0.0,0.0
2024-06-07 03:26:05.021000+00:00,58.09999847412109,0.0,0.0
2024-06-07 03:27:04.444000+00:00,58.09999847412109,0.0,0.0
2024-06-07 03:28:04.682000+00:00,58.09999847412109,0.0,0.0
2024-06-07 03:29:04.727000+00:00,58.09999847412109,0.0,0.0
2024-06-07 03:30:05.224000+00:00,58.09999847412109,0.0,0.0
2024-06-07 03:31:04.747000+00:00,58.09999847412109,0.0,0.0
2024-06-07 03:32:04.835000+00:00,58.09999847412109,0.0,0.0
2024-06-07 03:33:04.967000+00:00,58.09999847412109,0.0,0.0
2024-06-07 03:34:04.355000+00:00,58.09999847412109,0.0,0.0
2024-06-07 03:35:04.969000+00:00,58.09999847412109,0.0,0.0
2024-06-07 03:36:04.827000+00:00,58.09999847412109,0.0,0.0
2024-06-07 03:37:04.621000+00:00,58.09999847412109,0.0,0.0
2024-06-07 03:38:04.970000+00:00,58.18000030517578,0.0,0.0
2024-06-07 03:39:04.440000+00:00,58.20000076293945,0.0,0.0
2024-06-07 03:40:05.007000+00:00,58.20000076293945,0.0,0.0
2024-06-07 03:41:04.220000+00:00,58.11000061035156,0.0,0.0
2024-06-07 03:42:05.392000+00:00,58.09999847412109,0.0,0.0
2024-06-07 03:43:04.717000+00:00,58.20000076293945,0.0,0.0
2024-06-07 03:44:04.427000+00:00,58.20000076293945,0.0,0.0
2024-06-07 03:45:05.241000+00:00,58.20000076293945,0.0,0.0
2024-06-07 03:46:04.265000+00:00,58.20000076293945,0.0,0.0
2024-06-07 03:47:04.716000+00:00,58.20000076293945,0.0,0.0
2024-06-07 03:48:04.918000+00:00,58.20000076293945,0.0,0.0
2024-06-07 03:49:04.716000+00:00,58.15999984741211,0.0,0.0
2024-06-07 03:50:04.978000+00:00,58.09999847412109,0.0,0.0
2024-06-07 03:51:04.610000+00:00,58.09999847412109,0.0,0.0
2024-06-07 03:52:04.992000+00:00,58.09999847412109,0.0,0.0
2024-06-07 03:53:04.614000+00:00,58.09999847412109,0.0,0.0
2024-06-07 03:54:04.771000+00:00,58.0,0.0,0.0
2024-06-07 03:55:05.282000+00:00,58.0,0.0,0.0
2024-06-07 03:56:04.637000+00:00,58.0,0.0,0.0
2024-06-07 03:57:04.536000+00:00,58.0,0.0,0.0
2024-06-07 03:58:03.944000+00:00,58.0,0.0,0.0
2024-06-07 03:59:04.352000+00:00,58.0,0.0,0.0
2024-06-07 04:00:06.897000+00:00,58.0,0.0,0.0
2024-06-07 04:01:04.641000+00:00,58.0,0.0,0.0
2024-06-07 04:02:04.475000+00:00,58.0,0.0,0.0
2024-06-07 04:03:04.769000+00:00,58.0,0.0,0.0
2024-06-07 04:04:04.846000+00:00,58.0,0.0,0.0
2024-06-07 04:05:05.098000+00:00,58.0,0.0,0.0
2024-06-07 04:06:05.345000+00:00,58.0,0.0,0.0
2024-06-07 04:07:04.820000+00:00,58.0,0.0,0.0
2024-06-07 04:08:04.844000+00:00,58.0,0.0,0.0
2024-06-07 04:09:05.146000+00:00,57.97999954223633,0.0,0.0
2024-06-07 04:10:05.050000+00:00,57.66999816894531,0.0,0.0
2024-06-07 04:11:04.639000+00:00,57.59999847412109,0.0,0.0
2024-06-07 04:12:05.066000+00:00,57.20000076293945,0.0,0.0
2024-06-07 04:13:04.140000+00:00,57.20000076293945,0.0,0.0
2024-06-07 04:14:05.218000+00:00,57.5,0.0,0.0
2024-06-07 04:15:05.338000+00:00,55.380001068115234,0.0,0.0
2024-06-07 04:16:04.691000+00:00,56.650001525878906,0.0,0.0
2024-06-07 04:17:04.759000+00:00,58.040000915527344,0.0,0.0
2024-06-07 04:18:04.887000+00:00,58.79999923706055,0.0,0.0
2024-06-07 04:19:04.639000+00:00,58.900001525878906,0.0,0.0
2024-06-07 04:20:04.779000+00:00,58.9900016784668,0.0,0.0
2024-06-07 04:21:05.236000+00:00,59.0,0.0,0.0
2024-06-07 04:22:04.136000+00:00,58.93999862670898,0.0,0.0
2024-06-07 04:23:05.099000+00:00,58.900001525878906,0.0,0.0
2024-06-07 04:24:04.484000+00:00,58.79999923706055,0.0,0.0
2024-06-07 04:25:04.479000+00:00,58.70000076293945,0.0,0.0
2024-06-07 04:26:04.910000+00:00,58.59999847412109,0.0,0.0
2024-06-07 04:27:04.465000+00:00,58.400001525878906,0.0,0.0
2024-06-07 04:28:04.842000+00:00,58.29999923706055,0.0,0.0
2024-06-07 04:29:04.076000+00:00,58.20000076293945,0.0,0.0
2024-06-07 04:30:04.524000+00:00,58.0099983215332,0.0,0.0
2024-06-07 04:31:05.072000+00:00,57.79999923706055,0.0,0.0
2024-06-07 04:32:04.365000+00:00,57.70000076293945,0.0,0.0
2024-06-07 04:33:04.695000+00:00,57.70000076293945,0.0,0.0
2024-06-07 04:34:04.084000+00:00,54.54999923706055,0.0,0.0
2024-06-07 04:35:04.811000+00:00,55.68999862670898,0.0,0.0
2024-06-07 04:36:05.053000+00:00,56.970001220703125,0.0,0.0
2024-06-07 04:37:04.205000+00:00,57.79999923706055,0.0,0.0
2024-06-07 04:38:04.528000+00:00,58.400001525878906,0.0,0.0
2024-06-07 04:39:05.086000+00:00,58.70000076293945,0.0,0.0
2024-06-07 04:40:04.592000+00:00,58.79999923706055,0.0,0.0
2024-06-07 04:41:04.567000+00:00,58.79999923706055,0.0,0.0
2024-06-07 04:42:05.216000+00:00,58.79999923706055,0.0,0.0
2024-06-07 04:43:04.839000+00:00,58.79999923706055,0.0,0.0
2024-06-07 04:44:04.283000+00:00,58.70000076293945,0.0,0.0
2024-06-07 04:45:04.518000+00:00,58.59999847412109,0.0,0.0
2024-06-07 04:46:04.472000+00:00,58.5,0.0,0.0
2024-06-07 04:47:04.565000+00:00,58.29999923706055,0.0,0.0
2024-06-07 04:48:04.909000+00:00,58.20000076293945,0.0,0.0
2024-06-07 04:49:04.005000+00:00,58.09999847412109,0.0,0.0
2024-06-07 04:50:04.484000+00:00,58.0,0.0,0.0
2024-06-07 04:51:04.935000+00:00,57.900001525878906,0.0,0.0
2024-06-07 04:52:04.288000+00:00,57.900001525878906,0.0,0.0
2024-06-07 04:53:04.163000+00:00,57.79999923706055,0.0,0.0
2024-06-07 04:54:04.757000+00:00,57.77999877929688,0.0,0.0
2024-06-07 04:55:05.404000+00:00,57.70000076293945,0.0,0.0
2024-06-07 04:56:04.347000+00:00,57.70000076293945,0.0,0.0
2024-06-07 04:57:04.372000+00:00,57.7599983215332,0.0,0.0
2024-06-07 04:58:04.276000+00:00,57.79999923706055,0.0,0.0
2024-06-07 04:59:04.786000+00:00,57.79999923706055,0.0,0.0
2024-06-07 05:00:07.115000+00:00,57.900001525878906,0.0,0.0
2024-06-07 05:01:05.059000+00:00,58.0,0.0,0.0
2024-06-07 05:02:05.174000+00:00,58.09999847412109,0.0,0.0
2024-06-07 05:03:03.950000+00:00,58.09999847412109,0.0,0.0
2024-06-07 05:04:04.337000+00:00,58.20000076293945,0.0,0.0
2024-06-07 05:05:04.703000+00:00,58.20000076293945,0.0,0.0
2024-06-07 05:06:05.407000+00:00,58.20000076293945,0.0,0.0
2024-06-07 05:07:04.580000+00:00,58.20000076293945,0.0,0.0
2024-06-07 05:08:04.488000+00:00,58.29999923706055,0.0,0.0
2024-06-07 05:09:04.641000+00:00,58.29999923706055,0.0,0.0
2024-06-07 05:10:04.788000+00:00,58.29999923706055,0.0,0.0
2024-06-07 05:11:04.964000+00:00,58.29999923706055,0.0,0.0
2024-06-07 05:12:04.835000+00:00,58.25,0.0,0.0
2024-06-07 05:13:05.317000+00:00,58.29999923706055,0.0,0.0
2024-06-07 05:14:04.735000+00:00,58.20000076293945,0.0,0.0
2024-06-07 05:15:04.750000+00:00,58.20000076293945,0.0,0.0
2024-06-07 05:16:04.856000+00:00,58.20000076293945,0.0,0.0
2024-06-07 05:17:04.853000+00:00,58.20000076293945,0.0,0.0
2024-06-07 05:18:04.801000+00:00,58.20000076293945,0.0,0.0
2024-06-07 05:19:05.091000+00:00,58.09999847412109,0.0,0.0
2024-06-07 05:20:04.833000+00:00,58.09999847412109,0.0,0.0
2024-06-07 05:21:05.008000+00:00,58.09999847412109,0.0,0.0
2024-06-07 05:22:04.954000+00:00,58.09999847412109,0.0,0.0
2024-06-07 05:23:04.405000+00:00,56.959999084472656,0.0,0.0
2024-06-07 05:24:04.825000+00:00,57.18000030517578,0.0,0.0
2024-06-07 05:25:05.067000+00:00,57.400001525878906,0.0,0.0
2024-06-07 05:26:05.147000+00:00,57.5,0.0,0.0
2024-06-07 05:27:04.816000+00:00,57.47999954223633,0.0,0.0
2024-06-07 05:28:04.898000+00:00,57.65999984741211,0.0,0.0
2024-06-07 05:29:04.748000+00:00,57.900001525878906,0.0,0.0
2024-06-07 05:30:05.160000+00:00,58.09999847412109,0.0,0.0
2024-06-07 05:31:04.847000+00:00,58.29999923706055,0.0,0.0
2024-06-07 05:32:04.903000+00:00,58.400001525878906,0.0,0.0
2024-06-07 05:33:04.355000+00:00,58.59999847412109,0.0,0.0
2024-06-07 05:34:04.586000+00:00,57.4900016784668,0.0,0.0
2024-06-07 05:35:04.892000+00:00,57.68000030517578,0.0,0.0
2024-06-07 05:36:04.872000+00:00,57.900001525878906,0.0,0.0
2024-06-07 05:37:04.451000+00:00,58.0,0.0,0.0
2024-06-07 05:38:04.366000+00:00,58.20000076293945,0.0,0.0
2024-06-07 05:39:04.719000+00:00,58.29999923706055,0.0,0.0
2024-06-07 05:40:04.958000+00:00,58.5,0.0,0.0
2024-06-07 05:41:04.626000+00:00,58.59999847412109,0.0,0.0
2024-06-07 05:42:04.727000+00:00,56.70000076293945,0.0,0.0
2024-06-07 05:43:04.420000+00:00,57.0,0.0,0.0
2024-06-07 05:44:04.898000+00:00,53.09000015258789,0.0,0.0
2024-06-07 05:45:04.317000+00:00,55.41999816894531,0.0,0.0
2024-06-07 05:46:04.417000+00:00,57.70000076293945,0.0,0.0
2024-06-07 05:47:05.053000+00:00,58.59999847412109,0.0,0.0
2024-06-07 05:48:04.778000+00:00,59.09999847412109,0.0,0.0
2024-06-07 05:49:04.622000+00:00,59.20000076293945,0.0,0.0
2024-06-07 05:50:04.630000+00:00,59.290000915527344,0.0,0.0
2024-06-07 05:51:04.564000+00:00,59.20000076293945,0.0,0.0
2024-06-07 05:52:05.167000+00:00,59.09999847412109,0.0,0.0
2024-06-07 05:53:04.476000+00:00,59.0,0.0,0.0
2024-06-07 05:54:04.725000+00:00,58.79999923706055,0.0,0.0
2024-06-07 05:55:04.681000+00:00,58.70000076293945,0.0,0.0
2024-06-07 05:56:05.056000+00:00,58.5,0.0,0.0
2024-06-07 05:57:04.788000+00:00,58.369998931884766,0.0,0.0
2024-06-07 05:58:04.822000+00:00,58.20000076293945,0.0,0.0
2024-06-07 05:59:04.872000+00:00,58.09999847412109,0.0,0.0
2024-06-07 06:00:06.723000+00:00,57.900001525878906,0.0,0.0
2024-06-07 06:01:05.072000+00:00,57.810001373291016,0.0,0.0
2024-06-07 06:02:04.799000+00:00,57.70000076293945,0.0,0.0
2024-06-07 06:03:05.279000+00:00,57.70000076293945,0.0,0.0
2024-06-07 06:04:04.408000+00:00,57.59999847412109,0.0,0.0
2024-06-07 06:05:04.803000+00:00,57.5,0.0,0.0
2024-06-07 06:06:06.091000+00:00,57.59999847412109,0.0,0.0
2024-06-07 06:07:04.622000+00:00,57.5099983215332,0.0,0.0
2024-06-07 06:08:04.608000+00:00,57.59999847412109,0.0,0.0
2024-06-07 06:09:04.080000+00:00,57.70000076293945,0.0,0.0
2024-06-07 06:10:05.104000+00:00,57.70000076293945,0.0,0.0
2024-06-07 06:11:05.325000+00:00,57.79999923706055,0.0,0.0
2024-06-07 06:12:04.932000+00:00,57.900001525878906,0.0,0.0
2024-06-07 06:13:04.915000+00:00,57.61000061035156,0.0,0.0
2024-06-07 06:14:04.575000+00:00,57.70000076293945,0.0,0.0
2024-06-07 06:15:05.521000+00:00,57.79999923706055,0.0,0.0
2024-06-07 06:16:05.246000+00:00,58.09999847412109,0.0,0.0
2024-06-07 06:17:04.860000+00:00,58.20000076293945,0.0,0.0
2024-06-07 06:18:04.832000+00:00,58.400001525878906,0.0,0.0
2024-06-07 06:19:04.407000+00:00,58.5,0.0,0.0
2024-06-07 06:20:04.958000+00:00,58.59999847412109,0.0,0.0
2024-06-07 06:21:04.992000+00:00,58.63999938964844,0.0,0.0
2024-06-07 06:22:04.730000+00:00,58.70000076293945,0.0,0.0
2024-06-07 06:23:04.866000+00:00,58.59999847412109,0.0,0.0
2024-06-07 06:24:04.917000+00:00,58.52999877929688,0.0,0.0
2024-06-07 06:25:04.448000+00:00,58.5,0.0,0.0
2024-06-07 06:26:05.152000+00:00,57.970001220703125,0.0,0.0
2024-06-07 06:27:04.782000+00:00,56.81999969482422,0.0,0.0
2024-06-07 06:28:04.526000+00:00,56.400001525878906,0.0,0.0
2024-06-07 06:29:04.790000+00:00,56.650001525878906,0.0,0.0
2024-06-07 06:30:05.618000+00:00,56.900001525878906,0.0,0.0
2024-06-07 06:31:04.846000+00:00,57.09999847412109,0.0,0.0
2024-06-07 06:32:04.764000+00:00,57.5,0.0,0.0
2024-06-07 06:33:04.125000+00:00,57.70000076293945,0.0,0.0
2024-06-07 06:34:04.467000+00:00,57.9900016784668,0.0,0.0
2024-06-07 06:35:05+00:00,58.20000076293945,0.0,0.0
2024-06-07 06:36:04.500000+00:00,58.29999923706055,0.0,0.0
2024-06-07 06:37:04.854000+00:00,58.400001525878906,0.0,0.0
2024-06-07 06:38:04.791000+00:00,58.400001525878906,0.0,0.0
2024-06-07 06:39:05.258000+00:00,58.540000915527344,0.0,0.0
2024-06-07 06:40:04.773000+00:00,58.59999847412109,0.0,0.0
2024-06-07 06:41:05.136000+00:00,58.70000076293945,0.0,0.0
2024-06-07 06:42:04.824000+00:00,58.77999877929688,0.0,0.0
2024-06-07 06:43:05.829000+00:00,58.7599983215332,0.0,0.0
2024-06-07 06:44:04.127000+00:00,58.59999847412109,0.0,0.0
2024-06-07 06:45:05.130000+00:00,58.59999847412109,0.0,0.0
2024-06-07 06:46:04.703000+00:00,58.5,0.0,0.0
2024-06-07 06:47:04.870000+00:00,58.400001525878906,0.0,0.0
2024-06-07 06:48:05.208000+00:00,58.29999923706055,0.0,0.0
2024-06-07 06:49:04.732000+00:00,58.22999954223633,0.0,0.0
2024-06-07 06:50:04.668000+00:00,58.20000076293945,0.0,0.0
2024-06-07 06:51:04.673000+00:00,58.09000015258789,0.0,0.0
2024-06-07 06:52:05.507000+00:00,57.9900016784668,0.0,0.0
2024-06-07 06:53:04.585000+00:00,57.900001525878906,0.0,0.0
2024-06-07 06:54:04.615000+00:00,57.810001373291016,0.0,0.0
2024-06-07 06:55:05.048000+00:00,57.79999923706055,0.0,0.0
2024-06-07 06:56:04.971000+00:00,57.79999923706055,0.0,0.0
2024-06-07 06:57:05.215000+00:00,57.70000076293945,0.0,0.0
2024-06-07 06:58:04.717000+00:00,57.70000076293945,0.0,0.0
2024-06-07 06:59:04.551000+00:00,57.70000076293945,0.0,0.0
2024-06-07 07:00:05.964000+00:00,57.70000076293945,0.0,0.0
2024-06-07 07:01:05.277000+00:00,57.790000915527344,0.0,0.0
2024-06-07 07:02:04.471000+00:00,57.79999923706055,0.0,0.0
2024-06-07 07:03:04.164000+00:00,57.900001525878906,0.0,0.0
2024-06-07 07:04:05.332000+00:00,57.900001525878906,0.0,0.0
2024-06-07 07:05:05.036000+00:00,58.0,0.0,0.0
2024-06-07 07:06:05.348000+00:00,58.040000915527344,0.0,0.0
2024-06-07 07:07:04.998000+00:00,58.09999847412109,0.0,0.0
2024-06-07 07:08:04.708000+00:00,58.09999847412109,0.0,0.0
2024-06-07 07:09:04.504000+00:00,58.20000076293945,0.0,0.0
2024-06-07 07:10:05.262000+00:00,58.2400016784668,0.0,0.0
2024-06-07 07:11:04.802000+00:00,58.290000915527344,0.0,0.0
2024-06-07 07:12:05.195000+00:00,58.20000076293945,0.0,0.0
2024-06-07 07:13:04.898000+00:00,58.20000076293945,0.0,0.0
2024-06-07 07:14:04.425000+00:00,51.130001068115234,0.0,0.0
2024-06-07 07:15:05.231000+00:00,50.79999923706055,0.0,0.0
2024-06-07 07:16:04.810000+00:00,54.59000015258789,0.0,0.0
2024-06-07 07:17:04.893000+00:00,56.9900016784668,3.7899999618530273,904142.9481284276
2024-06-07 07:18:04.775000+00:00,58.650001525878906,3.7899999618530273,930478.7458425558
2024-06-07 07:19:04.671000+00:00,59.459999084472656,3.7899999618530273,943329.3083804491
2024-06-07 07:20:04.936000+00:00,59.70000076293945,3.7899999618530273,947136.9205708998
2024-06-07 07:21:04.517000+00:00,59.70000076293945,3.7899999618530273,947136.9205708998
2024-06-07 07:22:04.858000+00:00,59.59999847412109,3.7899999618530273,945550.3902749025
2024-06-07 07:23:04.872000+00:00,59.29999923706055,3.7899999618530273,940790.9204267961
2024-06-07 07:24:04.508000+00:00,59.0,3.7899999618530273,936031.4505786896
2024-06-07 07:25:05.011000+00:00,58.79999923706055,3.7899999618530273,932858.4505066377
2024-06-07 07:26:04.645000+00:00,56.36000061035156,0.0,0.0
2024-06-07 07:27:04.369000+00:00,51.79999923706055,0.0,0.0
2024-06-07 07:28:04.923000+00:00,52.27000045776367,0.0,0.0
2024-06-07 07:29:04.846000+00:00,55.59999847412109,0.0,0.0
2024-06-07 07:30:05.675000+00:00,58.20000076293945,266.7900085449219,64996770.041796096
2024-06-07 07:31:05.508000+00:00,59.29999923706055,266.7900085449219,66225229.61106645
2024-06-07 07:32:04.981000+00:00,59.79999923706055,229.2400054931641,57383999.31494854
2024-06-07 07:33:03.951000+00:00,59.900001525878906,166.3000030517578,41698296.64741488
2024-06-07 07:34:04.928000+00:00,59.900001525878906,130.55999755859375,32736797.40576805
2024-06-07 07:35:05.189000+00:00,59.79999923706055,106.8499984741211,26746990.456794668
2024-06-07 07:36:04.925000+00:00,59.59999847412109,90.88999938964844,22675745.451181732
2024-06-07 07:37:04.641000+00:00,59.45000076293945,78.7300033569336,19592567.807835992
2024-06-07 07:38:05.003000+00:00,59.290000915527344,69.70999908447266,17301181.33733358
2024-06-07 07:39:04.708000+00:00,59.0,62.369998931884766,15403768.116203308
2024-06-07 07:40:04.835000+00:00,58.84000015258789,56.540000915527344,13926041.991212226
2024-06-07 07:41:05.208000+00:00,58.70000076293945,0.0,0.0
2024-06-07 07:42:04.865000+00:00,58.5,0.0,0.0
2024-06-07 07:43:04.477000+00:00,58.29999923706055,0.0,0.0
2024-06-07 07:44:04.917000+00:00,58.09999847412109,0.0,0.0
2024-06-07 07:45:04.578000+00:00,57.900001525878906,0.0,0.0
2024-06-07 07:46:04.767000+00:00,57.70000076293945,0.0,0.0
2024-06-07 07:47:04.798000+00:00,57.5,0.0,0.0
2024-06-07 07:48:05.248000+00:00,57.400001525878906,0.0,0.0
2024-06-07 07:49:04.530000+00:00,57.20000076293945,0.0,0.0
2024-06-07 07:50:04.770000+00:00,57.20000076293945,0.0,0.0
2024-06-07 07:51:04.528000+00:00,57.20000076293945,0.0,0.0
2024-06-07 07:52:05.213000+00:00,57.20000076293945,0.0,0.0
2024-06-07 07:53:04.940000+00:00,57.29999923706055,0.0,0.0
2024-06-07 07:54:04.276000+00:00,57.5,0.0,0.0
2024-06-07 07:55:04.782000+00:00,57.70000076293945,0.0,0.0
2024-06-07 07:56:04.602000+00:00,57.900001525878906,0.0,0.0
2024-06-07 07:57:04.459000+00:00,58.09999847412109,0.0,0.0
2024-06-07 07:58:04.466000+00:00,58.29999923706055,0.0,0.0
2024-06-07 07:59:04.761000+00:00,58.400001525878906,0.0,0.0
2024-06-07 08:00:07.119000+00:00,58.59000015258789,0.0,0.0
2024-06-07 08:01:05.099000+00:00,58.70000076293945,0.0,0.0
2024-06-07 08:02:04.613000+00:00,58.790000915527344,0.0,0.0
2024-06-07 08:03:04.136000+00:00,58.79999923706055,0.0,0.0
2024-06-07 08:04:05.043000+00:00,58.79999923706055,0.0,0.0
2024-06-07 08:05:05.086000+00:00,58.77999877929688,0.0,0.0
2024-06-07 08:06:05.197000+00:00,58.70000076293945,0.0,0.0
2024-06-07 08:07:04.103000+00:00,58.59999847412109,0.0,0.0
2024-06-07 08:08:04.726000+00:00,58.5,0.0,0.0
2024-06-07 08:09:05.132000+00:00,58.400001525878906,0.0,0.0
2024-06-07 08:10:04.593000+00:00,58.20000076293945,0.0,0.0
2024-06-07 08:11:05.566000+00:00,58.09999847412109,0.0,0.0
2024-06-07 08:12:04.841000+00:00,57.900001525878906,0.0,0.0
2024-06-07 08:13:05.049000+00:00,57.79999923706055,0.0,0.0
2024-06-07 08:14:04.619000+00:00,57.70000076293945,0.0,0.0
2024-06-07 08:15:05.143000+00:00,57.59999847412109,0.0,0.0
2024-06-07 08:16:04.651000+00:00,57.5,0.0,0.0
2024-06-07 08:17:05.133000+00:00,57.5,0.0,0.0
2024-06-07 08:18:04.579000+00:00,57.5,0.0,0.0
2024-06-07 08:19:04.553000+00:00,57.59000015258789,0.0,0.0
2024-06-07 08:20:04.831000+00:00,57.70000076293945,0.0,0.0
2024-06-07 08:21:05.205000+00:00,57.59999847412109,0.0,0.0
2024-06-07 08:22:05.261000+00:00,57.70000076293945,0.0,0.0
2024-06-07 08:23:05.128000+00:00,57.79999923706055,0.0,0.0
2024-06-07 08:24:05.074000+00:00,58.0,0.0,0.0
2024-06-07 08:25:05.196000+00:00,58.18999862670898,0.0,0.0
2024-06-07 08:26:04.760000+00:00,58.29999923706055,0.0,0.0
2024-06-07 08:27:04.703000+00:00,58.400001525878906,0.0,0.0
2024-06-07 08:28:05.302000+00:00,58.5,0.0,0.0
2024-06-07 08:29:04.957000+00:00,58.59999847412109,0.0,0.0
2024-06-07 08:30:04.957000+00:00,58.43999862670898,0.0,0.0
2024-06-07 08:31:04.586000+00:00,58.0,0.0,0.0
2024-06-07 08:32:04.710000+00:00,58.0,0.0,0.0
2024-06-07 08:33:04.444000+00:00,57.619998931884766,0.0,0.0
2024-06-07 08:34:04.814000+00:00,57.59999847412109,0.0,0.0
2024-06-07 08:35:05.115000+00:00,57.59999847412109,0.0,0.0
2024-06-07 08:36:04.911000+00:00,57.900001525878906,0.0,0.0
2024-06-07 08:37:04.741000+00:00,58.0,0.0,0.0
2024-06-07 08:38:04.496000+00:00,58.20000076293945,0.0,0.0
2024-06-07 08:39:04.765000+00:00,58.29999923706055,0.0,0.0
2024-06-07 08:40:04.741000+00:00,58.400001525878906,0.0,0.0
2024-06-07 08:41:04.237000+00:00,58.59999847412109,0.0,0.0
2024-06-07 08:42:05.092000+00:00,58.59999847412109,0.0,0.0
2024-06-07 08:43:04.686000+00:00,58.61000061035156,0.0,0.0
2024-06-07 08:44:04.357000+00:00,58.61000061035156,0.0,0.0
2024-06-07 08:45:04.886000+00:00,58.59999847412109,0.0,0.0
2024-06-07 08:46:04.326000+00:00,58.59999847412109,0.0,0.0
2024-06-07 08:47:04.522000+00:00,58.5,0.0,0.0
2024-06-07 08:48:04.767000+00:00,58.400001525878906,0.0,0.0
2024-06-07 08:49:03.941000+00:00,58.29999923706055,0.0,0.0
2024-06-07 08:50:05.120000+00:00,58.29999923706055,0.0,0.0
2024-06-07 08:51:04.288000+00:00,58.290000915527344,0.0,0.0
2024-06-07 08:52:04.682000+00:00,58.20000076293945,0.0,0.0
2024-06-07 08:53:04.426000+00:00,58.09999847412109,0.0,0.0
2024-06-07 08:54:04.296000+00:00,58.09999847412109,0.0,0.0
2024-06-07 08:55:05.351000+00:00,58.09999847412109,0.0,0.0
2024-06-07 08:56:04.617000+00:00,58.09999847412109,0.0,0.0
2024-06-07 08:57:04.905000+00:00,58.09999847412109,0.0,0.0
2024-06-07 08:58:04.684000+00:00,58.0,0.0,0.0
2024-06-07 08:59:04.760000+00:00,58.0,0.0,0.0
2024-06-07 09:00:07.052000+00:00,58.0,0.0,0.0
2024-06-07 09:01:05.235000+00:00,58.0,0.0,0.0
2024-06-07 09:02:04.573000+00:00,58.060001373291016,0.0,0.0
2024-06-07 09:03:04.547000+00:00,58.09999847412109,0.0,0.0
2024-06-07 09:04:04.692000+00:00,58.09999847412109,0.0,0.0
2024-06-07 09:05:05.185000+00:00,58.09999847412109,0.0,0.0
2024-06-07 09:06:05.406000+00:00,58.09999847412109,0.0,0.0
2024-06-07 09:07:04.399000+00:00,58.11000061035156,0.0,0.0
2024-06-07 09:08:04.462000+00:00,58.20000076293945,0.0,0.0
2024-06-07 09:09:04.883000+00:00,58.20000076293945,0.0,0.0
2024-06-07 09:10:05.122000+00:00,58.20000076293945,0.0,0.0
2024-06-07 09:11:04.910000+00:00,58.20000076293945,0.0,0.0
2024-06-07 09:12:04.335000+00:00,58.20000076293945,0.0,0.0
2024-06-07 09:13:04.920000+00:00,58.20000076293945,0.0,0.0
2024-06-07 09:14:04.562000+00:00,58.20000076293945,0.0,0.0
2024-06-07 09:15:05.464000+00:00,58.20000076293945,0.0,0.0
2024-06-07 09:16:04.505000+00:00,57.400001525878906,0.0,0.0
2024-06-07 09:17:05.333000+00:00,57.20000076293945,0.0,0.0
2024-06-07 09:18:04.916000+00:00,57.29999923706055,0.0,0.0
2024-06-07 09:19:04.286000+00:00,57.59999847412109,0.0,0.0
2024-06-07 09:20:05.165000+00:00,57.79999923706055,0.0,0.0
2024-06-07 09:21:04.635000+00:00,55.68999862670898,0.0,0.0
2024-06-07 09:22:04.748000+00:00,57.16999816894531,0.0,0.0
2024-06-07 09:23:04.779000+00:00,57.9900016784668,0.0,0.0
2024-06-07 09:24:04.564000+00:00,58.59999847412109,0.0,0.0
2024-06-07 09:25:04.640000+00:00,58.900001525878906,0.0,0.0
2024-06-07 09:26:05.170000+00:00,59.09999847412109,0.0,0.0
2024-06-07 09:27:05.112000+00:00,59.20000076293945,0.0,0.0
2024-06-07 09:28:05.111000+00:00,59.20000076293945,0.0,0.0
2024-06-07 09:29:04.268000+00:00,59.20000076293945,0.0,0.0
2024-06-07 09:30:05.098000+00:00,59.15999984741211,0.0,0.0
2024-06-07 09:31:04.835000+00:00,59.0,0.0,0.0
2024-06-07 09:32:04.975000+00:00,58.900001525878906,0.0,0.0
2024-06-07 09:33:04.432000+00:00,58.79999923706055,0.0,0.0
2024-06-07 09:34:04.571000+00:00,58.70000076293945,0.0,0.0
2024-06-07 09:35:05.269000+00:00,58.59999847412109,0.0,0.0
2024-06-07 09:36:04.516000+00:00,58.5,0.0,0.0
2024-06-07 09:37:04.416000+00:00,58.400001525878906,0.0,0.0
2024-06-07 09:38:04.267000+00:00,58.29999923706055,0.0,0.0
2024-06-07 09:39:04.790000+00:00,58.20000076293945,0.0,0.0
2024-06-07 09:40:05.230000+00:00,58.09999847412109,0.0,0.0
2024-06-07 09:41:04.598000+00:00,58.0,0.0,0.0
2024-06-07 09:42:04.853000+00:00,57.900001525878906,0.0,0.0
2024-06-07 09:43:04.322000+00:00,57.900001525878906,0.0,0.0
2024-06-07 09:44:05.037000+00:00,57.900001525878906,0.0,0.0
2024-06-07 09:45:04.857000+00:00,57.79999923706055,0.0,0.0
2024-06-07 09:46:04.579000+00:00,57.79999923706055,0.0,0.0
2024-06-07 09:47:05.198000+00:00,57.5,0.0,0.0
2024-06-07 09:48:04.555000+00:00,57.5,0.0,0.0
2024-06-07 09:49:04.118000+00:00,57.59999847412109,0.0,0.0
2024-06-07 09:50:05.982000+00:00,57.70000076293945,0.0,0.0
2024-06-07 09:51:05.007000+00:00,57.290000915527344,0.0,0.0
2024-06-07 09:52:05.137000+00:00,57.59999847412109,0.0,0.0
2024-06-07 09:53:04.363000+00:00,57.900001525878906,0.0,0.0
2024-06-07 09:54:04.783000+00:00,57.900001525878906,0.0,0.0
2024-06-07 09:55:05.712000+00:00,58.09999847412109,0.0,0.0
2024-06-07 09:56:05.095000+00:00,58.29999923706055,0.0,0.0
2024-06-07 09:57:04.073000+00:00,58.40999984741211,0.0,0.0
2024-06-07 09:58:04.421000+00:00,58.70000076293945,0.0,0.0
2024-06-07 09:59:04.266000+00:00,58.900001525878906,0.0,0.0
2024-06-07 10:00:06.594000+00:00,58.900001525878906,0.0,0.0
2024-06-07 10:01:05.538000+00:00,58.900001525878906,0.0,0.0
2024-06-07 10:02:05.126000+00:00,58.9900016784668,0.0,0.0
2024-06-07 10:03:04.973000+00:00,58.900001525878906,0.0,0.0
2024-06-07 10:04:04.845000+00:00,58.900001525878906,0.0,0.0
2024-06-07 10:05:05.853000+00:00,58.880001068115234,0.0,0.0
2024-06-07 10:06:05.411000+00:00,58.79999923706055,0.0,0.0
2024-06-07 10:07:04.168000+00:00,58.70000076293945,0.0,0.0
2024-06-07 10:08:04.961000+00:00,58.59999847412109,0.0,0.0
2024-06-07 10:09:04.069000+00:00,58.54999923706055,0.0,0.0
2024-06-07 10:10:05.017000+00:00,58.5,0.0,0.0
2024-06-07 10:11:04.987000+00:00,58.400001525878906,0.0,0.0
2024-06-07 10:12:04.843000+00:00,58.29999923706055,0.0,0.0
2024-06-07 10:13:04.986000+00:00,58.20000076293945,0.0,0.0
2024-06-07 10:14:04.597000+00:00,58.20000076293945,0.0,0.0
2024-06-07 10:15:05.550000+00:00,58.09999847412109,0.0,0.0
2024-06-07 10:16:04.573000+00:00,58.0,0.0,0.0
2024-06-07 10:17:04.989000+00:00,58.0,0.0,0.0
2024-06-07 10:18:04.469000+00:00,57.93000030517578,0.0,0.0
2024-06-07 10:19:04.950000+00:00,57.900001525878906,0.0,0.0
2024-06-07 10:20:06.314000+00:00,57.900001525878906,0.0,0.0
2024-06-07 10:21:05.038000+00:00,58.0,0.0,0.0
2024-06-07 10:22:04.336000+00:00,58.0,0.0,0.0
2024-06-07 10:23:04.915000+00:00,58.0,0.0,0.0
2024-06-07 10:24:04.813000+00:00,54.90999984741211,0.0,0.0
2024-06-07 10:25:05.065000+00:00,53.310001373291016,0.0,0.0
2024-06-07 10:26:04.919000+00:00,55.29999923706055,0.0,0.0
2024-06-07 10:27:04.544000+00:00,57.0,0.0,0.0
2024-06-07 10:28:04.588000+00:00,58.20000076293945,0.0,0.0
2024-06-07 10:29:04.301000+00:00,58.869998931884766,0.0,0.0
2024-06-07 10:30:05.472000+00:00,59.20000076293945,0.0,0.0
2024-06-07 10:31:04.734000+00:00,59.29999923706055,0.0,0.0
2024-06-07 10:32:04.867000+00:00,59.400001525878906,0.0,0.0
2024-06-07 10:33:03.913000+00:00,59.400001525878906,0.0,0.0
2024-06-07 10:34:04.869000+00:00,59.29999923706055,0.0,0.0
2024-06-07 10:35:06.007000+00:00,59.20000076293945,0.0,0.0
2024-06-07 10:36:04.464000+00:00,59.09999847412109,0.0,0.0
2024-06-07 10:37:04.871000+00:00,59.0,0.0,0.0
2024-06-07 10:38:04.804000+00:00,58.900001525878906,0.0,0.0
2024-06-07 10:39:05.293000+00:00,58.79999923706055,0.0,0.0
2024-06-07 10:40:04.680000+00:00,58.59999847412109,0.0,0.0
2024-06-07 10:41:04.956000+00:00,58.400001525878906,0.0,0.0
2024-06-07 10:42:05.226000+00:00,58.29999923706055,0.0,0.0
2024-06-07 10:43:04.619000+00:00,58.20000076293945,0.0,0.0
2024-06-07 10:44:04.942000+00:00,58.09999847412109,0.0,0.0
2024-06-07 10:45:05.228000+00:00,58.09000015258789,0.0,0.0
2024-06-07 10:46:04.293000+00:00,58.0,0.0,0.0
2024-06-07 10:47:04.832000+00:00,58.0,0.0,0.0
2024-06-07 10:48:04.615000+00:00,57.900001525878906,0.0,0.0
2024-06-07 10:49:04.923000+00:00,57.81999969482422,0.0,0.0
2024-06-07 10:50:04.817000+00:00,57.79999923706055,0.0,0.0
2024-06-07 10:51:04.362000+00:00,57.70000076293945,0.0,0.0
2024-06-07 10:52:04.918000+00:00,57.45000076293945,0.0,0.0
2024-06-07 10:53:04.514000+00:00,57.0,0.0,0.0
2024-06-07 10:54:04.880000+00:00,57.0,0.0,0.0
2024-06-07 10:55:05.092000+00:00,57.29999923706055,0.0,0.0
2024-06-07 10:56:04.600000+00:00,57.5,0.0,0.0
2024-06-07 10:57:04.571000+00:00,57.70000076293945,0.0,0.0
2024-06-07 10:58:04.688000+00:00,57.79999923706055,0.0,0.0
2024-06-07 10:59:04.710000+00:00,57.900001525878906,0.0,0.0
2024-06-07 11:00:05.565000+00:00,58.09999847412109,0.0,0.0
2024-06-07 11:01:05.284000+00:00,58.11000061035156,0.0,0.0
2024-06-07 11:02:04.651000+00:00,58.20000076293945,0.0,0.0
2024-06-07 11:03:05.105000+00:00,58.29999923706055,0.0,0.0
2024-06-07 11:04:04.958000+00:00,58.400001525878906,0.0,0.0
2024-06-07 11:05:04.826000+00:00,58.59999847412109,0.0,0.0
2024-06-07 11:06:05.059000+00:00,58.70000076293945,0.0,0.0
2024-06-07 11:07:04.699000+00:00,58.79999923706055,0.0,0.0
2024-06-07 11:08:04.456000+00:00,58.810001373291016,0.0,0.0
2024-06-07 11:09:04.297000+00:00,58.79999923706055,0.0,0.0
2024-06-07 11:10:05.263000+00:00,58.810001373291016,0.0,0.0
2024-06-07 11:11:04.465000+00:00,58.79999923706055,0.0,0.0
2024-06-07 11:12:04.712000+00:00,58.709999084472656,0.0,0.0
2024-06-07 11:13:05.439000+00:00,58.70000076293945,0.0,0.0
2024-06-07 11:14:04.770000+00:00,58.59999847412109,0.0,0.0
2024-06-07 11:15:05.008000+00:00,58.5,0.0,0.0
2024-06-07 11:16:04.855000+00:00,58.400001525878906,0.0,0.0
2024-06-07 11:17:04.540000+00:00,58.400001525878906,0.0,0.0
2024-06-07 11:18:05.053000+00:00,58.38999938964844,0.0,0.0
2024-06-07 11:19:04.558000+00:00,58.29999923706055,0.0,0.0
2024-06-07 11:20:04.933000+00:00,58.29999923706055,0.0,0.0
2024-06-07 11:21:05.127000+00:00,58.20000076293945,0.0,0.0
2024-06-07 11:22:04.506000+00:00,58.20000076293945,0.0,0.0
2024-06-07 11:23:04.788000+00:00,58.20000076293945,0.0,0.0
2024-06-07 11:24:04.842000+00:00,58.20000076293945,0.0,0.0
2024-06-07 11:25:04.654000+00:00,58.20000076293945,0.0,0.0
2024-06-07 11:26:05.019000+00:00,58.29999923706055,0.0,0.0
2024-06-07 11:27:05.007000+00:00,58.29999923706055,0.0,0.0
2024-06-07 11:28:04.343000+00:00,58.400001525878906,0.0,0.0
2024-06-07 11:29:04.687000+00:00,58.29999923706055,0.0,0.0
2024-06-07 11:30:05.206000+00:00,58.400001525878906,0.0,0.0
2024-06-07 11:31:04.701000+00:00,58.400001525878906,0.0,0.0
2024-06-07 11:32:04.682000+00:00,58.400001525878906,0.0,0.0
2024-06-07 11:33:04.451000+00:00,58.40999984741211,0.0,0.0
2024-06-07 11:34:04.789000+00:00,58.400001525878906,0.0,0.0
2024-06-07 11:35:05.280000+00:00,58.5,0.0,0.0
2024-06-07 11:36:04.771000+00:00,58.5,0.0,0.0
2024-06-07 11:37:04.811000+00:00,58.5,0.0,0.0
2024-06-07 11:38:04.550000+00:00,58.5,0.0,0.0
2024-06-07 11:39:05.171000+00:00,58.5,0.0,0.0
2024-06-07 11:40:05.185000+00:00,58.43999862670898,0.0,0.0
2024-06-07 11:41:04.632000+00:00,58.400001525878906,0.0,0.0
2024-06-07 11:42:05.251000+00:00,58.400001525878906,0.0,0.0
2024-06-07 11:43:04.741000+00:00,58.400001525878906,0.0,0.0
2024-06-07 11:44:04.353000+00:00,58.400001525878906,0.0,0.0
2024-06-07 11:45:05.393000+00:00,58.400001525878906,0.0,0.0
2024-06-07 11:46:04.622000+00:00,58.29999923706055,0.0,0.0
2024-06-07 11:47:04.897000+00:00,58.380001068115234,0.0,0.0
2024-06-07 11:48:05.065000+00:00,58.29999923706055,0.0,0.0
2024-06-07 11:49:04.627000+00:00,58.29999923706055,0.0,0.0
2024-06-07 11:50:04.470000+00:00,58.29999923706055,0.0,0.0
2024-06-07 11:51:04.309000+00:00,58.29999923706055,0.0,0.0
2024-06-07 11:52:04.564000+00:00,58.29999923706055,0.0,0.0
2024-06-07 11:53:05.190000+00:00,58.20000076293945,0.0,0.0
2024-06-07 11:54:04.956000+00:00,58.20000076293945,0.0,0.0
2024-06-07 11:55:05.294000+00:00,58.20000076293945,0.0,0.0
2024-06-07 11:56:05.562000+00:00,58.20000076293945,0.0,0.0
2024-06-07 11:57:04.478000+00:00,58.29999923706055,0.0,0.0
2024-06-07 11:58:05.054000+00:00,58.20000076293945,0.0,0.0
2024-06-07 11:59:04.835000+00:00,58.29999923706055,0.0,0.0
2024-06-07 12:00:07.668000+00:00,58.29999923706055,0.0,0.0
2024-06-07 12:01:04.943000+00:00,58.29999923706055,0.0,0.0
2024-06-07 12:02:04.959000+00:00,58.34999847412109,0.0,0.0
2024-06-07 12:03:04.477000+00:00,58.400001525878906,0.0,0.0
2024-06-07 12:04:04.144000+00:00,58.400001525878906,0.0,0.0
2024-06-07 12:05:05.114000+00:00,57.29999923706055,0.0,0.0
2024-06-07 12:06:05.346000+00:00,56.79999923706055,0.0,0.0
2024-06-07 12:07:04.690000+00:00,57.18999862670898,0.0,0.0
2024-06-07 12:08:04.863000+00:00,57.70000076293945,0.0,0.0
2024-06-07 12:09:04.874000+00:00,58.0,0.0,0.0
2024-06-07 12:10:05.035000+00:00,58.29999923706055,0.0,0.0
2024-06-07 12:11:04.359000+00:00,58.29999923706055,0.0,0.0
2024-06-07 12:12:04.806000+00:00,58.29999923706055,0.0,0.0
2024-06-07 12:13:04.834000+00:00,58.5,0.0,0.0
2024-06-07 12:14:05.151000+00:00,58.61000061035156,0.0,0.0
2024-06-07 12:15:06.021000+00:00,58.79999923706055,0.0,0.0
2024-06-07 12:16:04.274000+00:00,58.900001525878906,0.0,0.0
2024-06-07 12:17:04.901000+00:00,58.900001525878906,0.0,0.0
2024-06-07 12:18:04.278000+00:00,58.900001525878906,0.0,0.0
2024-06-07 12:19:04.438000+00:00,58.900001525878906,0.0,0.0
2024-06-07 12:20:04.862000+00:00,58.79999923706055,0.0,0.0
2024-06-07 12:21:04.288000+00:00,58.59999847412109,0.0,0.0
2024-06-07 12:22:04.467000+00:00,58.400001525878906,0.0,0.0
2024-06-07 12:23:05.010000+00:00,58.20000076293945,0.0,0.0
2024-06-07 12:24:04.163000+00:00,58.09999847412109,0.0,0.0
2024-06-07 12:25:04.804000+00:00,57.900001525878906,0.0,0.0
2024-06-07 12:26:05.026000+00:00,57.79999923706055,0.0,0.0
2024-06-07 12:27:04.584000+00:00,57.70000076293945,0.0,0.0
2024-06-07 12:28:04.959000+00:00,57.70000076293945,0.0,0.0
2024-06-07 12:29:04.670000+00:00,57.70000076293945,0.0,0.0
2024-06-07 12:30:04.894000+00:00,57.720001220703125,0.0,0.0
2024-06-07 12:31:04.512000+00:00,57.79999923706055,0.0,0.0
2024-06-07 12:32:05.158000+00:00,57.900001525878906,0.0,0.0
2024-06-07 12:33:04.875000+00:00,58.0,0.0,0.0
2024-06-07 12:34:04.763000+00:00,58.09999847412109,0.0,0.0
2024-06-07 12:35:05.212000+00:00,58.29999923706055,0.0,0.0
2024-06-07 12:36:04.803000+00:00,58.29999923706055,0.0,0.0
2024-06-07 12:37:04.942000+00:00,58.400001525878906,0.0,0.0
2024-06-07 12:38:04.730000+00:00,58.40999984741211,0.0,0.0
2024-06-07 12:39:05.197000+00:00,58.59999847412109,0.0,0.0
2024-06-07 12:40:05.301000+00:00,58.59999847412109,0.0,0.0
2024-06-07 12:41:04.772000+00:00,58.70000076293945,0.0,0.0
2024-06-07 12:42:04.762000+00:00,58.70000076293945,0.0,0.0
2024-06-07 12:43:05.279000+00:00,58.70000076293945,0.0,0.0
2024-06-07 12:44:04.253000+00:00,58.66999816894531,0.0,0.0
2024-06-07 12:45:04.687000+00:00,58.59999847412109,0.0,0.0
2024-06-07 12:46:04.975000+00:00,58.59999847412109,0.0,0.0
2024-06-07 12:47:04.465000+00:00,58.59999847412109,0.0,0.0
2024-06-07 12:48:04.890000+00:00,58.5,0.0,0.0
2024-06-07 12:49:04.564000+00:00,58.5,0.0,0.0
2024-06-07 12:50:05.068000+00:00,58.5,0.0,0.0
2024-06-07 12:51:04.718000+00:00,58.5,0.0,0.0
2024-06-07 12:52:05.017000+00:00,58.40999984741211,0.0,0.0
2024-06-07 12:53:04.014000+00:00,58.400001525878906,0.0,0.0
2024-06-07 12:54:04.807000+00:00,58.400001525878906,0.0,0.0
2024-06-07 12:55:05.091000+00:00,56.369998931884766,0.0,0.0
2024-06-07 12:56:04.735000+00:00,56.77000045776367,0.0,0.0
2024-06-07 12:57:04.735000+00:00,57.09999847412109,0.0,0.0
2024-06-07 12:58:04.325000+00:00,57.400001525878906,0.0,0.0
2024-06-07 12:59:04.371000+00:00,57.77000045776367,0.0,0.0
2024-06-07 13:00:05.182000+00:00,58.0,0.0,0.0
2024-06-07 13:01:04.757000+00:00,58.20000076293945,0.0,0.0
2024-06-07 13:02:04.044000+00:00,58.4900016784668,0.0,0.0
2024-06-07 13:03:04.710000+00:00,58.59999847412109,0.0,0.0
2024-06-07 13:04:04.890000+00:00,58.79999923706055,0.0,0.0
2024-06-07 13:05:04.858000+00:00,58.900001525878906,0.0,0.0
2024-06-07 13:06:04.933000+00:00,58.900001525878906,0.0,0.0
2024-06-07 13:07:04.456000+00:00,58.900001525878906,0.0,0.0
2024-06-07 13:08:04.598000+00:00,58.79999923706055,0.0,0.0
2024-06-07 13:09:04.596000+00:00,58.7599983215332,0.0,0.0
2024-06-07 13:10:04.988000+00:00,58.59999847412109,0.0,0.0
2024-06-07 13:11:04.331000+00:00,58.59999847412109,0.0,0.0
2024-06-07 13:12:05.093000+00:00,58.5,0.0,0.0
2024-06-07 13:13:04.144000+00:00,58.5,0.0,0.0
2024-06-07 13:14:05.113000+00:00,58.29999923706055,0.0,0.0
2024-06-07 13:15:05.456000+00:00,58.29999923706055,0.0,0.0
2024-06-07 13:16:04.674000+00:00,58.20000076293945,0.0,0.0
2024-06-07 13:17:04.491000+00:00,58.20000076293945,0.0,0.0
2024-06-07 13:18:05.012000+00:00,58.16999816894531,0.0,0.0
2024-06-07 13:19:04.534000+00:00,58.09999847412109,0.0,0.0
2024-06-07 13:20:05.163000+00:00,58.09999847412109,0.0,0.0
2024-06-07 13:21:04.361000+00:00,57.90999984741211,0.0,0.0
2024-06-07 13:22:03.943000+00:00,57.33000183105469,0.0,0.0
2024-06-07 13:23:03.980000+00:00,56.77999877929688,0.0,0.0
2024-06-07 13:24:04.304000+00:00,57.209999084472656,0.0,0.0
2024-06-07 13:25:05.349000+00:00,57.84000015258789,0.0,0.0
2024-06-07 13:26:05.099000+00:00,58.29999923706055,0.0,0.0
2024-06-07 13:27:04.925000+00:00,58.59999847412109,0.0,0.0
2024-06-07 13:28:04.775000+00:00,58.900001525878906,0.0,0.0
2024-06-07 13:29:04.901000+00:00,59.09999847412109,0.0,0.0
2024-06-07 13:30:05.398000+00:00,59.209999084472656,0.0,0.0
2024-06-07 13:31:05.001000+00:00,59.20000076293945,0.0,0.0
2024-06-07 13:32:04.696000+00:00,59.220001220703125,0.0,0.0
2024-06-07 13:33:04.310000+00:00,59.20000076293945,0.0,0.0
2024-06-07 13:34:04.992000+00:00,59.0,0.0,0.0
2024-06-07 13:35:04.511000+00:00,59.0,0.0,0.0
2024-06-07 13:36:05.323000+00:00,58.79999923706055,0.0,0.0
2024-06-07 13:37:04.838000+00:00,58.59999847412109,0.0,0.0
2024-06-07 13:38:04.936000+00:00,58.5,0.0,0.0
2024-06-07 13:39:04.811000+00:00,58.310001373291016,0.0,0.0
2024-06-07 13:40:05.400000+00:00,58.29999923706055,0.0,0.0
2024-06-07 13:41:04.621000+00:00,58.20000076293945,0.0,0.0
2024-06-07 13:42:04.533000+00:00,58.09999847412109,0.0,0.0
2024-06-07 13:43:04.856000+00:00,58.0,0.0,0.0
2024-06-07 13:44:04.642000+00:00,57.900001525878906,0.0,0.0
2024-06-07 13:45:04.795000+00:00,57.900001525878906,0.0,0.0
2024-06-07 13:46:04.448000+00:00,57.900001525878906,0.0,0.0
2024-06-07 13:47:04.899000+00:00,58.0,0.0,0.0
2024-06-07 13:48:04.121000+00:00,58.0,0.0,0.0
2024-06-07 13:49:04.387000+00:00,58.09999847412109,0.0,0.0
2024-06-07 13:50:04.538000+00:00,58.20000076293945,0.0,0.0
2024-06-07 13:51:04.472000+00:00,58.20000076293945,0.0,0.0
2024-06-07 13:52:05.393000+00:00,58.20000076293945,0.0,0.0
2024-06-07 13:53:04.741000+00:00,58.29999923706055,0.0,0.0
2024-06-07 13:54:04.910000+00:00,58.29999923706055,0.0,0.0
2024-06-07 13:55:05.559000+00:00,58.400001525878906,0.0,0.0
2024-06-07 13:56:05.101000+00:00,58.400001525878906,0.0,0.0
2024-06-07 13:57:04.686000+00:00,58.5,0.0,0.0
2024-06-07 13:58:05.048000+00:00,58.5,0.0,0.0
2024-06-07 13:59:04.471000+00:00,58.59999847412109,0.0,0.0
2024-06-07 14:00:07.970000+00:00,58.59999847412109,0.0,0.0
2024-06-07 14:01:05.200000+00:00,58.59999847412109,0.0,0.0
2024-06-07 14:02:04.986000+00:00,58.59999847412109,0.0,0.0
2024-06-07 14:03:04.508000+00:00,58.59999847412109,0.0,0.0
2024-06-07 14:04:04.528000+00:00,58.59999847412109,0.0,0.0
2024-06-07 14:05:05.552000+00:00,58.59999847412109,0.0,0.0
2024-06-07 14:06:05.282000+00:00,58.59999847412109,0.0,0.0
2024-06-07 14:07:04.549000+00:00,58.59999847412109,0.0,0.0
2024-06-07 14:08:04.594000+00:00,58.5099983215332,0.0,0.0
2024-06-07 14:09:05.080000+00:00,58.560001373291016,0.0,0.0
2024-06-07 14:10:04.712000+00:00,58.29999923706055,0.0,0.0
2024-06-07 14:11:04.650000+00:00,55.88999938964844,0.0,0.0
2024-06-07 14:12:05.007000+00:00,55.380001068115234,0.0,0.0
2024-06-07 14:13:04.926000+00:00,55.83000183105469,0.0,0.0
2024-06-07 14:14:04.723000+00:00,57.20000076293945,0.0,0.0
2024-06-07 14:15:05.989000+00:00,57.5,0.0,0.0
2024-06-07 14:16:04.971000+00:00,58.400001525878906,0.0,0.0
2024-06-07 14:17:05.068000+00:00,59.20000076293945,0.0,0.0
2024-06-07 14:18:04.875000+00:00,59.5,0.0,0.0
2024-06-07 14:19:03.983000+00:00,59.63999938964844,0.0,0.0
2024-06-07 14:20:04.715000+00:00,59.630001068115234,0.0,0.0
2024-06-07 14:21:05.331000+00:00,59.56999969482422,0.0,0.0
2024-06-07 14:22:04.721000+00:00,58.900001525878906,0.0,0.0
2024-06-07 14:23:04.875000+00:00,58.59999847412109,0.0,0.0
2024-06-07 14:24:04.619000+00:00,58.5,0.0,0.0
2024-06-07 14:25:05.103000+00:00,58.09999847412109,0.0,0.0
2024-06-07 14:26:05.425000+00:00,58.0,0.0,0.0
2024-06-07 14:27:05.010000+00:00,57.900001525878906,0.0,0.0
2024-06-07 14:28:04.954000+00:00,58.02000045776367,0.0,0.0
2024-06-07 14:29:04.425000+00:00,57.59999847412109,0.0,0.0
2024-06-07 14:30:05.176000+00:00,57.7599983215332,0.0,0.0
2024-06-07 14:31:04.917000+00:00,56.81999969482422,0.0,0.0
2024-06-07 14:32:05.026000+00:00,56.79999923706055,0.0,0.0
2024-06-07 14:33:04.088000+00:00,56.77999877929688,0.0,0.0
2024-06-07 14:34:04.135000+00:00,57.400001525878906,0.0,0.0
2024-06-07 14:35:04.681000+00:00,58.0,0.0,0.0
2024-06-07 14:36:04.554000+00:00,58.59999847412109,0.0,0.0
2024-06-07 14:37:04.548000+00:00,59.0,0.0,0.0
2024-06-07 14:38:04.628000+00:00,59.20000076293945,0.0,0.0
2024-06-07 14:39:05.144000+00:00,59.29999923706055,0.0,0.0
2024-06-07 14:40:05.375000+00:00,59.38999938964844,0.0,0.0
2024-06-07 14:41:04.785000+00:00,59.29999923706055,0.0,0.0
2024-06-07 14:42:04.993000+00:00,59.29999923706055,0.0,0.0
2024-06-07 14:43:04.778000+00:00,59.20000076293945,0.0,0.0
2024-06-07 14:44:04.391000+00:00,59.0,0.0,0.0
2024-06-07 14:45:05.021000+00:00,58.900001525878906,0.0,0.0
2024-06-07 14:46:04.801000+00:00,58.70000076293945,0.0,0.0
2024-06-07 14:47:04.304000+00:00,58.59999847412109,0.0,0.0
2024-06-07 14:48:04.458000+00:00,58.4900016784668,0.0,0.0
2024-06-07 14:49:04.682000+00:00,58.29999923706055,0.0,0.0
2024-06-07 14:50:05.068000+00:00,58.20000076293945,0.0,0.0
2024-06-07 14:51:04.903000+00:00,58.20000076293945,0.0,0.0
2024-06-07 14:52:05.065000+00:00,49.34999847412109,0.0,0.0
2024-06-07 14:53:04.715000+00:00,45.900001525878906,0.0,0.0
2024-06-07 14:54:04.740000+00:00,51.33000183105469,0.0,0.0
2024-06-07 14:55:05.227000+00:00,53.220001220703125,0.0,0.0
2024-06-07 14:56:04.833000+00:00,53.59999847412109,0.0,0.0
2024-06-07 14:57:04.725000+00:00,54.09999847412109,0.0,0.0
2024-06-07 14:58:04.298000+00:00,57.5,0.0,0.0
2024-06-07 14:59:05.112000+00:00,60.29999923706055,0.0,0.0
2024-06-07 15:00:07.842000+00:00,61.400001525878906,0.0,0.0
2024-06-07 15:01:05.438000+00:00,61.59999847412109,0.0,0.0
2024-06-07 15:02:05.286000+00:00,61.5,0.0,0.0
2024-06-07 15:03:04.548000+00:00,61.29999923706055,0.0,0.0
2024-06-07 15:04:04.761000+00:00,61.09999847412109,0.0,0.0
2024-06-07 15:05:05.005000+00:00,60.900001525878906,0.0,0.0
2024-06-07 15:06:04.944000+00:00,55.630001068115234,0.0,0.0
2024-06-07 15:07:04.878000+00:00,49.5099983215332,0.0,0.0
2024-06-07 15:08:04.621000+00:00,47.5,0.0,0.0
2024-06-07 15:09:05.597000+00:00,51.54999923706055,0.0,0.0
2024-06-07 15:10:04.991000+00:00,55.400001525878906,0.0,0.0
2024-06-07 15:11:04.697000+00:00,58.84999847412109,0.0,0.0
2024-06-07 15:12:04.935000+00:00,60.20000076293945,0.0,0.0
2024-06-07 15:13:05.619000+00:00,60.70000076293945,0.0,0.0
2024-06-07 15:14:05.263000+00:00,60.79999923706055,0.0,0.0
2024-06-07 15:15:05.749000+00:00,60.70000076293945,0.0,0.0
2024-06-07 15:16:04.988000+00:00,60.5,0.0,0.0
2024-06-07 15:17:04.643000+00:00,60.29999923706055,0.0,0.0
2024-06-07 15:18:04.939000+00:00,60.09999847412109,0.0,0.0
2024-06-07 15:19:04.640000+00:00,59.900001525878906,0.0,0.0
2024-06-07 15:20:04.725000+00:00,59.79999923706055,0.0,0.0
2024-06-07 15:21:04.783000+00:00,59.59999847412109,0.0,0.0
2024-06-07 15:22:04.996000+00:00,59.400001525878906,0.0,0.0
2024-06-07 15:23:04.253000+00:00,59.20000076293945,0.0,0.0
2024-06-07 15:24:04.510000+00:00,59.0,0.0,0.0
2024-06-07 15:25:05.186000+00:00,58.900001525878906,0.0,0.0
2024-06-07 15:26:05.072000+00:00,58.70000076293945,0.0,0.0
2024-06-07 15:27:05.070000+00:00,58.5,0.0,0.0
2024-06-07 15:28:05.261000+00:00,58.29999923706055,0.0,0.0
2024-06-07 15:29:04.664000+00:00,58.20000076293945,0.0,0.0
2024-06-07 15:30:06.216000+00:00,58.0,0.0,0.0
2024-06-07 15:31:04.740000+00:00,57.79999923706055,0.0,0.0
2024-06-07 15:32:04.988000+00:00,57.70000076293945,0.0,0.0
2024-06-07 15:33:04.756000+00:00,57.5,0.0,0.0
2024-06-07 15:34:04.854000+00:00,57.310001373291016,0.0,0.0
2024-06-07 15:35:05.083000+00:00,57.20000076293945,0.0,0.0
2024-06-07 15:36:04.533000+00:00,57.0,0.0,0.0
2024-06-07 15:37:04.585000+00:00,57.0,0.0,0.0
2024-06-07 15:38:04.652000+00:00,57.0,0.0,0.0
2024-06-07 15:39:05.130000+00:00,57.0,0.0,0.0
2024-06-07 15:40:04.921000+00:00,57.16999816894531,0.0,0.0
2024-06-07 15:41:04.881000+00:00,57.400001525878906,0.0,0.0
2024-06-07 15:42:04.532000+00:00,57.70000076293945,0.0,0.0
2024-06-07 15:43:04.159000+00:00,58.09999847412109,0.0,0.0
2024-06-07 15:44:04.461000+00:00,58.38999938964844,0.0,0.0
2024-06-07 15:45:05.360000+00:00,58.29999923706055,0.0,0.0
2024-06-07 15:46:04.366000+00:00,58.59000015258789,0.0,0.0
2024-06-07 15:47:04.492000+00:00,58.79999923706055,0.0,0.0
2024-06-07 15:48:04.705000+00:00,58.900001525878906,0.0,0.0
2024-06-07 15:49:04.434000+00:00,58.93000030517578,0.0,0.0
2024-06-07 15:50:05.055000+00:00,58.900001525878906,0.0,0.0
2024-06-07 15:51:04.332000+00:00,58.900001525878906,0.0,0.0
2024-06-07 15:52:04.402000+00:00,58.900001525878906,0.0,0.0
2024-06-07 15:53:04.306000+00:00,58.880001068115234,0.0,0.0
2024-06-07 15:54:04.495000+00:00,58.79999923706055,0.0,0.0
2024-06-07 15:55:05.133000+00:00,58.59999847412109,0.0,0.0
2024-06-07 15:56:04.711000+00:00,58.59999847412109,0.0,0.0
2024-06-07 15:57:04.539000+00:00,58.400001525878906,0.0,0.0
2024-06-07 15:58:04.390000+00:00,58.400001525878906,0.0,0.0
2024-06-07 15:59:04.911000+00:00,58.29999923706055,0.0,0.0
2024-06-07 16:00:07.221000+00:00,58.29999923706055,0.0,0.0
2024-06-07 16:01:05.491000+00:00,58.20000076293945,0.0,0.0
2024-06-07 16:02:04.427000+00:00,58.09999847412109,0.0,0.0
2024-06-07 16:03:04.831000+00:00,58.09999847412109,0.0,0.0
2024-06-07 16:04:05.085000+00:00,58.04999923706055,0.0,0.0
2024-06-07 16:05:04.344000+00:00,58.09000015258789,0.0,0.0
2024-06-07 16:06:04.994000+00:00,58.08000183105469,0.0,0.0
2024-06-07 16:07:05.082000+00:00,58.09999847412109,0.0,0.0
2024-06-07 16:08:04.793000+00:00,58.15999984741211,0.0,0.0
2024-06-07 16:09:04.610000+00:00,58.20000076293945,0.0,0.0
2024-06-07 16:10:04.807000+00:00,58.29999923706055,0.0,0.0
2024-06-07 16:11:04.538000+00:00,58.400001525878906,0.0,0.0
2024-06-07 16:12:04.916000+00:00,58.400001525878906,0.0,0.0
2024-06-07 16:13:04.729000+00:00,58.5,0.0,0.0
2024-06-07 16:14:04.672000+00:00,58.5,0.0,0.0
2024-06-07 16:15:05.749000+00:00,58.59999847412109,0.0,0.0
2024-06-07 16:16:05.215000+00:00,58.59999847412109,0.0,0.0
2024-06-07 16:17:04.840000+00:00,58.59999847412109,0.0,0.0
2024-06-07 16:18:04.545000+00:00,58.59999847412109,0.0,0.0
2024-06-07 16:19:04.594000+00:00,58.59999847412109,0.0,0.0
2024-06-07 16:20:04.898000+00:00,58.59999847412109,0.0,0.0
2024-06-07 16:21:04.926000+00:00,58.59999847412109,0.0,0.0
2024-06-07 16:22:04.216000+00:00,58.5,0.0,0.0
2024-06-07 16:23:04.554000+00:00,58.59000015258789,0.0,0.0
2024-06-07 16:24:04.466000+00:00,58.5,0.0,0.0
2024-06-07 16:25:04.535000+00:00,58.5,0.0,0.0
2024-06-07 16:26:05.092000+00:00,58.5,0.0,0.0
2024-06-07 16:27:05.229000+00:00,58.400001525878906,0.0,0.0
2024-06-07 16:28:04.588000+00:00,58.400001525878906,0.0,0.0
2024-06-07 16:29:04.788000+00:00,58.400001525878906,0.0,0.0
2024-06-07 16:30:05.421000+00:00,58.400001525878906,0.0,0.0
2024-06-07 16:31:04.414000+00:00,55.900001525878906,0.0,0.0
2024-06-07 16:32:04.429000+00:00,54.709999084472656,0.0,0.0
2024-06-07 16:33:04.737000+00:00,55.59999847412109,0.0,0.0
2024-06-07 16:34:04.188000+00:00,56.0,0.0,0.0
2024-06-07 16:35:04.586000+00:00,57.0,0.0,0.0
2024-06-07 16:36:05.057000+00:00,57.959999084472656,0.0,0.0
2024-06-07 16:37:04.738000+00:00,58.59999847412109,0.0,0.0
2024-06-07 16:38:04.549000+00:00,59.0,0.0,0.0
2024-06-07 16:39:04.563000+00:00,59.20000076293945,0.0,0.0
2024-06-07 16:40:04.676000+00:00,59.29999923706055,0.0,0.0
2024-06-07 16:41:03.798000+00:00,59.20000076293945,0.0,0.0
2024-06-07 16:42:04.951000+00:00,59.20000076293945,0.0,0.0
2024-06-07 16:43:04.600000+00:00,53.93000030517578,0.0,0.0
2024-06-07 16:44:03.893000+00:00,54.36000061035156,0.0,0.0
2024-06-07 16:45:05.062000+00:00,55.970001220703125,0.0,0.0
2024-06-07 16:46:04.508000+00:00,51.400001525878906,0.0,0.0
2024-06-07 16:47:04.592000+00:00,53.33000183105469,0.0,0.0
2024-06-07 16:48:05.062000+00:00,53.63999938964844,0.0,0.0
2024-06-07 16:49:04.240000+00:00,57.18999862670898,0.0,0.0
2024-06-07 16:50:04.705000+00:00,53.52000045776367,0.0,0.0
2024-06-07 16:51:04.913000+00:00,53.900001525878906,0.0,0.0
2024-06-07 16:52:04.700000+00:00,57.29999923706055,0.0,0.0
2024-06-07 16:53:04.256000+00:00,59.09000015258789,0.0,0.0
2024-06-07 16:54:04.952000+00:00,59.9900016784668,0.0,0.0
2024-06-07 16:55:04.838000+00:00,59.83000183105469,0.0,0.0
2024-06-07 16:56:04.339000+00:00,60.060001373291016,0.0,0.0
2024-06-07 16:57:04.285000+00:00,60.09999847412109,0.0,0.0
2024-06-07 16:58:04.322000+00:00,60.0,0.0,0.0
2024-06-07 16:59:04.552000+00:00,59.79999923706055,0.0,0.0
2024-06-07 17:00:06.524000+00:00,59.59999847412109,0.0,0.0
2024-06-07 17:01:04.823000+00:00,58.2599983215332,0.0,0.0
2024-06-07 17:02:04.639000+00:00,58.290000915527344,0.0,0.0
2024-06-07 17:03:04.857000+00:00,58.20000076293945,0.0,0.0
2024-06-07 17:04:04.791000+00:00,58.20000076293945,0.0,0.0
2024-06-07 17:05:04.746000+00:00,58.09999847412109,0.0,0.0
2024-06-07 17:06:05.026000+00:00,58.0,0.0,0.0
2024-06-07 17:07:04.325000+00:00,58.0,0.0,0.0
2024-06-07 17:08:04.807000+00:00,58.0,0.0,0.0
2024-06-07 17:09:04.514000+00:00,58.0,0.0,0.0
2024-06-07 17:10:05.582000+00:00,58.0,0.0,0.0
2024-06-07 17:11:04.012000+00:00,58.0,0.0,0.0
2024-06-07 17:12:04.669000+00:00,57.900001525878906,0.0,0.0
2024-06-07 17:13:04.876000+00:00,58.0,0.0,0.0
2024-06-07 17:14:04.271000+00:00,58.040000915527344,0.0,0.0
2024-06-07 17:15:05.286000+00:00,58.09999847412109,0.0,0.0
2024-06-07 17:16:04.661000+00:00,58.20000076293945,0.0,0.0
2024-06-07 17:17:04.771000+00:00,58.29999923706055,0.0,0.0
2024-06-07 17:18:04.680000+00:00,58.400001525878906,0.0,0.0
2024-06-07 17:19:04.279000+00:00,58.5,0.0,0.0
2024-06-07 17:20:04.332000+00:00,58.59999847412109,0.0,0.0
2024-06-07 17:21:04.695000+00:00,58.59999847412109,0.0,0.0
2024-06-07 17:22:04.485000+00:00,58.70000076293945,0.0,0.0
2024-06-07 17:23:04.588000+00:00,58.70000076293945,0.0,0.0
2024-06-07 17:24:04.331000+00:00,58.70000076293945,0.0,0.0
2024-06-07 17:25:04.670000+00:00,57.5,0.0,0.0
2024-06-07 17:26:05.058000+00:00,57.70000076293945,0.0,0.0
2024-06-07 17:27:04.384000+00:00,58.0,0.0,0.0
2024-06-07 17:28:04.755000+00:00,58.09999847412109,0.0,0.0
2024-06-07 17:29:04.555000+00:00,58.15999984741211,0.0,0.0
2024-06-07 17:30:05.326000+00:00,58.20000076293945,0.0,0.0
2024-06-07 17:31:04.735000+00:00,58.20000076293945,0.0,0.0
2024-06-07 17:32:04.980000+00:00,58.2599983215332,0.0,0.0
2024-06-07 17:33:03.904000+00:00,58.29999923706055,0.0,0.0
2024-06-07 17:34:04.819000+00:00,58.29999923706055,0.0,0.0
2024-06-07 17:35:04.959000+00:00,58.400001525878906,0.0,0.0
2024-06-07 17:36:04.608000+00:00,58.400001525878906,0.0,0.0
2024-06-07 17:37:04.744000+00:00,58.400001525878906,0.0,0.0
2024-06-07 17:38:04.305000+00:00,58.400001525878906,0.0,0.0
2024-06-07 17:39:04.743000+00:00,58.400001525878906,0.0,0.0
2024-06-07 17:40:04.804000+00:00,58.400001525878906,0.0,0.0
2024-06-07 17:41:04.700000+00:00,58.400001525878906,0.0,0.0
2024-06-07 17:42:05.253000+00:00,58.400001525878906,0.0,0.0
2024-06-07 17:43:04.724000+00:00,58.400001525878906,0.0,0.0
2024-06-07 17:44:04.370000+00:00,58.43999862670898,0.0,0.0
2024-06-07 17:45:04.626000+00:00,58.400001525878906,0.0,0.0
2024-06-07 17:46:04.276000+00:00,58.400001525878906,0.0,0.0
2024-06-07 17:47:04.478000+00:00,58.400001525878906,0.0,0.0
2024-06-07 17:48:04.486000+00:00,58.400001525878906,0.0,0.0
2024-06-07 17:49:04.616000+00:00,58.4900016784668,0.0,0.0
2024-06-07 17:50:05.173000+00:00,58.5,0.0,0.0
2024-06-07 17:51:04.779000+00:00,58.5,0.0,0.0
2024-06-07 17:52:04.887000+00:00,58.560001373291016,0.0,0.0
2024-06-07 17:53:04.071000+00:00,58.5,0.0,0.0
2024-06-07 17:54:04.100000+00:00,58.5,0.0,0.0
2024-06-07 17:55:05.251000+00:00,58.400001525878906,0.0,0.0
2024-06-07 17:56:04.630000+00:00,58.400001525878906,0.0,0.0
2024-06-07 17:57:04.627000+00:00,58.29999923706055,0.0,0.0
2024-06-07 17:58:04.464000+00:00,58.29999923706055,0.0,0.0
2024-06-07 17:59:05.070000+00:00,58.29999923706055,0.0,0.0
2024-06-07 18:00:06.175000+00:00,58.29999923706055,0.0,0.0
2024-06-07 18:01:04.810000+00:00,58.29999923706055,0.0,0.0
2024-06-07 18:02:04.695000+00:00,58.29999923706055,0.0,0.0
2024-06-07 18:03:05.046000+00:00,58.29999923706055,0.0,0.0
2024-06-07 18:04:04.082000+00:00,58.29999923706055,0.0,0.0
2024-06-07 18:05:04.615000+00:00,58.29999923706055,0.0,0.0
2024-06-07 18:06:05.619000+00:00,58.29999923706055,0.0,0.0
2024-06-07 18:07:04.581000+00:00,58.29999923706055,0.0,0.0
2024-06-07 18:08:04.599000+00:00,58.29999923706055,0.0,0.0
2024-06-07 18:09:04.831000+00:00,58.29999923706055,0.0,0.0
2024-06-07 18:10:04.477000+00:00,58.29999923706055,0.0,0.0
2024-06-07 18:11:04.702000+00:00,58.29999923706055,0.0,0.0
2024-06-07 18:12:04.893000+00:00,58.29999923706055,0.0,0.0
2024-06-07 18:13:04.416000+00:00,58.38999938964844,0.0,0.0
2024-06-07 18:14:04.977000+00:00,58.29999923706055,0.0,0.0
2024-06-07 18:15:04.942000+00:00,58.29999923706055,0.0,0.0
2024-06-07 18:16:03.911000+00:00,58.29999923706055,0.0,0.0
2024-06-07 18:17:05.266000+00:00,58.20000076293945,0.0,0.0
2024-06-07 18:18:04.515000+00:00,58.20000076293945,0.0,0.0
2024-06-07 18:19:04.537000+00:00,58.20000076293945,0.0,0.0
2024-06-07 18:20:04.911000+00:00,58.20000076293945,0.0,0.0
2024-06-07 18:21:04.596000+00:00,58.20000076293945,0.0,0.0
2024-06-07 18:22:04.757000+00:00,58.20000076293945,0.0,0.0
2024-06-07 18:23:04.883000+00:00,58.20000076293945,0.0,0.0
2024-06-07 18:24:04.807000+00:00,58.20000076293945,0.0,0.0
2024-06-07 18:25:05.086000+00:00,58.20000076293945,0.0,0.0
2024-06-07 18:26:04.941000+00:00,58.27999877929688,0.0,0.0
2024-06-07 18:27:04.945000+00:00,58.20000076293945,0.0,0.0
2024-06-07 18:28:04.999000+00:00,58.29999923706055,0.0,0.0
2024-06-07 18:29:05.016000+00:00,58.29999923706055,0.0,0.0
2024-06-07 18:30:05.639000+00:00,58.209999084472656,0.0,0.0
2024-06-07 18:31:04.147000+00:00,58.29999923706055,0.0,0.0
2024-06-07 18:32:04.082000+00:00,58.29999923706055,0.0,0.0
2024-06-07 18:33:05.172000+00:00,58.29999923706055,0.0,0.0
2024-06-07 18:34:04.029000+00:00,58.29999923706055,0.0,0.0
2024-06-07 18:35:05.025000+00:00,58.29999923706055,0.0,0.0
2024-06-07 18:36:04.273000+00:00,58.29999923706055,0.0,0.0
2024-06-07 18:37:04.294000+00:00,58.29999923706055,0.0,0.0
2024-06-07 18:38:04.503000+00:00,58.29999923706055,0.0,0.0
2024-06-07 18:39:04.809000+00:00,58.29999923706055,0.0,0.0
2024-06-07 18:40:05.780000+00:00,58.34999847412109,0.0,0.0
2024-06-07 18:41:04.174000+00:00,58.29999923706055,0.0,0.0
2024-06-07 18:42:05.099000+00:00,58.29999923706055,0.0,0.0
2024-06-07 18:43:04.671000+00:00,58.29999923706055,0.0,0.0
2024-06-07 18:44:04.033000+00:00,58.29999923706055,0.0,0.0
2024-06-07 18:45:04.622000+00:00,58.29999923706055,0.0,0.0
2024-06-07 18:46:04.597000+00:00,58.29999923706055,0.0,0.0
2024-06-07 18:47:04.835000+00:00,58.27999877929688,0.0,0.0
2024-06-07 18:48:04.444000+00:00,58.20000076293945,0.0,0.0
2024-06-07 18:49:04.635000+00:00,58.20000076293945,0.0,0.0
2024-06-07 18:50:05.192000+00:00,58.20000076293945,0.0,0.0
2024-06-07 18:51:05.589000+00:00,58.20000076293945,0.0,0.0
2024-06-07 18:52:04.938000+00:00,58.20000076293945,0.0,0.0
2024-06-07 18:53:04.785000+00:00,58.20000076293945,0.0,0.0
2024-06-07 18:54:04.634000+00:00,58.20000076293945,0.0,0.0
2024-06-07 18:55:05.024000+00:00,58.20000076293945,0.0,0.0
2024-06-07 18:56:04.755000+00:00,58.20000076293945,0.0,0.0
2024-06-07 18:57:04.151000+00:00,58.20000076293945,0.0,0.0
2024-06-07 18:58:04.695000+00:00,58.20000076293945,0.0,0.0
2024-06-07 18:59:05.047000+00:00,58.20000076293945,0.0,0.0
2024-06-07 19:00:05.844000+00:00,58.20000076293945,0.0,0.0
2024-06-07 19:01:05.174000+00:00,58.20000076293945,0.0,0.0
2024-06-07 19:02:04.380000+00:00,58.09999847412109,0.0,0.0
2024-06-07 19:03:04.923000+00:00,58.09999847412109,0.0,0.0
2024-06-07 19:04:04.727000+00:00,58.11000061035156,0.0,0.0
2024-06-07 19:05:04.363000+00:00,58.20000076293945,0.0,0.0
2024-06-07 19:06:05.935000+00:00,58.20000076293945,0.0,0.0
2024-06-07 19:07:04.607000+00:00,58.29999923706055,0.0,0.0
2024-06-07 19:08:04.757000+00:00,58.29999923706055,0.0,0.0
2024-06-07 19:09:04.398000+00:00,58.400001525878906,0.0,0.0
2024-06-07 19:10:05.115000+00:00,58.400001525878906,0.0,0.0
2024-06-07 19:11:04.359000+00:00,58.400001525878906,0.0,0.0
2024-06-07 19:12:04.818000+00:00,58.400001525878906,0.0,0.0
2024-06-07 19:13:04.800000+00:00,58.400001525878906,0.0,0.0
2024-06-07 19:14:04.573000+00:00,58.400001525878906,0.0,0.0
2024-06-07 19:15:05.554000+00:00,58.400001525878906,0.0,0.0
2024-06-07 19:16:04.386000+00:00,58.400001525878906,0.0,0.0
2024-06-07 19:17:04.974000+00:00,58.400001525878906,0.0,0.0
2024-06-07 19:18:04.887000+00:00,58.400001525878906,0.0,0.0
2024-06-07 19:19:04.177000+00:00,58.29999923706055,0.0,0.0
2024-06-07 19:20:04.536000+00:00,58.29999923706055,0.0,0.0
2024-06-07 19:21:04.859000+00:00,58.29999923706055,0.0,0.0
2024-06-07 19:22:04.818000+00:00,58.20000076293945,0.0,0.0
2024-06-07 19:23:04.035000+00:00,58.20000076293945,0.0,0.0
2024-06-07 19:24:04.637000+00:00,58.20000076293945,0.0,0.0
2024-06-07 19:25:04.008000+00:00,58.20000076293945,0.0,0.0
2024-06-07 19:26:04.785000+00:00,58.20000076293945,0.0,0.0
2024-06-07 19:27:04.037000+00:00,58.20000076293945,0.0,0.0
2024-06-07 19:28:04.723000+00:00,58.20000076293945,0.0,0.0
2024-06-07 19:29:04.821000+00:00,58.20000076293945,0.0,0.0
2024-06-07 19:30:05.516000+00:00,58.20000076293945,0.0,0.0
2024-06-07 19:31:04.746000+00:00,58.20000076293945,0.0,0.0
2024-06-07 19:32:04.956000+00:00,58.20000076293945,0.0,0.0
2024-06-07 19:33:04.310000+00:00,58.20000076293945,0.0,0.0
2024-06-07 19:34:04.790000+00:00,58.20000076293945,0.0,0.0
2024-06-07 19:35:04.591000+00:00,58.20000076293945,0.0,0.0
2024-06-07 19:36:05.150000+00:00,58.20000076293945,0.0,0.0
2024-06-07 19:37:04.454000+00:00,58.20000076293945,0.0,0.0
2024-06-07 19:38:04.186000+00:00,58.20000076293945,0.0,0.0
2024-06-07 19:39:05.573000+00:00,58.20000076293945,0.0,0.0
2024-06-07 19:40:05.732000+00:00,58.20000076293945,0.0,0.0
2024-06-07 19:41:04.969000+00:00,58.20000076293945,0.0,0.0
2024-06-07 19:42:04.808000+00:00,58.290000915527344,0.0,0.0
2024-06-07 19:43:04.536000+00:00,58.13999938964844,0.0,0.0
2024-06-07 19:44:04.761000+00:00,56.400001525878906,0.0,0.0
2024-06-07 19:45:04.625000+00:00,56.65999984741211,0.0,0.0
2024-06-07 19:46:04.161000+00:00,57.400001525878906,0.0,0.0
2024-06-07 19:47:04.328000+00:00,58.09999847412109,0.0,0.0
2024-06-07 19:48:04.631000+00:00,58.59999847412109,0.0,0.0
2024-06-07 19:49:04.300000+00:00,58.900001525878906,0.0,0.0
2024-06-07 19:50:04.366000+00:00,59.0,0.0,0.0
2024-06-07 19:51:03.924000+00:00,59.0,0.0,0.0
2024-06-07 19:52:04.778000+00:00,59.0,0.0,0.0
2024-06-07 19:53:03.982000+00:00,58.900001525878906,0.0,0.0
2024-06-07 19:54:04.380000+00:00,58.79999923706055,0.0,0.0
2024-06-07 19:55:04.981000+00:00,58.70000076293945,0.0,0.0
2024-06-07 19:56:04.429000+00:00,58.59999847412109,0.0,0.0
2024-06-07 19:57:04.610000+00:00,58.400001525878906,0.0,0.0
2024-06-07 19:58:04.503000+00:00,58.29999923706055,0.0,0.0
2024-06-07 19:59:04.560000+00:00,58.20000076293945,0.0,0.0
2024-06-07 20:00:07.185000+00:00,58.09999847412109,0.0,0.0
2024-06-07 20:01:04.642000+00:00,58.0,0.0,0.0
2024-06-07 20:02:04.753000+00:00,57.900001525878906,0.0,0.0
2024-06-07 20:03:04.768000+00:00,57.900001525878906,0.0,0.0
2024-06-07 20:04:04.878000+00:00,57.81999969482422,0.0,0.0
2024-06-07 20:05:05.043000+00:00,57.79999923706055,0.0,0.0
2024-06-07 20:06:05.433000+00:00,57.79999923706055,0.0,0.0
2024-06-07 20:07:04.290000+00:00,57.79999923706055,0.0,0.0
2024-06-07 20:08:04.431000+00:00,57.36000061035156,0.0,0.0
2024-06-07 20:09:04.498000+00:00,52.0,0.0,0.0
2024-06-07 20:10:05.010000+00:00,50.459999084472656,0.0,0.0
2024-06-07 20:11:04.724000+00:00,54.77999877929688,0.0,0.0
2024-06-07 20:12:04.748000+00:00,58.20000076293945,0.0,0.0
2024-06-07 20:13:04.736000+00:00,59.59000015258789,0.0,0.0
2024-06-07 20:14:04.743000+00:00,59.900001525878906,0.0,0.0
2024-06-07 20:15:04.884000+00:00,60.0,0.0,0.0
2024-06-07 20:16:04.510000+00:00,59.9900016784668,0.0,0.0
2024-06-07 20:17:04.341000+00:00,59.79999923706055,0.0,0.0
2024-06-07 20:18:05.164000+00:00,59.59999847412109,0.0,0.0
2024-06-07 20:19:04.236000+00:00,59.400001525878906,0.0,0.0
2024-06-07 20:20:04.509000+00:00,59.209999084472656,0.0,0.0
2024-06-07 20:21:05.007000+00:00,59.0099983215332,0.0,0.0
2024-06-07 20:22:04.055000+00:00,58.79999923706055,0.0,0.0
2024-06-07 20:23:04.160000+00:00,58.59999847412109,0.0,0.0
2024-06-07 20:24:04.608000+00:00,58.400001525878906,0.0,0.0
2024-06-07 20:25:04.293000+00:00,58.20000076293945,0.0,0.0
2024-06-07 20:26:04.658000+00:00,58.0,0.0,0.0
2024-06-07 20:27:05.189000+00:00,57.900001525878906,0.0,0.0
2024-06-07 20:28:04.932000+00:00,57.70000076293945,0.0,0.0
2024-06-07 20:29:04.534000+00:00,57.59999847412109,0.0,0.0
2024-06-07 20:30:05.264000+00:00,57.59999847412109,0.0,0.0
2024-06-07 20:31:04.701000+00:00,57.5,0.0,0.0
2024-06-07 20:32:04.463000+00:00,57.52999877929688,0.0,0.0
2024-06-07 20:33:04.547000+00:00,57.59999847412109,0.0,0.0
2024-06-07 20:34:04.544000+00:00,57.70000076293945,0.0,0.0
2024-06-07 20:35:04.817000+00:00,57.79999923706055,0.0,0.0
2024-06-07 20:36:04.570000+00:00,57.79999923706055,0.0,0.0
2024-06-07 20:37:04.564000+00:00,57.900001525878906,0.0,0.0
2024-06-07 20:38:05.163000+00:00,58.09999847412109,0.0,0.0
2024-06-07 20:39:04.583000+00:00,58.2599983215332,0.0,0.0
2024-06-07 20:40:04.772000+00:00,58.400001525878906,0.0,0.0
2024-06-07 20:41:04.625000+00:00,58.5,0.0,0.0
2024-06-07 20:42:05.042000+00:00,58.59999847412109,0.0,0.0
2024-06-07 20:43:04.540000+00:00,58.70000076293945,0.0,0.0
2024-06-07 20:44:04.087000+00:00,58.70000076293945,0.0,0.0
2024-06-07 20:45:04.853000+00:00,58.70000076293945,0.0,0.0
2024-06-07 20:46:04.389000+00:00,58.70000076293945,0.0,0.0
2024-06-07 20:47:04.730000+00:00,58.59999847412109,0.0,0.0
2024-06-07 20:48:04.440000+00:00,58.59999847412109,0.0,0.0
2024-06-07 20:49:04.244000+00:00,58.59999847412109,0.0,0.0
2024-06-07 20:50:05.304000+00:00,58.5,0.0,0.0
2024-06-07 20:51:04.592000+00:00,58.400001525878906,0.0,0.0
2024-06-07 20:52:04.734000+00:00,58.29999923706055,0.0,0.0
2024-06-07 20:53:04.625000+00:00,58.20000076293945,0.0,0.0
2024-06-07 20:54:04.713000+00:00,58.09999847412109,0.0,0.0
2024-06-07 20:55:04.850000+00:00,58.09999847412109,0.0,0.0
2024-06-07 20:56:04.422000+00:00,58.0,0.0,0.0
2024-06-07 20:57:04.276000+00:00,57.959999084472656,0.0,0.0
2024-06-07 20:58:04.200000+00:00,57.900001525878906,0.0,0.0
2024-06-07 20:59:04.913000+00:00,57.900001525878906,0.0,0.0
2024-06-07 21:00:07.882000+00:00,57.900001525878906,0.0,0.0
2024-06-07 21:01:05.121000+00:00,57.900001525878906,0.0,0.0
2024-06-07 21:02:04.724000+00:00,57.900001525878906,0.0,0.0
2024-06-07 21:03:04.200000+00:00,57.70000076293945,0.0,0.0
2024-06-07 21:04:04.771000+00:00,57.45000076293945,0.0,0.0
2024-06-07 21:05:04.769000+00:00,57.29999923706055,0.0,0.0
2024-06-07 21:06:04.800000+00:00,57.09999847412109,0.0,0.0
2024-06-07 21:07:04.539000+00:00,56.900001525878906,0.0,0.0
2024-06-07 21:08:04.192000+00:00,56.70000076293945,0.0,0.0
2024-06-07 21:09:04.504000+00:00,56.5,0.0,0.0
2024-06-07 21:10:05.214000+00:00,56.29999923706055,0.0,0.0
2024-06-07 21:11:04.800000+00:00,56.09999847412109,0.0,0.0
2024-06-07 21:12:04.952000+00:00,55.900001525878906,0.0,0.0
2024-06-07 21:13:05.498000+00:00,52.70000076293945,0.0,0.0
2024-06-07 21:14:04.657000+00:00,52.43000030517578,0.0,0.0
2024-06-07 21:15:05.176000+00:00,52.790000915527344,0.0,0.0
2024-06-07 21:16:04.773000+00:00,52.900001525878906,0.0,0.0
2024-06-07 21:17:04.635000+00:00,53.0,0.0,0.0
2024-06-07 21:18:04.213000+00:00,52.95000076293945,0.0,0.0
2024-06-07 21:19:04.206000+00:00,53.0,0.0,0.0
2024-06-07 21:20:04.736000+00:00,53.13999938964844,0.0,0.0
2024-06-07 21:21:04.290000+00:00,53.400001525878906,0.0,0.0
2024-06-07 21:22:04.426000+00:00,53.79999923706055,0.0,0.0
2024-06-07 21:23:03.977000+00:00,54.29999923706055,0.0,0.0
2024-06-07 21:24:04.881000+00:00,54.79999923706055,0.0,0.0
2024-06-07 21:25:04.757000+00:00,55.20000076293945,0.0,0.0
2024-06-07 21:26:05.356000+00:00,55.29999923706055,0.0,0.0
2024-06-07 21:27:04.311000+00:00,55.400001525878906,0.0,0.0
2024-06-07 21:28:04.744000+00:00,53.59999847412109,0.0,0.0
2024-06-07 21:29:04.507000+00:00,54.20000076293945,0.0,0.0
2024-06-07 21:30:04.951000+00:00,54.790000915527344,0.0,0.0
2024-06-07 21:31:04.791000+00:00,55.09999847412109,0.0,0.0
2024-06-07 21:32:04.436000+00:00,55.400001525878906,0.0,0.0
2024-06-07 21:33:04.470000+00:00,55.59999847412109,0.0,0.0
2024-06-07 21:34:04.743000+00:00,55.70000076293945,0.0,0.0
2024-06-07 21:35:05.037000+00:00,55.79999923706055,0.0,0.0
2024-06-07 21:36:04.520000+00:00,55.79999923706055,0.0,0.0
2024-06-07 21:37:04.914000+00:00,55.75,0.0,0.0
2024-06-07 21:38:04.037000+00:00,55.79999923706055,0.0,0.0
2024-06-07 21:39:05.010000+00:00,55.70000076293945,0.0,0.0
2024-06-07 21:40:05.087000+00:00,55.70000076293945,0.0,0.0
2024-06-07 21:41:04.810000+00:00,55.5,0.0,0.0
2024-06-07 21:42:04.624000+00:00,55.400001525878906,0.0,0.0
2024-06-07 21:43:04.800000+00:00,55.29999923706055,0.0,0.0
2024-06-07 21:44:04.406000+00:00,55.20000076293945,0.0,0.0
2024-06-07 21:45:04.942000+00:00,55.20000076293945,0.0,0.0
2024-06-07 21:46:04.233000+00:00,55.20000076293945,0.0,0.0
2024-06-07 21:47:04.362000+00:00,55.20000076293945,0.0,0.0
2024-06-07 21:48:04.742000+00:00,55.11000061035156,0.0,0.0
2024-06-07 21:49:04.584000+00:00,55.20000076293945,0.0,0.0
2024-06-07 21:50:04.410000+00:00,55.20000076293945,0.0,0.0
2024-06-07 21:51:04.439000+00:00,55.20000076293945,0.0,0.0
2024-06-07 21:52:05.163000+00:00,55.29999923706055,0.0,0.0
2024-06-07 21:53:04.139000+00:00,55.29999923706055,0.0,0.0
2024-06-07 21:54:04.453000+00:00,55.400001525878906,0.0,0.0
2024-06-07 21:55:05.520000+00:00,55.400001525878906,0.0,0.0
2024-06-07 21:56:04.890000+00:00,55.400001525878906,0.0,0.0
2024-06-07 21:57:04.604000+00:00,55.400001525878906,0.0,0.0
2024-06-07 21:58:04.559000+00:00,55.400001525878906,0.0,0.0
2024-06-07 21:59:04.953000+00:00,55.400001525878906,0.0,0.0
2024-06-07 22:00:07.846000+00:00,55.4900016784668,0.0,0.0
2024-06-07 22:01:05.330000+00:00,55.40999984741211,0.0,0.0
2024-06-07 22:02:04.711000+00:00,55.5,0.0,0.0
2024-06-07 22:03:04.484000+00:00,55.5,0.0,0.0
2024-06-07 22:04:04.847000+00:00,55.5,0.0,0.0
2024-06-07 22:05:05.032000+00:00,55.5,0.0,0.0
2024-06-07 22:06:05.117000+00:00,55.4900016784668,0.0,0.0
2024-06-07 22:07:04.364000+00:00,55.41999816894531,0.0,0.0
2024-06-07 22:08:04.420000+00:00,55.400001525878906,0.0,0.0
2024-06-07 22:09:04.322000+00:00,55.400001525878906,0.0,0.0
2024-06-07 22:10:05.173000+00:00,55.29999923706055,0.0,0.0
2024-06-07 22:11:04.841000+00:00,55.29999923706055,0.0,0.0
2024-06-07 22:12:04.594000+00:00,55.290000915527344,0.0,0.0
2024-06-07 22:13:05.178000+00:00,55.20000076293945,0.0,0.0
2024-06-07 22:14:04.935000+00:00,55.18000030517578,0.0,0.0
2024-06-07 22:15:04.471000+00:00,55.09999847412109,0.0,0.0
2024-06-07 22:16:04.792000+00:00,55.09999847412109,0.0,0.0
2024-06-07 22:17:04.785000+00:00,55.09999847412109,0.0,0.0
2024-06-07 22:18:04.262000+00:00,55.09999847412109,0.0,0.0
2024-06-07 22:19:04.599000+00:00,55.0,0.0,0.0
2024-06-07 22:20:04.757000+00:00,55.0,0.0,0.0
2024-06-07 22:21:04.343000+00:00,55.09999847412109,0.0,0.0
2024-06-07 22:22:04.522000+00:00,55.09999847412109,0.0,0.0
2024-06-07 22:23:04.068000+00:00,55.09999847412109,0.0,0.0
2024-06-07 22:24:04.641000+00:00,55.09999847412109,0.0,0.0
2024-06-07 22:25:04.832000+00:00,55.11000061035156,0.0,0.0
2024-06-07 22:26:05.036000+00:00,55.15999984741211,0.0,0.0
2024-06-07 22:27:04.611000+00:00,55.20000076293945,0.0,0.0
2024-06-07 22:28:04.767000+00:00,55.20000076293945,0.0,0.0
2024-06-07 22:29:04.344000+00:00,55.18999862670898,0.0,0.0
2024-06-07 22:30:05.176000+00:00,55.20000076293945,0.0,0.0
2024-06-07 22:31:04.366000+00:00,55.09999847412109,0.0,0.0
2024-06-07 22:32:04.736000+00:00,55.20000076293945,0.0,0.0
2024-06-07 22:33:04.238000+00:00,55.29999923706055,0.0,0.0
2024-06-07 22:34:04.577000+00:00,55.400001525878906,0.0,0.0
2024-06-07 22:35:05.357000+00:00,55.400001525878906,0.0,0.0
2024-06-07 22:36:04.568000+00:00,55.29999923706055,0.0,0.0
2024-06-07 22:37:04.693000+00:00,55.29999923706055,0.0,0.0
2024-06-07 22:38:04.435000+00:00,55.22999954223633,0.0,0.0
2024-06-07 22:39:04.627000+00:00,55.22999954223633,0.0,0.0
2024-06-07 22:40:05.065000+00:00,55.29999923706055,0.0,0.0
2024-06-07 22:41:04.729000+00:00,55.29999923706055,0.0,0.0
2024-06-07 22:42:04.631000+00:00,55.29999923706055,0.0,0.0
2024-06-07 22:43:04.743000+00:00,55.29999923706055,0.0,0.0
2024-06-07 22:44:04.529000+00:00,55.29999923706055,0.0,0.0
2024-06-07 22:45:04.888000+00:00,55.29999923706055,0.0,0.0
2024-06-07 22:46:04.697000+00:00,55.29999923706055,0.0,0.0
2024-06-07 22:47:05.045000+00:00,55.29999923706055,0.0,0.0
2024-06-07 22:48:04.278000+00:00,55.29999923706055,0.0,0.0
2024-06-07 22:49:04.563000+00:00,55.369998931884766,0.0,0.0
2024-06-07 22:50:04.917000+00:00,55.29999923706055,0.0,0.0
2024-06-07 22:51:04.563000+00:00,55.29999923706055,0.0,0.0
2024-06-07 22:52:04.773000+00:00,55.29999923706055,0.0,0.0
2024-06-07 22:53:05.053000+00:00,55.29999923706055,0.0,0.0
2024-06-07 22:54:04.643000+00:00,55.20000076293945,0.0,0.0
2024-06-07 22:55:05.176000+00:00,55.20000076293945,0.0,0.0
2024-06-07 22:56:04.325000+00:00,55.20000076293945,0.0,0.0
2024-06-07 22:57:04.292000+00:00,55.20000076293945,0.0,0.0
2024-06-07 22:58:04.818000+00:00,55.20000076293945,0.0,0.0
2024-06-07 22:59:04.421000+00:00,55.20000076293945,0.0,0.0
2024-06-07 23:00:07.996000+00:00,55.20000076293945,0.0,0.0
2024-06-08 00:00:08.194000+00:00,55.400001525878906,0.0,0.0
2024-06-08 00:01:05.086000+00:00,55.40999984741211,0.0,0.0
2024-06-08 00:02:04.494000+00:00,55.400001525878906,0.0,0.0
2024-06-08 00:03:04.768000+00:00,55.5,0.0,0.0
2024-06-08 00:04:05.009000+00:00,55.4900016784668,0.0,0.0
2024-06-08 00:05:05.013000+00:00,55.40999984741211,0.0,0.0
2024-06-08 00:06:05.051000+00:00,55.5,0.0,0.0
2024-06-08 00:07:04.535000+00:00,55.400001525878906,0.0,0.0
2024-06-08 00:08:04.352000+00:00,55.5,0.0,0.0
2024-06-08 00:09:04.321000+00:00,55.400001525878906,0.0,0.0
2024-06-08 00:10:05.006000+00:00,55.400001525878906,0.0,0.0
2024-06-08 00:11:05.159000+00:00,55.29999923706055,0.0,0.0
2024-06-08 00:12:04.703000+00:00,55.29999923706055,0.0,0.0
2024-06-08 00:13:05.089000+00:00,55.20000076293945,0.0,0.0
2024-06-08 00:14:04.932000+00:00,55.09999847412109,0.0,0.0
2024-06-08 00:15:05.032000+00:00,55.0,0.0,0.0
2024-06-08 00:16:04.894000+00:00,55.0,0.0,0.0
2024-06-08 00:17:04.678000+00:00,55.0,0.0,0.0
2024-06-08 00:18:04.223000+00:00,54.900001525878906,0.0,0.0
2024-06-08 00:19:04.576000+00:00,54.900001525878906,0.0,0.0
2024-06-08 00:20:04.735000+00:00,54.900001525878906,0.0,0.0
2024-06-08 00:21:04.792000+00:00,54.900001525878906,0.0,0.0
2024-06-08 00:22:04.723000+00:00,55.0,0.0,0.0
2024-06-08 00:23:04.294000+00:00,54.91999816894531,0.0,0.0
2024-06-08 00:24:04.687000+00:00,55.0,0.0,0.0
2024-06-08 00:25:05.209000+00:00,55.0,0.0,0.0
2024-06-08 00:26:04.996000+00:00,55.09999847412109,0.0,0.0
2024-06-08 00:27:04.552000+00:00,55.09999847412109,0.0,0.0
2024-06-08 00:28:04.911000+00:00,55.13999938964844,0.0,0.0
2024-06-08 00:29:04.658000+00:00,55.20000076293945,0.0,0.0
2024-06-08 00:30:06.065000+00:00,55.29999923706055,0.0,0.0
2024-06-08 00:31:04.954000+00:00,55.29999923706055,0.0,0.0
2024-06-08 00:32:04.622000+00:00,55.29999923706055,0.0,0.0
2024-06-08 00:33:04.756000+00:00,55.400001525878906,0.0,0.0
2024-06-08 00:34:04.890000+00:00,55.400001525878906,0.0,0.0
2024-06-08 00:35:04.857000+00:00,55.400001525878906,0.0,0.0
2024-06-08 00:36:04.952000+00:00,55.400001525878906,0.0,0.0
2024-06-08 00:37:04.729000+00:00,55.400001525878906,0.0,0.0
2024-06-08 00:38:04.643000+00:00,55.400001525878906,0.0,0.0
2024-06-08 00:39:05.021000+00:00,55.400001525878906,0.0,0.0
2024-06-08 00:40:04.835000+00:00,55.400001525878906,0.0,0.0
2024-06-08 00:41:05.082000+00:00,55.400001525878906,0.0,0.0
2024-06-08 00:42:04.736000+00:00,55.400001525878906,0.0,0.0
2024-06-08 00:43:04.120000+00:00,55.29999923706055,0.0,0.0
2024-06-08 00:44:04.319000+00:00,55.34000015258789,0.0,0.0
2024-06-08 00:45:04.892000+00:00,55.29999923706055,0.0,0.0
2024-06-08 00:46:04.607000+00:00,55.29999923706055,0.0,0.0
2024-06-08 00:47:04.509000+00:00,55.20000076293945,0.0,0.0
2024-06-08 00:48:04.975000+00:00,55.20000076293945,0.0,0.0
2024-06-08 00:49:04.382000+00:00,55.20000076293945,0.0,0.0
2024-06-08 00:50:05.204000+00:00,55.09999847412109,0.0,0.0
2024-06-08 00:51:04.922000+00:00,55.09999847412109,0.0,0.0
2024-06-08 00:52:04.767000+00:00,55.09999847412109,0.0,0.0
2024-06-08 00:53:04.750000+00:00,55.09999847412109,0.0,0.0
2024-06-08 00:54:05.137000+00:00,55.0,0.0,0.0
2024-06-08 00:55:04.689000+00:00,55.0,0.0,0.0
2024-06-08 00:56:04.868000+00:00,55.0,0.0,0.0
2024-06-08 00:57:05.067000+00:00,55.09000015258789,0.0,0.0
2024-06-08 00:58:04.606000+00:00,55.09999847412109,0.0,0.0
2024-06-08 00:59:04.483000+00:00,55.09999847412109,0.0,0.0
2024-06-08 01:00:08.012000+00:00,55.20000076293945,0.0,0.0
2024-06-08 01:01:04.791000+00:00,55.20000076293945,0.0,0.0
2024-06-08 01:02:05.275000+00:00,55.20000076293945,0.0,0.0
2024-06-08 01:03:04.821000+00:00,55.29999923706055,0.0,0.0
2024-06-08 01:04:04.942000+00:00,55.29999923706055,0.0,0.0
2024-06-08 01:05:04.611000+00:00,55.29999923706055,0.0,0.0
2024-06-08 01:06:05.330000+00:00,55.29999923706055,0.0,0.0
2024-06-08 01:07:04.592000+00:00,55.29999923706055,0.0,0.0
2024-06-08 01:08:04.784000+00:00,55.29999923706055,0.0,0.0
2024-06-08 01:09:04.371000+00:00,55.29999923706055,0.0,0.0
2024-06-08 01:10:04.935000+00:00,55.29999923706055,0.0,0.0
2024-06-08 01:11:04.859000+00:00,55.29999923706055,0.0,0.0
2024-06-08 01:12:04.538000+00:00,55.29999923706055,0.0,0.0
2024-06-08 01:13:04.724000+00:00,55.29999923706055,0.0,0.0
2024-06-08 01:14:04.665000+00:00,55.220001220703125,0.0,0.0
2024-06-08 01:15:05.073000+00:00,55.29999923706055,0.0,0.0
2024-06-08 01:16:03.990000+00:00,55.290000915527344,0.0,0.0
2024-06-08 01:17:03.933000+00:00,55.20000076293945,0.0,0.0
2024-06-08 01:18:04.655000+00:00,55.209999084472656,0.0,0.0
2024-06-08 01:19:04.408000+00:00,55.20000076293945,0.0,0.0
2024-06-08 01:20:04.942000+00:00,55.20000076293945,0.0,0.0
2024-06-08 01:21:04.634000+00:00,55.20000076293945,0.0,0.0
2024-06-08 01:22:04.756000+00:00,55.20000076293945,0.0,0.0
2024-06-08 01:23:04.426000+00:00,55.20000076293945,0.0,0.0
2024-06-08 01:24:04.566000+00:00,55.20000076293945,0.0,0.0
2024-06-08 01:25:04.932000+00:00,55.20000076293945,0.0,0.0
2024-06-08 01:26:05.453000+00:00,55.20000076293945,0.0,0.0
2024-06-08 01:27:04.905000+00:00,55.20000076293945,0.0,0.0
2024-06-08 01:28:05.164000+00:00,55.20000076293945,0.0,0.0
2024-06-08 01:29:04.609000+00:00,55.20000076293945,0.0,0.0
2024-06-08 01:30:05.915000+00:00,55.20000076293945,0.0,0.0
2024-06-08 01:31:04.639000+00:00,55.20000076293945,0.0,0.0
2024-06-08 01:32:04.995000+00:00,55.20000076293945,0.0,0.0
2024-06-08 01:33:04.165000+00:00,55.20000076293945,0.0,0.0
2024-06-08 01:34:04.247000+00:00,55.119998931884766,0.0,0.0
2024-06-08 01:35:05.043000+00:00,55.20000076293945,0.0,0.0
2024-06-08 01:36:04.606000+00:00,55.09999847412109,0.0,0.0
2024-06-08 01:37:04.522000+00:00,55.09999847412109,0.0,0.0
2024-06-08 01:38:04.876000+00:00,55.20000076293945,0.0,0.0
2024-06-08 01:39:04.565000+00:00,55.119998931884766,0.0,0.0
2024-06-08 01:40:05.187000+00:00,55.09999847412109,0.0,0.0
2024-06-08 01:41:04.451000+00:00,55.09999847412109,0.0,0.0
2024-06-08 01:42:04.526000+00:00,55.09999847412109,0.0,0.0
2024-06-08 01:43:04.575000+00:00,55.09999847412109,0.0,0.0
2024-06-08 01:44:04.985000+00:00,55.16999816894531,0.0,0.0
2024-06-08 01:45:04.773000+00:00,55.18999862670898,0.0,0.0
2024-06-08 01:46:04.365000+00:00,55.150001525878906,0.0,0.0
2024-06-08 01:47:05.034000+00:00,55.09999847412109,0.0,0.0
2024-06-08 01:48:04.665000+00:00,55.040000915527344,0.0,0.0
2024-06-08 01:49:04.243000+00:00,55.0,0.0,0.0
2024-06-08 01:50:04.595000+00:00,55.0,0.0,0.0
2024-06-08 01:51:04.798000+00:00,54.970001220703125,0.0,0.0
2024-06-08 01:52:05.032000+00:00,54.900001525878906,0.0,0.0
2024-06-08 01:53:04.382000+00:00,54.900001525878906,0.0,0.0
2024-06-08 01:54:04.537000+00:00,54.900001525878906,0.0,0.0
2024-06-08 01:55:04.998000+00:00,54.900001525878906,0.0,0.0
2024-06-08 01:56:04.744000+00:00,54.900001525878906,0.0,0.0
2024-06-08 01:57:04.699000+00:00,54.900001525878906,0.0,0.0
2024-06-08 01:58:04.381000+00:00,55.0,0.0,0.0
2024-06-08 01:59:04.236000+00:00,55.0,0.0,0.0
2024-06-08 02:00:06.122000+00:00,55.040000915527344,0.0,0.0
2024-06-08 02:01:04.891000+00:00,55.29999923706055,0.0,0.0
2024-06-08 02:02:04.400000+00:00,56.68000030517578,0.0,0.0
2024-06-08 02:03:04.217000+00:00,57.70000076293945,0.0,0.0
2024-06-08 02:04:04.065000+00:00,58.29999923706055,0.0,0.0
2024-06-08 02:05:05.528000+00:00,58.790000915527344,0.0,0.0
2024-06-08 02:06:05.154000+00:00,58.79999923706055,0.0,0.0
2024-06-08 02:07:04.567000+00:00,58.900001525878906,0.0,0.0
2024-06-08 02:08:04.956000+00:00,58.900001525878906,0.0,0.0
2024-06-08 02:09:05.122000+00:00,58.900001525878906,0.0,0.0
2024-06-08 02:10:05.057000+00:00,58.70000076293945,0.0,0.0
2024-06-08 02:11:04.898000+00:00,58.70000076293945,0.0,0.0
2024-06-08 02:12:04.927000+00:00,58.59999847412109,0.0,0.0
2024-06-08 02:13:04.276000+00:00,58.47999954223633,0.0,0.0
2024-06-08 02:14:04.686000+00:00,58.29999923706055,0.0,0.0
2024-06-08 02:15:05.601000+00:00,58.20000076293945,0.0,0.0
2024-06-08 02:16:04.594000+00:00,58.0,0.0,0.0
2024-06-08 02:17:04.849000+00:00,57.900001525878906,0.0,0.0
2024-06-08 02:18:05.254000+00:00,57.79999923706055,0.0,0.0
2024-06-08 02:19:04.623000+00:00,57.70000076293945,0.0,0.0
2024-06-08 02:20:05.316000+00:00,57.70000076293945,0.0,0.0
2024-06-08 02:21:04.522000+00:00,57.70000076293945,0.0,0.0
2024-06-08 02:22:04.243000+00:00,57.63999938964844,0.0,0.0
2024-06-08 02:23:05.131000+00:00,57.59999847412109,0.0,0.0
2024-06-08 02:24:04.737000+00:00,57.59999847412109,0.0,0.0
2024-06-08 02:25:05.270000+00:00,57.70000076293945,0.0,0.0
2024-06-08 02:26:04.941000+00:00,57.70000076293945,0.0,0.0
2024-06-08 02:27:04.649000+00:00,57.70000076293945,0.0,0.0
2024-06-08 02:28:04.990000+00:00,57.900001525878906,0.0,0.0
2024-06-08 02:29:04.671000+00:00,58.09000015258789,0.0,0.0
2024-06-08 02:30:06.085000+00:00,58.09999847412109,0.0,0.0
2024-06-08 02:31:04.602000+00:00,58.20000076293945,0.0,0.0
2024-06-08 02:32:04.296000+00:00,58.20000076293945,0.0,0.0
2024-06-08 02:33:04.741000+00:00,58.29999923706055,0.0,0.0
2024-06-08 02:34:04.781000+00:00,58.400001525878906,0.0,0.0
2024-06-08 02:35:05.210000+00:00,58.400001525878906,0.0,0.0
2024-06-08 02:36:04.808000+00:00,58.400001525878906,0.0,0.0
2024-06-08 02:37:05.690000+00:00,58.400001525878906,0.0,0.0
2024-06-08 02:38:05.062000+00:00,58.369998931884766,0.0,0.0
2024-06-08 02:39:04.792000+00:00,58.29999923706055,0.0,0.0
2024-06-08 02:40:05.453000+00:00,58.29999923706055,0.0,0.0
2024-06-08 02:41:04.870000+00:00,58.20000076293945,0.0,0.0
2024-06-08 02:42:05.219000+00:00,58.20000076293945,0.0,0.0
2024-06-08 02:43:04.689000+00:00,58.20000076293945,0.0,0.0
2024-06-08 02:44:04.840000+00:00,58.18999862670898,0.0,0.0
2024-06-08 02:45:04.467000+00:00,58.18999862670898,0.0,0.0
2024-06-08 02:46:04.388000+00:00,58.09999847412109,0.0,0.0
2024-06-08 02:47:05.132000+00:00,58.09000015258789,0.0,0.0
2024-06-08 02:48:04.349000+00:00,58.02000045776367,0.0,0.0
2024-06-08 02:49:04.621000+00:00,58.0,0.0,0.0
2024-06-08 02:50:04.588000+00:00,58.0,0.0,0.0
2024-06-08 02:51:04.383000+00:00,57.900001525878906,0.0,0.0
2024-06-08 02:52:05.365000+00:00,57.900001525878906,0.0,0.0
2024-06-08 02:53:04.721000+00:00,57.900001525878906,0.0,0.0
2024-06-08 02:54:04.674000+00:00,57.900001525878906,0.0,0.0
2024-06-08 02:55:04.727000+00:00,57.900001525878906,0.0,0.0
2024-06-08 02:56:04.101000+00:00,57.900001525878906,0.0,0.0
2024-06-08 02:57:04.610000+00:00,57.900001525878906,0.0,0.0
2024-06-08 02:58:04.701000+00:00,57.93000030517578,0.0,0.0
2024-06-08 02:59:04.289000+00:00,58.0,0.0,0.0
2024-06-08 03:00:06.668000+00:00,58.0,0.0,0.0
2024-06-08 03:01:05.577000+00:00,58.0,0.0,0.0
2024-06-08 03:02:04.227000+00:00,58.0,0.0,0.0
2024-06-08 03:03:04.398000+00:00,58.0,0.0,0.0
2024-06-08 03:04:05.162000+00:00,58.0,0.0,0.0
2024-06-08 03:05:04.552000+00:00,58.0,0.0,0.0
2024-06-08 03:06:05.328000+00:00,58.0,0.0,0.0
2024-06-08 03:07:04.966000+00:00,58.0,0.0,0.0
2024-06-08 03:08:04.467000+00:00,58.0,0.0,0.0
2024-06-08 03:09:04.786000+00:00,58.060001373291016,0.0,0.0
2024-06-08 03:10:05.100000+00:00,58.0099983215332,0.0,0.0
2024-06-08 03:11:04.299000+00:00,58.09999847412109,0.0,0.0
2024-06-08 03:12:04.556000+00:00,58.09999847412109,0.0,0.0
2024-06-08 03:13:04.951000+00:00,58.09999847412109,0.0,0.0
2024-06-08 03:14:04.235000+00:00,58.09999847412109,0.0,0.0
2024-06-08 03:15:05.011000+00:00,58.09999847412109,0.0,0.0
2024-06-08 03:16:04.693000+00:00,58.09999847412109,0.0,0.0
2024-06-08 03:17:04.461000+00:00,58.09999847412109,0.0,0.0
2024-06-08 03:18:05.375000+00:00,58.09999847412109,0.0,0.0
2024-06-08 03:19:04.590000+00:00,58.09999847412109,0.0,0.0
2024-06-08 03:20:04.552000+00:00,58.09999847412109,0.0,0.0
2024-06-08 03:21:04.914000+00:00,58.09999847412109,0.0,0.0
2024-06-08 03:22:04.873000+00:00,58.09999847412109,0.0,0.0
2024-06-08 03:23:04.656000+00:00,58.09999847412109,0.0,0.0
2024-06-08 03:24:04.801000+00:00,58.09999847412109,0.0,0.0
2024-06-08 03:25:05.167000+00:00,58.09999847412109,0.0,0.0
2024-06-08 03:26:04.953000+00:00,58.09999847412109,0.0,0.0
2024-06-08 03:27:04.539000+00:00,58.18999862670898,0.0,0.0
2024-06-08 03:28:04.896000+00:00,58.20000076293945,0.0,0.0
2024-06-08 03:29:04.072000+00:00,58.20000076293945,0.0,0.0
2024-06-08 03:30:05.180000+00:00,58.20000076293945,0.0,0.0
2024-06-08 03:31:04.351000+00:00,58.20000076293945,0.0,0.0
2024-06-08 03:32:04.843000+00:00,58.20000076293945,0.0,0.0
2024-06-08 03:33:04.879000+00:00,58.20000076293945,0.0,0.0
2024-06-08 03:34:04.305000+00:00,58.20000076293945,0.0,0.0
2024-06-08 03:35:05.178000+00:00,58.20000076293945,0.0,0.0
2024-06-08 03:36:04.392000+00:00,58.15999984741211,0.0,0.0
2024-06-08 03:37:04.699000+00:00,58.09999847412109,0.0,0.0
2024-06-08 03:38:04.766000+00:00,58.09999847412109,0.0,0.0
2024-06-08 03:39:05.104000+00:00,58.09999847412109,0.0,0.0
2024-06-08 03:40:05.106000+00:00,58.09999847412109,0.0,0.0
2024-06-08 03:41:04.286000+00:00,58.09999847412109,0.0,0.0
2024-06-08 03:42:04.631000+00:00,58.0099983215332,0.0,0.0
2024-06-08 03:43:05.107000+00:00,58.0,0.0,0.0
2024-06-08 03:44:04.300000+00:00,58.0,0.0,0.0
2024-06-08 03:45:04.778000+00:00,58.0,0.0,0.0
2024-06-08 03:46:04.334000+00:00,58.09999847412109,0.0,0.0
2024-06-08 03:47:04.726000+00:00,58.09999847412109,0.0,0.0
2024-06-08 03:48:05.307000+00:00,58.09999847412109,0.0,0.0
2024-06-08 03:49:04.289000+00:00,58.09999847412109,0.0,0.0
2024-06-08 03:50:05.586000+00:00,58.09999847412109,0.0,0.0
2024-06-08 03:51:04.554000+00:00,58.09999847412109,0.0,0.0
2024-06-08 03:52:04.955000+00:00,58.09999847412109,0.0,0.0
2024-06-08 03:53:04.353000+00:00,58.20000076293945,0.0,0.0
2024-06-08 03:54:04.613000+00:00,58.09999847412109,0.0,0.0
2024-06-08 03:55:05.253000+00:00,58.09999847412109,0.0,0.0
2024-06-08 03:56:04.948000+00:00,58.09999847412109,0.0,0.0
2024-06-08 03:57:04.713000+00:00,58.09999847412109,0.0,0.0
2024-06-08 03:58:04.504000+00:00,58.09999847412109,0.0,0.0
2024-06-08 03:59:05.046000+00:00,58.09999847412109,0.0,0.0
2024-06-08 04:00:08.573000+00:00,58.0,0.0,0.0
2024-06-08 04:01:04.946000+00:00,58.0,0.0,0.0
2024-06-08 04:02:04.011000+00:00,58.0,0.0,0.0
2024-06-08 04:03:04.854000+00:00,58.0,0.0,0.0
2024-06-08 04:04:04.434000+00:00,58.0,0.0,0.0
2024-06-08 04:05:04.822000+00:00,58.0,0.0,0.0
2024-06-08 04:06:05.452000+00:00,58.0,0.0,0.0
2024-06-08 04:07:04.297000+00:00,58.09999847412109,0.0,0.0
2024-06-08 04:08:04.431000+00:00,58.0,0.0,0.0
2024-06-08 04:09:05.137000+00:00,58.0,0.0,0.0
2024-06-08 04:10:05.273000+00:00,58.0,0.0,0.0
2024-06-08 04:11:04.912000+00:00,58.09999847412109,0.0,0.0
2024-06-08 04:12:04.903000+00:00,58.09999847412109,0.0,0.0
2024-06-08 04:13:05.182000+00:00,58.09999847412109,0.0,0.0
2024-06-08 04:14:04.865000+00:00,58.20000076293945,0.0,0.0
2024-06-08 04:15:05.283000+00:00,58.09999847412109,0.0,0.0
2024-06-08 04:16:04.340000+00:00,58.09999847412109,0.0,0.0
2024-06-08 04:17:04.623000+00:00,58.09999847412109,0.0,0.0
2024-06-08 04:18:04.762000+00:00,58.20000076293945,0.0,0.0
2024-06-08 04:19:05.044000+00:00,58.09999847412109,0.0,0.0
2024-06-08 04:20:04.650000+00:00,58.09999847412109,0.0,0.0
2024-06-08 04:21:04.599000+00:00,58.09999847412109,0.0,0.0
2024-06-08 04:22:04.718000+00:00,58.09999847412109,0.0,0.0
2024-06-08 04:23:04.293000+00:00,58.09999847412109,0.0,0.0
2024-06-08 04:24:04.740000+00:00,58.09999847412109,0.0,0.0
2024-06-08 04:25:04.686000+00:00,58.09999847412109,0.0,0.0
2024-06-08 04:26:05.342000+00:00,58.09999847412109,0.0,0.0
2024-06-08 04:27:04.878000+00:00,58.09999847412109,0.0,0.0
2024-06-08 04:28:05.061000+00:00,58.09999847412109,0.0,0.0
2024-06-08 04:29:04.500000+00:00,58.09999847412109,0.0,0.0
2024-06-08 04:30:05.097000+00:00,58.09999847412109,0.0,0.0
2024-06-08 04:31:04.306000+00:00,58.09000015258789,0.0,0.0
2024-06-08 04:32:04.672000+00:00,58.0,0.0,0.0
2024-06-08 04:33:04.539000+00:00,58.0,0.0,0.0
2024-06-08 04:34:04.915000+00:00,58.0,0.0,0.0
2024-06-08 04:35:04.620000+00:00,58.0,0.0,0.0
2024-06-08 04:36:04.403000+00:00,58.0,0.0,0.0
2024-06-08 04:37:05.081000+00:00,58.0,0.0,0.0
2024-06-08 04:38:04.273000+00:00,58.0,0.0,0.0
2024-06-08 04:39:05.094000+00:00,58.0,0.0,0.0
2024-06-08 04:40:04.628000+00:00,58.0,0.0,0.0
2024-06-08 04:41:04.667000+00:00,58.08000183105469,0.0,0.0
2024-06-08 04:42:05.057000+00:00,58.040000915527344,0.0,0.0
2024-06-08 04:43:04.099000+00:00,58.0,0.0,0.0
2024-06-08 04:44:04.337000+00:00,58.09999847412109,0.0,0.0
2024-06-08 04:45:05.029000+00:00,58.0,0.0,0.0
2024-06-08 04:46:04.454000+00:00,58.0,0.0,0.0
2024-06-08 04:47:05.201000+00:00,58.0,0.0,0.0
2024-06-08 04:48:04.675000+00:00,58.0,0.0,0.0
2024-06-08 04:49:03.971000+00:00,58.0,0.0,0.0
2024-06-08 04:50:04.964000+00:00,58.0,0.0,0.0
2024-06-08 04:51:04.331000+00:00,58.0,0.0,0.0
2024-06-08 04:52:05.162000+00:00,58.0,0.0,0.0
2024-06-08 04:53:04.788000+00:00,58.0,0.0,0.0
2024-06-08 04:54:04.878000+00:00,58.09999847412109,0.0,0.0
2024-06-08 04:55:05.176000+00:00,58.0,0.0,0.0
2024-06-08 04:56:05.066000+00:00,58.0,0.0,0.0
2024-06-08 04:57:04.662000+00:00,58.09999847412109,0.0,0.0
2024-06-08 04:58:04.813000+00:00,58.09999847412109,0.0,0.0
2024-06-08 04:59:04.028000+00:00,58.09999847412109,0.0,0.0
2024-06-08 05:00:07.267000+00:00,56.59999847412109,0.0,0.0
2024-06-08 05:01:04.419000+00:00,56.70000076293945,0.0,0.0
2024-06-08 05:02:04.517000+00:00,57.20000076293945,0.0,0.0
2024-06-08 05:03:04.626000+00:00,57.79999923706055,0.0,0.0
2024-06-08 05:04:04.867000+00:00,58.29999923706055,0.0,0.0
2024-06-08 05:05:05.315000+00:00,58.79999923706055,0.0,0.0
2024-06-08 05:06:05.111000+00:00,59.09999847412109,0.0,0.0
2024-06-08 05:07:04.404000+00:00,59.20000076293945,0.0,0.0
2024-06-08 05:08:04.441000+00:00,59.29999923706055,0.0,0.0
2024-06-08 05:09:04.032000+00:00,59.29999923706055,0.0,0.0
2024-06-08 05:10:05.693000+00:00,59.220001220703125,0.0,0.0
2024-06-08 05:11:05.016000+00:00,59.20000076293945,0.0,0.0
2024-06-08 05:12:04.729000+00:00,59.0,0.0,0.0
2024-06-08 05:13:04.643000+00:00,58.900001525878906,0.0,0.0
2024-06-08 05:14:04.761000+00:00,58.70000076293945,0.0,0.0
2024-06-08 05:15:05.011000+00:00,58.59000015258789,0.0,0.0
2024-06-08 05:16:04.275000+00:00,58.400001525878906,0.0,0.0
2024-06-08 05:17:04.833000+00:00,58.20000076293945,0.0,0.0
2024-06-08 05:18:04.768000+00:00,58.06999969482422,0.0,0.0
2024-06-08 05:19:04.635000+00:00,57.900001525878906,0.0,0.0
2024-06-08 05:20:04.390000+00:00,57.70000076293945,0.0,0.0
2024-06-08 05:21:04.994000+00:00,57.5,0.0,0.0
2024-06-08 05:22:04.080000+00:00,57.400001525878906,0.0,0.0
2024-06-08 05:23:04.254000+00:00,57.20000076293945,0.0,0.0
2024-06-08 05:24:04.547000+00:00,57.20000076293945,0.0,0.0
2024-06-08 05:25:04.660000+00:00,56.79999923706055,0.0,0.0
2024-06-08 05:26:05.164000+00:00,56.79999923706055,0.0,0.0
2024-06-08 05:27:04.431000+00:00,56.95000076293945,0.0,0.0
2024-06-08 05:28:05.178000+00:00,57.09999847412109,0.0,0.0
2024-06-08 05:29:05.053000+00:00,57.400001525878906,0.0,0.0
2024-06-08 05:30:04.949000+00:00,57.70000076293945,0.0,0.0
2024-06-08 05:31:04.466000+00:00,58.09999847412109,0.0,0.0
2024-06-08 05:32:04.728000+00:00,58.400001525878906,0.0,0.0
2024-06-08 05:33:04.036000+00:00,58.70000076293945,0.0,0.0
2024-06-08 05:34:04.638000+00:00,58.900001525878906,0.0,0.0
2024-06-08 05:35:04.756000+00:00,59.0,0.0,0.0
2024-06-08 05:36:04.820000+00:00,59.0,0.0,0.0
2024-06-08 05:37:04.491000+00:00,58.900001525878906,0.0,0.0
2024-06-08 05:38:05.075000+00:00,58.900001525878906,0.0,0.0
2024-06-08 05:39:04.970000+00:00,58.79999923706055,0.0,0.0
2024-06-08 05:40:05.126000+00:00,58.70000076293945,0.0,0.0
2024-06-08 05:41:04.689000+00:00,58.59999847412109,0.0,0.0
2024-06-08 05:42:04.987000+00:00,58.5,0.0,0.0
2024-06-08 05:43:04.592000+00:00,58.400001525878906,0.0,0.0
2024-06-08 05:44:04.352000+00:00,58.20000076293945,0.0,0.0
2024-06-08 05:45:04.771000+00:00,58.09999847412109,0.0,0.0
2024-06-08 05:46:04.462000+00:00,58.0,0.0,0.0
2024-06-08 05:47:04.677000+00:00,57.900001525878906,0.0,0.0
2024-06-08 05:48:04.813000+00:00,57.70000076293945,0.0,0.0
2024-06-08 05:49:04.203000+00:00,57.70000076293945,0.0,0.0
2024-06-08 05:50:04.859000+00:00,57.59999847412109,0.0,0.0
2024-06-08 05:51:04.932000+00:00,57.5,0.0,0.0
2024-06-08 05:52:04.962000+00:00,57.5,0.0,0.0
2024-06-08 05:53:04.397000+00:00,57.5,0.0,0.0
2024-06-08 05:54:05.129000+00:00,57.400001525878906,0.0,0.0
2024-06-08 05:55:04.466000+00:00,57.5,0.0,0.0
2024-06-08 05:56:04.812000+00:00,57.59999847412109,0.0,0.0
2024-06-08 05:57:04.183000+00:00,57.70000076293945,0.0,0.0
2024-06-08 05:58:04.571000+00:00,57.70000076293945,0.0,0.0
2024-06-08 05:59:04.969000+00:00,57.810001373291016,0.0,0.0
2024-06-08 06:00:07.905000+00:00,58.0,0.0,0.0
2024-06-08 06:01:05.468000+00:00,58.09999847412109,0.0,0.0
2024-06-08 06:02:04.167000+00:00,58.09999847412109,0.0,0.0
2024-06-08 06:03:04.435000+00:00,57.86000061035156,0.0,0.0
2024-06-08 06:04:04.641000+00:00,53.130001068115234,0.0,0.0
2024-06-08 06:05:04.515000+00:00,50.310001373291016,0.0,0.0
2024-06-08 06:06:05.446000+00:00,49.380001068115234,0.0,0.0
2024-06-08 06:07:04.428000+00:00,52.5,0.0,0.0
2024-06-08 06:08:04.739000+00:00,50.310001373291016,0.0,0.0
2024-06-08 06:09:04.627000+00:00,49.29999923706055,0.0,0.0
2024-06-08 06:10:04.764000+00:00,49.79999923706055,0.0,0.0
2024-06-08 06:11:04.619000+00:00,50.72999954223633,0.0,0.0
2024-06-08 06:12:05.038000+00:00,56.790000915527344,438.9200134277344,104341357.69899644
2024-06-08 06:13:05.230000+00:00,60.09999847412109,332.17999267578125,83569375.38364036
2024-06-08 06:14:04.547000+00:00,61.09999847412109,214.69000244140625,54910101.227129586
2024-06-08 06:15:05.753000+00:00,61.20000076293945,158.66000366210938,40646027.95687773
2024-06-08 06:16:04.849000+00:00,61.09999847412109,125.23999786376952,32031957.15767878
2024-06-08 06:17:05.230000+00:00,55.900001525878906,103.66999816894533,24258510.691712365
2024-06-08 06:18:04.556000+00:00,56.400001525878906,88.58000183105469,20912888.630084056
2024-06-08 06:19:04.789000+00:00,57.5,0.0,0.0
2024-06-08 06:20:04.740000+00:00,58.4900016784668,0.0,0.0
2024-06-08 06:21:04.952000+00:00,58.79999923706055,0.0,0.0
2024-06-08 06:22:04.640000+00:00,59.09999847412109,0.0,0.0
2024-06-08 06:23:04.690000+00:00,56.02999877929688,0.0,0.0
2024-06-08 06:24:04.581000+00:00,55.29999923706055,0.0,0.0
2024-06-08 06:25:05.125000+00:00,56.5,0.0,0.0
2024-06-08 06:26:04.974000+00:00,57.400001525878906,0.0,0.0
2024-06-08 06:27:04.726000+00:00,58.29999923706055,0.0,0.0
2024-06-08 06:28:05.050000+00:00,58.88999938964844,0.0,0.0
2024-06-08 06:29:04.136000+00:00,59.20000076293945,0.0,0.0
2024-06-08 06:30:05.795000+00:00,59.29999923706055,0.0,0.0
2024-06-08 06:31:04.358000+00:00,59.400001525878906,0.0,0.0
2024-06-08 06:32:04.718000+00:00,59.400001525878906,0.0,0.0
2024-06-08 06:33:04.683000+00:00,59.29999923706055,0.0,0.0
2024-06-08 06:34:04.476000+00:00,59.29999923706055,0.0,0.0
2024-06-08 06:35:04.651000+00:00,59.09999847412109,0.0,0.0
2024-06-08 06:36:04.929000+00:00,58.9900016784668,0.0,0.0
2024-06-08 06:37:04.332000+00:00,58.79999923706055,0.0,0.0
2024-06-08 06:38:04.947000+00:00,55.59000015258789,0.0,0.0
2024-06-08 06:39:04.910000+00:00,56.59000015258789,0.0,0.0
2024-06-08 06:40:04.985000+00:00,51.209999084472656,0.0,0.0
2024-06-08 06:41:04.373000+00:00,52.79999923706055,0.0,0.0
2024-06-08 06:42:05.210000+00:00,53.970001220703125,171.17999267578125,38672714.35563043
2024-06-08 06:43:04.362000+00:00,53.77000045776367,171.17999267578125,38529401.919070795
2024-06-08 06:44:04.273000+00:00,54.560001373291016,231.3600006103516,52839886.16699229
2024-06-08 06:45:04.697000+00:00,52.38999938964844,0.0,0.0
2024-06-08 06:46:04.901000+00:00,51.20000076293945,0.0,0.0
2024-06-08 06:47:03.979000+00:00,54.310001373291016,290.8399963378906,66120049.233771674
2024-06-08 06:48:04.752000+00:00,56.38999938964844,290.8399963378906,68652355.76608811
2024-06-08 06:49:04.240000+00:00,58.130001068115234,235.0500030517578,57195230.702530086
2024-06-08 06:50:04.762000+00:00,58.93000030517578,235.0500030517578,57982365.40207896
2024-06-08 06:51:04.720000+00:00,59.959999084472656,235.0500030517578,58995801.09316347
2024-06-08 06:52:05.115000+00:00,60.400001525878906,171.17999267578125,43280191.8335685
2024-06-08 06:53:03.955000+00:00,60.5,134.19000244140625,33984020.68829346
2024-06-08 06:54:04.447000+00:00,60.5,109.54000091552734,27741333.851860046
2024-06-08 06:55:05.224000+00:00,60.400001525878906,92.3499984741211,23349257.044075154
2024-06-08 06:56:04.486000+00:00,60.20000076293945,80.18000030517578,20205135.828971468
2024-06-08 06:57:04.898000+00:00,60.0,70.62999725341797,17739430.110168457
2024-06-08 06:58:05.293000+00:00,59.79999923706055,63.22999954223633,15827910.327475907
2024-06-08 06:59:04.570000+00:00,59.5,57.27999877929688,14266557.455963137
2024-06-08 07:00:07.719000+00:00,59.29999923706055,51.90999984741211,12885608.714340013
2024-06-08 07:01:04.706000+00:00,59.09999847412109,48.06999969482422,11892161.89946286
2024-06-08 07:02:04.771000+00:00,58.900001525878906,0.0,0.0
2024-06-08 07:03:04.520000+00:00,58.59999847412109,0.0,0.0
2024-06-08 07:04:04.918000+00:00,58.5,0.0,0.0
2024-06-08 07:05:04.737000+00:00,58.29999923706055,0.0,0.0
2024-06-08 07:06:05.082000+00:00,58.09999847412109,0.0,0.0
2024-06-08 07:07:04.309000+00:00,57.900001525878906,0.0,0.0
2024-06-08 07:08:04.705000+00:00,57.70000076293945,0.0,0.0
2024-06-08 07:09:04.705000+00:00,57.5,0.0,0.0
2024-06-08 07:10:04.636000+00:00,57.400001525878906,0.0,0.0
2024-06-08 07:11:04.838000+00:00,57.20000076293945,0.0,0.0
2024-06-08 07:12:04.873000+00:00,57.09999847412109,0.0,0.0
2024-06-08 07:13:04.834000+00:00,57.0,0.0,0.0
2024-06-08 07:14:04.908000+00:00,57.0,0.0,0.0
2024-06-08 07:15:05.467000+00:00,56.59999847412109,0.0,0.0
2024-06-08 07:16:04.411000+00:00,56.70000076293945,0.0,0.0
2024-06-08 07:17:04.881000+00:00,56.91999816894531,0.0,0.0
2024-06-08 07:18:04.824000+00:00,57.29999923706055,0.0,0.0
2024-06-08 07:19:04.775000+00:00,57.70000076293945,0.0,0.0
2024-06-08 07:20:04.782000+00:00,58.09999847412109,0.0,0.0
2024-06-08 07:21:04.554000+00:00,58.400001525878906,0.0,0.0
2024-06-08 07:22:04.562000+00:00,54.11000061035156,0.0,0.0
2024-06-08 07:23:04.682000+00:00,51.2599983215332,0.0,0.0
2024-06-08 07:24:05.030000+00:00,54.790000915527344,0.0,0.0
2024-06-08 07:25:04.913000+00:00,52.20000076293945,0.0,0.0
2024-06-08 07:26:04.745000+00:00,46.900001525878906,0.0,0.0
2024-06-08 07:27:04.640000+00:00,54.31999969482422,0.0,0.0
2024-06-08 07:28:04.656000+00:00,59.18000030517578,314.25,77848360.99144363
2024-06-08 07:29:04.920000+00:00,60.400001525878906,314.25,79453212.20721817
2024-06-08 07:30:05.520000+00:00,60.79999923706055,262.79998779296875,66884908.69390812
2024-06-08 07:31:04.806000+00:00,59.970001220703125,183.5,46064817.00765991
2024-06-08 07:32:04.859000+00:00,59.61000061035156,140.97999572753906,35178380.604897924
2024-06-08 07:33:04.587000+00:00,58.310001373291016,113.77999877929688,27772066.75091914
2024-06-08 07:34:04.885000+00:00,54.560001373291016,0.0,0.0
2024-06-08 07:35:05.028000+00:00,53.0,0.0,0.0
2024-06-08 07:36:04.658000+00:00,52.79999923706055,0.0,0.0
2024-06-08 07:37:04.553000+00:00,52.900001525878906,0.0,0.0
2024-06-08 07:38:04.167000+00:00,53.38999938964844,0.0,0.0
2024-06-08 07:39:04.816000+00:00,56.63999938964844,65.80999755859375,15603223.835414642
2024-06-08 07:40:04.667000+00:00,58.79999923706055,206.3999938964844,50802633.35852786
2024-06-08 07:41:04.545000+00:00,59.61000061035156,206.3999938964844,51502466.74834313
2024-06-08 07:42:04.829000+00:00,57.900001525878906,206.3999938964844,50025043.99903928
2024-06-08 07:43:04.876000+00:00,57.79999923706055,185.58999633789065,44903647.49323752
2024-06-08 07:44:04.543000+00:00,58.400001525878906,0.0,0.0
2024-06-08 07:45:04.796000+00:00,59.0,114.9499969482422,28389660.54629517
2024-06-08 07:46:04.791000+00:00,59.43000030517578,96.16000366210938,23922106.950678643
2024-06-08 07:47:04.530000+00:00,59.70000076293945,83.04000091552734,20752045.261996035
2024-06-08 07:48:04.879000+00:00,59.70000076293945,72.77999877929688,18188027.603376064
2024-06-08 07:49:04.047000+00:00,59.70000076293945,65.0,16243773.207588196
2024-06-08 07:50:05.257000+00:00,59.59999847412109,58.52999877929688,14602391.489601783
2024-06-08 07:51:04.324000+00:00,58.18999862670898,0.0,0.0
2024-06-08 07:52:05.011000+00:00,58.29999923706055,0.0,0.0
2024-06-08 07:53:04.364000+00:00,58.27000045776367,0.0,0.0
2024-06-08 07:54:05.202000+00:00,58.20000076293945,0.0,0.0
2024-06-08 07:55:04.375000+00:00,58.09999847412109,0.0,0.0
2024-06-08 07:56:04.534000+00:00,58.09999847412109,0.0,0.0
2024-06-08 07:57:04.315000+00:00,58.0,0.0,0.0
2024-06-08 07:58:04.544000+00:00,58.0,0.0,0.0
2024-06-08 07:59:04.083000+00:00,58.0,0.0,0.0
2024-06-08 08:00:07.483000+00:00,58.0,0.0,0.0
2024-06-08 08:01:05.321000+00:00,58.09999847412109,0.0,0.0
2024-06-08 08:02:04.582000+00:00,58.09999847412109,0.0,0.0
2024-06-08 08:03:04.771000+00:00,58.18999862670898,0.0,0.0
2024-06-08 08:04:04.818000+00:00,58.20000076293945,0.0,0.0
2024-06-08 08:05:05.060000+00:00,58.20000076293945,0.0,0.0
2024-06-08 08:06:04.996000+00:00,58.20000076293945,0.0,0.0
2024-06-08 08:07:04.740000+00:00,58.29999923706055,0.0,0.0
2024-06-08 08:08:04.268000+00:00,58.29999923706055,0.0,0.0
2024-06-08 08:09:04.693000+00:00,58.29999923706055,0.0,0.0
2024-06-08 08:10:05.409000+00:00,58.29999923706055,0.0,0.0
2024-06-08 08:11:04.843000+00:00,58.29999923706055,0.0,0.0
2024-06-08 08:12:04.993000+00:00,58.29999923706055,0.0,0.0
2024-06-08 08:13:05.089000+00:00,58.20000076293945,0.0,0.0
2024-06-08 08:14:05.018000+00:00,58.20000076293945,0.0,0.0
2024-06-08 08:15:04.819000+00:00,58.119998931884766,0.0,0.0
2024-06-08 08:16:04.417000+00:00,58.0099983215332,0.0,0.0
2024-06-08 08:17:04.489000+00:00,57.9900016784668,0.0,0.0
2024-06-08 08:18:04.843000+00:00,57.900001525878906,0.0,0.0
2024-06-08 08:19:04.356000+00:00,57.79999923706055,0.0,0.0
2024-06-08 08:20:04.766000+00:00,57.7599983215332,0.0,0.0
2024-06-08 08:21:04.895000+00:00,57.70000076293945,0.0,0.0
2024-06-08 08:22:04.743000+00:00,57.59999847412109,0.0,0.0
2024-06-08 08:23:04.076000+00:00,57.630001068115234,0.0,0.0
2024-06-08 08:24:04.733000+00:00,57.70000076293945,0.0,0.0
2024-06-08 08:25:04.856000+00:00,57.70000076293945,0.0,0.0
2024-06-08 08:26:04.687000+00:00,57.70000076293945,0.0,0.0
2024-06-08 08:27:05.259000+00:00,57.709999084472656,0.0,0.0
2024-06-08 08:28:04.845000+00:00,57.869998931884766,0.0,0.0
2024-06-08 08:29:04.778000+00:00,58.0,0.0,0.0
2024-06-08 08:30:05.533000+00:00,58.09999847412109,0.0,0.0
2024-06-08 08:31:04.479000+00:00,58.20000076293945,0.0,0.0
2024-06-08 08:32:05.051000+00:00,58.20000076293945,0.0,0.0
2024-06-08 08:33:04.476000+00:00,58.29999923706055,0.0,0.0
2024-06-08 08:34:04.428000+00:00,58.400001525878906,0.0,0.0
2024-06-08 08:35:04.744000+00:00,57.70000076293945,0.0,0.0
2024-06-08 08:36:04.456000+00:00,57.900001525878906,0.0,0.0
2024-06-08 08:37:04.302000+00:00,55.0,0.0,0.0
2024-06-08 08:38:04.497000+00:00,56.0,0.0,0.0
2024-06-08 08:39:05.190000+00:00,57.09999847412109,0.0,0.0
2024-06-08 08:40:05.196000+00:00,57.900001525878906,0.0,0.0
2024-06-08 08:41:05.469000+00:00,58.400001525878906,0.0,0.0
2024-06-08 08:42:05.316000+00:00,58.77000045776367,0.0,0.0
2024-06-08 08:43:04.298000+00:00,58.900001525878906,0.0,0.0
2024-06-08 08:44:04.105000+00:00,59.0,0.0,0.0
2024-06-08 08:45:04.659000+00:00,59.0,0.0,0.0
2024-06-08 08:46:04.142000+00:00,59.0,0.0,0.0
2024-06-08 08:47:04.797000+00:00,58.900001525878906,0.0,0.0
2024-06-08 08:48:04.874000+00:00,58.900001525878906,0.0,0.0
2024-06-08 08:49:04.318000+00:00,58.79999923706055,0.0,0.0
2024-06-08 08:50:05.113000+00:00,58.79999923706055,0.0,0.0
2024-06-08 08:51:04.351000+00:00,58.70000076293945,0.0,0.0
2024-06-08 08:52:04.965000+00:00,58.59999847412109,0.0,0.0
2024-06-08 08:53:04.533000+00:00,58.59999847412109,0.0,0.0
2024-06-08 08:54:04.231000+00:00,58.5,0.0,0.0
2024-06-08 08:55:04.857000+00:00,58.400001525878906,0.0,0.0
2024-06-08 08:56:04.642000+00:00,58.38999938964844,0.0,0.0
2024-06-08 08:57:03.703000+00:00,58.29999923706055,0.0,0.0
2024-06-08 08:58:04.628000+00:00,58.29999923706055,0.0,0.0
2024-06-08 08:59:04.655000+00:00,58.20000076293945,0.0,0.0
2024-06-08 09:00:07.552000+00:00,58.20000076293945,0.0,0.0
2024-06-08 09:01:04.955000+00:00,58.11000061035156,0.0,0.0
2024-06-08 09:02:04.091000+00:00,58.09999847412109,0.0,0.0
2024-06-08 09:03:04.398000+00:00,58.09999847412109,0.0,0.0
2024-06-08 09:04:04.883000+00:00,58.09999847412109,0.0,0.0
2024-06-08 09:05:05.184000+00:00,58.09999847412109,0.0,0.0
2024-06-08 09:06:05.655000+00:00,58.09999847412109,0.0,0.0
2024-06-08 09:07:04.675000+00:00,58.09999847412109,0.0,0.0
2024-06-08 09:08:04.567000+00:00,58.09999847412109,0.0,0.0
2024-06-08 09:09:05.085000+00:00,58.09999847412109,0.0,0.0
2024-06-08 09:10:05.200000+00:00,58.09999847412109,0.0,0.0
2024-06-08 09:11:04.631000+00:00,58.09999847412109,0.0,0.0
2024-06-08 09:12:04.816000+00:00,58.18999862670898,0.0,0.0
2024-06-08 09:13:05.120000+00:00,58.09999847412109,0.0,0.0
2024-06-08 09:14:04.643000+00:00,58.20000076293945,0.0,0.0
2024-06-08 09:15:04.926000+00:00,58.20000076293945,0.0,0.0
2024-06-08 09:16:03.891000+00:00,58.29999923706055,0.0,0.0
2024-06-08 09:17:04.524000+00:00,58.29999923706055,0.0,0.0
2024-06-08 09:18:04.590000+00:00,58.400001525878906,0.0,0.0
2024-06-08 09:19:04.769000+00:00,58.400001525878906,0.0,0.0
2024-06-08 09:20:04.875000+00:00,58.400001525878906,0.0,0.0
2024-06-08 09:21:04.225000+00:00,58.5,0.0,0.0
2024-06-08 09:22:04.465000+00:00,58.5,0.0,0.0
2024-06-08 09:23:04.518000+00:00,58.59999847412109,0.0,0.0
2024-06-08 09:24:04.884000+00:00,58.59000015258789,0.0,0.0
2024-06-08 09:25:04.713000+00:00,58.5,0.0,0.0
2024-06-08 09:26:05.524000+00:00,58.43999862670898,0.0,0.0
2024-06-08 09:27:04.564000+00:00,58.400001525878906,0.0,0.0
2024-06-08 09:28:04.914000+00:00,58.400001525878906,0.0,0.0
2024-06-08 09:29:03.868000+00:00,58.400001525878906,0.0,0.0
2024-06-08 09:30:05.011000+00:00,58.400001525878906,0.0,0.0
2024-06-08 09:31:03.925000+00:00,58.400001525878906,0.0,0.0
2024-06-08 09:32:05.047000+00:00,58.310001373291016,0.0,0.0
2024-06-08 09:33:04.406000+00:00,58.29999923706055,0.0,0.0
2024-06-08 09:34:04.532000+00:00,58.29999923706055,0.0,0.0
2024-06-08 09:35:04.863000+00:00,58.29999923706055,0.0,0.0
2024-06-08 09:36:04.244000+00:00,58.29999923706055,0.0,0.0
2024-06-08 09:37:04.764000+00:00,58.29999923706055,0.0,0.0
2024-06-08 09:38:04.147000+00:00,58.29999923706055,0.0,0.0
2024-06-08 09:39:04.925000+00:00,58.29999923706055,0.0,0.0
2024-06-08 09:40:04.744000+00:00,58.29999923706055,0.0,0.0
2024-06-08 09:41:04.600000+00:00,58.29999923706055,0.0,0.0
2024-06-08 09:42:04.582000+00:00,58.290000915527344,0.0,0.0
2024-06-08 09:43:04.634000+00:00,58.29999923706055,0.0,0.0
2024-06-08 09:44:04.789000+00:00,58.209999084472656,0.0,0.0
2024-06-08 09:45:04.714000+00:00,58.209999084472656,0.0,0.0
2024-06-08 09:46:04.131000+00:00,58.29999923706055,0.0,0.0
2024-06-08 09:47:04.295000+00:00,58.29999923706055,0.0,0.0
2024-06-08 09:48:04.822000+00:00,58.29999923706055,0.0,0.0
2024-06-08 09:49:04.310000+00:00,58.29999923706055,0.0,0.0
2024-06-08 09:50:05.303000+00:00,58.29999923706055,0.0,0.0
2024-06-08 09:51:04.475000+00:00,58.29999923706055,0.0,0.0
2024-06-08 09:52:04.625000+00:00,58.29999923706055,0.0,0.0
2024-06-08 09:53:05.025000+00:00,58.29999923706055,0.0,0.0
2024-06-08 09:54:04.510000+00:00,58.310001373291016,0.0,0.0
2024-06-08 09:55:04.589000+00:00,58.29999923706055,0.0,0.0
2024-06-08 09:56:04.871000+00:00,58.400001525878906,0.0,0.0
2024-06-08 09:57:05.179000+00:00,58.400001525878906,0.0,0.0
2024-06-08 09:58:04.454000+00:00,58.400001525878906,0.0,0.0
2024-06-08 09:59:04.440000+00:00,58.400001525878906,0.0,0.0
2024-06-08 10:00:08.194000+00:00,58.400001525878906,0.0,0.0
2024-06-08 10:01:04.524000+00:00,58.400001525878906,0.0,0.0
2024-06-08 10:02:04.387000+00:00,58.400001525878906,0.0,0.0
2024-06-08 10:03:04.726000+00:00,58.29999923706055,0.0,0.0
2024-06-08 10:04:04.810000+00:00,58.27999877929688,0.0,0.0
2024-06-08 10:05:04.691000+00:00,58.20000076293945,0.0,0.0
2024-06-08 10:06:05.507000+00:00,58.20000076293945,0.0,0.0
2024-06-08 10:07:04.861000+00:00,58.20000076293945,0.0,0.0
2024-06-08 10:08:04.604000+00:00,58.09999847412109,0.0,0.0
2024-06-08 10:09:04.558000+00:00,58.09999847412109,0.0,0.0
2024-06-08 10:10:05.229000+00:00,58.09999847412109,0.0,0.0
2024-06-08 10:11:04.927000+00:00,58.09999847412109,0.0,0.0
2024-06-08 10:12:04.586000+00:00,58.09999847412109,0.0,0.0
2024-06-08 10:13:05.207000+00:00,58.09999847412109,0.0,0.0
2024-06-08 10:14:04.763000+00:00,58.09999847412109,0.0,0.0
2024-06-08 10:15:05.316000+00:00,58.20000076293945,0.0,0.0
2024-06-08 10:16:04.955000+00:00,58.20000076293945,0.0,0.0
2024-06-08 10:17:04.568000+00:00,58.20000076293945,0.0,0.0
2024-06-08 10:18:04.553000+00:00,58.20000076293945,0.0,0.0
2024-06-08 10:19:04.737000+00:00,58.20000076293945,0.0,0.0
2024-06-08 10:20:04.729000+00:00,58.20000076293945,0.0,0.0
2024-06-08 10:21:05.032000+00:00,58.29999923706055,0.0,0.0
2024-06-08 10:22:04.749000+00:00,58.29999923706055,0.0,0.0
2024-06-08 10:23:04.545000+00:00,58.29999923706055,0.0,0.0
2024-06-08 10:24:04.124000+00:00,58.400001525878906,0.0,0.0
2024-06-08 10:25:05.233000+00:00,58.400001525878906,0.0,0.0
2024-06-08 10:26:05.338000+00:00,58.400001525878906,0.0,0.0
2024-06-08 10:27:04.449000+00:00,58.400001525878906,0.0,0.0
2024-06-08 10:28:05.045000+00:00,58.41999816894531,0.0,0.0
2024-06-08 10:29:04.274000+00:00,58.5,0.0,0.0
2024-06-08 10:30:05.736000+00:00,58.5,0.0,0.0
2024-06-08 10:31:04.462000+00:00,58.560001373291016,0.0,0.0
2024-06-08 10:32:04.968000+00:00,58.540000915527344,0.0,0.0
2024-06-08 10:33:04.916000+00:00,58.5,0.0,0.0
2024-06-08 10:34:04.419000+00:00,58.5,0.0,0.0
2024-06-08 10:35:04.622000+00:00,58.5,0.0,0.0
2024-06-08 10:36:05.152000+00:00,58.5,0.0,0.0
2024-06-08 10:37:04.142000+00:00,58.470001220703125,0.0,0.0
2024-06-08 10:38:04.715000+00:00,58.5,0.0,0.0
2024-06-08 10:39:05.102000+00:00,58.5,0.0,0.0
2024-06-08 10:40:05.511000+00:00,58.56999969482422,0.0,0.0
2024-06-08 10:41:04.402000+00:00,58.5,0.0,0.0
2024-06-08 10:42:05.049000+00:00,58.5,0.0,0.0
2024-06-08 10:43:04.454000+00:00,58.5,0.0,0.0
2024-06-08 10:44:04.423000+00:00,58.40999984741211,0.0,0.0
2024-06-08 10:45:05.420000+00:00,58.400001525878906,0.0,0.0
2024-06-08 10:46:04.415000+00:00,58.400001525878906,0.0,0.0
2024-06-08 10:47:04.458000+00:00,58.400001525878906,0.0,0.0
2024-06-08 10:48:04.622000+00:00,58.400001525878906,0.0,0.0
2024-06-08 10:49:04.400000+00:00,58.310001373291016,0.0,0.0
2024-06-08 10:50:05.147000+00:00,58.29999923706055,0.0,0.0
2024-06-08 10:51:04.453000+00:00,58.29999923706055,0.0,0.0
2024-06-08 10:52:05.062000+00:00,58.29999923706055,0.0,0.0
2024-06-08 10:53:05.158000+00:00,58.29999923706055,0.0,0.0
2024-06-08 10:54:05.083000+00:00,58.29999923706055,0.0,0.0
2024-06-08 10:55:04.256000+00:00,58.25,0.0,0.0
2024-06-08 10:56:04.246000+00:00,58.29999923706055,0.0,0.0
2024-06-08 10:57:04.122000+00:00,58.20000076293945,0.0,0.0
2024-06-08 10:58:04.741000+00:00,58.20000076293945,0.0,0.0
2024-06-08 10:59:04.325000+00:00,58.20000076293945,0.0,0.0
2024-06-08 11:00:06.508000+00:00,58.20000076293945,0.0,0.0
2024-06-08 11:01:05.381000+00:00,58.20000076293945,0.0,0.0
2024-06-08 11:02:04.464000+00:00,58.20000076293945,0.0,0.0
2024-06-08 11:03:04.915000+00:00,58.20000076293945,0.0,0.0
2024-06-08 11:04:04.456000+00:00,58.20000076293945,0.0,0.0
2024-06-08 11:05:05.020000+00:00,58.09999847412109,0.0,0.0
2024-06-08 11:06:05.278000+00:00,58.09999847412109,0.0,0.0
2024-06-08 11:07:04.254000+00:00,58.09999847412109,0.0,0.0
2024-06-08 11:08:05.839000+00:00,58.09999847412109,0.0,0.0
2024-06-08 11:09:04.618000+00:00,58.09999847412109,0.0,0.0
2024-06-08 11:10:05.381000+00:00,58.0,0.0,0.0
2024-06-08 11:11:04.764000+00:00,58.02000045776367,0.0,0.0
2024-06-08 11:12:04.398000+00:00,58.09999847412109,0.0,0.0
2024-06-08 11:13:04.901000+00:00,58.20000076293945,0.0,0.0
2024-06-08 11:14:04.466000+00:00,58.29999923706055,0.0,0.0
2024-06-08 11:15:05.239000+00:00,58.29999923706055,0.0,0.0
2024-06-08 11:16:05.273000+00:00,58.400001525878906,0.0,0.0
2024-06-08 11:17:04.743000+00:00,58.5,0.0,0.0
2024-06-08 11:18:04.629000+00:00,58.5,0.0,0.0
2024-06-08 11:19:04.389000+00:00,58.59999847412109,0.0,0.0
2024-06-08 11:20:05.225000+00:00,58.70000076293945,0.0,0.0
2024-06-08 11:21:04.655000+00:00,58.79999923706055,0.0,0.0
2024-06-08 11:22:04.187000+00:00,58.79999923706055,0.0,0.0
2024-06-08 11:23:05.506000+00:00,58.79999923706055,0.0,0.0
2024-06-08 11:24:04.287000+00:00,58.79999923706055,0.0,0.0
2024-06-08 11:25:04.719000+00:00,58.709999084472656,0.0,0.0
2024-06-08 11:26:04.993000+00:00,58.70000076293945,0.0,0.0
2024-06-08 11:27:04.869000+00:00,58.70000076293945,0.0,0.0
2024-06-08 11:28:05.070000+00:00,58.70000076293945,0.0,0.0
2024-06-08 11:29:04.268000+00:00,58.70000076293945,0.0,0.0
2024-06-08 11:30:06.187000+00:00,58.59999847412109,0.0,0.0
2024-06-08 11:31:04.653000+00:00,58.5,0.0,0.0
2024-06-08 11:32:04.675000+00:00,58.400001525878906,0.0,0.0
2024-06-08 11:33:04.341000+00:00,58.29999923706055,0.0,0.0
2024-06-08 11:34:04.429000+00:00,58.29999923706055,0.0,0.0
2024-06-08 11:35:04.169000+00:00,58.20000076293945,0.0,0.0
2024-06-08 11:36:05.176000+00:00,58.20000076293945,0.0,0.0
2024-06-08 11:37:04.542000+00:00,58.20000076293945,0.0,0.0
2024-06-08 11:38:05.525000+00:00,58.09999847412109,0.0,0.0
2024-06-08 11:39:04.714000+00:00,58.09999847412109,0.0,0.0
2024-06-08 11:40:05.248000+00:00,58.09999847412109,0.0,0.0
2024-06-08 11:41:04.726000+00:00,58.09999847412109,0.0,0.0
2024-06-08 11:42:05.120000+00:00,58.11000061035156,0.0,0.0
2024-06-08 11:43:05.038000+00:00,58.20000076293945,0.0,0.0
2024-06-08 11:44:04.533000+00:00,58.20000076293945,0.0,0.0
2024-06-08 11:45:04.957000+00:00,58.20000076293945,0.0,0.0
2024-06-08 11:46:04.344000+00:00,58.20000076293945,0.0,0.0
2024-06-08 11:47:04.749000+00:00,58.29999923706055,0.0,0.0
2024-06-08 11:48:04.517000+00:00,58.29999923706055,0.0,0.0
2024-06-08 11:49:04.219000+00:00,58.29999923706055,0.0,0.0
2024-06-08 11:50:04.693000+00:00,58.400001525878906,0.0,0.0
2024-06-08 11:51:04.689000+00:00,58.400001525878906,0.0,0.0
2024-06-08 11:52:05.297000+00:00,58.400001525878906,0.0,0.0
2024-06-08 11:53:04.226000+00:00,58.400001525878906,0.0,0.0
2024-06-08 11:54:04.523000+00:00,58.5,0.0,0.0
2024-06-08 11:55:04.656000+00:00,58.5,0.0,0.0
2024-06-08 11:56:05.131000+00:00,58.5,0.0,0.0
2024-06-08 11:57:04.188000+00:00,58.5,0.0,0.0
2024-06-08 11:58:04.502000+00:00,58.59999847412109,0.0,0.0
2024-06-08 11:59:04.994000+00:00,58.59999847412109,0.0,0.0
2024-06-08 12:00:08.607000+00:00,58.5,0.0,0.0
2024-06-08 12:01:05.666000+00:00,58.5,0.0,0.0
2024-06-08 12:02:04.955000+00:00,58.5,0.0,0.0
2024-06-08 12:03:05.022000+00:00,58.5,0.0,0.0
2024-06-08 12:04:04.538000+00:00,58.5,0.0,0.0
2024-06-08 12:05:04.836000+00:00,58.5,0.0,0.0
2024-06-08 12:06:05.105000+00:00,58.459999084472656,0.0,0.0
2024-06-08 12:07:04.289000+00:00,58.5,0.0,0.0
2024-06-08 12:08:04.523000+00:00,58.400001525878906,0.0,0.0
2024-06-08 12:09:04.529000+00:00,58.400001525878906,0.0,0.0
2024-06-08 12:10:04.920000+00:00,58.400001525878906,0.0,0.0
2024-06-08 12:11:04.556000+00:00,58.400001525878906,0.0,0.0
2024-06-08 12:12:04.793000+00:00,58.400001525878906,0.0,0.0
2024-06-08 12:13:04.342000+00:00,58.400001525878906,0.0,0.0
2024-06-08 12:14:05.150000+00:00,58.400001525878906,0.0,0.0
2024-06-08 12:15:05.089000+00:00,58.400001525878906,0.0,0.0
2024-06-08 12:16:04.208000+00:00,58.400001525878906,0.0,0.0
2024-06-08 12:17:04.676000+00:00,58.400001525878906,0.0,0.0
2024-06-08 12:18:04.460000+00:00,58.400001525878906,0.0,0.0
2024-06-08 12:19:04.852000+00:00,58.400001525878906,0.0,0.0
2024-06-08 12:20:04.882000+00:00,58.400001525878906,0.0,0.0
2024-06-08 12:21:05.010000+00:00,58.400001525878906,0.0,0.0
2024-06-08 12:22:04.541000+00:00,58.400001525878906,0.0,0.0
2024-06-08 12:23:04.703000+00:00,58.41999816894531,0.0,0.0
2024-06-08 12:24:04.560000+00:00,58.400001525878906,0.0,0.0
2024-06-08 12:25:04.820000+00:00,58.470001220703125,0.0,0.0
2024-06-08 12:26:04.557000+00:00,58.47999954223633,0.0,0.0
2024-06-08 12:27:04.303000+00:00,58.5,0.0,0.0
2024-06-08 12:28:05.134000+00:00,58.29999923706055,0.0,0.0
2024-06-08 12:29:04.474000+00:00,58.20000076293945,0.0,0.0
2024-06-08 12:30:05.243000+00:00,58.0099983215332,0.0,0.0
2024-06-08 12:31:04.421000+00:00,57.900001525878906,0.0,0.0
2024-06-08 12:32:04.554000+00:00,57.79999923706055,0.0,0.0
2024-06-08 12:33:04.595000+00:00,57.70000076293945,0.0,0.0
2024-06-08 12:34:04.316000+00:00,57.70000076293945,0.0,0.0
2024-06-08 12:35:04.471000+00:00,57.79999923706055,0.0,0.0
2024-06-08 12:36:04.894000+00:00,57.900001525878906,0.0,0.0
2024-06-08 12:37:04.253000+00:00,57.95000076293945,0.0,0.0
2024-06-08 12:38:05.055000+00:00,58.06999969482422,0.0,0.0
2024-06-08 12:39:05.154000+00:00,58.09999847412109,0.0,0.0
2024-06-08 12:40:05.119000+00:00,58.20000076293945,0.0,0.0
2024-06-08 12:41:04.720000+00:00,58.29999923706055,0.0,0.0
2024-06-08 12:42:05.147000+00:00,58.400001525878906,0.0,0.0
2024-06-08 12:43:04.553000+00:00,58.5,0.0,0.0
2024-06-08 12:44:04.872000+00:00,58.59999847412109,0.0,0.0
2024-06-08 12:45:04.316000+00:00,58.61000061035156,0.0,0.0
2024-06-08 12:46:04.462000+00:00,58.70000076293945,0.0,0.0
2024-06-08 12:47:05.395000+00:00,58.70000076293945,0.0,0.0
2024-06-08 12:48:04.939000+00:00,58.70000076293945,0.0,0.0
2024-06-08 12:49:04.182000+00:00,58.70000076293945,0.0,0.0
2024-06-08 12:50:04.905000+00:00,58.70000076293945,0.0,0.0
2024-06-08 12:51:04.763000+00:00,58.59999847412109,0.0,0.0
2024-06-08 12:52:04.914000+00:00,58.59999847412109,0.0,0.0
2024-06-08 12:53:04.834000+00:00,58.59999847412109,0.0,0.0
2024-06-08 12:54:04.406000+00:00,58.59999847412109,0.0,0.0
2024-06-08 12:55:04.892000+00:00,58.59999847412109,0.0,0.0
2024-06-08 12:56:04.476000+00:00,58.59999847412109,0.0,0.0
2024-06-08 12:57:04.588000+00:00,58.5,0.0,0.0
2024-06-08 12:58:04.682000+00:00,58.5,0.0,0.0
2024-06-08 12:59:04.862000+00:00,58.470001220703125,0.0,0.0
2024-06-08 13:00:08.461000+00:00,58.4900016784668,0.0,0.0
2024-06-08 13:01:04.890000+00:00,58.400001525878906,0.0,0.0
2024-06-08 13:02:05.261000+00:00,58.400001525878906,0.0,0.0
2024-06-08 13:03:04.422000+00:00,58.400001525878906,0.0,0.0
2024-06-08 13:04:04.495000+00:00,58.400001525878906,0.0,0.0
2024-06-08 13:05:05.085000+00:00,58.400001525878906,0.0,0.0
2024-06-08 13:06:05.071000+00:00,58.400001525878906,0.0,0.0
2024-06-08 13:07:04.207000+00:00,58.400001525878906,0.0,0.0
2024-06-08 13:08:04.473000+00:00,58.29999923706055,0.0,0.0
2024-06-08 13:09:04.330000+00:00,58.29999923706055,0.0,0.0
2024-06-08 13:10:04.909000+00:00,58.29999923706055,0.0,0.0
2024-06-08 13:11:04.382000+00:00,58.29999923706055,0.0,0.0
2024-06-08 13:12:04.346000+00:00,58.29999923706055,0.0,0.0
2024-06-08 13:13:04.689000+00:00,58.29999923706055,0.0,0.0
2024-06-08 13:14:04.626000+00:00,58.29999923706055,0.0,0.0
2024-06-08 13:15:05.682000+00:00,58.29999923706055,0.0,0.0
2024-06-08 13:16:04.960000+00:00,58.29999923706055,0.0,0.0
2024-06-08 13:17:04.901000+00:00,58.29999923706055,0.0,0.0
2024-06-08 13:18:05.129000+00:00,58.29999923706055,0.0,0.0
2024-06-08 13:19:04.825000+00:00,58.29999923706055,0.0,0.0
2024-06-08 13:20:04.846000+00:00,58.29999923706055,0.0,0.0
2024-06-08 13:21:04.762000+00:00,58.29999923706055,0.0,0.0
2024-06-08 13:22:04.911000+00:00,58.400001525878906,0.0,0.0
2024-06-08 13:23:04.135000+00:00,58.400001525878906,0.0,0.0
2024-06-08 13:24:04.694000+00:00,58.400001525878906,0.0,0.0
2024-06-08 13:25:04.965000+00:00,58.400001525878906,0.0,0.0
2024-06-08 13:26:05.258000+00:00,58.459999084472656,0.0,0.0
2024-06-08 13:27:05.082000+00:00,58.4900016784668,0.0,0.0
2024-06-08 13:28:05.240000+00:00,58.5,0.0,0.0
2024-06-08 13:29:04.483000+00:00,58.5,0.0,0.0
2024-06-08 13:30:05.377000+00:00,58.5,0.0,0.0
2024-06-08 13:31:04.485000+00:00,58.5,0.0,0.0
2024-06-08 13:32:04.692000+00:00,58.52000045776367,0.0,0.0
2024-06-08 13:33:05.013000+00:00,58.59999847412109,0.0,0.0
2024-06-08 13:34:04.297000+00:00,58.59999847412109,0.0,0.0
2024-06-08 13:35:05.395000+00:00,58.59999847412109,0.0,0.0
2024-06-08 13:36:04.829000+00:00,58.59999847412109,0.0,0.0
2024-06-08 13:37:04.819000+00:00,58.68999862670898,0.0,0.0
2024-06-08 13:38:04.621000+00:00,58.59999847412109,0.0,0.0
2024-06-08 13:39:04.802000+00:00,58.59999847412109,0.0,0.0
2024-06-08 13:40:05.131000+00:00,58.5,0.0,0.0
2024-06-08 13:41:04.342000+00:00,58.5,0.0,0.0
2024-06-08 13:42:05.228000+00:00,58.400001525878906,0.0,0.0
2024-06-08 13:43:04.823000+00:00,58.400001525878906,0.0,0.0
2024-06-08 13:44:04.472000+00:00,58.400001525878906,0.0,0.0
2024-06-08 13:45:05.057000+00:00,58.29999923706055,0.0,0.0
2024-06-08 13:46:04.574000+00:00,58.29999923706055,0.0,0.0
2024-06-08 13:47:05.050000+00:00,58.29999923706055,0.0,0.0
2024-06-08 13:48:04.992000+00:00,58.29999923706055,0.0,0.0
2024-06-08 13:49:04.057000+00:00,58.29999923706055,0.0,0.0
2024-06-08 13:50:04.729000+00:00,58.29999923706055,0.0,0.0
2024-06-08 13:51:04.706000+00:00,58.29999923706055,0.0,0.0
2024-06-08 13:52:05.404000+00:00,58.29999923706055,0.0,0.0
2024-06-08 13:53:03.982000+00:00,58.29999923706055,0.0,0.0
2024-06-08 13:54:04.182000+00:00,58.400001525878906,0.0,0.0
2024-06-08 13:55:04.843000+00:00,58.400001525878906,0.0,0.0
2024-06-08 13:56:05.249000+00:00,58.5,0.0,0.0
2024-06-08 13:57:04.504000+00:00,58.59999847412109,0.0,0.0
2024-06-08 13:58:04.731000+00:00,58.59999847412109,0.0,0.0
2024-06-08 13:59:04.838000+00:00,58.59999847412109,0.0,0.0
2024-06-08 14:00:07.739000+00:00,58.59999847412109,0.0,0.0
2024-06-08 14:01:05.635000+00:00,58.59999847412109,0.0,0.0
2024-06-08 14:02:04.725000+00:00,58.59999847412109,0.0,0.0
2024-06-08 14:03:04.417000+00:00,58.59999847412109,0.0,0.0
2024-06-08 14:04:04.637000+00:00,58.59999847412109,0.0,0.0
2024-06-08 14:05:04.619000+00:00,58.59999847412109,0.0,0.0
2024-06-08 14:06:05.052000+00:00,58.59999847412109,0.0,0.0
2024-06-08 14:07:04.330000+00:00,58.59999847412109,0.0,0.0
2024-06-08 14:08:04.064000+00:00,58.59999847412109,0.0,0.0
2024-06-08 14:09:04.444000+00:00,58.59999847412109,0.0,0.0
2024-06-08 14:10:04.837000+00:00,58.5,0.0,0.0
2024-06-08 14:11:04.949000+00:00,58.5,0.0,0.0
2024-06-08 14:12:04.999000+00:00,58.45000076293945,0.0,0.0
2024-06-08 14:13:04.903000+00:00,58.400001525878906,0.0,0.0
2024-06-08 14:14:04.420000+00:00,58.369998931884766,0.0,0.0
2024-06-08 14:15:05.230000+00:00,58.29999923706055,0.0,0.0
2024-06-08 14:16:04.752000+00:00,58.29999923706055,0.0,0.0
2024-06-08 14:17:04.605000+00:00,58.29999923706055,0.0,0.0
2024-06-08 14:18:04.437000+00:00,58.29999923706055,0.0,0.0
2024-06-08 14:19:04.723000+00:00,58.29999923706055,0.0,0.0
2024-06-08 14:20:04.804000+00:00,58.29999923706055,0.0,0.0
2024-06-08 14:21:04.725000+00:00,58.31999969482422,0.0,0.0
2024-06-08 14:22:04.759000+00:00,58.400001525878906,0.0,0.0
2024-06-08 14:23:04.698000+00:00,58.400001525878906,0.0,0.0
2024-06-08 14:24:05.195000+00:00,58.400001525878906,0.0,0.0
2024-06-08 14:25:05.214000+00:00,58.400001525878906,0.0,0.0
2024-06-08 14:26:04.636000+00:00,58.47999954223633,0.0,0.0
2024-06-08 14:27:05.177000+00:00,58.5,0.0,0.0
2024-06-08 14:28:04.885000+00:00,58.470001220703125,0.0,0.0
2024-06-08 14:29:04.857000+00:00,58.5,0.0,0.0
2024-06-08 14:30:05.300000+00:00,58.59000015258789,0.0,0.0
2024-06-08 14:31:04.685000+00:00,58.54999923706055,0.0,0.0
2024-06-08 14:32:04.529000+00:00,58.59999847412109,0.0,0.0
2024-06-08 14:33:04.908000+00:00,58.59999847412109,0.0,0.0
2024-06-08 14:34:04.093000+00:00,58.5099983215332,0.0,0.0
2024-06-08 14:35:04.652000+00:00,58.59999847412109,0.0,0.0
2024-06-08 14:36:04.576000+00:00,58.5,0.0,0.0
2024-06-08 14:37:04.603000+00:00,58.5,0.0,0.0
2024-06-08 14:38:04.876000+00:00,58.4900016784668,0.0,0.0
2024-06-08 14:39:05.304000+00:00,58.400001525878906,0.0,0.0
2024-06-08 14:40:04.561000+00:00,58.400001525878906,0.0,0.0
2024-06-08 14:41:04.871000+00:00,58.400001525878906,0.0,0.0
2024-06-08 14:42:05.028000+00:00,58.400001525878906,0.0,0.0
2024-06-08 14:43:04.239000+00:00,58.400001525878906,0.0,0.0
2024-06-08 14:44:03.936000+00:00,58.400001525878906,0.0,0.0
2024-06-08 14:45:04.316000+00:00,58.400001525878906,0.0,0.0
2024-06-08 14:46:04.518000+00:00,58.400001525878906,0.0,0.0
2024-06-08 14:47:04.909000+00:00,58.400001525878906,0.0,0.0
2024-06-08 14:48:04.505000+00:00,58.400001525878906,0.0,0.0
2024-06-08 14:49:04.274000+00:00,58.400001525878906,0.0,0.0
2024-06-08 14:50:04.764000+00:00,58.400001525878906,0.0,0.0
2024-06-08 14:51:04.857000+00:00,58.5,0.0,0.0
2024-06-08 14:52:05.291000+00:00,58.5,0.0,0.0
2024-06-08 14:53:04.672000+00:00,58.59999847412109,0.0,0.0
2024-06-08 14:54:04.173000+00:00,58.59999847412109,0.0,0.0
2024-06-08 14:55:04.797000+00:00,58.59999847412109,0.0,0.0
2024-06-08 14:56:04.897000+00:00,58.59999847412109,0.0,0.0
2024-06-08 14:57:04.743000+00:00,58.59999847412109,0.0,0.0
2024-06-08 14:58:04.245000+00:00,58.59999847412109,0.0,0.0
2024-06-08 14:59:04.319000+00:00,58.59999847412109,0.0,0.0
2024-06-08 15:00:07.321000+00:00,58.59999847412109,0.0,0.0
2024-06-08 15:01:04.548000+00:00,58.59999847412109,0.0,0.0
2024-06-08 15:02:04.866000+00:00,58.59999847412109,0.0,0.0
2024-06-08 15:03:04.681000+00:00,58.59999847412109,0.0,0.0
2024-06-08 15:04:04.577000+00:00,58.59999847412109,0.0,0.0
2024-06-08 15:05:04.740000+00:00,58.59999847412109,0.0,0.0
2024-06-08 15:06:05.263000+00:00,58.59999847412109,0.0,0.0
2024-06-08 15:07:04.444000+00:00,58.59999847412109,0.0,0.0
2024-06-08 15:08:04.601000+00:00,58.540000915527344,0.0,0.0
2024-06-08 15:09:04.907000+00:00,58.5,0.0,0.0
2024-06-08 15:10:04.570000+00:00,58.59999847412109,0.0,0.0
2024-06-08 15:11:04.318000+00:00,58.59999847412109,0.0,0.0
2024-06-08 15:12:04.471000+00:00,58.59999847412109,0.0,0.0
2024-06-08 15:13:05.211000+00:00,58.59999847412109,0.0,0.0
2024-06-08 15:14:04.924000+00:00,58.5,0.0,0.0
2024-06-08 15:15:04.920000+00:00,58.400001525878906,0.0,0.0
2024-06-08 15:16:04.549000+00:00,58.400001525878906,0.0,0.0
2024-06-08 15:17:04.948000+00:00,58.29999923706055,0.0,0.0
2024-06-08 15:18:04.413000+00:00,58.29999923706055,0.0,0.0
2024-06-08 15:19:04.655000+00:00,58.29999923706055,0.0,0.0
2024-06-08 15:20:05.066000+00:00,58.29999923706055,0.0,0.0
2024-06-08 15:21:04.541000+00:00,58.29999923706055,0.0,0.0
2024-06-08 15:22:04.132000+00:00,58.29999923706055,0.0,0.0
2024-06-08 15:23:04.527000+00:00,58.29999923706055,0.0,0.0
2024-06-08 15:24:04.636000+00:00,58.29999923706055,0.0,0.0
2024-06-08 15:25:04.609000+00:00,58.29999923706055,0.0,0.0
2024-06-08 15:26:05.041000+00:00,58.29999923706055,0.0,0.0
2024-06-08 15:27:04.926000+00:00,58.400001525878906,0.0,0.0
2024-06-08 15:28:04.766000+00:00,58.5,0.0,0.0
2024-06-08 15:29:04.574000+00:00,58.5,0.0,0.0
2024-06-08 15:30:04.970000+00:00,58.59999847412109,0.0,0.0
2024-06-08 15:31:04.279000+00:00,58.59999847412109,0.0,0.0
2024-06-08 15:32:04.369000+00:00,58.59999847412109,0.0,0.0
2024-06-08 15:33:04.096000+00:00,58.59999847412109,0.0,0.0
2024-06-08 15:34:04.346000+00:00,58.59999847412109,0.0,0.0
2024-06-08 15:35:04.409000+00:00,58.56999969482422,0.0,0.0
2024-06-08 15:36:04.754000+00:00,58.59999847412109,0.0,0.0
2024-06-08 15:37:04.289000+00:00,58.59999847412109,0.0,0.0
2024-06-08 15:38:04.774000+00:00,58.59999847412109,0.0,0.0
2024-06-08 15:39:05.064000+00:00,58.59999847412109,0.0,0.0
2024-06-08 15:40:05.033000+00:00,58.59999847412109,0.0,0.0
2024-06-08 15:41:05.041000+00:00,58.59999847412109,0.0,0.0
2024-06-08 15:42:04.629000+00:00,58.59999847412109,0.0,0.0
2024-06-08 15:43:04.289000+00:00,58.59000015258789,0.0,0.0
2024-06-08 15:44:04.582000+00:00,58.59999847412109,0.0,0.0
2024-06-08 15:45:05.104000+00:00,58.59999847412109,0.0,0.0
2024-06-08 15:46:04.733000+00:00,58.59999847412109,0.0,0.0
2024-06-08 15:47:04.768000+00:00,58.5,0.0,0.0
2024-06-08 15:48:04.455000+00:00,58.5,0.0,0.0
2024-06-08 15:49:04.594000+00:00,58.400001525878906,0.0,0.0
2024-06-08 15:50:04.598000+00:00,58.400001525878906,0.0,0.0
2024-06-08 15:51:04.188000+00:00,58.29999923706055,0.0,0.0
2024-06-08 15:52:04.727000+00:00,58.29999923706055,0.0,0.0
2024-06-08 15:53:04.238000+00:00,58.29999923706055,0.0,0.0
2024-06-08 15:54:04.166000+00:00,58.29999923706055,0.0,0.0
2024-06-08 15:55:04.935000+00:00,58.20000076293945,0.0,0.0
2024-06-08 15:56:04.288000+00:00,58.20000076293945,0.0,0.0
2024-06-08 15:57:04.469000+00:00,58.29999923706055,0.0,0.0
2024-06-08 15:58:04.586000+00:00,58.20000076293945,0.0,0.0
2024-06-08 15:59:04.391000+00:00,58.29999923706055,0.0,0.0
2024-06-08 16:00:06.696000+00:00,58.400001525878906,0.0,0.0
2024-06-08 16:01:04.498000+00:00,58.400001525878906,0.0,0.0
2024-06-08 16:02:04.384000+00:00,58.4900016784668,0.0,0.0
2024-06-08 16:03:04.845000+00:00,58.5,0.0,0.0
2024-06-08 16:04:04.525000+00:00,58.59999847412109,0.0,0.0
2024-06-08 16:05:04.229000+00:00,58.5,0.0,0.0
2024-06-08 16:06:04.809000+00:00,56.84000015258789,0.0,0.0
2024-06-08 16:07:04.715000+00:00,56.29999923706055,0.0,0.0
2024-06-08 16:08:04.044000+00:00,57.09999847412109,0.0,0.0
2024-06-08 16:09:04.398000+00:00,57.9900016784668,0.0,0.0
2024-06-08 16:10:05.179000+00:00,58.59999847412109,0.0,0.0
2024-06-08 16:11:04.693000+00:00,59.0,0.0,0.0
2024-06-08 16:12:04.718000+00:00,59.29999923706055,0.0,0.0
2024-06-08 16:13:05.121000+00:00,59.400001525878906,0.0,0.0
2024-06-08 16:14:04.502000+00:00,59.400001525878906,0.0,0.0
2024-06-08 16:15:04.656000+00:00,59.29999923706055,0.0,0.0
2024-06-08 16:16:04.160000+00:00,59.20000076293945,0.0,0.0
2024-06-08 16:17:05.053000+00:00,59.0,0.0,0.0
2024-06-08 16:18:04.481000+00:00,58.900001525878906,0.0,0.0
2024-06-08 16:19:04.685000+00:00,58.70000076293945,0.0,0.0
2024-06-08 16:20:04.824000+00:00,58.59999847412109,0.0,0.0
2024-06-08 16:21:04.955000+00:00,58.400001525878906,0.0,0.0
2024-06-08 16:22:04.013000+00:00,58.29999923706055,0.0,0.0
2024-06-08 16:23:04.317000+00:00,58.20000076293945,0.0,0.0
2024-06-08 16:24:04.831000+00:00,58.09999847412109,0.0,0.0
2024-06-08 16:25:04.709000+00:00,58.0,0.0,0.0
2024-06-08 16:26:04.383000+00:00,58.0,0.0,0.0
2024-06-08 16:27:05.018000+00:00,57.900001525878906,0.0,0.0
2024-06-08 16:28:04.409000+00:00,58.0,0.0,0.0
2024-06-08 16:29:04.804000+00:00,58.09999847412109,0.0,0.0
2024-06-08 16:30:05.198000+00:00,58.09999847412109,0.0,0.0
2024-06-08 16:31:04.578000+00:00,58.20000076293945,0.0,0.0
2024-06-08 16:32:04.352000+00:00,58.20000076293945,0.0,0.0
2024-06-08 16:33:04.277000+00:00,58.29999923706055,0.0,0.0
2024-06-08 16:34:04.673000+00:00,58.400001525878906,0.0,0.0
2024-06-08 16:35:04.505000+00:00,58.400001525878906,0.0,0.0
2024-06-08 16:36:04.678000+00:00,58.5,0.0,0.0
2024-06-08 16:37:04.103000+00:00,58.59999847412109,0.0,0.0
2024-06-08 16:38:04.636000+00:00,58.59999847412109,0.0,0.0
2024-06-08 16:39:04.723000+00:00,58.70000076293945,0.0,0.0
2024-06-08 16:40:04.919000+00:00,58.70000076293945,0.0,0.0
2024-06-08 16:41:04.662000+00:00,58.70000076293945,0.0,0.0
2024-06-08 16:42:04.580000+00:00,58.70000076293945,0.0,0.0
2024-06-08 16:43:04.713000+00:00,58.70000076293945,0.0,0.0
2024-06-08 16:44:04.489000+00:00,58.70000076293945,0.0,0.0
2024-06-08 16:45:04.489000+00:00,58.70000076293945,0.0,0.0
2024-06-08 16:46:04.675000+00:00,58.70000076293945,0.0,0.0
2024-06-08 16:47:04.765000+00:00,58.59999847412109,0.0,0.0
2024-06-08 16:48:04.528000+00:00,58.59999847412109,0.0,0.0
2024-06-08 16:49:03.922000+00:00,58.5,0.0,0.0
2024-06-08 16:50:04.784000+00:00,58.5,0.0,0.0
2024-06-08 16:51:04.527000+00:00,58.400001525878906,0.0,0.0
2024-06-08 16:52:05.202000+00:00,58.400001525878906,0.0,0.0
2024-06-08 16:53:04.365000+00:00,58.29999923706055,0.0,0.0
2024-06-08 16:54:05.006000+00:00,58.29999923706055,0.0,0.0
2024-06-08 16:55:05.017000+00:00,58.29999923706055,0.0,0.0
2024-06-08 16:56:04.504000+00:00,58.29999923706055,0.0,0.0
2024-06-08 16:57:04.412000+00:00,58.20000076293945,0.0,0.0
2024-06-08 16:58:04.770000+00:00,58.20000076293945,0.0,0.0
2024-06-08 16:59:04.938000+00:00,58.20000076293945,0.0,0.0
2024-06-08 17:00:07.384000+00:00,58.20000076293945,0.0,0.0
2024-06-08 17:01:04.919000+00:00,58.20000076293945,0.0,0.0
2024-06-08 17:02:04.455000+00:00,58.209999084472656,0.0,0.0
2024-06-08 17:03:04.411000+00:00,58.29999923706055,0.0,0.0
2024-06-08 17:04:04.816000+00:00,58.29999923706055,0.0,0.0
2024-06-08 17:05:04.535000+00:00,58.400001525878906,0.0,0.0
2024-06-08 17:06:05.898000+00:00,58.400001525878906,0.0,0.0
2024-06-08 17:07:04.155000+00:00,58.470001220703125,0.0,0.0
2024-06-08 17:08:04.441000+00:00,58.5,0.0,0.0
2024-06-08 17:09:04.862000+00:00,58.29999923706055,0.0,0.0
2024-06-08 17:10:05.852000+00:00,58.20000076293945,0.0,0.0
2024-06-08 17:11:04.628000+00:00,58.20000076293945,0.0,0.0
2024-06-08 17:12:05.137000+00:00,58.290000915527344,0.0,0.0
2024-06-08 17:13:04.829000+00:00,58.29999923706055,0.0,0.0
2024-06-08 17:14:04.657000+00:00,58.29999923706055,0.0,0.0
2024-06-08 17:15:05.226000+00:00,58.310001373291016,0.0,0.0
2024-06-08 17:16:04.792000+00:00,58.400001525878906,0.0,0.0
2024-06-08 17:17:05.100000+00:00,58.400001525878906,0.0,0.0
2024-06-08 17:18:04.569000+00:00,58.5,0.0,0.0
2024-06-08 17:19:04.477000+00:00,58.5,0.0,0.0
2024-06-08 17:20:04.788000+00:00,58.5,0.0,0.0
2024-06-08 17:21:04.340000+00:00,58.59999847412109,0.0,0.0
2024-06-08 17:22:04.512000+00:00,57.18999862670898,0.0,0.0
2024-06-08 17:23:04.652000+00:00,52.310001373291016,0.0,0.0
2024-06-08 17:24:05.223000+00:00,51.20000076293945,0.0,0.0
2024-06-08 17:25:04.420000+00:00,52.400001525878906,0.0,0.0
2024-06-08 17:26:04.727000+00:00,55.400001525878906,0.0,0.0
2024-06-08 17:27:04.627000+00:00,58.790000915527344,0.0,0.0
2024-06-08 17:28:04.955000+00:00,58.79999923706055,0.0,0.0
2024-06-08 17:29:04.775000+00:00,59.13999938964844,0.0,0.0
2024-06-08 17:30:05.785000+00:00,59.29999923706055,0.0,0.0
2024-06-08 17:31:04.397000+00:00,59.58000183105469,0.0,0.0
2024-06-08 17:32:05.064000+00:00,59.70000076293945,0.0,0.0
2024-06-08 17:33:03.951000+00:00,57.7599983215332,0.0,0.0
2024-06-08 17:34:04.145000+00:00,58.18999862670898,0.0,0.0
2024-06-08 17:35:04.674000+00:00,58.4900016784668,0.0,0.0
2024-06-08 17:36:04.712000+00:00,58.70000076293945,0.0,0.0
2024-06-08 17:37:04.349000+00:00,58.70000076293945,0.0,0.0
2024-06-08 17:38:04.379000+00:00,57.5099983215332,0.0,0.0
2024-06-08 17:39:05.220000+00:00,56.75,0.0,0.0
2024-06-08 17:40:04.836000+00:00,57.20000076293945,0.0,0.0
2024-06-08 17:41:04.848000+00:00,57.79999923706055,0.0,0.0
2024-06-08 17:42:04.577000+00:00,58.29999923706055,0.0,0.0
2024-06-08 17:43:04.755000+00:00,58.79999923706055,0.0,0.0
2024-06-08 17:44:04.434000+00:00,58.900001525878906,0.0,0.0
2024-06-08 17:45:04.853000+00:00,58.810001373291016,0.0,0.0
2024-06-08 17:46:04.281000+00:00,58.20000076293945,0.0,0.0
2024-06-08 17:47:04.592000+00:00,58.11000061035156,0.0,0.0
2024-06-08 17:48:04.497000+00:00,58.36000061035156,0.0,0.0
2024-06-08 17:49:04.810000+00:00,58.619998931884766,0.0,0.0
2024-06-08 17:50:04.636000+00:00,58.900001525878906,0.0,0.0
2024-06-08 17:51:05.067000+00:00,59.09999847412109,0.0,0.0
2024-06-08 17:52:05.258000+00:00,59.18999862670898,0.0,0.0
2024-06-08 17:53:04.901000+00:00,59.20000076293945,0.0,0.0
2024-06-08 17:54:04.721000+00:00,59.09999847412109,0.0,0.0
2024-06-08 17:55:05.131000+00:00,59.0,0.0,0.0
2024-06-08 17:56:04.590000+00:00,58.79999923706055,0.0,0.0
2024-06-08 17:57:04.840000+00:00,58.59999847412109,0.0,0.0
2024-06-08 17:58:04.565000+00:00,58.20000076293945,0.0,0.0
2024-06-08 17:59:04.245000+00:00,58.09999847412109,0.0,0.0
2024-06-08 18:00:07.096000+00:00,58.0,0.0,0.0
2024-06-08 18:01:05.037000+00:00,57.9900016784668,0.0,0.0
2024-06-08 18:02:04.321000+00:00,57.900001525878906,0.0,0.0
2024-06-08 18:03:04.492000+00:00,57.900001525878906,0.0,0.0
2024-06-08 18:04:05.157000+00:00,58.0,0.0,0.0
2024-06-08 18:05:04.917000+00:00,58.09999847412109,0.0,0.0
2024-06-08 18:06:05.402000+00:00,58.18000030517578,0.0,0.0
2024-06-08 18:07:04.201000+00:00,58.20000076293945,0.0,0.0
2024-06-08 18:08:04.189000+00:00,58.29999923706055,0.0,0.0
2024-06-08 18:09:04.623000+00:00,58.400001525878906,0.0,0.0
2024-06-08 18:10:05.095000+00:00,58.400001525878906,0.0,0.0
2024-06-08 18:11:04.323000+00:00,58.470001220703125,0.0,0.0
2024-06-08 18:12:04.187000+00:00,58.5,0.0,0.0
2024-06-08 18:13:05.066000+00:00,58.5,0.0,0.0
2024-06-08 18:14:05.098000+00:00,58.59000015258789,0.0,0.0
2024-06-08 18:15:04.985000+00:00,58.5099983215332,0.0,0.0
2024-06-08 18:16:05.204000+00:00,58.58000183105469,0.0,0.0
2024-06-08 18:17:05.048000+00:00,58.5,0.0,0.0
2024-06-08 18:18:04.184000+00:00,58.5,0.0,0.0
2024-06-08 18:19:04.583000+00:00,58.5,0.0,0.0
2024-06-08 18:20:04.907000+00:00,58.5,0.0,0.0
2024-06-08 18:21:04.089000+00:00,58.400001525878906,0.0,0.0
2024-06-08 18:22:04.599000+00:00,58.400001525878906,0.0,0.0
2024-06-08 18:23:04.186000+00:00,58.18999862670898,0.0,0.0
2024-06-08 18:24:04.294000+00:00,58.20000076293945,0.0,0.0
2024-06-08 18:25:04.869000+00:00,58.20000076293945,0.0,0.0
2024-06-08 18:26:04.668000+00:00,58.20000076293945,0.0,0.0
2024-06-08 18:27:04.207000+00:00,58.20000076293945,0.0,0.0
2024-06-08 18:28:04.708000+00:00,58.29999923706055,0.0,0.0
2024-06-08 18:29:04.799000+00:00,56.060001373291016,0.0,0.0
2024-06-08 18:30:04.790000+00:00,53.119998931884766,0.0,0.0
2024-06-08 18:31:04.221000+00:00,50.900001525878906,0.0,0.0
2024-06-08 18:32:04.956000+00:00,49.900001525878906,0.0,0.0
2024-06-08 18:33:04.523000+00:00,53.16999816894531,0.0,0.0
2024-06-08 18:34:04.936000+00:00,58.290000915527344,0.0,0.0
2024-06-08 18:35:04.881000+00:00,60.25,0.0,0.0
2024-06-08 18:36:04.485000+00:00,60.70000076293945,0.0,0.0
2024-06-08 18:37:04.196000+00:00,60.59999847412109,0.0,0.0
2024-06-08 18:38:04.314000+00:00,60.5,0.0,0.0
2024-06-08 18:39:06.253000+00:00,60.29999923706055,0.0,0.0
2024-06-08 18:40:04.906000+00:00,60.09999847412109,0.0,0.0
2024-06-08 18:41:04.277000+00:00,59.88999938964844,0.0,0.0
2024-06-08 18:42:04.744000+00:00,59.59999847412109,0.0,0.0
2024-06-08 18:43:04.678000+00:00,59.40999984741211,0.0,0.0
2024-06-08 18:44:04.682000+00:00,59.29999923706055,0.0,0.0
2024-06-08 18:45:04.676000+00:00,59.09999847412109,0.0,0.0
2024-06-08 18:46:04.208000+00:00,58.900001525878906,0.0,0.0
2024-06-08 18:47:04.962000+00:00,58.70000076293945,0.0,0.0
2024-06-08 18:48:04.922000+00:00,58.5099983215332,0.0,0.0
2024-06-08 18:49:03.878000+00:00,58.400001525878906,0.0,0.0
2024-06-08 18:50:04.623000+00:00,58.20000076293945,0.0,0.0
2024-06-08 18:51:04.604000+00:00,58.09999847412109,0.0,0.0
2024-06-08 18:52:04.377000+00:00,57.900001525878906,0.0,0.0
2024-06-08 18:53:04.066000+00:00,57.70000076293945,0.0,0.0
2024-06-08 18:54:05.112000+00:00,57.59999847412109,0.0,0.0
2024-06-08 18:55:04.834000+00:00,57.5,0.0,0.0
2024-06-08 18:56:05.018000+00:00,57.400001525878906,0.0,0.0
2024-06-08 18:57:04.256000+00:00,57.400001525878906,0.0,0.0
2024-06-08 18:58:04.177000+00:00,57.400001525878906,0.0,0.0
2024-06-08 18:59:04.552000+00:00,57.5,0.0,0.0
2024-06-08 19:00:07.008000+00:00,57.70000076293945,0.0,0.0
2024-06-08 19:01:05.211000+00:00,57.900001525878906,0.0,0.0
2024-06-08 19:02:04.304000+00:00,58.09999847412109,0.0,0.0
2024-06-08 19:03:04.678000+00:00,58.29999923706055,0.0,0.0
2024-06-08 19:04:04.788000+00:00,58.5,0.0,0.0
2024-06-08 19:05:05.039000+00:00,58.70000076293945,0.0,0.0
2024-06-08 19:06:05.169000+00:00,58.79999923706055,0.0,0.0
2024-06-08 19:07:04.750000+00:00,58.79999923706055,0.0,0.0
2024-06-08 19:08:03.962000+00:00,58.79999923706055,0.0,0.0
2024-06-08 19:09:04.417000+00:00,58.79999923706055,0.0,0.0
2024-06-08 19:10:04.835000+00:00,58.79999923706055,0.0,0.0
2024-06-08 19:11:04.228000+00:00,58.61000061035156,0.0,0.0
2024-06-08 19:12:04.011000+00:00,58.59999847412109,0.0,0.0
2024-06-08 19:13:04.739000+00:00,58.5,0.0,0.0
2024-06-08 19:14:04.902000+00:00,58.400001525878906,0.0,0.0
2024-06-08 19:15:05.228000+00:00,58.29999923706055,0.0,0.0
2024-06-08 19:16:04.160000+00:00,58.29999923706055,0.0,0.0
2024-06-08 19:17:04.743000+00:00,58.20000076293945,0.0,0.0
2024-06-08 19:18:05.370000+00:00,58.20000076293945,0.0,0.0
2024-06-08 19:19:04.779000+00:00,58.09999847412109,0.0,0.0
2024-06-08 19:20:04.295000+00:00,58.09999847412109,0.0,0.0
2024-06-08 19:21:04.331000+00:00,58.09999847412109,0.0,0.0
2024-06-08 19:22:04.550000+00:00,58.02999877929688,0.0,0.0
2024-06-08 19:23:04.558000+00:00,58.0,0.0,0.0
2024-06-08 19:24:04.702000+00:00,58.0,0.0,0.0
2024-06-08 19:25:04.716000+00:00,58.0,0.0,0.0
2024-06-08 19:26:04.859000+00:00,58.09999847412109,0.0,0.0
2024-06-08 19:27:05.071000+00:00,58.18999862670898,0.0,0.0
2024-06-08 19:28:04.777000+00:00,58.2599983215332,0.0,0.0
2024-06-08 19:29:04.081000+00:00,58.29999923706055,0.0,0.0
2024-06-08 19:30:05.536000+00:00,58.29999923706055,0.0,0.0
2024-06-08 19:31:04.834000+00:00,58.29999923706055,0.0,0.0
2024-06-08 19:32:04.516000+00:00,58.400001525878906,0.0,0.0
2024-06-08 19:33:04.798000+00:00,58.380001068115234,0.0,0.0
2024-06-08 19:34:04.602000+00:00,58.400001525878906,0.0,0.0
2024-06-08 19:35:04.188000+00:00,58.400001525878906,0.0,0.0
2024-06-08 19:36:04.485000+00:00,58.400001525878906,0.0,0.0
2024-06-08 19:37:04.659000+00:00,58.34999847412109,0.0,0.0
2024-06-08 19:38:05.008000+00:00,58.29999923706055,0.0,0.0
2024-06-08 19:39:05.025000+00:00,58.29999923706055,0.0,0.0
2024-06-08 19:40:04.478000+00:00,58.29999923706055,0.0,0.0
2024-06-08 19:41:04.860000+00:00,58.29999923706055,0.0,0.0
2024-06-08 19:42:04.688000+00:00,58.38999938964844,0.0,0.0
2024-06-08 19:43:04.855000+00:00,58.29999923706055,0.0,0.0
2024-06-08 19:44:04.642000+00:00,58.29999923706055,0.0,0.0
2024-06-08 19:45:04.634000+00:00,58.29999923706055,0.0,0.0
2024-06-08 19:46:04.709000+00:00,58.20000076293945,0.0,0.0
2024-06-08 19:47:04.471000+00:00,58.20000076293945,0.0,0.0
2024-06-08 19:48:05.184000+00:00,58.20000076293945,0.0,0.0
2024-06-08 19:49:04.568000+00:00,58.20000076293945,0.0,0.0
2024-06-08 19:50:05.051000+00:00,58.09999847412109,0.0,0.0
2024-06-08 19:51:04.148000+00:00,58.09999847412109,0.0,0.0
2024-06-08 19:52:04.922000+00:00,58.0,0.0,0.0
2024-06-08 19:53:04.154000+00:00,58.0,0.0,0.0
2024-06-08 19:54:04.769000+00:00,57.900001525878906,0.0,0.0
2024-06-08 19:55:04.428000+00:00,57.79999923706055,0.0,0.0
2024-06-08 19:56:04.435000+00:00,57.70000076293945,0.0,0.0
2024-06-08 19:57:04.437000+00:00,57.59999847412109,0.0,0.0
2024-06-08 19:58:04.854000+00:00,57.59999847412109,0.0,0.0
2024-06-08 19:59:05.010000+00:00,57.59999847412109,0.0,0.0
2024-06-08 20:00:07.643000+00:00,57.70000076293945,0.0,0.0
2024-06-08 20:01:05.072000+00:00,57.77999877929688,0.0,0.0
2024-06-08 20:02:04.947000+00:00,57.900001525878906,0.0,0.0
2024-06-08 20:03:04.205000+00:00,57.900001525878906,0.0,0.0
2024-06-08 20:04:04.264000+00:00,58.20000076293945,0.0,0.0
2024-06-08 20:05:04.696000+00:00,58.29999923706055,0.0,0.0
2024-06-08 20:06:05.271000+00:00,58.5,0.0,0.0
2024-06-08 20:07:04.811000+00:00,58.68999862670898,0.0,0.0
2024-06-08 20:08:04.357000+00:00,58.79999923706055,0.0,0.0
2024-06-08 20:09:04.893000+00:00,58.79999923706055,0.0,0.0
2024-06-08 20:10:04.331000+00:00,58.79999923706055,0.0,0.0
2024-06-08 20:11:04.325000+00:00,58.79999923706055,0.0,0.0
2024-06-08 20:12:04.255000+00:00,58.70000076293945,0.0,0.0
2024-06-08 20:13:04.933000+00:00,58.68999862670898,0.0,0.0
2024-06-08 20:14:04.522000+00:00,58.59999847412109,0.0,0.0
2024-06-08 20:15:05.737000+00:00,58.5,0.0,0.0
2024-06-08 20:16:04.970000+00:00,58.5,0.0,0.0
2024-06-08 20:17:04.905000+00:00,58.400001525878906,0.0,0.0
2024-06-08 20:18:04.417000+00:00,58.400001525878906,0.0,0.0
2024-06-08 20:19:04.307000+00:00,58.29999923706055,0.0,0.0
2024-06-08 20:20:04.680000+00:00,58.29999923706055,0.0,0.0
2024-06-08 20:21:04.267000+00:00,58.29999923706055,0.0,0.0
2024-06-08 20:22:03.928000+00:00,48.880001068115234,0.0,0.0
2024-06-08 20:23:04.330000+00:00,47.70000076293945,0.0,0.0
2024-06-08 20:24:04.536000+00:00,49.09000015258789,0.0,0.0
2024-06-08 20:25:04.243000+00:00,56.9900016784668,0.0,0.0
2024-06-08 20:26:04.689000+00:00,60.16999816894531,0.0,0.0
2024-06-08 20:27:04.386000+00:00,61.0,0.0,0.0
2024-06-08 20:28:04.379000+00:00,61.0,0.0,0.0
2024-06-08 20:29:04.459000+00:00,60.79999923706055,0.0,0.0
2024-06-08 20:30:05.126000+00:00,60.5,0.0,0.0
2024-06-08 20:31:04.095000+00:00,60.29999923706055,0.0,0.0
2024-06-08 20:32:04.125000+00:00,60.09999847412109,0.0,0.0
2024-06-08 20:33:04.550000+00:00,59.900001525878906,0.0,0.0
2024-06-08 20:34:03.790000+00:00,59.70000076293945,0.0,0.0
2024-06-08 20:35:04.789000+00:00,59.5,0.0,0.0
2024-06-08 20:36:04.708000+00:00,59.29999923706055,0.0,0.0
2024-06-08 20:37:04.455000+00:00,59.09999847412109,0.0,0.0
2024-06-08 20:38:04.668000+00:00,58.93000030517578,0.0,0.0
2024-06-08 20:39:05.311000+00:00,58.79999923706055,0.0,0.0
2024-06-08 20:40:05.017000+00:00,58.59999847412109,0.0,0.0
2024-06-08 20:41:04.985000+00:00,58.400001525878906,0.0,0.0
2024-06-08 20:42:04.589000+00:00,58.20000076293945,0.0,0.0
2024-06-08 20:43:04.786000+00:00,58.04999923706055,0.0,0.0
2024-06-08 20:44:04.363000+00:00,57.900001525878906,0.0,0.0
2024-06-08 20:45:05.052000+00:00,57.70000076293945,0.0,0.0
2024-06-08 20:46:03.829000+00:00,57.5,0.0,0.0
2024-06-08 20:47:04.772000+00:00,57.400001525878906,0.0,0.0
2024-06-08 20:48:04.630000+00:00,57.20000076293945,0.0,0.0
2024-06-08 20:49:04.836000+00:00,57.09000015258789,0.0,0.0
2024-06-08 20:50:04.568000+00:00,57.0,0.0,0.0
2024-06-08 20:51:04.472000+00:00,57.0,0.0,0.0
2024-06-08 20:52:05.304000+00:00,57.09999847412109,0.0,0.0
2024-06-08 20:53:04.221000+00:00,57.34999847412109,0.0,0.0
2024-06-08 20:54:04.216000+00:00,57.59999847412109,0.0,0.0
2024-06-08 20:55:05.014000+00:00,57.79999923706055,0.0,0.0
2024-06-08 20:56:04.642000+00:00,58.09999847412109,0.0,0.0
2024-06-08 20:57:04.619000+00:00,58.29999923706055,0.0,0.0
2024-06-08 20:58:05.041000+00:00,58.5,0.0,0.0
2024-06-08 20:59:04.775000+00:00,58.70000076293945,0.0,0.0
2024-06-08 21:00:08.501000+00:00,58.79999923706055,0.0,0.0
2024-06-08 21:01:04.885000+00:00,58.79999923706055,0.0,0.0
2024-06-08 21:02:03.864000+00:00,58.900001525878906,0.0,0.0
2024-06-08 21:03:04.439000+00:00,58.59999847412109,0.0,0.0
2024-06-08 21:04:04.357000+00:00,58.400001525878906,0.0,0.0
2024-06-08 21:05:04.587000+00:00,58.20000076293945,0.0,0.0
2024-06-08 21:06:05.227000+00:00,58.040000915527344,0.0,0.0
2024-06-08 21:07:04.421000+00:00,57.900001525878906,0.0,0.0
2024-06-08 21:08:04.568000+00:00,57.70000076293945,0.0,0.0
2024-06-08 21:09:04.239000+00:00,57.5,0.0,0.0
2024-06-08 21:10:04.869000+00:00,57.29999923706055,0.0,0.0
2024-06-08 21:11:04.765000+00:00,57.18999862670898,0.0,0.0
2024-06-08 21:12:04.625000+00:00,57.0,0.0,0.0
2024-06-08 21:13:04.663000+00:00,56.79999923706055,0.0,0.0
2024-06-08 21:14:04.697000+00:00,56.59999847412109,0.0,0.0
2024-06-08 21:15:05.102000+00:00,56.40999984741211,0.0,0.0
2024-06-08 21:16:04.391000+00:00,56.29999923706055,0.0,0.0
2024-06-08 21:17:04.464000+00:00,56.09999847412109,0.0,0.0
2024-06-08 21:18:04.646000+00:00,56.0,0.0,0.0
2024-06-08 21:19:04.594000+00:00,55.79999923706055,0.0,0.0
2024-06-08 21:20:04.988000+00:00,55.59999847412109,0.0,0.0
2024-06-08 21:21:04.884000+00:00,55.400001525878906,0.0,0.0
2024-06-08 21:22:04.583000+00:00,55.29999923706055,0.0,0.0
2024-06-08 21:23:04.015000+00:00,55.20000076293945,0.0,0.0
2024-06-08 21:24:05.158000+00:00,55.0,0.0,0.0
2024-06-08 21:25:04.409000+00:00,54.79999923706055,0.0,0.0
2024-06-08 21:26:04.664000+00:00,54.70000076293945,0.0,0.0
2024-06-08 21:27:04.699000+00:00,54.5,0.0,0.0
2024-06-08 21:28:04.466000+00:00,54.369998931884766,0.0,0.0
2024-06-08 21:29:04.646000+00:00,54.20000076293945,0.0,0.0
2024-06-08 21:30:04.857000+00:00,54.0099983215332,0.0,0.0
2024-06-08 21:31:04.681000+00:00,53.900001525878906,0.0,0.0
2024-06-08 21:32:04.231000+00:00,53.79999923706055,0.0,0.0
2024-06-08 21:33:04.005000+00:00,53.650001525878906,0.0,0.0
2024-06-08 21:34:03.956000+00:00,53.59000015258789,0.0,0.0
2024-06-08 21:35:04.446000+00:00,53.59999847412109,0.0,0.0
2024-06-08 21:36:04.166000+00:00,53.70000076293945,0.0,0.0
2024-06-08 21:37:04.466000+00:00,54.0,0.0,0.0
2024-06-08 21:38:04.591000+00:00,53.34999847412109,0.0,0.0
2024-06-08 21:39:04.517000+00:00,54.08000183105469,0.0,0.0
2024-06-08 21:40:05.059000+00:00,55.0,0.0,0.0
2024-06-08 21:41:04.411000+00:00,55.79999923706055,0.0,0.0
2024-06-08 21:42:04.728000+00:00,55.5099983215332,0.0,0.0
2024-06-08 21:43:04.486000+00:00,53.06999969482422,0.0,0.0
2024-06-08 21:44:04.340000+00:00,53.70000076293945,0.0,0.0
2024-06-08 21:45:04.619000+00:00,55.0,0.0,0.0
2024-06-08 21:46:04.512000+00:00,56.0,0.0,0.0
2024-06-08 21:47:04.923000+00:00,56.5,0.0,0.0
2024-06-08 21:48:04.366000+00:00,56.59999847412109,0.0,0.0
2024-06-08 21:49:04.490000+00:00,56.70000076293945,0.0,0.0
2024-06-08 21:50:04.660000+00:00,56.59999847412109,0.0,0.0
2024-06-08 21:51:04.543000+00:00,56.400001525878906,0.0,0.0
2024-06-08 21:52:04.705000+00:00,56.29999923706055,0.0,0.0
2024-06-08 21:53:04.124000+00:00,56.11000061035156,0.0,0.0
2024-06-08 21:54:05.112000+00:00,56.0,0.0,0.0
2024-06-08 21:55:05.034000+00:00,55.79999923706055,0.0,0.0
2024-06-08 21:56:04.494000+00:00,55.70000076293945,0.0,0.0
2024-06-08 21:57:04.506000+00:00,55.5099983215332,0.0,0.0
2024-06-08 21:58:04.254000+00:00,55.400001525878906,0.0,0.0
2024-06-08 21:59:04.138000+00:00,55.220001220703125,0.0,0.0
2024-06-08 22:00:06.677000+00:00,55.09999847412109,0.0,0.0
2024-06-08 22:01:04.397000+00:00,54.900001525878906,0.0,0.0
2024-06-08 22:02:04.447000+00:00,54.86000061035156,0.0,0.0
2024-06-08 22:03:04.889000+00:00,54.79999923706055,0.0,0.0
2024-06-08 22:04:04.247000+00:00,54.70000076293945,0.0,0.0
2024-06-08 22:05:04.444000+00:00,54.70000076293945,0.0,0.0
2024-06-08 22:06:05.283000+00:00,54.79999923706055,0.0,0.0
2024-06-08 22:07:04.602000+00:00,54.900001525878906,0.0,0.0
2024-06-08 22:08:04.467000+00:00,55.0,0.0,0.0
2024-06-08 22:09:04.616000+00:00,55.09999847412109,0.0,0.0
2024-06-08 22:10:04.626000+00:00,55.09999847412109,0.0,0.0
2024-06-08 22:11:04.734000+00:00,51.79999923706055,0.0,0.0
2024-06-08 22:12:04.717000+00:00,53.02000045776367,0.0,0.0
2024-06-08 22:13:05.225000+00:00,54.77000045776367,0.0,0.0
2024-06-08 22:14:04.630000+00:00,55.79999923706055,0.0,0.0
2024-06-08 22:15:04.555000+00:00,56.29999923706055,0.0,0.0
2024-06-08 22:16:04.504000+00:00,56.4900016784668,0.0,0.0
2024-06-08 22:17:04.598000+00:00,56.5,0.0,0.0
2024-06-08 22:18:04.464000+00:00,56.400001525878906,0.0,0.0
2024-06-08 22:19:04.436000+00:00,56.09999847412109,0.0,0.0
2024-06-08 22:20:04.660000+00:00,56.0,0.0,0.0
2024-06-08 22:21:04.689000+00:00,55.900001525878906,0.0,0.0
2024-06-08 22:22:04.557000+00:00,55.79999923706055,0.0,0.0
2024-06-08 22:23:04.348000+00:00,55.70000076293945,0.0,0.0
2024-06-08 22:24:04.872000+00:00,55.59999847412109,0.0,0.0
2024-06-08 22:25:04.240000+00:00,55.5099983215332,0.0,0.0
2024-06-08 22:26:04.498000+00:00,55.400001525878906,0.0,0.0
2024-06-08 22:27:04.324000+00:00,55.400001525878906,0.0,0.0
2024-06-08 22:28:04.989000+00:00,55.29999923706055,0.0,0.0
2024-06-08 22:29:04.672000+00:00,55.20000076293945,0.0,0.0
2024-06-08 22:30:05.165000+00:00,55.20000076293945,0.0,0.0
2024-06-08 22:31:04.203000+00:00,55.20000076293945,0.0,0.0
2024-06-08 22:32:03.829000+00:00,55.09999847412109,0.0,0.0
2024-06-08 22:33:04.098000+00:00,55.09999847412109,0.0,0.0
2024-06-08 22:34:04.235000+00:00,55.0099983215332,0.0,0.0
2024-06-08 22:35:05.157000+00:00,55.0,0.0,0.0
2024-06-08 22:36:04.345000+00:00,55.0,0.0,0.0
2024-06-08 22:37:03.791000+00:00,55.0,0.0,0.0
2024-06-08 22:38:04.028000+00:00,55.16999816894531,0.0,0.0
2024-06-08 22:39:05.309000+00:00,55.20000076293945,0.0,0.0
2024-06-08 22:40:04.189000+00:00,55.29999923706055,0.0,0.0
2024-06-08 22:41:03.900000+00:00,55.29999923706055,0.0,0.0
2024-06-08 22:42:04.113000+00:00,55.400001525878906,0.0,0.0
2024-06-08 22:43:04.651000+00:00,55.400001525878906,0.0,0.0
2024-06-08 22:44:04.146000+00:00,55.40999984741211,0.0,0.0
2024-06-08 22:45:04.272000+00:00,55.5,0.0,0.0
2024-06-08 22:46:04.139000+00:00,55.5,0.0,0.0
2024-06-08 22:47:04.382000+00:00,55.29999923706055,0.0,0.0
2024-06-08 22:48:04.255000+00:00,55.20000076293945,0.0,0.0
2024-06-08 22:49:04.112000+00:00,55.20000076293945,0.0,0.0
2024-06-08 22:50:04.339000+00:00,55.20000076293945,0.0,0.0
2024-06-08 22:51:04.182000+00:00,55.209999084472656,0.0,0.0
2024-06-08 22:52:04.753000+00:00,55.29999923706055,0.0,0.0
2024-06-08 22:53:04.491000+00:00,55.400001525878906,0.0,0.0
2024-06-08 22:54:04.265000+00:00,55.43999862670898,0.0,0.0
2024-06-08 22:55:05.645000+00:00,55.5,0.0,0.0
2024-06-08 22:56:04.532000+00:00,55.5,0.0,0.0
2024-06-08 22:57:04.115000+00:00,55.5,0.0,0.0
2024-06-08 22:58:04.099000+00:00,55.59999847412109,0.0,0.0
2024-06-08 22:59:04.687000+00:00,55.59999847412109,0.0,0.0
2024-06-08 23:00:06.928000+00:00,55.59999847412109,0.0,0.0
2024-06-09 00:00:07.675000+00:00,55.5,0.0,0.0
2024-06-09 00:01:04.836000+00:00,55.5,0.0,0.0
2024-06-09 00:02:04.167000+00:00,55.5,0.0,0.0
2024-06-09 00:03:04.607000+00:00,55.40999984741211,0.0,0.0
2024-06-09 00:04:04.793000+00:00,55.29999923706055,0.0,0.0
2024-06-09 00:05:05.068000+00:00,55.20000076293945,0.0,0.0
2024-06-09 00:06:04.994000+00:00,55.20000076293945,0.0,0.0
2024-06-09 00:07:04.491000+00:00,55.0,0.0,0.0
2024-06-09 00:08:04.499000+00:00,55.0,0.0,0.0
2024-06-09 00:09:04.440000+00:00,53.16999816894531,0.0,0.0
2024-06-09 00:10:05.155000+00:00,52.900001525878906,0.0,0.0
2024-06-09 00:11:04.441000+00:00,53.720001220703125,0.0,0.0
2024-06-09 00:12:04.741000+00:00,54.79999923706055,0.0,0.0
2024-06-09 00:13:04.685000+00:00,55.59999847412109,0.0,0.0
2024-06-09 00:14:04.884000+00:00,56.0,0.0,0.0
2024-06-09 00:15:05.098000+00:00,56.220001220703125,0.0,0.0
2024-06-09 00:16:04.496000+00:00,56.29999923706055,0.0,0.0
2024-06-09 00:17:04.832000+00:00,56.20000076293945,0.0,0.0
2024-06-09 00:18:04.466000+00:00,56.09999847412109,0.0,0.0
2024-06-09 00:19:04.539000+00:00,56.0,0.0,0.0
2024-06-09 00:20:04.843000+00:00,55.900001525878906,0.0,0.0
2024-06-09 00:21:04.583000+00:00,55.70000076293945,0.0,0.0
2024-06-09 00:22:04.913000+00:00,55.59999847412109,0.0,0.0
2024-06-09 00:23:04.388000+00:00,55.400001525878906,0.0,0.0
2024-06-09 00:24:04.853000+00:00,55.29999923706055,0.0,0.0
2024-06-09 00:25:04.348000+00:00,55.20000076293945,0.0,0.0
2024-06-09 00:26:04.451000+00:00,55.09999847412109,0.0,0.0
2024-06-09 00:27:04.242000+00:00,55.0,0.0,0.0
2024-06-09 00:28:04.771000+00:00,54.900001525878906,0.0,0.0
2024-06-09 00:29:04.501000+00:00,54.79999923706055,0.0,0.0
2024-06-09 00:30:05.285000+00:00,54.79999923706055,0.0,0.0
2024-06-09 00:31:04.393000+00:00,54.79999923706055,0.0,0.0
2024-06-09 00:32:04.940000+00:00,54.900001525878906,0.0,0.0
2024-06-09 00:33:04.785000+00:00,55.0,0.0,0.0
2024-06-09 00:34:04.625000+00:00,55.09999847412109,0.0,0.0
2024-06-09 00:35:04.784000+00:00,55.20000076293945,0.0,0.0
2024-06-09 00:36:04.136000+00:00,55.29999923706055,0.0,0.0
2024-06-09 00:37:04.402000+00:00,55.400001525878906,0.0,0.0
2024-06-09 00:38:04.599000+00:00,55.400001525878906,0.0,0.0
2024-06-09 00:39:05.068000+00:00,55.5,0.0,0.0
2024-06-09 00:40:04.289000+00:00,55.59999847412109,0.0,0.0
2024-06-09 00:41:06.062000+00:00,55.59999847412109,0.0,0.0
2024-06-09 00:42:05.125000+00:00,55.59999847412109,0.0,0.0
2024-06-09 00:43:04.487000+00:00,55.59999847412109,0.0,0.0
2024-06-09 00:44:04.438000+00:00,55.59999847412109,0.0,0.0
2024-06-09 00:45:05.215000+00:00,55.59999847412109,0.0,0.0
2024-06-09 00:46:04.685000+00:00,55.59999847412109,0.0,0.0
2024-06-09 00:47:04.046000+00:00,55.5,0.0,0.0
2024-06-09 00:48:04.782000+00:00,55.47999954223633,0.0,0.0
2024-06-09 00:49:04.214000+00:00,55.400001525878906,0.0,0.0
2024-06-09 00:50:04.575000+00:00,55.29999923706055,0.0,0.0
2024-06-09 00:51:04.663000+00:00,55.29999923706055,0.0,0.0
2024-06-09 00:52:04.600000+00:00,55.20000076293945,0.0,0.0
2024-06-09 00:53:04.675000+00:00,55.20000076293945,0.0,0.0
2024-06-09 00:54:04.583000+00:00,55.11000061035156,0.0,0.0
2024-06-09 00:55:04.566000+00:00,55.09999847412109,0.0,0.0
2024-06-09 00:56:04.677000+00:00,55.09999847412109,0.0,0.0
2024-06-09 00:57:04.955000+00:00,55.0,0.0,0.0
2024-06-09 00:58:03.912000+00:00,55.0,0.0,0.0
2024-06-09 00:59:04.019000+00:00,55.0,0.0,0.0
2024-06-09 01:00:07.127000+00:00,55.040000915527344,0.0,0.0
2024-06-09 01:01:04.835000+00:00,55.09999847412109,0.0,0.0
2024-06-09 01:02:04.358000+00:00,55.20000076293945,0.0,0.0
2024-06-09 01:03:04.484000+00:00,55.29999923706055,0.0,0.0
2024-06-09 01:04:04.148000+00:00,55.29999923706055,0.0,0.0
2024-06-09 01:05:04.495000+00:00,55.400001525878906,0.0,0.0
2024-06-09 01:06:04.857000+00:00,55.400001525878906,0.0,0.0
2024-06-09 01:07:04.697000+00:00,55.400001525878906,0.0,0.0
2024-06-09 01:08:04.251000+00:00,55.400001525878906,0.0,0.0
2024-06-09 01:09:04.316000+00:00,55.400001525878906,0.0,0.0
2024-06-09 01:10:04.294000+00:00,55.400001525878906,0.0,0.0
2024-06-09 01:11:03.958000+00:00,55.400001525878906,0.0,0.0
2024-06-09 01:12:04.009000+00:00,55.400001525878906,0.0,0.0
2024-06-09 01:13:04.846000+00:00,55.400001525878906,0.0,0.0
2024-06-09 01:14:05.143000+00:00,55.400001525878906,0.0,0.0
2024-06-09 01:15:04.841000+00:00,55.400001525878906,0.0,0.0
2024-06-09 01:16:04.626000+00:00,55.400001525878906,0.0,0.0
2024-06-09 01:17:04.071000+00:00,55.400001525878906,0.0,0.0
2024-06-09 01:18:04.479000+00:00,55.400001525878906,0.0,0.0
2024-06-09 01:19:04.494000+00:00,55.400001525878906,0.0,0.0
2024-06-09 01:20:04.484000+00:00,55.400001525878906,0.0,0.0
2024-06-09 01:21:04.023000+00:00,55.400001525878906,0.0,0.0
2024-06-09 01:22:04.330000+00:00,55.29999923706055,0.0,0.0
2024-06-09 01:23:04.124000+00:00,55.29999923706055,0.0,0.0
2024-06-09 01:24:04.635000+00:00,55.20000076293945,0.0,0.0
2024-06-09 01:25:03.811000+00:00,55.20000076293945,0.0,0.0
2024-06-09 01:26:05.007000+00:00,55.20000076293945,0.0,0.0
2024-06-09 01:27:04.783000+00:00,55.09999847412109,0.0,0.0
2024-06-09 01:28:04.681000+00:00,55.09999847412109,0.0,0.0
2024-06-09 01:29:04.028000+00:00,55.09999847412109,0.0,0.0
2024-06-09 01:30:04.963000+00:00,55.09999847412109,0.0,0.0
2024-06-09 01:31:04.086000+00:00,55.09999847412109,0.0,0.0
2024-06-09 01:32:04.568000+00:00,55.0,0.0,0.0
2024-06-09 01:33:03.953000+00:00,55.09999847412109,0.0,0.0
2024-06-09 01:34:04.396000+00:00,55.09999847412109,0.0,0.0
2024-06-09 01:35:04.607000+00:00,55.20000076293945,0.0,0.0
2024-06-09 01:36:04.314000+00:00,55.20000076293945,0.0,0.0
2024-06-09 01:37:04.102000+00:00,55.29999923706055,0.0,0.0
2024-06-09 01:38:04.634000+00:00,55.29999923706055,0.0,0.0
2024-06-09 01:39:05.311000+00:00,55.29999923706055,0.0,0.0
2024-06-09 01:40:05.433000+00:00,55.29999923706055,0.0,0.0
2024-06-09 01:41:04.449000+00:00,55.38999938964844,0.0,0.0
2024-06-09 01:42:04.657000+00:00,55.29999923706055,0.0,0.0
2024-06-09 01:43:04.707000+00:00,55.36000061035156,0.0,0.0
2024-06-09 01:44:04.383000+00:00,55.29999923706055,0.0,0.0
2024-06-09 01:45:04.876000+00:00,55.29999923706055,0.0,0.0
2024-06-09 01:46:03.881000+00:00,55.29999923706055,0.0,0.0
2024-06-09 01:47:04.164000+00:00,55.29999923706055,0.0,0.0
2024-06-09 01:48:04.636000+00:00,55.29999923706055,0.0,0.0
2024-06-09 01:49:04.163000+00:00,55.29999923706055,0.0,0.0
2024-06-09 01:50:04.504000+00:00,55.400001525878906,0.0,0.0
2024-06-09 01:51:04.263000+00:00,55.29999923706055,0.0,0.0
2024-06-09 01:52:04.966000+00:00,55.29999923706055,0.0,0.0
2024-06-09 01:53:04.291000+00:00,55.29999923706055,0.0,0.0
2024-06-09 01:54:04.082000+00:00,55.29999923706055,0.0,0.0
2024-06-09 01:55:05.736000+00:00,55.29999923706055,0.0,0.0
2024-06-09 01:56:04.343000+00:00,55.29999923706055,0.0,0.0
2024-06-09 01:57:04.763000+00:00,55.29999923706055,0.0,0.0
2024-06-09 01:58:04.464000+00:00,55.29999923706055,0.0,0.0
2024-06-09 01:59:04.378000+00:00,55.29999923706055,0.0,0.0
2024-06-09 02:00:05.916000+00:00,55.29999923706055,0.0,0.0
2024-06-09 02:01:04.488000+00:00,55.47999954223633,0.0,0.0
2024-06-09 02:02:04.428000+00:00,56.70000076293945,0.0,0.0
2024-06-09 02:03:04.394000+00:00,57.77999877929688,0.0,0.0
2024-06-09 02:04:03.760000+00:00,58.40999984741211,0.0,0.0
2024-06-09 02:05:04.443000+00:00,58.79999923706055,0.0,0.0
2024-06-09 02:06:04.715000+00:00,58.900001525878906,0.0,0.0
2024-06-09 02:07:03.919000+00:00,58.900001525878906,0.0,0.0
2024-06-09 02:08:04.704000+00:00,58.900001525878906,0.0,0.0
2024-06-09 02:09:04.771000+00:00,58.79999923706055,0.0,0.0
2024-06-09 02:10:04.722000+00:00,58.70000076293945,0.0,0.0
2024-06-09 02:11:04.617000+00:00,58.59999847412109,0.0,0.0
2024-06-09 02:12:04.618000+00:00,58.5,0.0,0.0
2024-06-09 02:13:04.650000+00:00,58.400001525878906,0.0,0.0
2024-06-09 02:14:04.227000+00:00,58.400001525878906,0.0,0.0
2024-06-09 02:15:04.774000+00:00,58.29999923706055,0.0,0.0
2024-06-09 02:16:04.568000+00:00,58.20000076293945,0.0,0.0
2024-06-09 02:17:04.612000+00:00,58.09999847412109,0.0,0.0
2024-06-09 02:18:04.685000+00:00,58.09999847412109,0.0,0.0
2024-06-09 02:19:04.789000+00:00,58.0,0.0,0.0
2024-06-09 02:20:04.948000+00:00,57.900001525878906,0.0,0.0
2024-06-09 02:21:04.569000+00:00,57.88999938964844,0.0,0.0
2024-06-09 02:22:04.123000+00:00,57.79999923706055,0.0,0.0
2024-06-09 02:23:04.390000+00:00,57.79999923706055,0.0,0.0
2024-06-09 02:24:04.483000+00:00,57.79999923706055,0.0,0.0
2024-06-09 02:25:04.485000+00:00,57.79999923706055,0.0,0.0
2024-06-09 02:26:04.673000+00:00,57.79999923706055,0.0,0.0
2024-06-09 02:27:05.178000+00:00,57.79999923706055,0.0,0.0
2024-06-09 02:28:04.552000+00:00,57.84000015258789,0.0,0.0
2024-06-09 02:29:04.387000+00:00,57.900001525878906,0.0,0.0
2024-06-09 02:30:05.436000+00:00,58.09999847412109,0.0,0.0
2024-06-09 02:31:04.659000+00:00,58.20000076293945,0.0,0.0
2024-06-09 02:32:04.269000+00:00,58.20000076293945,0.0,0.0
2024-06-09 02:33:04.018000+00:00,58.29999923706055,0.0,0.0
2024-06-09 02:34:04.063000+00:00,58.380001068115234,0.0,0.0
2024-06-09 02:35:04.605000+00:00,58.400001525878906,0.0,0.0
2024-06-09 02:36:04.235000+00:00,58.400001525878906,0.0,0.0
2024-06-09 02:37:03.871000+00:00,58.400001525878906,0.0,0.0
2024-06-09 02:38:04.470000+00:00,58.400001525878906,0.0,0.0
2024-06-09 02:39:04.698000+00:00,58.400001525878906,0.0,0.0
2024-06-09 02:40:04.236000+00:00,58.400001525878906,0.0,0.0
2024-06-09 02:41:04.638000+00:00,58.400001525878906,0.0,0.0
2024-06-09 02:42:04.677000+00:00,58.400001525878906,0.0,0.0
2024-06-09 02:43:04.227000+00:00,58.29999923706055,0.0,0.0
2024-06-09 02:44:04.092000+00:00,58.20000076293945,0.0,0.0
2024-06-09 02:45:04.849000+00:00,58.150001525878906,0.0,0.0
2024-06-09 02:46:04.270000+00:00,58.09999847412109,0.0,0.0
2024-06-09 02:47:04.643000+00:00,58.0,0.0,0.0
2024-06-09 02:48:04.665000+00:00,57.970001220703125,0.0,0.0
2024-06-09 02:49:04.191000+00:00,57.900001525878906,0.0,0.0
2024-06-09 02:50:05.175000+00:00,57.900001525878906,0.0,0.0
2024-06-09 02:51:04.327000+00:00,57.900001525878906,0.0,0.0
2024-06-09 02:52:04.530000+00:00,57.900001525878906,0.0,0.0
2024-06-09 02:53:04.643000+00:00,57.900001525878906,0.0,0.0
2024-06-09 02:54:04.834000+00:00,57.900001525878906,0.0,0.0
2024-06-09 02:55:04.668000+00:00,57.93999862670898,0.0,0.0
2024-06-09 02:56:04.550000+00:00,57.900001525878906,0.0,0.0
2024-06-09 02:57:04.559000+00:00,57.900001525878906,0.0,0.0
2024-06-09 02:58:04.701000+00:00,58.0,0.0,0.0
2024-06-09 02:59:04.451000+00:00,58.0,0.0,0.0
2024-06-09 03:00:08.324000+00:00,58.20000076293945,0.0,0.0
2024-06-09 03:01:04.858000+00:00,58.20000076293945,0.0,0.0
2024-06-09 03:02:04.287000+00:00,58.29999923706055,0.0,0.0
2024-06-09 03:03:04.188000+00:00,58.29999923706055,0.0,0.0
2024-06-09 03:04:04.366000+00:00,58.400001525878906,0.0,0.0
2024-06-09 03:05:04.303000+00:00,58.400001525878906,0.0,0.0
2024-06-09 03:06:05.047000+00:00,58.400001525878906,0.0,0.0
2024-06-09 03:07:04.337000+00:00,58.400001525878906,0.0,0.0
2024-06-09 03:08:04.709000+00:00,58.400001525878906,0.0,0.0
2024-06-09 03:09:04.089000+00:00,58.400001525878906,0.0,0.0
2024-06-09 03:10:05.092000+00:00,58.400001525878906,0.0,0.0
2024-06-09 03:11:04.489000+00:00,58.400001525878906,0.0,0.0
2024-06-09 03:12:04.885000+00:00,58.29999923706055,0.0,0.0
2024-06-09 03:13:04.481000+00:00,58.209999084472656,0.0,0.0
2024-06-09 03:14:04.473000+00:00,58.20000076293945,0.0,0.0
2024-06-09 03:15:05.231000+00:00,58.09999847412109,0.0,0.0
2024-06-09 03:16:04.532000+00:00,58.08000183105469,0.0,0.0
2024-06-09 03:17:04.460000+00:00,58.0,0.0,0.0
2024-06-09 03:18:04.921000+00:00,58.0,0.0,0.0
2024-06-09 03:19:03.806000+00:00,57.900001525878906,0.0,0.0
2024-06-09 03:20:04.212000+00:00,57.900001525878906,0.0,0.0
2024-06-09 03:21:04.298000+00:00,57.900001525878906,0.0,0.0
2024-06-09 03:22:04.423000+00:00,57.900001525878906,0.0,0.0
2024-06-09 03:23:04.496000+00:00,57.93999862670898,0.0,0.0
2024-06-09 03:24:04.879000+00:00,58.0,0.0,0.0
2024-06-09 03:25:04.762000+00:00,58.0,0.0,0.0
2024-06-09 03:26:05.002000+00:00,58.09000015258789,0.0,0.0
2024-06-09 03:27:04.059000+00:00,58.09999847412109,0.0,0.0
2024-06-09 03:28:04.068000+00:00,58.09999847412109,0.0,0.0
2024-06-09 03:29:04.569000+00:00,58.09999847412109,0.0,0.0
2024-06-09 03:30:05.135000+00:00,58.09999847412109,0.0,0.0
2024-06-09 03:31:03.971000+00:00,58.119998931884766,0.0,0.0
2024-06-09 03:32:04.412000+00:00,58.20000076293945,0.0,0.0
2024-06-09 03:33:04.630000+00:00,58.20000076293945,0.0,0.0
2024-06-09 03:34:03.815000+00:00,58.20000076293945,0.0,0.0
2024-06-09 03:35:04.751000+00:00,58.29999923706055,0.0,0.0
2024-06-09 03:36:04.737000+00:00,58.29999923706055,0.0,0.0
2024-06-09 03:37:04.465000+00:00,58.29999923706055,0.0,0.0
2024-06-09 03:38:04.542000+00:00,58.29999923706055,0.0,0.0
2024-06-09 03:39:04.713000+00:00,58.29999923706055,0.0,0.0
2024-06-09 03:40:04.588000+00:00,58.29999923706055,0.0,0.0
2024-06-09 03:41:04.223000+00:00,58.29999923706055,0.0,0.0
2024-06-09 03:42:04.540000+00:00,58.29999923706055,0.0,0.0
2024-06-09 03:43:04.329000+00:00,58.29999923706055,0.0,0.0
2024-06-09 03:44:04.245000+00:00,58.29999923706055,0.0,0.0
2024-06-09 03:45:04.867000+00:00,58.209999084472656,0.0,0.0
2024-06-09 03:46:04.600000+00:00,58.2599983215332,0.0,0.0
2024-06-09 03:47:04.734000+00:00,58.20000076293945,0.0,0.0
2024-06-09 03:48:03.836000+00:00,58.20000076293945,0.0,0.0
2024-06-09 03:49:03.901000+00:00,58.209999084472656,0.0,0.0
2024-06-09 03:50:04.371000+00:00,58.20000076293945,0.0,0.0
2024-06-09 03:51:03.972000+00:00,58.20000076293945,0.0,0.0
2024-06-09 03:52:04.715000+00:00,58.20000076293945,0.0,0.0
2024-06-09 03:53:03.568000+00:00,58.150001525878906,0.0,0.0
2024-06-09 03:54:04.881000+00:00,58.11000061035156,0.0,0.0
2024-06-09 03:55:04.603000+00:00,58.150001525878906,0.0,0.0
2024-06-09 03:56:04.746000+00:00,58.150001525878906,0.0,0.0
2024-06-09 03:57:04.210000+00:00,58.15999984741211,0.0,0.0
2024-06-09 03:58:04.639000+00:00,58.09999847412109,0.0,0.0
2024-06-09 03:59:04.058000+00:00,58.09999847412109,0.0,0.0
2024-06-09 04:00:06.098000+00:00,58.09999847412109,0.0,0.0
2024-06-09 04:01:04.613000+00:00,58.09999847412109,0.0,0.0
2024-06-09 04:02:04.728000+00:00,58.09999847412109,0.0,0.0
2024-06-09 04:03:04.139000+00:00,58.09999847412109,0.0,0.0
2024-06-09 04:04:04.712000+00:00,58.09999847412109,0.0,0.0
2024-06-09 04:05:04.842000+00:00,58.0,0.0,0.0
2024-06-09 04:06:04.751000+00:00,58.09000015258789,0.0,0.0
2024-06-09 04:07:04.527000+00:00,58.09999847412109,0.0,0.0
2024-06-09 04:08:04.548000+00:00,58.09999847412109,0.0,0.0
2024-06-09 04:09:04.541000+00:00,58.09999847412109,0.0,0.0
2024-06-09 04:10:04.564000+00:00,58.09999847412109,0.0,0.0
2024-06-09 04:11:03.942000+00:00,58.20000076293945,0.0,0.0
2024-06-09 04:12:04.621000+00:00,58.20000076293945,0.0,0.0
2024-06-09 04:13:04.598000+00:00,58.20000076293945,0.0,0.0
2024-06-09 04:14:04.632000+00:00,58.20000076293945,0.0,0.0
2024-06-09 04:15:04.971000+00:00,58.20000076293945,0.0,0.0
2024-06-09 04:16:04.012000+00:00,58.20000076293945,0.0,0.0
2024-06-09 04:17:04.369000+00:00,58.20000076293945,0.0,0.0
2024-06-09 04:18:04.661000+00:00,58.11000061035156,0.0,0.0
2024-06-09 04:19:04.334000+00:00,58.20000076293945,0.0,0.0
2024-06-09 04:20:04.133000+00:00,58.18999862670898,0.0,0.0
2024-06-09 04:21:04.495000+00:00,58.20000076293945,0.0,0.0
2024-06-09 04:22:04.115000+00:00,58.15999984741211,0.0,0.0
2024-06-09 04:23:04.844000+00:00,58.09999847412109,0.0,0.0
2024-06-09 04:24:05.127000+00:00,58.09999847412109,0.0,0.0
2024-06-09 04:25:04.807000+00:00,58.09999847412109,0.0,0.0
2024-06-09 04:26:04.293000+00:00,58.09999847412109,0.0,0.0
2024-06-09 04:27:04.659000+00:00,58.09999847412109,0.0,0.0
2024-06-09 04:28:05.037000+00:00,58.09999847412109,0.0,0.0
2024-06-09 04:29:03.852000+00:00,58.09999847412109,0.0,0.0
2024-06-09 04:30:05.156000+00:00,58.09999847412109,0.0,0.0
2024-06-09 04:31:04.824000+00:00,58.20000076293945,0.0,0.0
2024-06-09 04:32:04.124000+00:00,58.20000076293945,0.0,0.0
2024-06-09 04:33:04.365000+00:00,58.20000076293945,0.0,0.0
2024-06-09 04:34:03.726000+00:00,58.20000076293945,0.0,0.0
2024-06-09 04:35:04.721000+00:00,58.20000076293945,0.0,0.0
2024-06-09 04:36:04.036000+00:00,58.20000076293945,0.0,0.0
2024-06-09 04:37:04.283000+00:00,58.11000061035156,0.0,0.0
2024-06-09 04:38:04.263000+00:00,58.150001525878906,0.0,0.0
2024-06-09 04:39:05.010000+00:00,58.09999847412109,0.0,0.0
2024-06-09 04:40:05.012000+00:00,58.09999847412109,0.0,0.0
2024-06-09 04:41:05.115000+00:00,58.09999847412109,0.0,0.0
2024-06-09 04:42:05.037000+00:00,58.09999847412109,0.0,0.0
2024-06-09 04:43:04.045000+00:00,58.09999847412109,0.0,0.0
2024-06-09 04:44:04.331000+00:00,58.09999847412109,0.0,0.0
2024-06-09 04:45:04.680000+00:00,58.09999847412109,0.0,0.0
2024-06-09 04:46:03.782000+00:00,58.09999847412109,0.0,0.0
2024-06-09 04:47:04.608000+00:00,58.20000076293945,0.0,0.0
2024-06-09 04:48:04.222000+00:00,58.20000076293945,0.0,0.0
2024-06-09 04:49:04.351000+00:00,58.20000076293945,0.0,0.0
2024-06-09 04:50:04.194000+00:00,58.20000076293945,0.0,0.0
2024-06-09 04:51:04.227000+00:00,58.20000076293945,0.0,0.0
2024-06-09 04:52:04.511000+00:00,58.20000076293945,0.0,0.0
2024-06-09 04:53:04.225000+00:00,58.20000076293945,0.0,0.0
2024-06-09 04:54:04.459000+00:00,58.20000076293945,0.0,0.0
2024-06-09 04:55:04.438000+00:00,58.09999847412109,0.0,0.0
2024-06-09 04:56:04.673000+00:00,58.09999847412109,0.0,0.0
2024-06-09 04:57:04.204000+00:00,58.09999847412109,0.0,0.0
2024-06-09 04:58:04.555000+00:00,58.09999847412109,0.0,0.0
2024-06-09 04:59:04.717000+00:00,58.09999847412109,0.0,0.0
2024-06-09 05:00:07.470000+00:00,58.09999847412109,0.0,0.0
2024-06-09 05:01:05.092000+00:00,58.09999847412109,0.0,0.0
2024-06-09 05:02:03.924000+00:00,58.09999847412109,0.0,0.0
2024-06-09 05:03:04.670000+00:00,58.09999847412109,0.0,0.0
2024-06-09 05:04:03.827000+00:00,58.18000030517578,0.0,0.0
2024-06-09 05:05:04.281000+00:00,58.20000076293945,0.0,0.0
2024-06-09 05:06:04.935000+00:00,58.20000076293945,0.0,0.0
2024-06-09 05:07:04.593000+00:00,58.09999847412109,0.0,0.0
2024-06-09 05:08:04.404000+00:00,58.09999847412109,0.0,0.0
2024-06-09 05:09:04.274000+00:00,58.09999847412109,0.0,0.0
2024-06-09 05:10:04.701000+00:00,58.0,0.0,0.0
2024-06-09 05:11:04.385000+00:00,58.0,0.0,0.0
2024-06-09 05:12:04.461000+00:00,57.900001525878906,0.0,0.0
2024-06-09 05:13:04.468000+00:00,57.900001525878906,0.0,0.0
2024-06-09 05:14:04.466000+00:00,57.79999923706055,0.0,0.0
2024-06-09 05:15:04.833000+00:00,57.84999847412109,0.0,0.0
2024-06-09 05:16:03.992000+00:00,57.900001525878906,0.0,0.0
2024-06-09 05:17:04.122000+00:00,57.900001525878906,0.0,0.0
2024-06-09 05:18:05.131000+00:00,57.900001525878906,0.0,0.0
2024-06-09 05:19:04.017000+00:00,57.900001525878906,0.0,0.0
2024-06-09 05:20:04.615000+00:00,57.900001525878906,0.0,0.0
2024-06-09 05:21:04.736000+00:00,57.900001525878906,0.0,0.0
2024-06-09 05:22:04.790000+00:00,57.90999984741211,0.0,0.0
2024-06-09 05:23:04+00:00,58.0,0.0,0.0
2024-06-09 05:24:04.640000+00:00,58.09999847412109,0.0,0.0
2024-06-09 05:25:04.204000+00:00,58.09999847412109,0.0,0.0
2024-06-09 05:26:04.910000+00:00,58.20000076293945,0.0,0.0
2024-06-09 05:27:04.099000+00:00,58.20000076293945,0.0,0.0
2024-06-09 05:28:04.737000+00:00,58.29999923706055,0.0,0.0
2024-06-09 05:29:04.149000+00:00,58.29999923706055,0.0,0.0
2024-06-09 05:30:04.953000+00:00,58.29999923706055,0.0,0.0
2024-06-09 05:31:04.600000+00:00,58.29999923706055,0.0,0.0
2024-06-09 05:32:04.587000+00:00,58.29999923706055,0.0,0.0
2024-06-09 05:33:04.663000+00:00,58.400001525878906,0.0,0.0
2024-06-09 05:34:04.287000+00:00,58.29999923706055,0.0,0.0
2024-06-09 05:35:04.465000+00:00,58.29999923706055,0.0,0.0
2024-06-09 05:36:04.420000+00:00,58.20000076293945,0.0,0.0
2024-06-09 05:37:04.211000+00:00,58.20000076293945,0.0,0.0
2024-06-09 05:38:04.103000+00:00,58.20000076293945,0.0,0.0
2024-06-09 05:39:04.650000+00:00,58.09999847412109,0.0,0.0
2024-06-09 05:40:04.637000+00:00,58.09999847412109,0.0,0.0
2024-06-09 05:41:04.754000+00:00,58.0,0.0,0.0
2024-06-09 05:42:04.890000+00:00,58.09999847412109,0.0,0.0
2024-06-09 05:43:04.540000+00:00,58.0,0.0,0.0
2024-06-09 05:44:04.604000+00:00,58.09999847412109,0.0,0.0
2024-06-09 05:45:04.080000+00:00,58.0,0.0,0.0
2024-06-09 05:46:04.282000+00:00,58.0099983215332,0.0,0.0
2024-06-09 05:47:04.142000+00:00,58.09999847412109,0.0,0.0
2024-06-09 05:48:04.580000+00:00,58.09999847412109,0.0,0.0
2024-06-09 05:49:04.490000+00:00,58.09999847412109,0.0,0.0
2024-06-09 05:50:04.573000+00:00,58.09999847412109,0.0,0.0
2024-06-09 05:51:04.256000+00:00,58.20000076293945,0.0,0.0
2024-06-09 05:52:04.395000+00:00,58.09999847412109,0.0,0.0
2024-06-09 05:53:04.188000+00:00,58.20000076293945,0.0,0.0
2024-06-09 05:54:04.162000+00:00,58.20000076293945,0.0,0.0
2024-06-09 05:55:04.822000+00:00,58.20000076293945,0.0,0.0
2024-06-09 05:56:04.677000+00:00,58.20000076293945,0.0,0.0
2024-06-09 05:57:04.487000+00:00,58.20000076293945,0.0,0.0
2024-06-09 05:58:04.310000+00:00,58.20000076293945,0.0,0.0
2024-06-09 05:59:04.565000+00:00,58.20000076293945,0.0,0.0
2024-06-09 06:00:07.651000+00:00,58.2599983215332,0.0,0.0
2024-06-09 06:01:04.936000+00:00,58.20000076293945,0.0,0.0
2024-06-09 06:02:04.393000+00:00,58.20000076293945,0.0,0.0
2024-06-09 06:03:04.112000+00:00,58.20000076293945,0.0,0.0
2024-06-09 06:04:04.301000+00:00,58.20000076293945,0.0,0.0
2024-06-09 06:05:04.309000+00:00,58.20000076293945,0.0,0.0
2024-06-09 06:06:05.067000+00:00,58.09999847412109,0.0,0.0
2024-06-09 06:07:04.621000+00:00,58.09999847412109,0.0,0.0
2024-06-09 06:08:04.132000+00:00,58.09999847412109,0.0,0.0
2024-06-09 06:09:04.352000+00:00,58.09999847412109,0.0,0.0
2024-06-09 06:10:04.752000+00:00,58.09999847412109,0.0,0.0
2024-06-09 06:11:04.611000+00:00,58.09999847412109,0.0,0.0
2024-06-09 06:12:04.101000+00:00,58.09999847412109,0.0,0.0
2024-06-09 06:13:04.964000+00:00,58.20000076293945,0.0,0.0
2024-06-09 06:14:04.921000+00:00,58.20000076293945,0.0,0.0
2024-06-09 06:15:04.313000+00:00,58.20000076293945,0.0,0.0
2024-06-09 06:16:04.556000+00:00,58.20000076293945,0.0,0.0
2024-06-09 06:17:04.413000+00:00,58.20000076293945,0.0,0.0
2024-06-09 06:18:04.638000+00:00,58.20000076293945,0.0,0.0
2024-06-09 06:19:04.487000+00:00,58.20000076293945,0.0,0.0
2024-06-09 06:20:04.575000+00:00,58.20000076293945,0.0,0.0
2024-06-09 06:21:04.419000+00:00,58.29999923706055,0.0,0.0
2024-06-09 06:22:04.556000+00:00,58.400001525878906,0.0,0.0
2024-06-09 06:23:04.319000+00:00,58.400001525878906,0.0,0.0
2024-06-09 06:24:04.432000+00:00,58.5,0.0,0.0
2024-06-09 06:25:04.578000+00:00,58.5,0.0,0.0
2024-06-09 06:26:04.855000+00:00,58.5,0.0,0.0
2024-06-09 06:27:04.922000+00:00,58.400001525878906,0.0,0.0
2024-06-09 06:28:04.979000+00:00,58.29999923706055,0.0,0.0
2024-06-09 06:29:04.287000+00:00,58.20000076293945,0.0,0.0
2024-06-09 06:30:04.699000+00:00,58.09999847412109,0.0,0.0
2024-06-09 06:31:04.485000+00:00,58.09999847412109,0.0,0.0
2024-06-09 06:32:04.530000+00:00,58.0,0.0,0.0
2024-06-09 06:33:04.048000+00:00,58.09999847412109,0.0,0.0
2024-06-09 06:34:04.282000+00:00,58.09999847412109,0.0,0.0
2024-06-09 06:35:04.221000+00:00,58.09999847412109,0.0,0.0
2024-06-09 06:36:04.408000+00:00,58.16999816894531,0.0,0.0
2024-06-09 06:37:04.272000+00:00,58.20000076293945,0.0,0.0
2024-06-09 06:38:04.550000+00:00,58.20000076293945,0.0,0.0
2024-06-09 06:39:04.600000+00:00,58.20000076293945,0.0,0.0
2024-06-09 06:40:04.108000+00:00,58.20000076293945,0.0,0.0
2024-06-09 06:41:04.050000+00:00,58.20000076293945,0.0,0.0
2024-06-09 06:42:05.087000+00:00,58.09999847412109,0.0,0.0
2024-06-09 06:43:04.561000+00:00,58.09999847412109,0.0,0.0
2024-06-09 06:44:04.201000+00:00,58.02000045776367,0.0,0.0
2024-06-09 06:45:04.585000+00:00,58.0,0.0,0.0
2024-06-09 06:46:04.297000+00:00,57.900001525878906,0.0,0.0
2024-06-09 06:47:04.441000+00:00,57.900001525878906,0.0,0.0
2024-06-09 06:48:04.380000+00:00,57.900001525878906,0.0,0.0
2024-06-09 06:49:03.928000+00:00,57.900001525878906,0.0,0.0
2024-06-09 06:50:04.875000+00:00,57.900001525878906,0.0,0.0
2024-06-09 06:51:04.005000+00:00,57.900001525878906,0.0,0.0
2024-06-09 06:52:04.508000+00:00,57.900001525878906,0.0,0.0
2024-06-09 06:53:04.182000+00:00,57.119998931884766,0.0,0.0
2024-06-09 06:54:04.035000+00:00,57.59000015258789,0.0,0.0
2024-06-09 06:55:04.983000+00:00,58.0099983215332,0.0,0.0
2024-06-09 06:56:04.463000+00:00,58.400001525878906,0.0,0.0
2024-06-09 06:57:04.355000+00:00,58.70000076293945,0.0,0.0
2024-06-09 06:58:04.431000+00:00,58.5,0.0,0.0
2024-06-09 06:59:04.525000+00:00,58.59999847412109,0.0,0.0
2024-06-09 07:00:08.023000+00:00,58.400001525878906,0.0,0.0
2024-06-09 07:01:05.101000+00:00,58.5,0.0,0.0
2024-06-09 07:02:03.896000+00:00,56.75,0.0,0.0
2024-06-09 07:03:04.133000+00:00,56.18000030517578,0.0,0.0
2024-06-09 07:04:04.040000+00:00,55.619998931884766,0.0,0.0
2024-06-09 07:05:04.685000+00:00,56.400001525878906,0.0,0.0
2024-06-09 07:06:05.031000+00:00,57.0,0.0,0.0
2024-06-09 07:07:03.929000+00:00,57.79999923706055,0.0,0.0
2024-06-09 07:08:04.025000+00:00,58.5,0.0,0.0
2024-06-09 07:09:04.627000+00:00,58.900001525878906,0.0,0.0
2024-06-09 07:10:04.512000+00:00,59.09999847412109,0.0,0.0
2024-06-09 07:11:04.235000+00:00,59.09999847412109,0.0,0.0
2024-06-09 07:12:04.429000+00:00,59.0,0.0,0.0
2024-06-09 07:13:04.839000+00:00,58.900001525878906,0.0,0.0
2024-06-09 07:14:04.402000+00:00,58.79999923706055,0.0,0.0
2024-06-09 07:15:04.672000+00:00,58.70000076293945,0.0,0.0
2024-06-09 07:16:03.931000+00:00,58.59999847412109,0.0,0.0
2024-06-09 07:17:04.338000+00:00,58.400001525878906,0.0,0.0
2024-06-09 07:18:04.244000+00:00,58.27000045776367,0.0,0.0
2024-06-09 07:19:04.281000+00:00,58.20000076293945,0.0,0.0
2024-06-09 07:20:04.092000+00:00,58.09999847412109,0.0,0.0
2024-06-09 07:21:04.433000+00:00,58.0,0.0,0.0
2024-06-09 07:22:03.983000+00:00,57.900001525878906,0.0,0.0
2024-06-09 07:23:04.939000+00:00,57.79999923706055,0.0,0.0
2024-06-09 07:24:04.898000+00:00,57.79999923706055,0.0,0.0
2024-06-09 07:25:04.700000+00:00,57.70000076293945,0.0,0.0
2024-06-09 07:26:04.306000+00:00,57.70000076293945,0.0,0.0
2024-06-09 07:27:04.293000+00:00,57.79999923706055,0.0,0.0
2024-06-09 07:28:04.670000+00:00,57.79999923706055,0.0,0.0
2024-06-09 07:29:03.898000+00:00,57.84000015258789,0.0,0.0
2024-06-09 07:30:04.967000+00:00,57.95000076293945,0.0,0.0
2024-06-09 07:31:04.003000+00:00,58.09999847412109,0.0,0.0
2024-06-09 07:32:04.788000+00:00,58.20000076293945,0.0,0.0
2024-06-09 07:33:04.361000+00:00,58.29999923706055,0.0,0.0
2024-06-09 07:34:04.172000+00:00,58.400001525878906,0.0,0.0
2024-06-09 07:35:03.915000+00:00,58.400001525878906,0.0,0.0
2024-06-09 07:36:04.293000+00:00,58.5,0.0,0.0
2024-06-09 07:37:03.953000+00:00,58.54999923706055,0.0,0.0
2024-06-09 07:38:04.332000+00:00,58.59999847412109,0.0,0.0
2024-06-09 07:39:04.634000+00:00,58.59999847412109,0.0,0.0
2024-06-09 07:40:04.517000+00:00,58.5,0.0,0.0
2024-06-09 07:41:04.175000+00:00,58.5,0.0,0.0
2024-06-09 07:42:04.561000+00:00,58.400001525878906,0.0,0.0
2024-06-09 07:43:04.855000+00:00,58.400001525878906,0.0,0.0
2024-06-09 07:44:04.645000+00:00,58.400001525878906,0.0,0.0
2024-06-09 07:45:04.655000+00:00,58.29999923706055,0.0,0.0
2024-06-09 07:46:04.365000+00:00,58.29999923706055,0.0,0.0
2024-06-09 07:47:04.252000+00:00,58.29999923706055,0.0,0.0
2024-06-09 07:48:04.651000+00:00,58.29999923706055,0.0,0.0
2024-06-09 07:49:04.588000+00:00,58.29999923706055,0.0,0.0
2024-06-09 07:50:04.199000+00:00,58.20000076293945,0.0,0.0
2024-06-09 07:51:04.046000+00:00,58.20000076293945,0.0,0.0
2024-06-09 07:52:04.398000+00:00,58.20000076293945,0.0,0.0
2024-06-09 07:53:03.779000+00:00,58.20000076293945,0.0,0.0
2024-06-09 07:54:03.997000+00:00,58.09999847412109,0.0,0.0
2024-06-09 07:55:04.544000+00:00,58.09999847412109,0.0,0.0
2024-06-09 07:56:04.307000+00:00,58.09999847412109,0.0,0.0
2024-06-09 07:57:04.294000+00:00,58.09999847412109,0.0,0.0
2024-06-09 07:58:04.218000+00:00,58.09999847412109,0.0,0.0
2024-06-09 07:59:04.381000+00:00,58.09999847412109,0.0,0.0
2024-06-09 08:00:06.842000+00:00,58.18999862670898,0.0,0.0
2024-06-09 08:01:04.598000+00:00,58.09999847412109,0.0,0.0
2024-06-09 08:02:04.905000+00:00,58.20000076293945,0.0,0.0
2024-06-09 08:03:03.982000+00:00,58.20000076293945,0.0,0.0
2024-06-09 08:04:03.661000+00:00,58.20000076293945,0.0,0.0
2024-06-09 08:05:04.344000+00:00,58.290000915527344,0.0,0.0
2024-06-09 08:06:04.812000+00:00,58.29999923706055,0.0,0.0
2024-06-09 08:07:04.892000+00:00,58.29999923706055,0.0,0.0
2024-06-09 08:08:04.152000+00:00,58.380001068115234,0.0,0.0
2024-06-09 08:09:04.195000+00:00,58.400001525878906,0.0,0.0
2024-06-09 08:10:04.726000+00:00,58.36000061035156,0.0,0.0
2024-06-09 08:11:04.362000+00:00,58.380001068115234,0.0,0.0
2024-06-09 08:12:04.859000+00:00,58.400001525878906,0.0,0.0
2024-06-09 08:13:04.517000+00:00,58.400001525878906,0.0,0.0
2024-06-09 08:14:04.418000+00:00,58.400001525878906,0.0,0.0
2024-06-09 08:15:04.897000+00:00,58.400001525878906,0.0,0.0
2024-06-09 08:16:04.710000+00:00,58.400001525878906,0.0,0.0
2024-06-09 08:17:04.171000+00:00,58.400001525878906,0.0,0.0
2024-06-09 08:18:04.368000+00:00,58.400001525878906,0.0,0.0
2024-06-09 08:19:03.986000+00:00,58.400001525878906,0.0,0.0
2024-06-09 08:20:04.482000+00:00,58.400001525878906,0.0,0.0
2024-06-09 08:21:04.369000+00:00,58.400001525878906,0.0,0.0
2024-06-09 08:22:04.220000+00:00,58.400001525878906,0.0,0.0
2024-06-09 08:23:04.487000+00:00,58.29999923706055,0.0,0.0
2024-06-09 08:24:04.453000+00:00,58.29999923706055,0.0,0.0
2024-06-09 08:25:04.731000+00:00,58.20000076293945,0.0,0.0
2024-06-09 08:26:04.783000+00:00,58.20000076293945,0.0,0.0
2024-06-09 08:27:04.172000+00:00,58.09999847412109,0.0,0.0
2024-06-09 08:28:04.580000+00:00,58.09999847412109,0.0,0.0
2024-06-09 08:29:04.415000+00:00,58.09999847412109,0.0,0.0
2024-06-09 08:30:05.133000+00:00,58.09999847412109,0.0,0.0
2024-06-09 08:31:04.457000+00:00,58.09999847412109,0.0,0.0
2024-06-09 08:32:04.511000+00:00,58.09999847412109,0.0,0.0
2024-06-09 08:33:03.812000+00:00,58.09999847412109,0.0,0.0
2024-06-09 08:34:04.838000+00:00,58.09999847412109,0.0,0.0
2024-06-09 08:35:04.710000+00:00,58.130001068115234,0.0,0.0
2024-06-09 08:36:05.002000+00:00,58.20000076293945,0.0,0.0
2024-06-09 08:37:04.489000+00:00,57.79999923706055,0.0,0.0
2024-06-09 08:38:04.023000+00:00,57.709999084472656,0.0,0.0
2024-06-09 08:39:04.716000+00:00,57.79999923706055,0.0,0.0
2024-06-09 08:40:04.711000+00:00,57.900001525878906,0.0,0.0
2024-06-09 08:41:04.674000+00:00,58.09999847412109,0.0,0.0
2024-06-09 08:42:04.590000+00:00,58.09999847412109,0.0,0.0
2024-06-09 08:43:04.497000+00:00,58.20000076293945,0.0,0.0
2024-06-09 08:44:04.643000+00:00,58.29999923706055,0.0,0.0
2024-06-09 08:45:04.429000+00:00,58.310001373291016,0.0,0.0
2024-06-09 08:46:04.529000+00:00,58.400001525878906,0.0,0.0
2024-06-09 08:47:04.403000+00:00,58.5,0.0,0.0
2024-06-09 08:48:04.390000+00:00,58.59000015258789,0.0,0.0
2024-06-09 08:49:04.288000+00:00,58.52999877929688,0.0,0.0
2024-06-09 08:50:03.985000+00:00,58.5,0.0,0.0
2024-06-09 08:51:04.280000+00:00,58.5,0.0,0.0
2024-06-09 08:52:05.240000+00:00,58.5,0.0,0.0
2024-06-09 08:53:03.726000+00:00,58.5,0.0,0.0
2024-06-09 08:54:04.824000+00:00,58.400001525878906,0.0,0.0
2024-06-09 08:55:04.719000+00:00,58.400001525878906,0.0,0.0
2024-06-09 08:56:04.445000+00:00,56.13999938964844,0.0,0.0
2024-06-09 08:57:04.750000+00:00,52.40999984741211,0.0,0.0
2024-06-09 08:58:04.087000+00:00,54.33000183105469,0.0,0.0
2024-06-09 08:59:04.553000+00:00,56.29999923706055,0.0,0.0
2024-06-09 09:00:07.352000+00:00,57.88999938964844,0.0,0.0
2024-06-09 09:01:04.880000+00:00,58.59999847412109,0.0,0.0
2024-06-09 09:02:04.059000+00:00,59.0,0.0,0.0
2024-06-09 09:03:03.981000+00:00,59.20000076293945,0.0,0.0
2024-06-09 09:04:04.324000+00:00,59.20000076293945,0.0,0.0
2024-06-09 09:05:04.679000+00:00,59.0,0.0,0.0
2024-06-09 09:06:04.866000+00:00,58.900001525878906,0.0,0.0
2024-06-09 09:07:04.291000+00:00,58.79999923706055,0.0,0.0
2024-06-09 09:08:04.014000+00:00,58.70000076293945,0.0,0.0
2024-06-09 09:09:03.810000+00:00,58.59999847412109,0.0,0.0
2024-06-09 09:10:04.750000+00:00,58.40999984741211,0.0,0.0
2024-06-09 09:11:04.874000+00:00,58.400001525878906,0.0,0.0
2024-06-09 09:12:04.715000+00:00,58.29999923706055,0.0,0.0
2024-06-09 09:13:05.200000+00:00,58.20000076293945,0.0,0.0
2024-06-09 09:14:04.399000+00:00,58.09999847412109,0.0,0.0
2024-06-09 09:15:04.541000+00:00,58.09999847412109,0.0,0.0
2024-06-09 09:16:04.468000+00:00,58.0,0.0,0.0
2024-06-09 09:17:04.456000+00:00,58.0,0.0,0.0
2024-06-09 09:18:04.266000+00:00,58.0,0.0,0.0
2024-06-09 09:19:04.462000+00:00,58.0,0.0,0.0
2024-06-09 09:20:05.048000+00:00,58.0,0.0,0.0
2024-06-09 09:21:03.999000+00:00,58.0,0.0,0.0
2024-06-09 09:22:04.340000+00:00,58.09999847412109,0.0,0.0
2024-06-09 09:23:04.337000+00:00,58.09999847412109,0.0,0.0
2024-06-09 09:24:04.337000+00:00,58.18999862670898,0.0,0.0
2024-06-09 09:25:04.701000+00:00,58.20000076293945,0.0,0.0
2024-06-09 09:26:05.284000+00:00,58.20000076293945,0.0,0.0
2024-06-09 09:27:04.145000+00:00,58.20000076293945,0.0,0.0
2024-06-09 09:28:04.749000+00:00,58.29999923706055,0.0,0.0
2024-06-09 09:29:04.625000+00:00,58.29999923706055,0.0,0.0
2024-06-09 09:30:05.090000+00:00,58.400001525878906,0.0,0.0
2024-06-09 09:31:04.556000+00:00,58.43999862670898,0.0,0.0
2024-06-09 09:32:04.767000+00:00,58.5,0.0,0.0
2024-06-09 09:33:04.008000+00:00,58.59999847412109,0.0,0.0
2024-06-09 09:34:04.129000+00:00,58.59999847412109,0.0,0.0
2024-06-09 09:35:04.485000+00:00,58.61000061035156,0.0,0.0
2024-06-09 09:36:04.578000+00:00,58.61000061035156,0.0,0.0
2024-06-09 09:37:04.480000+00:00,58.59999847412109,0.0,0.0
2024-06-09 09:38:04.175000+00:00,58.59999847412109,0.0,0.0
2024-06-09 09:39:04.887000+00:00,58.59999847412109,0.0,0.0
2024-06-09 09:40:04.398000+00:00,58.59999847412109,0.0,0.0
2024-06-09 09:41:04.922000+00:00,58.5,0.0,0.0
2024-06-09 09:42:04.422000+00:00,57.880001068115234,0.0,0.0
2024-06-09 09:43:04.366000+00:00,58.0,0.0,0.0
2024-06-09 09:44:04.199000+00:00,58.0,0.0,0.0
2024-06-09 09:45:04.616000+00:00,58.09999847412109,0.0,0.0
2024-06-09 09:46:04.221000+00:00,58.20000076293945,0.0,0.0
2024-06-09 09:47:03.929000+00:00,58.20000076293945,0.0,0.0
2024-06-09 09:48:04.652000+00:00,58.22999954223633,0.0,0.0
2024-06-09 09:49:04.269000+00:00,58.29999923706055,0.0,0.0
2024-06-09 09:50:04.440000+00:00,58.29999923706055,0.0,0.0
2024-06-09 09:51:04.478000+00:00,58.400001525878906,0.0,0.0
2024-06-09 09:52:04.650000+00:00,58.400001525878906,0.0,0.0
2024-06-09 09:53:04.258000+00:00,58.400001525878906,0.0,0.0
2024-06-09 09:54:04.586000+00:00,58.5,0.0,0.0
2024-06-09 09:55:04.474000+00:00,58.5,0.0,0.0
2024-06-09 09:56:04.536000+00:00,58.5,0.0,0.0
2024-06-09 09:57:04.629000+00:00,58.5,0.0,0.0
2024-06-09 09:58:04.284000+00:00,58.58000183105469,0.0,0.0
2024-06-09 09:59:05.008000+00:00,58.59999847412109,0.0,0.0
2024-06-09 10:00:06.181000+00:00,58.29999923706055,0.0,0.0
2024-06-09 10:01:05.089000+00:00,58.20000076293945,0.0,0.0
2024-06-09 10:02:03.731000+00:00,58.09999847412109,0.0,0.0
2024-06-09 10:03:05.328000+00:00,58.09999847412109,0.0,0.0
2024-06-09 10:04:04.232000+00:00,58.09999847412109,0.0,0.0
2024-06-09 10:05:04.742000+00:00,58.09999847412109,0.0,0.0
2024-06-09 10:06:04.689000+00:00,58.09999847412109,0.0,0.0
2024-06-09 10:07:04.429000+00:00,58.09999847412109,0.0,0.0
2024-06-09 10:08:04.227000+00:00,58.09999847412109,0.0,0.0
2024-06-09 10:09:04.342000+00:00,58.09999847412109,0.0,0.0
2024-06-09 10:10:04.574000+00:00,58.20000076293945,0.0,0.0
2024-06-09 10:11:04.703000+00:00,58.09999847412109,0.0,0.0
2024-06-09 10:12:03.866000+00:00,58.09999847412109,0.0,0.0
2024-06-09 10:13:04.837000+00:00,58.09999847412109,0.0,0.0
2024-06-09 10:14:04.625000+00:00,58.09999847412109,0.0,0.0
2024-06-09 10:15:05.170000+00:00,58.09999847412109,0.0,0.0
2024-06-09 10:16:04.293000+00:00,58.20000076293945,0.0,0.0
2024-06-09 10:17:04.463000+00:00,58.20000076293945,0.0,0.0
2024-06-09 10:18:04.655000+00:00,58.29999923706055,0.0,0.0
2024-06-09 10:19:04.639000+00:00,53.66999816894531,0.0,0.0
2024-06-09 10:20:04.843000+00:00,55.869998931884766,0.0,0.0
2024-06-09 10:21:04.093000+00:00,57.86000061035156,0.0,0.0
2024-06-09 10:22:04.262000+00:00,59.09000015258789,0.0,0.0
2024-06-09 10:23:04.657000+00:00,59.5,0.0,0.0
2024-06-09 10:24:04.331000+00:00,59.59999847412109,0.0,0.0
2024-06-09 10:25:04.391000+00:00,59.5099983215332,0.0,0.0
2024-06-09 10:26:04.945000+00:00,59.4900016784668,0.0,0.0
2024-06-09 10:27:04.025000+00:00,59.29999923706055,0.0,0.0
2024-06-09 10:28:04.432000+00:00,59.09999847412109,0.0,0.0
2024-06-09 10:29:05.117000+00:00,59.0,0.0,0.0
2024-06-09 10:30:05.089000+00:00,58.79999923706055,0.0,0.0
2024-06-09 10:31:04.214000+00:00,58.59999847412109,0.0,0.0
2024-06-09 10:32:04.173000+00:00,58.5,0.0,0.0
2024-06-09 10:33:04.532000+00:00,58.29999923706055,0.0,0.0
2024-06-09 10:34:04.146000+00:00,58.20000076293945,0.0,0.0
2024-06-09 10:35:04.120000+00:00,57.79999923706055,0.0,0.0
2024-06-09 10:36:04.924000+00:00,57.79999923706055,0.0,0.0
2024-06-09 10:37:04.127000+00:00,57.79999923706055,0.0,0.0
2024-06-09 10:38:04.611000+00:00,57.900001525878906,0.0,0.0
2024-06-09 10:39:04.168000+00:00,57.70000076293945,0.0,0.0
2024-06-09 10:40:04.583000+00:00,57.79999923706055,0.0,0.0
2024-06-09 10:41:04.553000+00:00,58.0,0.0,0.0
2024-06-09 10:42:04.328000+00:00,58.20000076293945,0.0,0.0
2024-06-09 10:43:04.534000+00:00,58.5,0.0,0.0
2024-06-09 10:44:04.583000+00:00,58.70000076293945,0.0,0.0
2024-06-09 10:45:04.464000+00:00,58.900001525878906,0.0,0.0
2024-06-09 10:46:04.311000+00:00,58.900001525878906,0.0,0.0
2024-06-09 10:47:04.215000+00:00,59.0,0.0,0.0
2024-06-09 10:48:04.252000+00:00,59.0,0.0,0.0
2024-06-09 10:49:03.687000+00:00,58.900001525878906,0.0,0.0
2024-06-09 10:50:05.087000+00:00,58.79999923706055,0.0,0.0
2024-06-09 10:51:04.442000+00:00,58.70000076293945,0.0,0.0
2024-06-09 10:52:04.375000+00:00,58.59999847412109,0.0,0.0
2024-06-09 10:53:04.210000+00:00,58.400001525878906,0.0,0.0
2024-06-09 10:54:04.729000+00:00,58.29999923706055,0.0,0.0
2024-06-09 10:55:04.603000+00:00,58.29999923706055,0.0,0.0
2024-06-09 10:56:04.011000+00:00,58.20000076293945,0.0,0.0
2024-06-09 10:57:04.952000+00:00,58.09999847412109,0.0,0.0
2024-06-09 10:58:04.193000+00:00,58.09999847412109,0.0,0.0
2024-06-09 10:59:04.221000+00:00,58.09999847412109,0.0,0.0
2024-06-09 11:00:06.412000+00:00,57.5,0.0,0.0
2024-06-09 11:01:04.234000+00:00,57.70000076293945,0.0,0.0
2024-06-09 11:02:04.456000+00:00,57.900001525878906,0.0,0.0
2024-06-09 11:03:04.585000+00:00,58.09999847412109,0.0,0.0
2024-06-09 11:04:04.317000+00:00,58.20000076293945,0.0,0.0
2024-06-09 11:05:04.755000+00:00,58.400001525878906,0.0,0.0
2024-06-09 11:06:04.835000+00:00,58.59999847412109,0.0,0.0
2024-06-09 11:07:04.398000+00:00,58.70000076293945,0.0,0.0
2024-06-09 11:08:03.883000+00:00,58.79999923706055,0.0,0.0
2024-06-09 11:09:04.570000+00:00,58.79999923706055,0.0,0.0
2024-06-09 11:10:04.783000+00:00,58.900001525878906,0.0,0.0
2024-06-09 11:11:04.293000+00:00,58.900001525878906,0.0,0.0
2024-06-09 11:12:04.606000+00:00,58.83000183105469,0.0,0.0
2024-06-09 11:13:05.038000+00:00,58.79999923706055,0.0,0.0
2024-06-09 11:14:04.351000+00:00,58.70000076293945,0.0,0.0
2024-06-09 11:15:04.859000+00:00,58.59999847412109,0.0,0.0
2024-06-09 11:16:04.002000+00:00,58.59999847412109,0.0,0.0
2024-06-09 11:17:04.626000+00:00,58.59000015258789,0.0,0.0
2024-06-09 11:18:04.483000+00:00,58.41999816894531,0.0,0.0
2024-06-09 11:19:04.197000+00:00,58.400001525878906,0.0,0.0
2024-06-09 11:20:04.458000+00:00,58.29999923706055,0.0,0.0
2024-06-09 11:21:04.018000+00:00,58.29999923706055,0.0,0.0
2024-06-09 11:22:03.694000+00:00,58.29999923706055,0.0,0.0
2024-06-09 11:23:04+00:00,58.29999923706055,0.0,0.0
2024-06-09 11:24:04.431000+00:00,58.25,0.0,0.0
2024-06-09 11:25:04.536000+00:00,58.20000076293945,0.0,0.0
2024-06-09 11:26:04.658000+00:00,58.20000076293945,0.0,0.0
2024-06-09 11:27:05.010000+00:00,58.20000076293945,0.0,0.0
2024-06-09 11:28:04.763000+00:00,58.20000076293945,0.0,0.0
2024-06-09 11:29:04.291000+00:00,58.20000076293945,0.0,0.0
2024-06-09 11:30:05.374000+00:00,58.20000076293945,0.0,0.0
2024-06-09 11:31:04.471000+00:00,58.20000076293945,0.0,0.0
2024-06-09 11:32:04.454000+00:00,58.29999923706055,0.0,0.0
2024-06-09 11:33:04.318000+00:00,58.400001525878906,0.0,0.0
2024-06-09 11:34:04.432000+00:00,58.5,0.0,0.0
2024-06-09 11:35:04.796000+00:00,58.5,0.0,0.0
2024-06-09 11:36:04.619000+00:00,58.59999847412109,0.0,0.0
2024-06-09 11:37:04.313000+00:00,58.59999847412109,0.0,0.0
2024-06-09 11:38:04.924000+00:00,58.59999847412109,0.0,0.0
2024-06-09 11:39:04.401000+00:00,58.70000076293945,0.0,0.0
2024-06-09 11:40:04.820000+00:00,58.70000076293945,0.0,0.0
2024-06-09 11:41:04.387000+00:00,58.70000076293945,0.0,0.0
2024-06-09 11:42:04.741000+00:00,58.70000076293945,0.0,0.0
2024-06-09 11:43:04.586000+00:00,58.59999847412109,0.0,0.0
2024-06-09 11:44:04.564000+00:00,58.59999847412109,0.0,0.0
2024-06-09 11:45:04.828000+00:00,58.59999847412109,0.0,0.0
2024-06-09 11:46:04.512000+00:00,58.59999847412109,0.0,0.0
2024-06-09 11:47:04.410000+00:00,58.59999847412109,0.0,0.0
2024-06-09 11:48:04.554000+00:00,58.59999847412109,0.0,0.0
2024-06-09 11:49:03.860000+00:00,58.59000015258789,0.0,0.0
2024-06-09 11:50:04.632000+00:00,58.5,0.0,0.0
2024-06-09 11:51:04.933000+00:00,58.5,0.0,0.0
2024-06-09 11:52:04.776000+00:00,58.5,0.0,0.0
2024-06-09 11:53:03.817000+00:00,58.40999984741211,0.0,0.0
2024-06-09 11:54:04.091000+00:00,58.5,0.0,0.0
2024-06-09 11:55:04.565000+00:00,58.400001525878906,0.0,0.0
2024-06-09 11:56:04.375000+00:00,58.400001525878906,0.0,0.0
2024-06-09 11:57:04.505000+00:00,58.400001525878906,0.0,0.0
2024-06-09 11:58:04.220000+00:00,58.400001525878906,0.0,0.0
2024-06-09 11:59:04.496000+00:00,58.29999923706055,0.0,0.0
2024-06-09 12:00:07.406000+00:00,58.29999923706055,0.0,0.0
2024-06-09 12:01:04.739000+00:00,58.18999862670898,0.0,0.0
2024-06-09 12:02:04.195000+00:00,58.20000076293945,0.0,0.0
2024-06-09 12:03:04.240000+00:00,58.20000076293945,0.0,0.0
2024-06-09 12:04:04.556000+00:00,58.20000076293945,0.0,0.0
2024-06-09 12:05:04.832000+00:00,58.20000076293945,0.0,0.0
2024-06-09 12:06:05.370000+00:00,58.27000045776367,0.0,0.0
2024-06-09 12:07:04.337000+00:00,58.29999923706055,0.0,0.0
2024-06-09 12:08:04.248000+00:00,58.29999923706055,0.0,0.0
2024-06-09 12:09:03.972000+00:00,57.40999984741211,0.0,0.0
2024-06-09 12:10:04.758000+00:00,57.79999923706055,0.0,0.0
2024-06-09 12:11:04.114000+00:00,58.20000076293945,0.0,0.0
2024-06-09 12:12:04.556000+00:00,58.5,0.0,0.0
2024-06-09 12:13:04.481000+00:00,58.369998931884766,0.0,0.0
2024-06-09 12:14:04.895000+00:00,58.5,0.0,0.0
2024-06-09 12:15:04.693000+00:00,58.5,0.0,0.0
2024-06-09 12:16:04.217000+00:00,58.59999847412109,0.0,0.0
2024-06-09 12:17:04.391000+00:00,58.79999923706055,0.0,0.0
2024-06-09 12:18:03.954000+00:00,58.959999084472656,0.0,0.0
2024-06-09 12:19:04.539000+00:00,59.09999847412109,0.0,0.0
2024-06-09 12:20:03.733000+00:00,59.09999847412109,0.0,0.0
2024-06-09 12:21:04.424000+00:00,59.09999847412109,0.0,0.0
2024-06-09 12:22:04.148000+00:00,59.0,0.0,0.0
2024-06-09 12:23:04.271000+00:00,58.900001525878906,0.0,0.0
2024-06-09 12:24:04.490000+00:00,58.79999923706055,0.0,0.0
2024-06-09 12:25:04.614000+00:00,58.70000076293945,0.0,0.0
2024-06-09 12:26:04.672000+00:00,58.59999847412109,0.0,0.0
2024-06-09 12:27:03.771000+00:00,58.5,0.0,0.0
2024-06-09 12:28:04.534000+00:00,58.400001525878906,0.0,0.0
2024-06-09 12:29:04.499000+00:00,58.29999923706055,0.0,0.0
2024-06-09 12:30:05.037000+00:00,58.29999923706055,0.0,0.0
2024-06-09 12:31:04.454000+00:00,58.29999923706055,0.0,0.0
2024-06-09 12:32:04.588000+00:00,58.20000076293945,0.0,0.0
2024-06-09 12:33:04.636000+00:00,58.20000076293945,0.0,0.0
2024-06-09 12:34:04.134000+00:00,58.20000076293945,0.0,0.0
2024-06-09 12:35:04.090000+00:00,58.20000076293945,0.0,0.0
2024-06-09 12:36:04.655000+00:00,58.29999923706055,0.0,0.0
2024-06-09 12:37:03.832000+00:00,58.400001525878906,0.0,0.0
2024-06-09 12:38:04.648000+00:00,58.59999847412109,0.0,0.0
2024-06-09 12:39:04.672000+00:00,58.59999847412109,0.0,0.0
2024-06-09 12:40:05.030000+00:00,58.70000076293945,0.0,0.0
2024-06-09 12:41:04.553000+00:00,58.79999923706055,0.0,0.0
2024-06-09 12:42:04.490000+00:00,58.79999923706055,0.0,0.0
2024-06-09 12:43:04.675000+00:00,58.86000061035156,0.0,0.0
2024-06-09 12:44:03.998000+00:00,58.900001525878906,0.0,0.0
2024-06-09 12:45:04.511000+00:00,58.810001373291016,0.0,0.0
2024-06-09 12:46:04.184000+00:00,58.900001525878906,0.0,0.0
2024-06-09 12:47:04.143000+00:00,58.900001525878906,0.0,0.0
2024-06-09 12:48:04.351000+00:00,58.79999923706055,0.0,0.0
2024-06-09 12:49:04.036000+00:00,58.61000061035156,0.0,0.0
2024-06-09 12:50:04.641000+00:00,58.59999847412109,0.0,0.0
2024-06-09 12:51:04.583000+00:00,58.5,0.0,0.0
2024-06-09 12:52:04.223000+00:00,58.400001525878906,0.0,0.0
2024-06-09 12:53:04.216000+00:00,58.400001525878906,0.0,0.0
2024-06-09 12:54:04.461000+00:00,58.400001525878906,0.0,0.0
2024-06-09 12:55:04.895000+00:00,58.400001525878906,0.0,0.0
2024-06-09 12:56:04.420000+00:00,58.29999923706055,0.0,0.0
2024-06-09 12:57:04.249000+00:00,58.29999923706055,0.0,0.0
2024-06-09 12:58:04.563000+00:00,58.290000915527344,0.0,0.0
2024-06-09 12:59:04.809000+00:00,58.29999923706055,0.0,0.0
2024-06-09 13:00:06.918000+00:00,58.29999923706055,0.0,0.0
2024-06-09 13:01:04.425000+00:00,58.29999923706055,0.0,0.0
2024-06-09 13:02:04.245000+00:00,58.400001525878906,0.0,0.0
2024-06-09 13:03:04.933000+00:00,58.29999923706055,0.0,0.0
2024-06-09 13:04:04.237000+00:00,58.29999923706055,0.0,0.0
2024-06-09 13:05:04.364000+00:00,58.400001525878906,0.0,0.0
2024-06-09 13:06:04.579000+00:00,58.59999847412109,0.0,0.0
2024-06-09 13:07:04.263000+00:00,58.70000076293945,0.0,0.0
2024-06-09 13:08:04.387000+00:00,58.77000045776367,0.0,0.0
2024-06-09 13:09:04.232000+00:00,58.20000076293945,0.0,0.0
2024-06-09 13:10:04.961000+00:00,57.70000076293945,0.0,0.0
2024-06-09 13:11:03.803000+00:00,57.52999877929688,0.0,0.0
2024-06-09 13:12:04.836000+00:00,56.720001220703125,0.0,0.0
2024-06-09 13:13:04.777000+00:00,57.59999847412109,0.0,0.0
2024-06-09 13:14:04.439000+00:00,58.61000061035156,0.0,0.0
2024-06-09 13:15:04.962000+00:00,59.29999923706055,0.0,0.0
2024-06-09 13:16:03.870000+00:00,59.5,0.0,0.0
2024-06-09 13:17:03.903000+00:00,59.5,0.0,0.0
2024-06-09 13:18:04.461000+00:00,59.5,0.0,0.0
2024-06-09 13:19:04.643000+00:00,59.29999923706055,0.0,0.0
2024-06-09 13:20:04.268000+00:00,59.20000076293945,0.0,0.0
2024-06-09 13:21:04.529000+00:00,59.0,0.0,0.0
2024-06-09 13:22:04.839000+00:00,58.810001373291016,0.0,0.0
2024-06-09 13:23:03.776000+00:00,58.59999847412109,0.0,0.0
2024-06-09 13:24:04.759000+00:00,58.40999984741211,0.0,0.0
2024-06-09 13:25:04.375000+00:00,58.29999923706055,0.0,0.0
2024-06-09 13:26:04.932000+00:00,58.20000076293945,0.0,0.0
2024-06-09 13:27:04.215000+00:00,58.18999862670898,0.0,0.0
2024-06-09 13:28:05.073000+00:00,58.09999847412109,0.0,0.0
2024-06-09 13:29:04.072000+00:00,58.09000015258789,0.0,0.0
2024-06-09 13:30:04.777000+00:00,58.0,0.0,0.0
2024-06-09 13:31:04.842000+00:00,58.0,0.0,0.0
2024-06-09 13:32:04.639000+00:00,58.09999847412109,0.0,0.0
2024-06-09 13:33:04.068000+00:00,58.29999923706055,0.0,0.0
2024-06-09 13:34:04.086000+00:00,58.400001525878906,0.0,0.0
2024-06-09 13:35:04.627000+00:00,58.59999847412109,0.0,0.0
2024-06-09 13:36:04.395000+00:00,58.70000076293945,0.0,0.0
2024-06-09 13:37:04.238000+00:00,58.70000076293945,0.0,0.0
2024-06-09 13:38:04.242000+00:00,58.79999923706055,0.0,0.0
2024-06-09 13:39:04.534000+00:00,58.79999923706055,0.0,0.0
2024-06-09 13:40:04.463000+00:00,58.79999923706055,0.0,0.0
2024-06-09 13:41:04.489000+00:00,58.79999923706055,0.0,0.0
2024-06-09 13:42:04.599000+00:00,58.79999923706055,0.0,0.0
2024-06-09 13:43:04.346000+00:00,58.79999923706055,0.0,0.0
2024-06-09 13:44:04.149000+00:00,58.59999847412109,0.0,0.0
2024-06-09 13:45:04.475000+00:00,58.5,0.0,0.0
2024-06-09 13:46:04.164000+00:00,58.47999954223633,0.0,0.0
2024-06-09 13:47:04.598000+00:00,58.400001525878906,0.0,0.0
2024-06-09 13:48:04.412000+00:00,58.29999923706055,0.0,0.0
2024-06-09 13:49:04.303000+00:00,58.29999923706055,0.0,0.0
2024-06-09 13:50:04.512000+00:00,58.29999923706055,0.0,0.0
2024-06-09 13:51:03.966000+00:00,58.29999923706055,0.0,0.0
2024-06-09 13:52:04.319000+00:00,58.209999084472656,0.0,0.0
2024-06-09 13:53:04.339000+00:00,58.20000076293945,0.0,0.0
2024-06-09 13:54:04.341000+00:00,58.29999923706055,0.0,0.0
2024-06-09 13:55:04.752000+00:00,58.400001525878906,0.0,0.0
2024-06-09 13:56:04.789000+00:00,58.4900016784668,0.0,0.0
2024-06-09 13:57:03.795000+00:00,58.59999847412109,0.0,0.0
2024-06-09 13:58:04.278000+00:00,58.59999847412109,0.0,0.0
2024-06-09 13:59:04.437000+00:00,58.59999847412109,0.0,0.0
2024-06-09 14:00:06.660000+00:00,58.59999847412109,0.0,0.0
2024-06-09 14:01:04.894000+00:00,58.59999847412109,0.0,0.0
2024-06-09 14:02:04.743000+00:00,58.650001525878906,0.0,0.0
2024-06-09 14:03:04.320000+00:00,58.70000076293945,0.0,0.0
2024-06-09 14:04:04.602000+00:00,58.79999923706055,0.0,0.0
2024-06-09 14:05:04.166000+00:00,58.79999923706055,0.0,0.0
2024-06-09 14:06:05.155000+00:00,58.79999923706055,0.0,0.0
2024-06-09 14:07:04.186000+00:00,58.79999923706055,0.0,0.0
2024-06-09 14:08:04.666000+00:00,58.79999923706055,0.0,0.0
2024-06-09 14:09:03.891000+00:00,58.79999923706055,0.0,0.0
2024-06-09 14:10:04.520000+00:00,58.79999923706055,0.0,0.0
2024-06-09 14:11:04.460000+00:00,58.79999923706055,0.0,0.0
2024-06-09 14:12:04.632000+00:00,58.709999084472656,0.0,0.0
2024-06-09 14:13:04.439000+00:00,58.70000076293945,0.0,0.0
2024-06-09 14:14:04.504000+00:00,58.59999847412109,0.0,0.0
2024-06-09 14:15:04.486000+00:00,58.5,0.0,0.0
2024-06-09 14:16:04.707000+00:00,58.400001525878906,0.0,0.0
2024-06-09 14:17:04.570000+00:00,58.400001525878906,0.0,0.0
2024-06-09 14:18:04.641000+00:00,58.34000015258789,0.0,0.0
2024-06-09 14:19:04.641000+00:00,58.29999923706055,0.0,0.0
2024-06-09 14:20:04.774000+00:00,58.29999923706055,0.0,0.0
2024-06-09 14:21:04.252000+00:00,58.209999084472656,0.0,0.0
2024-06-09 14:22:04.183000+00:00,58.20000076293945,0.0,0.0
2024-06-09 14:23:04.288000+00:00,58.20000076293945,0.0,0.0
2024-06-09 14:24:03.927000+00:00,58.29999923706055,0.0,0.0
2024-06-09 14:25:04.625000+00:00,58.380001068115234,0.0,0.0
2024-06-09 14:26:04.957000+00:00,58.5,0.0,0.0
2024-06-09 14:27:04.983000+00:00,58.59999847412109,0.0,0.0
2024-06-09 14:28:04.406000+00:00,58.130001068115234,0.0,0.0
2024-06-09 14:29:03.871000+00:00,58.0,0.0,0.0
2024-06-09 14:30:04.870000+00:00,58.0,0.0,0.0
2024-06-09 14:31:04.259000+00:00,58.20000076293945,0.0,0.0
2024-06-09 14:32:04.308000+00:00,58.40999984741211,0.0,0.0
2024-06-09 14:33:04.118000+00:00,58.70000076293945,0.0,0.0
2024-06-09 14:34:04.219000+00:00,58.79999923706055,0.0,0.0
2024-06-09 14:35:04.352000+00:00,58.970001220703125,0.0,0.0
2024-06-09 14:36:03.786000+00:00,59.0,0.0,0.0
2024-06-09 14:37:04.005000+00:00,59.0,0.0,0.0
2024-06-09 14:38:03.940000+00:00,59.04999923706055,0.0,0.0
2024-06-09 14:39:04.330000+00:00,59.0,0.0,0.0
2024-06-09 14:40:04.905000+00:00,58.900001525878906,0.0,0.0
2024-06-09 14:41:04.109000+00:00,58.81999969482422,0.0,0.0
2024-06-09 14:42:04.598000+00:00,58.79999923706055,0.0,0.0
2024-06-09 14:43:04.135000+00:00,58.70000076293945,0.0,0.0
2024-06-09 14:44:04.644000+00:00,58.68999862670898,0.0,0.0
2024-06-09 14:45:04.643000+00:00,58.59999847412109,0.0,0.0
2024-06-09 14:46:04.542000+00:00,58.59000015258789,0.0,0.0
2024-06-09 14:47:04.077000+00:00,58.5,0.0,0.0
2024-06-09 14:48:04.051000+00:00,58.400001525878906,0.0,0.0
2024-06-09 14:49:04.391000+00:00,58.380001068115234,0.0,0.0
2024-06-09 14:50:04.526000+00:00,58.29999923706055,0.0,0.0
2024-06-09 14:51:04.378000+00:00,58.29999923706055,0.0,0.0
2024-06-09 14:52:04.813000+00:00,58.29999923706055,0.0,0.0
2024-06-09 14:53:04.751000+00:00,58.29999923706055,0.0,0.0
2024-06-09 14:54:04.823000+00:00,58.29999923706055,0.0,0.0
2024-06-09 14:55:03.995000+00:00,58.29999923706055,0.0,0.0
2024-06-09 14:56:04.492000+00:00,58.29999923706055,0.0,0.0
2024-06-09 14:57:04.895000+00:00,58.400001525878906,0.0,0.0
2024-06-09 14:58:04.325000+00:00,58.400001525878906,0.0,0.0
2024-06-09 14:59:04.141000+00:00,58.400001525878906,0.0,0.0
2024-06-09 15:00:06.502000+00:00,58.400001525878906,0.0,0.0
2024-06-09 15:01:04.521000+00:00,58.400001525878906,0.0,0.0
2024-06-09 15:02:04.537000+00:00,58.5,0.0,0.0
2024-06-09 15:03:04.662000+00:00,58.5,0.0,0.0
2024-06-09 15:04:04.803000+00:00,58.59000015258789,0.0,0.0
2024-06-09 15:05:04.382000+00:00,58.59999847412109,0.0,0.0
2024-06-09 15:06:05.395000+00:00,58.59999847412109,0.0,0.0
2024-06-09 15:07:03.910000+00:00,58.59999847412109,0.0,0.0
2024-06-09 15:08:04.129000+00:00,58.68999862670898,0.0,0.0
2024-06-09 15:09:04.624000+00:00,58.70000076293945,0.0,0.0
2024-06-09 15:10:04.795000+00:00,58.70000076293945,0.0,0.0
2024-06-09 15:11:04.505000+00:00,58.70000076293945,0.0,0.0
2024-06-09 15:12:04.364000+00:00,58.79999923706055,0.0,0.0
2024-06-09 15:13:04.244000+00:00,58.709999084472656,0.0,0.0
2024-06-09 15:14:05.115000+00:00,58.79999923706055,0.0,0.0
2024-06-09 15:15:04.867000+00:00,58.70000076293945,0.0,0.0
2024-06-09 15:16:04.346000+00:00,58.70000076293945,0.0,0.0
2024-06-09 15:17:04.381000+00:00,58.59999847412109,0.0,0.0
2024-06-09 15:18:04.074000+00:00,58.59999847412109,0.0,0.0
2024-06-09 15:19:03.915000+00:00,58.59999847412109,0.0,0.0
2024-06-09 15:20:04.465000+00:00,58.59999847412109,0.0,0.0
2024-06-09 15:21:04.852000+00:00,58.5,0.0,0.0
2024-06-09 15:22:03.914000+00:00,58.5,0.0,0.0
2024-06-09 15:23:04.400000+00:00,58.5,0.0,0.0
2024-06-09 15:24:04.343000+00:00,58.400001525878906,0.0,0.0
2024-06-09 15:25:04.224000+00:00,58.400001525878906,0.0,0.0
2024-06-09 15:26:05.215000+00:00,58.400001525878906,0.0,0.0
2024-06-09 15:27:04.488000+00:00,58.29999923706055,0.0,0.0
2024-06-09 15:28:04.936000+00:00,58.29999923706055,0.0,0.0
2024-06-09 15:29:04.028000+00:00,58.400001525878906,0.0,0.0
2024-06-09 15:30:04.905000+00:00,58.38999938964844,0.0,0.0
2024-06-09 15:31:04.523000+00:00,58.400001525878906,0.0,0.0
2024-06-09 15:32:04.708000+00:00,58.400001525878906,0.0,0.0
2024-06-09 15:33:04.272000+00:00,58.400001525878906,0.0,0.0
2024-06-09 15:34:04.358000+00:00,58.400001525878906,0.0,0.0
2024-06-09 15:35:04.586000+00:00,58.400001525878906,0.0,0.0
2024-06-09 15:36:04.283000+00:00,58.5,0.0,0.0
2024-06-09 15:37:03.899000+00:00,58.400001525878906,0.0,0.0
2024-06-09 15:38:04.378000+00:00,58.54999923706055,0.0,0.0
2024-06-09 15:39:04.631000+00:00,58.5,0.0,0.0
2024-06-09 15:40:04.853000+00:00,58.5,0.0,0.0
2024-06-09 15:41:04.348000+00:00,58.5099983215332,0.0,0.0
2024-06-09 15:42:04.741000+00:00,58.59999847412109,0.0,0.0
2024-06-09 15:43:03.934000+00:00,58.59999847412109,0.0,0.0
2024-06-09 15:44:04.344000+00:00,58.59999847412109,0.0,0.0
2024-06-09 15:45:04.611000+00:00,58.59999847412109,0.0,0.0
2024-06-09 15:46:04.301000+00:00,58.59999847412109,0.0,0.0
2024-06-09 15:47:04.446000+00:00,58.59999847412109,0.0,0.0
2024-06-09 15:48:04.571000+00:00,58.70000076293945,0.0,0.0
2024-06-09 15:49:04.336000+00:00,58.70000076293945,0.0,0.0
2024-06-09 15:50:04.287000+00:00,58.70000076293945,0.0,0.0
2024-06-09 15:51:04.568000+00:00,58.70000076293945,0.0,0.0
2024-06-09 15:52:05.137000+00:00,58.70000076293945,0.0,0.0
2024-06-09 15:53:04.402000+00:00,58.61000061035156,0.0,0.0
2024-06-09 15:54:04.574000+00:00,58.59999847412109,0.0,0.0
2024-06-09 15:55:04.714000+00:00,58.59999847412109,0.0,0.0
2024-06-09 15:56:04.371000+00:00,58.54999923706055,0.0,0.0
2024-06-09 15:57:04.693000+00:00,58.5,0.0,0.0
2024-06-09 15:58:04.339000+00:00,58.5,0.0,0.0
2024-06-09 15:59:04.573000+00:00,58.400001525878906,0.0,0.0
2024-06-09 16:00:06.531000+00:00,58.400001525878906,0.0,0.0
2024-06-09 16:01:05.267000+00:00,58.400001525878906,0.0,0.0
2024-06-09 16:02:04.182000+00:00,58.400001525878906,0.0,0.0
2024-06-09 16:03:03.915000+00:00,58.29999923706055,0.0,0.0
2024-06-09 16:04:04.515000+00:00,58.29999923706055,0.0,0.0
2024-06-09 16:05:04.586000+00:00,58.400001525878906,0.0,0.0
2024-06-09 16:06:05.223000+00:00,58.400001525878906,0.0,0.0
2024-06-09 16:07:04.416000+00:00,58.400001525878906,0.0,0.0
2024-06-09 16:08:03.942000+00:00,58.400001525878906,0.0,0.0
2024-06-09 16:09:04.266000+00:00,58.400001525878906,0.0,0.0
2024-06-09 16:10:04.483000+00:00,58.5,0.0,0.0
2024-06-09 16:11:04.727000+00:00,58.5,0.0,0.0
2024-06-09 16:12:04.556000+00:00,58.5,0.0,0.0
2024-06-09 16:13:04.699000+00:00,58.5,0.0,0.0
2024-06-09 16:14:04.572000+00:00,58.5,0.0,0.0
2024-06-09 16:15:04.536000+00:00,58.5,0.0,0.0
2024-06-09 16:16:04.399000+00:00,58.59999847412109,0.0,0.0
2024-06-09 16:17:04.876000+00:00,58.59999847412109,0.0,0.0
2024-06-09 16:18:04.878000+00:00,58.59999847412109,0.0,0.0
2024-06-09 16:19:04.766000+00:00,58.59999847412109,0.0,0.0
2024-06-09 16:20:04.530000+00:00,58.59999847412109,0.0,0.0
2024-06-09 16:21:04.707000+00:00,58.68999862670898,0.0,0.0
2024-06-09 16:22:04.351000+00:00,58.59999847412109,0.0,0.0
2024-06-09 16:23:04.411000+00:00,58.59999847412109,0.0,0.0
2024-06-09 16:24:04.623000+00:00,58.59999847412109,0.0,0.0
2024-06-09 16:25:04.642000+00:00,58.59999847412109,0.0,0.0
2024-06-09 16:26:05.633000+00:00,58.59999847412109,0.0,0.0
2024-06-09 16:27:04.267000+00:00,58.5,0.0,0.0
2024-06-09 16:28:04.574000+00:00,58.5,0.0,0.0
2024-06-09 16:29:04.079000+00:00,58.5,0.0,0.0
2024-06-09 16:30:05.200000+00:00,58.400001525878906,0.0,0.0
2024-06-09 16:31:04.064000+00:00,58.400001525878906,0.0,0.0
2024-06-09 16:32:04.963000+00:00,58.400001525878906,0.0,0.0
2024-06-09 16:33:04.694000+00:00,58.400001525878906,0.0,0.0
2024-06-09 16:34:04.627000+00:00,58.29999923706055,0.0,0.0
2024-06-09 16:35:04.807000+00:00,58.29999923706055,0.0,0.0
2024-06-09 16:36:04.632000+00:00,58.29999923706055,0.0,0.0
2024-06-09 16:37:04.517000+00:00,58.29999923706055,0.0,0.0
2024-06-09 16:38:04.460000+00:00,58.34999847412109,0.0,0.0
2024-06-09 16:39:04.873000+00:00,58.38999938964844,0.0,0.0
2024-06-09 16:40:04.003000+00:00,58.400001525878906,0.0,0.0
2024-06-09 16:41:04.258000+00:00,58.400001525878906,0.0,0.0
2024-06-09 16:42:04.853000+00:00,58.400001525878906,0.0,0.0
2024-06-09 16:43:04.618000+00:00,58.400001525878906,0.0,0.0
2024-06-09 16:44:04.577000+00:00,58.400001525878906,0.0,0.0
2024-06-09 16:45:04.644000+00:00,58.400001525878906,0.0,0.0
2024-06-09 16:46:04.416000+00:00,58.5,0.0,0.0
2024-06-09 16:47:04.548000+00:00,58.5,0.0,0.0
2024-06-09 16:48:04.459000+00:00,58.5,0.0,0.0
2024-06-09 16:49:04.191000+00:00,58.5,0.0,0.0
2024-06-09 16:50:04.315000+00:00,58.5,0.0,0.0
2024-06-09 16:51:04.312000+00:00,58.5,0.0,0.0
2024-06-09 16:52:04.161000+00:00,58.59999847412109,0.0,0.0
2024-06-09 16:53:04.791000+00:00,58.59999847412109,0.0,0.0
2024-06-09 16:54:04.643000+00:00,58.59999847412109,0.0,0.0
2024-06-09 16:55:04.655000+00:00,58.59999847412109,0.0,0.0
2024-06-09 16:56:04.124000+00:00,58.59999847412109,0.0,0.0
2024-06-09 16:57:04.273000+00:00,58.59999847412109,0.0,0.0
2024-06-09 16:58:04.154000+00:00,58.59999847412109,0.0,0.0
2024-06-09 16:59:04.195000+00:00,58.59999847412109,0.0,0.0
2024-06-09 17:00:07.547000+00:00,58.59999847412109,0.0,0.0
2024-06-09 17:01:04.853000+00:00,58.59000015258789,0.0,0.0
2024-06-09 17:02:03.676000+00:00,58.5,0.0,0.0
2024-06-09 17:03:04.453000+00:00,58.5,0.0,0.0
2024-06-09 17:04:04.788000+00:00,58.41999816894531,0.0,0.0
2024-06-09 17:05:04.933000+00:00,58.400001525878906,0.0,0.0
2024-06-09 17:06:04.562000+00:00,58.400001525878906,0.0,0.0
2024-06-09 17:07:04.376000+00:00,58.29999923706055,0.0,0.0
2024-06-09 17:08:04.087000+00:00,58.29999923706055,0.0,0.0
2024-06-09 17:09:03.916000+00:00,58.29999923706055,0.0,0.0
2024-06-09 17:10:04.204000+00:00,58.29999923706055,0.0,0.0
2024-06-09 17:11:04.244000+00:00,58.29999923706055,0.0,0.0
2024-06-09 17:12:04.713000+00:00,58.29999923706055,0.0,0.0
2024-06-09 17:13:04.772000+00:00,58.29999923706055,0.0,0.0
2024-06-09 17:14:04.229000+00:00,58.29999923706055,0.0,0.0
2024-06-09 17:15:04.480000+00:00,58.29999923706055,0.0,0.0
2024-06-09 17:16:04.373000+00:00,58.29999923706055,0.0,0.0
2024-06-09 17:17:05.148000+00:00,58.29999923706055,0.0,0.0
2024-06-09 17:18:04.351000+00:00,58.400001525878906,0.0,0.0
2024-06-09 17:19:04.824000+00:00,58.400001525878906,0.0,0.0
2024-06-09 17:20:04.065000+00:00,58.400001525878906,0.0,0.0
2024-06-09 17:21:04.571000+00:00,58.400001525878906,0.0,0.0
2024-06-09 17:22:04.042000+00:00,58.400001525878906,0.0,0.0
2024-06-09 17:23:04.700000+00:00,58.400001525878906,0.0,0.0
2024-06-09 17:24:04.541000+00:00,58.400001525878906,0.0,0.0
2024-06-09 17:25:04.479000+00:00,58.400001525878906,0.0,0.0
2024-06-09 17:26:04.259000+00:00,58.400001525878906,0.0,0.0
2024-06-09 17:27:04.087000+00:00,58.5,0.0,0.0
2024-06-09 17:28:04.443000+00:00,58.400001525878906,0.0,0.0
2024-06-09 17:29:03.913000+00:00,58.400001525878906,0.0,0.0
2024-06-09 17:30:04.692000+00:00,58.5,0.0,0.0
2024-06-09 17:31:04.323000+00:00,58.45000076293945,0.0,0.0
2024-06-09 17:32:04.607000+00:00,58.5,0.0,0.0
2024-06-09 17:33:04.092000+00:00,58.5,0.0,0.0
2024-06-09 17:34:04.758000+00:00,58.5,0.0,0.0
2024-06-09 17:35:04.717000+00:00,58.5,0.0,0.0
2024-06-09 17:36:04.426000+00:00,58.5,0.0,0.0
2024-06-09 17:37:04.343000+00:00,58.59999847412109,0.0,0.0
2024-06-09 17:38:04.477000+00:00,58.59999847412109,0.0,0.0
2024-06-09 17:39:04.710000+00:00,58.59999847412109,0.0,0.0
2024-06-09 17:40:04.686000+00:00,58.59999847412109,0.0,0.0
2024-06-09 17:41:04.475000+00:00,58.59999847412109,0.0,0.0
2024-06-09 17:42:05.318000+00:00,58.59999847412109,0.0,0.0
2024-06-09 17:43:04.336000+00:00,58.560001373291016,0.0,0.0
2024-06-09 17:44:03.718000+00:00,58.5,0.0,0.0
2024-06-09 17:45:04.459000+00:00,58.5,0.0,0.0
2024-06-09 17:46:03.895000+00:00,58.400001525878906,0.0,0.0
2024-06-09 17:47:04.300000+00:00,58.400001525878906,0.0,0.0
2024-06-09 17:48:04.600000+00:00,58.400001525878906,0.0,0.0
2024-06-09 17:49:04.131000+00:00,58.400001525878906,0.0,0.0
2024-06-09 17:50:04.391000+00:00,58.29999923706055,0.0,0.0
2024-06-09 17:51:03.957000+00:00,58.29999923706055,0.0,0.0
2024-06-09 17:52:04.824000+00:00,58.29999923706055,0.0,0.0
2024-06-09 17:53:04.306000+00:00,58.29999923706055,0.0,0.0
2024-06-09 17:54:04.654000+00:00,58.29999923706055,0.0,0.0
2024-06-09 17:55:04.757000+00:00,58.29999923706055,0.0,0.0
2024-06-09 17:56:04.701000+00:00,58.29999923706055,0.0,0.0
2024-06-09 17:57:05.033000+00:00,58.29999923706055,0.0,0.0
2024-06-09 17:58:04.353000+00:00,58.29999923706055,0.0,0.0
2024-06-09 17:59:04.003000+00:00,58.29999923706055,0.0,0.0
2024-06-09 18:00:06.632000+00:00,58.34000015258789,0.0,0.0
2024-06-09 18:01:04.969000+00:00,58.369998931884766,0.0,0.0
2024-06-09 18:02:04.520000+00:00,58.400001525878906,0.0,0.0
2024-06-09 18:03:04.036000+00:00,58.400001525878906,0.0,0.0
2024-06-09 18:04:04.174000+00:00,58.400001525878906,0.0,0.0
2024-06-09 18:05:04.397000+00:00,58.400001525878906,0.0,0.0
2024-06-09 18:06:05.009000+00:00,58.400001525878906,0.0,0.0
2024-06-09 18:07:04.248000+00:00,58.400001525878906,0.0,0.0
2024-06-09 18:08:04.476000+00:00,58.400001525878906,0.0,0.0
2024-06-09 18:09:04.640000+00:00,58.400001525878906,0.0,0.0
2024-06-09 18:10:05.106000+00:00,58.5,0.0,0.0
2024-06-09 18:11:04.413000+00:00,58.40999984741211,0.0,0.0
2024-06-09 18:12:04.943000+00:00,58.5,0.0,0.0
2024-06-09 18:13:04.558000+00:00,58.5,0.0,0.0
2024-06-09 18:14:04.464000+00:00,58.5,0.0,0.0
2024-06-09 18:15:04.725000+00:00,58.5,0.0,0.0
2024-06-09 18:16:04.425000+00:00,58.5099983215332,0.0,0.0
2024-06-09 18:17:04.480000+00:00,58.5,0.0,0.0
2024-06-09 18:18:04.478000+00:00,58.5,0.0,0.0
2024-06-09 18:19:03.808000+00:00,58.54999923706055,0.0,0.0
2024-06-09 18:20:04.505000+00:00,58.58000183105469,0.0,0.0
2024-06-09 18:21:04.351000+00:00,58.5,0.0,0.0
2024-06-09 18:22:04.251000+00:00,58.59999847412109,0.0,0.0
2024-06-09 18:23:04.462000+00:00,58.59999847412109,0.0,0.0
2024-06-09 18:24:04.443000+00:00,58.5,0.0,0.0
2024-06-09 18:25:04.101000+00:00,58.5,0.0,0.0
2024-06-09 18:26:04.492000+00:00,58.400001525878906,0.0,0.0
2024-06-09 18:27:04.487000+00:00,58.400001525878906,0.0,0.0
2024-06-09 18:28:04.575000+00:00,58.400001525878906,0.0,0.0
2024-06-09 18:29:04.645000+00:00,58.29999923706055,0.0,0.0
2024-06-09 18:30:05.077000+00:00,58.29999923706055,0.0,0.0
2024-06-09 18:31:04.567000+00:00,58.29999923706055,0.0,0.0
2024-06-09 18:32:05.064000+00:00,58.20000076293945,0.0,0.0
2024-06-09 18:33:04.608000+00:00,58.27999877929688,0.0,0.0
2024-06-09 18:34:04.241000+00:00,58.209999084472656,0.0,0.0
2024-06-09 18:35:04.185000+00:00,58.290000915527344,0.0,0.0
2024-06-09 18:36:04.694000+00:00,58.29999923706055,0.0,0.0
2024-06-09 18:37:04.697000+00:00,58.29999923706055,0.0,0.0
2024-06-09 18:38:04.138000+00:00,58.29999923706055,0.0,0.0
2024-06-09 18:39:05.200000+00:00,58.29999923706055,0.0,0.0
2024-06-09 18:40:04.483000+00:00,58.29999923706055,0.0,0.0
2024-06-09 18:41:04.121000+00:00,58.29999923706055,0.0,0.0
2024-06-09 18:42:04.518000+00:00,58.29999923706055,0.0,0.0
2024-06-09 18:43:04.289000+00:00,58.29999923706055,0.0,0.0
2024-06-09 18:44:04.736000+00:00,58.29999923706055,0.0,0.0
2024-06-09 18:45:04.607000+00:00,58.29999923706055,0.0,0.0
2024-06-09 18:46:04.299000+00:00,58.400001525878906,0.0,0.0
2024-06-09 18:47:04.627000+00:00,58.5,0.0,0.0
2024-06-09 18:48:04.775000+00:00,58.59999847412109,0.0,0.0
2024-06-09 18:49:04.049000+00:00,58.59999847412109,0.0,0.0
2024-06-09 18:50:04.161000+00:00,58.59999847412109,0.0,0.0
2024-06-09 18:51:04.585000+00:00,58.59999847412109,0.0,0.0
2024-06-09 18:52:04.819000+00:00,58.68999862670898,0.0,0.0
2024-06-09 18:53:04.044000+00:00,58.70000076293945,0.0,0.0
2024-06-09 18:54:04.703000+00:00,58.70000076293945,0.0,0.0
2024-06-09 18:55:04.734000+00:00,58.59999847412109,0.0,0.0
2024-06-09 18:56:04.407000+00:00,58.59999847412109,0.0,0.0
2024-06-09 18:57:04.726000+00:00,58.59999847412109,0.0,0.0
2024-06-09 18:58:04.930000+00:00,58.59999847412109,0.0,0.0
2024-06-09 18:59:04.544000+00:00,58.59000015258789,0.0,0.0
2024-06-09 19:00:06.391000+00:00,58.5,0.0,0.0
2024-06-09 19:01:04.825000+00:00,58.5,0.0,0.0
2024-06-09 19:02:04.568000+00:00,58.4900016784668,0.0,0.0
2024-06-09 19:03:04.181000+00:00,58.400001525878906,0.0,0.0
2024-06-09 19:04:04.366000+00:00,58.400001525878906,0.0,0.0
2024-06-09 19:05:04.435000+00:00,58.31999969482422,0.0,0.0
2024-06-09 19:06:04.960000+00:00,58.34000015258789,0.0,0.0
2024-06-09 19:07:04.187000+00:00,58.369998931884766,0.0,0.0
2024-06-09 19:08:04.751000+00:00,58.29999923706055,0.0,0.0
2024-06-09 19:09:04.428000+00:00,58.29999923706055,0.0,0.0
2024-06-09 19:10:04.886000+00:00,58.29999923706055,0.0,0.0
2024-06-09 19:11:04.787000+00:00,58.29999923706055,0.0,0.0
2024-06-09 19:12:04.682000+00:00,58.20000076293945,0.0,0.0
2024-06-09 19:13:04.670000+00:00,58.20000076293945,0.0,0.0
2024-06-09 19:14:04.360000+00:00,58.20000076293945,0.0,0.0
2024-06-09 19:15:04.717000+00:00,58.09999847412109,0.0,0.0
2024-06-09 19:16:04.170000+00:00,57.900001525878906,0.0,0.0
2024-06-09 19:17:04.899000+00:00,57.70000076293945,0.0,0.0
2024-06-09 19:18:04.320000+00:00,57.52999877929688,0.0,0.0
2024-06-09 19:19:04.168000+00:00,57.400001525878906,0.0,0.0
2024-06-09 19:20:04.856000+00:00,57.20000076293945,0.0,0.0
2024-06-09 19:21:03.909000+00:00,57.02000045776367,0.0,0.0
2024-06-09 19:22:03.871000+00:00,56.900001525878906,0.0,0.0
2024-06-09 19:23:04.644000+00:00,56.709999084472656,0.0,0.0
2024-06-09 19:24:04.623000+00:00,56.5099983215332,0.0,0.0
2024-06-09 19:25:04.619000+00:00,56.5,0.0,0.0
2024-06-09 19:26:04.994000+00:00,56.29999923706055,0.0,0.0
2024-06-09 19:27:04.427000+00:00,56.20000076293945,0.0,0.0
2024-06-09 19:28:04.642000+00:00,56.09999847412109,0.0,0.0
2024-06-09 19:29:04.506000+00:00,55.9900016784668,0.0,0.0
2024-06-09 19:30:04.676000+00:00,55.79999923706055,0.0,0.0
2024-06-09 19:31:04.138000+00:00,56.0,0.0,0.0
2024-06-09 19:32:04.643000+00:00,56.70000076293945,0.0,0.0
2024-06-09 19:33:04.118000+00:00,57.70000076293945,0.0,0.0
2024-06-09 19:34:04.240000+00:00,57.84999847412109,0.0,0.0
2024-06-09 19:35:05.039000+00:00,58.09999847412109,0.0,0.0
2024-06-09 19:36:04.622000+00:00,58.09999847412109,0.0,0.0
2024-06-09 19:37:04.722000+00:00,58.09999847412109,0.0,0.0
2024-06-09 19:38:04.071000+00:00,58.09999847412109,0.0,0.0
2024-06-09 19:39:04.339000+00:00,58.09999847412109,0.0,0.0
2024-06-09 19:40:04.641000+00:00,58.25,0.0,0.0
2024-06-09 19:41:04.381000+00:00,58.38999938964844,0.0,0.0
2024-06-09 19:42:04.472000+00:00,58.400001525878906,0.0,0.0
2024-06-09 19:43:04.812000+00:00,58.33000183105469,0.0,0.0
2024-06-09 19:44:04.246000+00:00,58.29999923706055,0.0,0.0
2024-06-09 19:45:04.927000+00:00,58.20000076293945,0.0,0.0
2024-06-09 19:46:04.311000+00:00,58.29999923706055,0.0,0.0
2024-06-09 19:47:04.495000+00:00,58.310001373291016,0.0,0.0
2024-06-09 19:48:04.769000+00:00,58.470001220703125,0.0,0.0
2024-06-09 19:49:03.998000+00:00,58.400001525878906,0.0,0.0
2024-06-09 19:50:04.229000+00:00,58.400001525878906,0.0,0.0
2024-06-09 19:51:04.099000+00:00,58.29999923706055,0.0,0.0
2024-06-09 19:52:04.380000+00:00,58.29999923706055,0.0,0.0
2024-06-09 19:53:04.416000+00:00,58.400001525878906,0.0,0.0
2024-06-09 19:54:04.847000+00:00,58.5,0.0,0.0
2024-06-09 19:55:04.541000+00:00,58.400001525878906,0.0,0.0
2024-06-09 19:56:04.683000+00:00,58.29999923706055,0.0,0.0
2024-06-09 19:57:04.288000+00:00,58.290000915527344,0.0,0.0
2024-06-09 19:58:04.165000+00:00,58.29999923706055,0.0,0.0
2024-06-09 19:59:04.721000+00:00,58.400001525878906,0.0,0.0
2024-06-09 20:00:05.903000+00:00,58.400001525878906,0.0,0.0
2024-06-09 20:01:04.409000+00:00,58.5,0.0,0.0
2024-06-09 20:02:04.419000+00:00,58.400001525878906,0.0,0.0
2024-06-09 20:03:04.328000+00:00,58.29999923706055,0.0,0.0
2024-06-09 20:04:04.335000+00:00,58.29999923706055,0.0,0.0
2024-06-09 20:05:04.561000+00:00,58.29999923706055,0.0,0.0
2024-06-09 20:06:05.066000+00:00,58.400001525878906,0.0,0.0
2024-06-09 20:07:04.422000+00:00,58.400001525878906,0.0,0.0
2024-06-09 20:08:04.124000+00:00,58.5,0.0,0.0
2024-06-09 20:09:04.440000+00:00,58.400001525878906,0.0,0.0
2024-06-09 20:10:04.937000+00:00,58.29999923706055,0.0,0.0
2024-06-09 20:11:04.303000+00:00,58.29999923706055,0.0,0.0
2024-06-09 20:12:04.358000+00:00,58.38999938964844,0.0,0.0
2024-06-09 20:13:04.286000+00:00,58.400001525878906,0.0,0.0
2024-06-09 20:14:04.588000+00:00,58.400001525878906,0.0,0.0
2024-06-09 20:15:04.600000+00:00,58.400001525878906,0.0,0.0
2024-06-09 20:16:04.159000+00:00,58.29999923706055,0.0,0.0
2024-06-09 20:17:04.457000+00:00,58.29999923706055,0.0,0.0
2024-06-09 20:18:04.839000+00:00,58.29999923706055,0.0,0.0
2024-06-09 20:19:04.515000+00:00,58.29999923706055,0.0,0.0
2024-06-09 20:20:04.900000+00:00,58.0,0.0,0.0
2024-06-09 20:21:04.703000+00:00,58.09999847412109,0.0,0.0
2024-06-09 20:22:04.351000+00:00,58.09999847412109,0.0,0.0
2024-06-09 20:23:04.204000+00:00,58.29999923706055,0.0,0.0
2024-06-09 20:24:04.543000+00:00,58.5,0.0,0.0
2024-06-09 20:25:04.365000+00:00,58.5,0.0,0.0
2024-06-09 20:26:04.526000+00:00,58.5,0.0,0.0
2024-06-09 20:27:04.631000+00:00,58.5,0.0,0.0
2024-06-09 20:28:04.996000+00:00,58.5,0.0,0.0
2024-06-09 20:29:04.966000+00:00,58.560001373291016,0.0,0.0
2024-06-09 20:30:04.451000+00:00,58.400001525878906,0.0,0.0
2024-06-09 20:31:04.777000+00:00,58.400001525878906,0.0,0.0
2024-06-09 20:32:04.763000+00:00,58.29999923706055,0.0,0.0
2024-06-09 20:33:04.690000+00:00,58.20000076293945,0.0,0.0
2024-06-09 20:34:04.711000+00:00,58.20000076293945,0.0,0.0
2024-06-09 20:35:04.406000+00:00,58.20000076293945,0.0,0.0
2024-06-09 20:36:04.475000+00:00,58.20000076293945,0.0,0.0
2024-06-09 20:37:04.239000+00:00,58.400001525878906,0.0,0.0
2024-06-09 20:38:04.271000+00:00,58.20000076293945,0.0,0.0
2024-06-09 20:39:04.534000+00:00,59.40999984741211,0.0,0.0
2024-06-09 20:40:04.687000+00:00,58.9900016784668,0.0,0.0
2024-06-09 20:41:04.153000+00:00,58.79999923706055,0.0,0.0
2024-06-09 20:42:04.866000+00:00,58.59999847412109,0.0,0.0
2024-06-09 20:43:04.797000+00:00,58.400001525878906,0.0,0.0
2024-06-09 20:44:04.041000+00:00,58.400001525878906,0.0,0.0
2024-06-09 20:45:04.318000+00:00,58.29999923706055,0.0,0.0
2024-06-09 20:46:04.272000+00:00,58.209999084472656,0.0,0.0
2024-06-09 20:47:03.981000+00:00,58.20000076293945,0.0,0.0
2024-06-09 20:48:04.572000+00:00,58.09999847412109,0.0,0.0
2024-06-09 20:49:04.366000+00:00,58.0099983215332,0.0,0.0
2024-06-09 20:50:04.060000+00:00,58.20000076293945,0.0,0.0
2024-06-09 20:51:04.638000+00:00,58.400001525878906,0.0,0.0
2024-06-09 20:52:04.065000+00:00,58.59000015258789,0.0,0.0
2024-06-09 20:53:04.322000+00:00,58.560001373291016,0.0,0.0
2024-06-09 20:54:04.610000+00:00,58.400001525878906,0.0,0.0
2024-06-09 20:55:04.827000+00:00,58.29999923706055,0.0,0.0
2024-06-09 20:56:04.288000+00:00,58.29999923706055,0.0,0.0
2024-06-09 20:57:04.547000+00:00,58.29999923706055,0.0,0.0
2024-06-09 20:58:04.632000+00:00,58.29999923706055,0.0,0.0
2024-06-09 20:59:04.642000+00:00,58.29999923706055,0.0,0.0
2024-06-09 21:00:07.275000+00:00,58.400001525878906,0.0,0.0
2024-06-09 21:01:04.653000+00:00,58.400001525878906,0.0,0.0
2024-06-09 21:02:04.354000+00:00,58.400001525878906,0.0,0.0
2024-06-09 21:03:04.406000+00:00,58.09999847412109,0.0,0.0
2024-06-09 21:04:04.020000+00:00,57.900001525878906,0.0,0.0
2024-06-09 21:05:04.592000+00:00,57.70000076293945,0.0,0.0
2024-06-09 21:06:05.149000+00:00,57.400001525878906,0.0,0.0
2024-06-09 21:07:03.817000+00:00,57.27999877929688,0.0,0.0
2024-06-09 21:08:04.279000+00:00,57.0,0.0,0.0
2024-06-09 21:09:04.251000+00:00,56.79999923706055,0.0,0.0
2024-06-09 21:10:04.805000+00:00,56.58000183105469,0.0,0.0
2024-06-09 21:11:04.946000+00:00,56.38999938964844,0.0,0.0
2024-06-09 21:12:03.887000+00:00,56.09999847412109,0.0,0.0
2024-06-09 21:13:04.625000+00:00,55.9900016784668,0.0,0.0
2024-06-09 21:14:04.176000+00:00,55.70000076293945,0.0,0.0
2024-06-09 21:15:04.291000+00:00,55.5,0.0,0.0
2024-06-09 21:16:04.289000+00:00,55.29999923706055,0.0,0.0
2024-06-09 21:17:04.650000+00:00,55.20000076293945,0.0,0.0
2024-06-09 21:18:04.151000+00:00,54.900001525878906,0.0,0.0
2024-06-09 21:19:04.240000+00:00,54.70000076293945,0.0,0.0
2024-06-09 21:20:04.322000+00:00,54.59999847412109,0.0,0.0
2024-06-09 21:21:04.485000+00:00,54.400001525878906,0.0,0.0
2024-06-09 21:22:04.309000+00:00,54.29999923706055,0.0,0.0
2024-06-09 21:23:04.504000+00:00,54.09999847412109,0.0,0.0
2024-06-09 21:24:04.407000+00:00,54.0,0.0,0.0
2024-06-09 21:25:04.078000+00:00,53.79999923706055,0.0,0.0
2024-06-09 21:26:04.275000+00:00,53.70000076293945,0.0,0.0
2024-06-09 21:27:04.683000+00:00,53.59999847412109,0.0,0.0
2024-06-09 21:28:04.821000+00:00,53.400001525878906,0.0,0.0
2024-06-09 21:29:04.569000+00:00,53.400001525878906,0.0,0.0
2024-06-09 21:30:05.069000+00:00,53.61000061035156,0.0,0.0
2024-06-09 21:31:04.916000+00:00,54.70000076293945,0.0,0.0
2024-06-09 21:32:04.246000+00:00,55.29999923706055,0.0,0.0
2024-06-09 21:33:03.913000+00:00,55.29999923706055,0.0,0.0
2024-06-09 21:34:04.228000+00:00,55.209999084472656,0.0,0.0
2024-06-09 21:35:03.992000+00:00,55.20000076293945,0.0,0.0
2024-06-09 21:36:04.541000+00:00,55.20000076293945,0.0,0.0
2024-06-09 21:37:04.294000+00:00,55.18000030517578,0.0,0.0
2024-06-09 21:38:04.233000+00:00,55.20000076293945,0.0,0.0
2024-06-09 21:39:04.792000+00:00,55.29999923706055,0.0,0.0
2024-06-09 21:40:05.215000+00:00,55.400001525878906,0.0,0.0
2024-06-09 21:41:04.078000+00:00,55.400001525878906,0.0,0.0
2024-06-09 21:42:04.343000+00:00,55.400001525878906,0.0,0.0
2024-06-09 21:43:04.701000+00:00,55.380001068115234,0.0,0.0
2024-06-09 21:44:04.332000+00:00,55.29999923706055,0.0,0.0
2024-06-09 21:45:04.082000+00:00,55.29999923706055,0.0,0.0
2024-06-09 21:46:04.069000+00:00,55.400001525878906,0.0,0.0
2024-06-09 21:47:04.075000+00:00,55.59999847412109,0.0,0.0
2024-06-09 21:48:04.407000+00:00,55.5,0.0,0.0
2024-06-09 21:49:04.140000+00:00,55.400001525878906,0.0,0.0
2024-06-09 21:50:04.692000+00:00,55.380001068115234,0.0,0.0
2024-06-09 21:51:04.482000+00:00,55.29999923706055,0.0,0.0
2024-06-09 21:52:04.580000+00:00,55.400001525878906,0.0,0.0
2024-06-09 21:53:04.458000+00:00,55.5,0.0,0.0
2024-06-09 21:54:04.313000+00:00,55.59999847412109,0.0,0.0
2024-06-09 21:55:04.509000+00:00,55.70000076293945,0.0,0.0
2024-06-09 21:56:03.935000+00:00,55.59999847412109,0.0,0.0
2024-06-09 21:57:03.948000+00:00,55.400001525878906,0.0,0.0
2024-06-09 21:58:04.126000+00:00,55.400001525878906,0.0,0.0
2024-06-09 21:59:04.089000+00:00,55.29999923706055,0.0,0.0
2024-06-09 22:00:06.297000+00:00,55.290000915527344,0.0,0.0
2024-06-09 22:01:04.652000+00:00,55.20000076293945,0.0,0.0
2024-06-09 22:02:04.157000+00:00,55.09999847412109,0.0,0.0
2024-06-09 22:03:04.130000+00:00,55.20000076293945,0.0,0.0
2024-06-09 22:04:03.751000+00:00,55.29999923706055,0.0,0.0
2024-06-09 22:05:04.873000+00:00,55.5,0.0,0.0
2024-06-09 22:06:04.873000+00:00,55.70000076293945,0.0,0.0
2024-06-09 22:07:03.842000+00:00,55.70000076293945,0.0,0.0
2024-06-09 22:08:04.139000+00:00,55.70000076293945,0.0,0.0
2024-06-09 22:09:04.437000+00:00,55.59999847412109,0.0,0.0
2024-06-09 22:10:04.657000+00:00,55.59999847412109,0.0,0.0
2024-06-09 22:11:04.491000+00:00,55.59999847412109,0.0,0.0
2024-06-09 22:12:04.498000+00:00,55.5,0.0,0.0
2024-06-09 22:13:04.427000+00:00,54.900001525878906,0.0,0.0
2024-06-09 22:14:04.524000+00:00,54.70000076293945,0.0,0.0
2024-06-09 22:15:04.824000+00:00,55.0,0.0,0.0
2024-06-09 22:16:04.442000+00:00,55.59999847412109,0.0,0.0
2024-06-09 22:17:04.281000+00:00,55.70000076293945,0.0,0.0
2024-06-09 22:18:04.938000+00:00,55.70000076293945,0.0,0.0
2024-06-09 22:19:03.997000+00:00,55.70000076293945,0.0,0.0
2024-06-09 22:20:04.589000+00:00,55.63999938964844,0.0,0.0
2024-06-09 22:21:04.298000+00:00,55.59999847412109,0.0,0.0
2024-06-09 22:22:04.701000+00:00,55.5,0.0,0.0
2024-06-09 22:23:04.799000+00:00,55.400001525878906,0.0,0.0
2024-06-09 22:24:04.522000+00:00,55.29999923706055,0.0,0.0
2024-06-09 22:25:04.649000+00:00,55.20000076293945,0.0,0.0
2024-06-09 22:26:04.653000+00:00,55.20000076293945,0.0,0.0
2024-06-09 22:27:04.261000+00:00,55.20000076293945,0.0,0.0
2024-06-09 22:28:04.292000+00:00,55.27000045776367,0.0,0.0
2024-06-09 22:29:04.620000+00:00,55.29999923706055,0.0,0.0
2024-06-09 22:30:05.326000+00:00,55.38999938964844,0.0,0.0
2024-06-09 22:31:04.374000+00:00,55.400001525878906,0.0,0.0
2024-06-09 22:32:04.715000+00:00,55.5,0.0,0.0
2024-06-09 22:33:04.631000+00:00,55.59999847412109,0.0,0.0
2024-06-09 22:34:03.976000+00:00,55.59999847412109,0.0,0.0
2024-06-09 22:35:04.394000+00:00,55.59999847412109,0.0,0.0
2024-06-09 22:36:04.379000+00:00,55.5,0.0,0.0
2024-06-09 22:37:04.305000+00:00,55.5,0.0,0.0
2024-06-09 22:38:04.257000+00:00,55.400001525878906,0.0,0.0
2024-06-09 22:39:04.823000+00:00,55.400001525878906,0.0,0.0
2024-06-09 22:40:04.755000+00:00,55.29999923706055,0.0,0.0
2024-06-09 22:41:04.074000+00:00,55.2400016784668,0.0,0.0
2024-06-09 22:42:04.254000+00:00,55.20000076293945,0.0,0.0
2024-06-09 22:43:04.109000+00:00,55.09999847412109,0.0,0.0
2024-06-09 22:44:04.356000+00:00,55.0,0.0,0.0
2024-06-09 22:45:04.627000+00:00,55.119998931884766,0.0,0.0
2024-06-09 22:46:04.106000+00:00,55.29999923706055,0.0,0.0
2024-06-09 22:47:04.239000+00:00,55.59999847412109,0.0,0.0
2024-06-09 22:48:04.511000+00:00,55.59999847412109,0.0,0.0
2024-06-09 22:49:04.087000+00:00,55.59999847412109,0.0,0.0
2024-06-09 22:50:04.702000+00:00,55.59999847412109,0.0,0.0
2024-06-09 22:51:04.325000+00:00,55.5,0.0,0.0
2024-06-09 22:52:04.852000+00:00,55.29999923706055,0.0,0.0
2024-06-09 22:53:04.410000+00:00,55.20000076293945,0.0,0.0
2024-06-09 22:54:04.200000+00:00,55.09999847412109,0.0,0.0
2024-06-09 22:55:04.778000+00:00,54.9900016784668,0.0,0.0
2024-06-09 22:56:04.681000+00:00,55.0,0.0,0.0
2024-06-09 22:57:04.515000+00:00,55.20000076293945,0.0,0.0
2024-06-09 22:58:04.710000+00:00,55.29999923706055,0.0,0.0
2024-06-09 22:59:03.970000+00:00,55.5,0.0,0.0
2024-06-09 23:00:05.622000+00:00,55.59999847412109,0.0,0.0
2024-06-10 00:00:06.791000+00:00,55.20000076293945,0.0,0.0
2024-06-10 00:01:04.880000+00:00,55.09999847412109,0.0,0.0
2024-06-10 00:02:03.992000+00:00,55.09999847412109,0.0,0.0
2024-06-10 00:03:04.169000+00:00,55.09999847412109,0.0,0.0
2024-06-10 00:04:04.030000+00:00,55.400001525878906,0.0,0.0
2024-06-10 00:05:04.618000+00:00,55.400001525878906,0.0,0.0
2024-06-10 00:06:05.091000+00:00,55.400001525878906,0.0,0.0
2024-06-10 00:07:04.197000+00:00,55.400001525878906,0.0,0.0
2024-06-10 00:08:04.361000+00:00,55.400001525878906,0.0,0.0
2024-06-10 00:09:04.560000+00:00,55.400001525878906,0.0,0.0
2024-06-10 00:10:04.568000+00:00,55.400001525878906,0.0,0.0
2024-06-10 00:11:04.165000+00:00,55.29999923706055,0.0,0.0
2024-06-10 00:12:04.373000+00:00,55.29999923706055,0.0,0.0
2024-06-10 00:13:04.629000+00:00,55.29999923706055,0.0,0.0
2024-06-10 00:14:04.693000+00:00,55.20000076293945,0.0,0.0
2024-06-10 00:15:05.223000+00:00,55.22999954223633,0.0,0.0
2024-06-10 00:16:04.941000+00:00,55.20000076293945,0.0,0.0
2024-06-10 00:17:04.255000+00:00,55.20000076293945,0.0,0.0
2024-06-10 00:18:04.491000+00:00,55.400001525878906,0.0,0.0
2024-06-10 00:19:04.294000+00:00,55.5,0.0,0.0
2024-06-10 00:20:04.519000+00:00,55.5,0.0,0.0
2024-06-10 00:21:04.625000+00:00,55.5,0.0,0.0
2024-06-10 00:22:04.625000+00:00,55.459999084472656,0.0,0.0
2024-06-10 00:23:04.585000+00:00,55.40999984741211,0.0,0.0
2024-06-10 00:24:04.018000+00:00,55.400001525878906,0.0,0.0
2024-06-10 00:25:04.010000+00:00,55.400001525878906,0.0,0.0
2024-06-10 00:26:04.792000+00:00,55.400001525878906,0.0,0.0
2024-06-10 00:27:04.036000+00:00,55.400001525878906,0.0,0.0
2024-06-10 00:28:04.739000+00:00,55.400001525878906,0.0,0.0
2024-06-10 00:29:03.945000+00:00,55.29999923706055,0.0,0.0
2024-06-10 00:30:04.882000+00:00,55.29999923706055,0.0,0.0
2024-06-10 00:31:04.633000+00:00,55.29999923706055,0.0,0.0
2024-06-10 00:32:04.526000+00:00,55.20000076293945,0.0,0.0
2024-06-10 00:33:04.400000+00:00,55.20000076293945,0.0,0.0
2024-06-10 00:34:04.402000+00:00,55.20000076293945,0.0,0.0
2024-06-10 00:35:04.277000+00:00,55.20000076293945,0.0,0.0
2024-06-10 00:36:04.844000+00:00,55.09999847412109,0.0,0.0
2024-06-10 00:37:04.281000+00:00,55.20000076293945,0.0,0.0
2024-06-10 00:38:04.178000+00:00,55.5,0.0,0.0
2024-06-10 00:39:04.283000+00:00,55.5,0.0,0.0
2024-06-10 00:40:04.589000+00:00,55.5,0.0,0.0
2024-06-10 00:41:04.294000+00:00,55.400001525878906,0.0,0.0
2024-06-10 00:42:04.701000+00:00,55.400001525878906,0.0,0.0
2024-06-10 00:43:03.792000+00:00,55.400001525878906,0.0,0.0
2024-06-10 00:44:04.397000+00:00,55.29999923706055,0.0,0.0
2024-06-10 00:45:04.391000+00:00,55.33000183105469,0.0,0.0
2024-06-10 00:46:04.652000+00:00,55.29999923706055,0.0,0.0
2024-06-10 00:47:04.576000+00:00,55.29999923706055,0.0,0.0
2024-06-10 00:48:04.758000+00:00,55.20000076293945,0.0,0.0
2024-06-10 00:49:03.671000+00:00,55.20000076293945,0.0,0.0
2024-06-10 00:50:04.038000+00:00,55.09999847412109,0.0,0.0
2024-06-10 00:51:04.075000+00:00,55.29999923706055,0.0,0.0
2024-06-10 00:52:04.585000+00:00,55.400001525878906,0.0,0.0
2024-06-10 00:53:04.600000+00:00,55.400001525878906,0.0,0.0
2024-06-10 00:54:04.409000+00:00,55.29999923706055,0.0,0.0
2024-06-10 00:55:04.136000+00:00,55.29999923706055,0.0,0.0
2024-06-10 00:56:04.591000+00:00,55.29999923706055,0.0,0.0
2024-06-10 00:57:04.609000+00:00,55.209999084472656,0.0,0.0
2024-06-10 00:58:04.328000+00:00,55.20000076293945,0.0,0.0
2024-06-10 00:59:04.192000+00:00,55.20000076293945,0.0,0.0
2024-06-10 01:00:06.049000+00:00,55.400001525878906,0.0,0.0
2024-06-10 01:01:04.334000+00:00,55.400001525878906,0.0,0.0
2024-06-10 01:02:03.947000+00:00,55.400001525878906,0.0,0.0
2024-06-10 01:03:04.238000+00:00,55.29999923706055,0.0,0.0
2024-06-10 01:04:04.486000+00:00,55.29999923706055,0.0,0.0
2024-06-10 01:05:04.776000+00:00,55.20000076293945,0.0,0.0
2024-06-10 01:06:05.051000+00:00,55.20000076293945,0.0,0.0
2024-06-10 01:07:04.254000+00:00,55.400001525878906,0.0,0.0
2024-06-10 01:08:04.531000+00:00,55.59999847412109,0.0,0.0
2024-06-10 01:09:04.258000+00:00,55.70000076293945,0.0,0.0
2024-06-10 01:10:05.040000+00:00,55.59999847412109,0.0,0.0
2024-06-10 01:11:03.922000+00:00,55.5,0.0,0.0
2024-06-10 01:12:04.693000+00:00,55.400001525878906,0.0,0.0
2024-06-10 01:13:05.067000+00:00,55.29999923706055,0.0,0.0
2024-06-10 01:14:04.478000+00:00,55.20000076293945,0.0,0.0
2024-06-10 01:15:05.277000+00:00,55.09999847412109,0.0,0.0
2024-06-10 01:16:04.262000+00:00,54.97999954223633,0.0,0.0
2024-06-10 01:17:04.579000+00:00,55.09999847412109,0.0,0.0
2024-06-10 01:18:04.744000+00:00,55.29999923706055,0.0,0.0
2024-06-10 01:19:03.957000+00:00,55.29999923706055,0.0,0.0
2024-06-10 01:20:04.565000+00:00,55.29999923706055,0.0,0.0
2024-06-10 01:21:04.539000+00:00,55.29999923706055,0.0,0.0
2024-06-10 01:22:04.857000+00:00,55.09999847412109,0.0,0.0
2024-06-10 01:23:04.160000+00:00,55.29999923706055,0.0,0.0
2024-06-10 01:24:04.084000+00:00,55.400001525878906,0.0,0.0
2024-06-10 01:25:04.449000+00:00,55.29999923706055,0.0,0.0
2024-06-10 01:26:04.456000+00:00,55.29999923706055,0.0,0.0
2024-06-10 01:27:04.285000+00:00,55.20000076293945,0.0,0.0
2024-06-10 01:28:04.852000+00:00,55.20000076293945,0.0,0.0
2024-06-10 01:29:03.849000+00:00,55.400001525878906,0.0,0.0
2024-06-10 01:30:04.281000+00:00,55.400001525878906,0.0,0.0
2024-06-10 01:31:04.338000+00:00,55.29999923706055,0.0,0.0
2024-06-10 01:32:04.604000+00:00,55.29999923706055,0.0,0.0
2024-06-10 01:33:04.589000+00:00,55.29999923706055,0.0,0.0
2024-06-10 01:34:04.510000+00:00,55.20000076293945,0.0,0.0
2024-06-10 01:35:04.725000+00:00,55.29999923706055,0.0,0.0
2024-06-10 01:36:04.544000+00:00,55.400001525878906,0.0,0.0
2024-06-10 01:37:04.154000+00:00,55.29999923706055,0.0,0.0
2024-06-10 01:38:04.701000+00:00,55.220001220703125,0.0,0.0
2024-06-10 01:39:04.818000+00:00,55.20000076293945,0.0,0.0
2024-06-10 01:40:04.947000+00:00,55.29999923706055,0.0,0.0
2024-06-10 01:41:04.677000+00:00,55.400001525878906,0.0,0.0
2024-06-10 01:42:05.019000+00:00,55.400001525878906,0.0,0.0
2024-06-10 01:43:04.327000+00:00,55.29999923706055,0.0,0.0
2024-06-10 01:44:04.223000+00:00,55.20000076293945,0.0,0.0
2024-06-10 01:45:04.928000+00:00,55.20000076293945,0.0,0.0
2024-06-10 01:46:04.666000+00:00,55.400001525878906,0.0,0.0
2024-06-10 01:47:04.356000+00:00,55.400001525878906,0.0,0.0
2024-06-10 01:48:04.297000+00:00,55.400001525878906,0.0,0.0
2024-06-10 01:49:04.296000+00:00,55.34000015258789,0.0,0.0
2024-06-10 01:50:04.044000+00:00,55.29999923706055,0.0,0.0
2024-06-10 01:51:04.548000+00:00,55.29999923706055,0.0,0.0
2024-06-10 01:52:04.443000+00:00,55.20000076293945,0.0,0.0
2024-06-10 01:53:04.379000+00:00,55.20000076293945,0.0,0.0
2024-06-10 01:54:04.735000+00:00,55.13999938964844,0.0,0.0
2024-06-10 01:55:04.930000+00:00,55.18999862670898,0.0,0.0
2024-06-10 01:56:04.547000+00:00,55.36000061035156,0.0,0.0
2024-06-10 01:57:03.844000+00:00,55.400001525878906,0.0,0.0
2024-06-10 01:58:03.787000+00:00,55.41999816894531,0.0,0.0
2024-06-10 01:59:04.715000+00:00,55.5,0.0,0.0
2024-06-10 02:00:06.074000+00:00,55.59999847412109,0.0,0.0
2024-06-10 02:01:04.622000+00:00,55.77999877929688,0.0,0.0
2024-06-10 02:02:04.061000+00:00,56.59999847412109,0.0,0.0
2024-06-10 02:03:04.606000+00:00,57.5,0.0,0.0
2024-06-10 02:04:04.001000+00:00,58.20000076293945,0.0,0.0
2024-06-10 02:05:04.229000+00:00,58.79999923706055,0.0,0.0
2024-06-10 02:06:05.117000+00:00,59.09999847412109,0.0,0.0
2024-06-10 02:07:04.287000+00:00,59.29999923706055,0.0,0.0
2024-06-10 02:08:04.279000+00:00,59.20000076293945,0.0,0.0
2024-06-10 02:09:04.458000+00:00,59.0,0.0,0.0
2024-06-10 02:10:04.976000+00:00,58.79999923706055,0.0,0.0
2024-06-10 02:11:04.371000+00:00,58.59999847412109,0.0,0.0
2024-06-10 02:12:04.610000+00:00,58.400001525878906,0.0,0.0
2024-06-10 02:13:05.878000+00:00,58.290000915527344,0.0,0.0
2024-06-10 02:14:04.066000+00:00,58.09999847412109,0.0,0.0
2024-06-10 02:15:04.839000+00:00,58.0,0.0,0.0
2024-06-10 02:16:04.415000+00:00,57.900001525878906,0.0,0.0
2024-06-10 02:17:04.540000+00:00,57.79999923706055,0.0,0.0
2024-06-10 02:18:04.846000+00:00,57.79999923706055,0.0,0.0
2024-06-10 02:19:04.344000+00:00,57.900001525878906,0.0,0.0
2024-06-10 02:20:04.903000+00:00,57.900001525878906,0.0,0.0
2024-06-10 02:21:04.352000+00:00,58.0,0.0,0.0
2024-06-10 02:22:04.195000+00:00,58.09999847412109,0.0,0.0
2024-06-10 02:23:03.836000+00:00,58.20000076293945,0.0,0.0
2024-06-10 02:24:03.915000+00:00,58.209999084472656,0.0,0.0
2024-06-10 02:25:04.303000+00:00,58.310001373291016,0.0,0.0
2024-06-10 02:26:04.652000+00:00,58.400001525878906,0.0,0.0
2024-06-10 02:27:04.654000+00:00,58.29999923706055,0.0,0.0
2024-06-10 02:28:05.728000+00:00,58.20000076293945,0.0,0.0
2024-06-10 02:29:04.009000+00:00,58.09999847412109,0.0,0.0
2024-06-10 02:30:05.088000+00:00,58.20000076293945,0.0,0.0
2024-06-10 02:31:04.375000+00:00,58.20000076293945,0.0,0.0
2024-06-10 02:32:04.938000+00:00,58.29999923706055,0.0,0.0
2024-06-10 02:33:04.053000+00:00,58.29999923706055,0.0,0.0
2024-06-10 02:34:04.212000+00:00,58.20000076293945,0.0,0.0
2024-06-10 02:35:04.285000+00:00,58.02999877929688,0.0,0.0
2024-06-10 02:36:04.164000+00:00,58.09999847412109,0.0,0.0
2024-06-10 02:37:04.173000+00:00,58.09999847412109,0.0,0.0
2024-06-10 02:38:04.529000+00:00,58.20000076293945,0.0,0.0
2024-06-10 02:39:05.042000+00:00,58.20000076293945,0.0,0.0
2024-06-10 02:40:04.980000+00:00,58.29999923706055,0.0,0.0
2024-06-10 02:41:04.194000+00:00,58.209999084472656,0.0,0.0
2024-06-10 02:42:04.748000+00:00,58.20000076293945,0.0,0.0
2024-06-10 02:43:04.869000+00:00,58.09999847412109,0.0,0.0
2024-06-10 02:44:04.479000+00:00,58.09999847412109,0.0,0.0
2024-06-10 02:45:04.612000+00:00,58.09999847412109,0.0,0.0
2024-06-10 02:46:04.422000+00:00,58.09999847412109,0.0,0.0
2024-06-10 02:47:04.185000+00:00,58.09999847412109,0.0,0.0
2024-06-10 02:48:04.402000+00:00,58.18999862670898,0.0,0.0
2024-06-10 02:49:04.477000+00:00,58.20000076293945,0.0,0.0
2024-06-10 02:50:04.778000+00:00,58.209999084472656,0.0,0.0
2024-06-10 02:51:04.306000+00:00,58.29999923706055,0.0,0.0
2024-06-10 02:52:04.603000+00:00,58.29999923706055,0.0,0.0
2024-06-10 02:53:04.450000+00:00,58.29999923706055,0.0,0.0
2024-06-10 02:54:04.126000+00:00,58.29999923706055,0.0,0.0
2024-06-10 02:55:05.512000+00:00,58.400001525878906,0.0,0.0
2024-06-10 02:56:04.500000+00:00,58.400001525878906,0.0,0.0
2024-06-10 02:57:04.654000+00:00,58.400001525878906,0.0,0.0
2024-06-10 02:58:04.526000+00:00,58.20000076293945,0.0,0.0
2024-06-10 02:59:04.580000+00:00,58.09999847412109,0.0,0.0
2024-06-10 03:00:07.875000+00:00,57.900001525878906,0.0,0.0
2024-06-10 03:01:04.788000+00:00,57.900001525878906,0.0,0.0
2024-06-10 03:02:04.868000+00:00,57.79999923706055,0.0,0.0
2024-06-10 03:03:04.620000+00:00,57.79999923706055,0.0,0.0
2024-06-10 03:04:04.219000+00:00,57.79999923706055,0.0,0.0
2024-06-10 03:05:04.625000+00:00,57.88999938964844,0.0,0.0
2024-06-10 03:06:04.952000+00:00,57.900001525878906,0.0,0.0
2024-06-10 03:07:04.117000+00:00,58.0,0.0,0.0
2024-06-10 03:08:04.331000+00:00,58.09999847412109,0.0,0.0
2024-06-10 03:09:04.329000+00:00,58.20000076293945,0.0,0.0
2024-06-10 03:10:04.545000+00:00,58.20000076293945,0.0,0.0
2024-06-10 03:11:04.535000+00:00,58.29999923706055,0.0,0.0
2024-06-10 03:12:04.605000+00:00,58.34000015258789,0.0,0.0
2024-06-10 03:13:04.599000+00:00,58.400001525878906,0.0,0.0
2024-06-10 03:14:04.495000+00:00,58.400001525878906,0.0,0.0
2024-06-10 03:15:05.413000+00:00,58.400001525878906,0.0,0.0
2024-06-10 03:16:04.234000+00:00,58.400001525878906,0.0,0.0
2024-06-10 03:17:04.765000+00:00,58.43000030517578,0.0,0.0
2024-06-10 03:18:04.775000+00:00,58.4900016784668,0.0,0.0
2024-06-10 03:19:04.749000+00:00,58.29999923706055,0.0,0.0
2024-06-10 03:20:05.128000+00:00,58.29999923706055,0.0,0.0
2024-06-10 03:21:04.443000+00:00,58.20000076293945,0.0,0.0
2024-06-10 03:22:04.292000+00:00,58.09999847412109,0.0,0.0
2024-06-10 03:23:03.993000+00:00,58.0,0.0,0.0
2024-06-10 03:24:04.751000+00:00,57.900001525878906,0.0,0.0
2024-06-10 03:25:04.517000+00:00,57.900001525878906,0.0,0.0
2024-06-10 03:26:04.789000+00:00,57.900001525878906,0.0,0.0
2024-06-10 03:27:04.812000+00:00,57.900001525878906,0.0,0.0
2024-06-10 03:28:04.592000+00:00,57.900001525878906,0.0,0.0
2024-06-10 03:29:04.676000+00:00,57.900001525878906,0.0,0.0
2024-06-10 03:30:05.346000+00:00,57.900001525878906,0.0,0.0
2024-06-10 03:31:04.741000+00:00,57.900001525878906,0.0,0.0
2024-06-10 03:32:04.736000+00:00,57.90999984741211,0.0,0.0
2024-06-10 03:33:03.942000+00:00,58.0,0.0,0.0
2024-06-10 03:34:04.450000+00:00,58.09999847412109,0.0,0.0
2024-06-10 03:35:04.502000+00:00,58.09999847412109,0.0,0.0
2024-06-10 03:36:04.833000+00:00,58.20000076293945,0.0,0.0
2024-06-10 03:37:03.613000+00:00,58.20000076293945,0.0,0.0
2024-06-10 03:38:04.590000+00:00,58.29999923706055,0.0,0.0
2024-06-10 03:39:04.897000+00:00,58.29999923706055,0.0,0.0
2024-06-10 03:40:04.700000+00:00,58.29999923706055,0.0,0.0
2024-06-10 03:41:04.197000+00:00,58.29999923706055,0.0,0.0
2024-06-10 03:42:04.822000+00:00,58.29999923706055,0.0,0.0
2024-06-10 03:43:04.639000+00:00,58.310001373291016,0.0,0.0
2024-06-10 03:44:04.158000+00:00,58.29999923706055,0.0,0.0
2024-06-10 03:45:04.454000+00:00,58.29999923706055,0.0,0.0
2024-06-10 03:46:03.764000+00:00,58.29999923706055,0.0,0.0
2024-06-10 03:47:04.497000+00:00,58.29999923706055,0.0,0.0
2024-06-10 03:48:04.691000+00:00,58.29999923706055,0.0,0.0
2024-06-10 03:49:04.420000+00:00,58.209999084472656,0.0,0.0
2024-06-10 03:50:04.590000+00:00,58.20000076293945,0.0,0.0
2024-06-10 03:51:04.410000+00:00,58.11000061035156,0.0,0.0
2024-06-10 03:52:04.858000+00:00,58.09999847412109,0.0,0.0
2024-06-10 03:53:03.877000+00:00,58.09999847412109,0.0,0.0
2024-06-10 03:54:04.172000+00:00,58.08000183105469,0.0,0.0
2024-06-10 03:55:04.553000+00:00,58.08000183105469,0.0,0.0
2024-06-10 03:56:04.359000+00:00,58.0,0.0,0.0
2024-06-10 03:57:04.283000+00:00,58.0,0.0,0.0
2024-06-10 03:58:03.889000+00:00,58.0,0.0,0.0
2024-06-10 03:59:04.698000+00:00,57.900001525878906,0.0,0.0
2024-06-10 04:00:07.755000+00:00,57.900001525878906,0.0,0.0
2024-06-10 04:01:04.227000+00:00,57.900001525878906,0.0,0.0
2024-06-10 04:02:04.127000+00:00,57.900001525878906,0.0,0.0
2024-06-10 04:03:04.187000+00:00,57.900001525878906,0.0,0.0
2024-06-10 04:04:03.964000+00:00,57.900001525878906,0.0,0.0
2024-06-10 04:05:03.860000+00:00,57.900001525878906,0.0,0.0
2024-06-10 04:06:05.121000+00:00,57.900001525878906,0.0,0.0
2024-06-10 04:07:04.063000+00:00,57.900001525878906,0.0,0.0
2024-06-10 04:08:04.594000+00:00,58.0,0.0,0.0
2024-06-10 04:09:04.615000+00:00,58.0,0.0,0.0
2024-06-10 04:10:04.713000+00:00,58.0,0.0,0.0
2024-06-10 04:11:03.960000+00:00,58.09999847412109,0.0,0.0
2024-06-10 04:12:04.384000+00:00,58.09999847412109,0.0,0.0
2024-06-10 04:13:04.632000+00:00,58.09999847412109,0.0,0.0
2024-06-10 04:14:04.421000+00:00,58.09999847412109,0.0,0.0
2024-06-10 04:15:05.145000+00:00,58.09999847412109,0.0,0.0
2024-06-10 04:16:04.428000+00:00,48.93000030517578,0.0,0.0
2024-06-10 04:17:04.416000+00:00,53.709999084472656,0.0,0.0
2024-06-10 04:18:03.990000+00:00,58.43999862670898,0.0,0.0
2024-06-10 04:19:04.413000+00:00,59.310001373291016,0.0,0.0
2024-06-10 04:20:04.056000+00:00,59.400001525878906,0.0,0.0
2024-06-10 04:21:04.319000+00:00,59.400001525878906,0.0,0.0
2024-06-10 04:22:04.425000+00:00,59.29999923706055,0.0,0.0
2024-06-10 04:23:04.384000+00:00,59.20000076293945,0.0,0.0
2024-06-10 04:24:04.193000+00:00,58.4900016784668,0.0,0.0
2024-06-10 04:25:04.807000+00:00,58.400001525878906,0.0,0.0
2024-06-10 04:26:04.890000+00:00,58.29999923706055,0.0,0.0
2024-06-10 04:27:04.680000+00:00,58.20000076293945,0.0,0.0
2024-06-10 04:28:04.868000+00:00,58.0,0.0,0.0
2024-06-10 04:29:04.488000+00:00,57.79999923706055,0.0,0.0
2024-06-10 04:30:05.513000+00:00,57.70000076293945,0.0,0.0
2024-06-10 04:31:04.567000+00:00,57.5,0.0,0.0
2024-06-10 04:32:04.327000+00:00,57.400001525878906,0.0,0.0
2024-06-10 04:33:04.217000+00:00,57.5,0.0,0.0
2024-06-10 04:34:04.337000+00:00,57.79999923706055,0.0,0.0
2024-06-10 04:35:05.232000+00:00,58.09999847412109,0.0,0.0
2024-06-10 04:36:04.427000+00:00,51.619998931884766,0.0,0.0
2024-06-10 04:37:04.260000+00:00,56.09999847412109,0.0,0.0
2024-06-10 04:38:04.366000+00:00,59.77999877929688,0.0,0.0
2024-06-10 04:39:04.633000+00:00,59.5,0.0,0.0
2024-06-10 04:40:04.274000+00:00,59.0,0.0,0.0
2024-06-10 04:41:04.567000+00:00,58.65999984741211,0.0,0.0
2024-06-10 04:42:04.744000+00:00,58.400001525878906,0.0,0.0
2024-06-10 04:43:04.634000+00:00,58.20000076293945,0.0,0.0
2024-06-10 04:44:04.465000+00:00,58.09999847412109,0.0,0.0
2024-06-10 04:45:04.387000+00:00,57.900001525878906,0.0,0.0
2024-06-10 04:46:04.179000+00:00,57.79999923706055,0.0,0.0
2024-06-10 04:47:04.007000+00:00,57.70000076293945,0.0,0.0
2024-06-10 04:48:04.601000+00:00,57.59999847412109,0.0,0.0
2024-06-10 04:49:04.148000+00:00,57.59999847412109,0.0,0.0
2024-06-10 04:50:04.711000+00:00,58.11000061035156,0.0,0.0
2024-06-10 04:51:03.994000+00:00,58.29999923706055,0.0,0.0
2024-06-10 04:52:04.627000+00:00,58.400001525878906,0.0,0.0
2024-06-10 04:53:04.420000+00:00,58.36000061035156,0.0,0.0
2024-06-10 04:54:04.069000+00:00,58.20000076293945,0.0,0.0
2024-06-10 04:55:03.744000+00:00,58.0,0.0,0.0
2024-06-10 04:56:04.499000+00:00,58.0,0.0,0.0
2024-06-10 04:57:04.224000+00:00,58.0,0.0,0.0
2024-06-10 04:58:04.699000+00:00,58.0,0.0,0.0
2024-06-10 04:59:04.254000+00:00,58.0,0.0,0.0
2024-06-10 05:00:06.660000+00:00,58.0,0.0,0.0
2024-06-10 05:01:04.005000+00:00,58.0,0.0,0.0
2024-06-10 05:02:04.307000+00:00,57.70000076293945,0.0,0.0
2024-06-10 05:03:04.254000+00:00,57.79999923706055,0.0,0.0
2024-06-10 05:04:04.301000+00:00,58.0,0.0,0.0
2024-06-10 05:05:04.061000+00:00,58.27999877929688,0.0,0.0
2024-06-10 05:06:05.388000+00:00,58.38999938964844,0.0,0.0
2024-06-10 05:07:04.458000+00:00,58.400001525878906,0.0,0.0
2024-06-10 05:08:04.535000+00:00,58.400001525878906,0.0,0.0
2024-06-10 05:09:03.802000+00:00,58.400001525878906,0.0,0.0
2024-06-10 05:10:04.009000+00:00,58.209999084472656,0.0,0.0
2024-06-10 05:11:04.443000+00:00,58.20000076293945,0.0,0.0
2024-06-10 05:12:04.029000+00:00,58.09999847412109,0.0,0.0
2024-06-10 05:13:04.761000+00:00,58.0,0.0,0.0
2024-06-10 05:14:04.711000+00:00,58.0,0.0,0.0
2024-06-10 05:15:04.339000+00:00,58.0,0.0,0.0
2024-06-10 05:16:04.433000+00:00,57.900001525878906,0.0,0.0
2024-06-10 05:17:04.640000+00:00,57.900001525878906,0.0,0.0
2024-06-10 05:18:04.301000+00:00,57.900001525878906,0.0,0.0
2024-06-10 05:19:04.256000+00:00,58.09999847412109,0.0,0.0
2024-06-10 05:20:04.243000+00:00,58.20000076293945,0.0,0.0
2024-06-10 05:21:04.394000+00:00,58.29999923706055,0.0,0.0
2024-06-10 05:22:04.089000+00:00,58.29999923706055,0.0,0.0
2024-06-10 05:23:04.564000+00:00,58.29999923706055,0.0,0.0
2024-06-10 05:24:04.650000+00:00,58.20000076293945,0.0,0.0
2024-06-10 05:25:04.497000+00:00,58.09999847412109,0.0,0.0
2024-06-10 05:26:04.846000+00:00,58.09999847412109,0.0,0.0
2024-06-10 05:27:04.203000+00:00,58.0,0.0,0.0
2024-06-10 05:28:04.535000+00:00,58.0,0.0,0.0
2024-06-10 05:29:04.608000+00:00,57.900001525878906,0.0,0.0
2024-06-10 05:30:04.490000+00:00,57.900001525878906,0.0,0.0
2024-06-10 05:31:04.333000+00:00,57.900001525878906,0.0,0.0
2024-06-10 05:32:04.120000+00:00,57.900001525878906,0.0,0.0
2024-06-10 05:33:04.250000+00:00,58.20000076293945,0.0,0.0
2024-06-10 05:34:03.949000+00:00,58.290000915527344,0.0,0.0
2024-06-10 05:35:04.260000+00:00,58.29999923706055,0.0,0.0
2024-06-10 05:36:03.962000+00:00,58.290000915527344,0.0,0.0
2024-06-10 05:37:04.060000+00:00,58.29999923706055,0.0,0.0
2024-06-10 05:38:04.454000+00:00,58.29999923706055,0.0,0.0
2024-06-10 05:39:04.230000+00:00,58.20000076293945,0.0,0.0
2024-06-10 05:40:04.969000+00:00,58.20000076293945,0.0,0.0
2024-06-10 05:41:04.542000+00:00,58.20000076293945,0.0,0.0
2024-06-10 05:42:04.586000+00:00,58.20000076293945,0.0,0.0
2024-06-10 05:43:03.861000+00:00,55.08000183105469,0.0,0.0
2024-06-10 05:44:04.231000+00:00,56.9900016784668,0.0,0.0
2024-06-10 05:45:04.116000+00:00,58.43999862670898,0.0,0.0
2024-06-10 05:46:04.080000+00:00,58.70000076293945,0.0,0.0
2024-06-10 05:47:04.149000+00:00,54.61000061035156,0.0,0.0
2024-06-10 05:48:04.473000+00:00,56.29999923706055,0.0,0.0
2024-06-10 05:49:04.317000+00:00,57.119998931884766,0.0,0.0
2024-06-10 05:50:04.595000+00:00,57.400001525878906,0.0,0.0
2024-06-10 05:51:04.822000+00:00,57.59999847412109,0.0,0.0
2024-06-10 05:52:04.437000+00:00,57.79999923706055,0.0,0.0
2024-06-10 05:53:04.186000+00:00,58.0,0.0,0.0
2024-06-10 05:54:04.510000+00:00,58.09999847412109,0.0,0.0
2024-06-10 05:55:04.272000+00:00,58.20000076293945,0.0,0.0
2024-06-10 05:56:04.318000+00:00,58.20000076293945,0.0,0.0
2024-06-10 05:57:04.236000+00:00,58.29999923706055,0.0,0.0
2024-06-10 05:58:04.659000+00:00,58.29999923706055,0.0,0.0
2024-06-10 05:59:03.700000+00:00,58.20000076293945,0.0,0.0
2024-06-10 06:00:06.462000+00:00,58.20000076293945,0.0,0.0
2024-06-10 06:01:04.555000+00:00,58.09999847412109,0.0,0.0
2024-06-10 06:02:04.380000+00:00,58.0,0.0,0.0
2024-06-10 06:03:04.871000+00:00,57.900001525878906,0.0,0.0
2024-06-10 06:04:03.649000+00:00,57.900001525878906,0.0,0.0
2024-06-10 06:05:04.631000+00:00,58.09999847412109,0.0,0.0
2024-06-10 06:06:05.114000+00:00,57.970001220703125,0.0,0.0
2024-06-10 06:07:04.297000+00:00,58.20000076293945,0.0,0.0
2024-06-10 06:08:04.643000+00:00,58.20000076293945,0.0,0.0
2024-06-10 06:09:04.371000+00:00,58.20000076293945,0.0,0.0
2024-06-10 06:10:04.630000+00:00,58.20000076293945,0.0,0.0
2024-06-10 06:11:04.784000+00:00,58.20000076293945,0.0,0.0
2024-06-10 06:12:04.441000+00:00,58.20000076293945,0.0,0.0
2024-06-10 06:13:04.439000+00:00,58.20000076293945,0.0,0.0
2024-06-10 06:14:04.359000+00:00,58.20000076293945,0.0,0.0
2024-06-10 06:15:04.736000+00:00,58.18000030517578,0.0,0.0
2024-06-10 06:16:04.403000+00:00,58.09999847412109,0.0,0.0
2024-06-10 06:17:03.997000+00:00,58.09999847412109,0.0,0.0
2024-06-10 06:18:04.168000+00:00,58.09999847412109,0.0,0.0
2024-06-10 06:19:04.528000+00:00,58.0,0.0,0.0
2024-06-10 06:20:04.599000+00:00,58.0,0.0,0.0
2024-06-10 06:21:05.105000+00:00,58.20000076293945,0.0,0.0
2024-06-10 06:22:04.418000+00:00,58.209999084472656,0.0,0.0
2024-06-10 06:23:04.499000+00:00,58.27000045776367,0.0,0.0
2024-06-10 06:24:04.232000+00:00,58.20000076293945,0.0,0.0
2024-06-10 06:25:04.578000+00:00,58.20000076293945,0.0,0.0
2024-06-10 06:26:04.872000+00:00,58.16999816894531,0.0,0.0
2024-06-10 06:27:03.755000+00:00,58.09999847412109,0.0,0.0
2024-06-10 06:28:04.878000+00:00,58.09999847412109,0.0,0.0
2024-06-10 06:29:04.350000+00:00,58.0,0.0,0.0
2024-06-10 06:30:04.815000+00:00,58.09999847412109,0.0,0.0
2024-06-10 06:31:04.322000+00:00,58.29999923706055,0.0,0.0
2024-06-10 06:32:04.949000+00:00,58.29999923706055,0.0,0.0
2024-06-10 06:33:03.450000+00:00,58.29999923706055,0.0,0.0
2024-06-10 06:34:04.493000+00:00,58.20000076293945,0.0,0.0
2024-06-10 06:35:04.565000+00:00,58.20000076293945,0.0,0.0
2024-06-10 06:36:04.785000+00:00,58.09999847412109,0.0,0.0
2024-06-10 06:37:04.948000+00:00,58.09999847412109,0.0,0.0
2024-06-10 06:38:04.103000+00:00,58.0,0.0,0.0
2024-06-10 06:39:04.534000+00:00,58.20000076293945,0.0,0.0
2024-06-10 06:40:04.590000+00:00,58.2599983215332,0.0,0.0
2024-06-10 06:41:04.584000+00:00,58.29999923706055,0.0,0.0
2024-06-10 06:42:04.837000+00:00,58.20000076293945,0.0,0.0
2024-06-10 06:43:04.408000+00:00,58.20000076293945,0.0,0.0
2024-06-10 06:44:04.672000+00:00,58.18999862670898,0.0,0.0
2024-06-10 06:45:04.726000+00:00,58.09999847412109,0.0,0.0
2024-06-10 06:46:04.438000+00:00,58.09999847412109,0.0,0.0
2024-06-10 06:47:04.611000+00:00,58.29999923706055,0.0,0.0
2024-06-10 06:48:04.365000+00:00,58.29999923706055,0.0,0.0
2024-06-10 06:49:04.446000+00:00,58.290000915527344,0.0,0.0
2024-06-10 06:50:04.355000+00:00,58.20000076293945,0.0,0.0
2024-06-10 06:51:04.431000+00:00,58.20000076293945,0.0,0.0
2024-06-10 06:52:03.985000+00:00,58.09999847412109,0.0,0.0
2024-06-10 06:53:03.959000+00:00,58.09999847412109,0.0,0.0
2024-06-10 06:54:04.287000+00:00,58.29999923706055,0.0,0.0
2024-06-10 06:55:04.545000+00:00,58.29999923706055,0.0,0.0
2024-06-10 06:56:04.252000+00:00,58.29999923706055,0.0,0.0
2024-06-10 06:57:05.077000+00:00,58.29999923706055,0.0,0.0
2024-06-10 06:58:04.547000+00:00,58.20000076293945,0.0,0.0
2024-06-10 06:59:04.876000+00:00,58.09999847412109,0.0,0.0
2024-06-10 07:00:06.369000+00:00,58.0,0.0,0.0
2024-06-10 07:01:04.867000+00:00,58.20000076293945,0.0,0.0
2024-06-10 07:02:04.628000+00:00,58.29999923706055,0.0,0.0
2024-06-10 07:03:04.098000+00:00,58.209999084472656,0.0,0.0
2024-06-10 07:04:04.411000+00:00,58.20000076293945,0.0,0.0
2024-06-10 07:05:04.585000+00:00,58.09999847412109,0.0,0.0
2024-06-10 07:06:05.437000+00:00,58.09999847412109,0.0,0.0
2024-06-10 07:07:04.625000+00:00,58.20000076293945,0.0,0.0
2024-06-10 07:08:04.864000+00:00,58.29999923706055,0.0,0.0
2024-06-10 07:09:04.651000+00:00,58.290000915527344,0.0,0.0
2024-06-10 07:10:04.339000+00:00,58.20000076293945,0.0,0.0
2024-06-10 07:11:04.798000+00:00,58.09999847412109,0.0,0.0
2024-06-10 07:12:04.323000+00:00,58.04999923706055,0.0,0.0
2024-06-10 07:13:04.700000+00:00,58.09999847412109,0.0,0.0
2024-06-10 07:14:04.153000+00:00,58.09999847412109,0.0,0.0
2024-06-10 07:15:04.603000+00:00,58.09999847412109,0.0,0.0
2024-06-10 07:16:04.784000+00:00,57.720001220703125,0.0,0.0
2024-06-10 07:17:04.855000+00:00,58.20000076293945,0.0,0.0
2024-06-10 07:18:04.808000+00:00,58.09999847412109,0.0,0.0
2024-06-10 07:19:04.617000+00:00,58.09999847412109,0.0,0.0
2024-06-10 07:20:04.953000+00:00,58.20000076293945,0.0,0.0
2024-06-10 07:21:04.585000+00:00,58.20000076293945,0.0,0.0
2024-06-10 07:22:04.018000+00:00,58.20000076293945,0.0,0.0
2024-06-10 07:23:04.984000+00:00,58.220001220703125,0.0,0.0
2024-06-10 07:24:04.186000+00:00,58.29999923706055,0.0,0.0
2024-06-10 07:25:04.299000+00:00,57.900001525878906,0.0,0.0
2024-06-10 07:26:04.751000+00:00,58.20000076293945,0.0,0.0
2024-06-10 07:27:04.723000+00:00,58.59999847412109,0.0,0.0
2024-06-10 07:28:05.333000+00:00,58.59999847412109,0.0,0.0
2024-06-10 07:29:04.322000+00:00,58.59999847412109,0.0,0.0
2024-06-10 07:30:05.358000+00:00,58.5,0.0,0.0
2024-06-10 07:31:04.543000+00:00,58.5,0.0,0.0
2024-06-10 07:32:04.398000+00:00,58.400001525878906,0.0,0.0
2024-06-10 07:33:04.397000+00:00,58.29999923706055,0.0,0.0
2024-06-10 07:34:03.966000+00:00,58.20000076293945,0.0,0.0
2024-06-10 07:35:03.822000+00:00,58.20000076293945,0.0,0.0
2024-06-10 07:36:04.433000+00:00,58.09999847412109,0.0,0.0
2024-06-10 07:37:04.472000+00:00,58.09999847412109,0.0,0.0
2024-06-10 07:38:04.454000+00:00,58.0,0.0,0.0
2024-06-10 07:39:04.750000+00:00,57.900001525878906,0.0,0.0
2024-06-10 07:40:04.771000+00:00,56.54999923706055,0.0,0.0
2024-06-10 07:41:04.398000+00:00,55.90999984741211,0.0,0.0
2024-06-10 07:42:04.693000+00:00,58.5,0.0,0.0
2024-06-10 07:43:04.448000+00:00,59.0,0.0,0.0
2024-06-10 07:44:04.611000+00:00,58.90999984741211,0.0,0.0
2024-06-10 07:45:04.636000+00:00,58.900001525878906,0.0,0.0
2024-06-10 07:46:04.200000+00:00,58.70000076293945,0.0,0.0
2024-06-10 07:47:04.220000+00:00,58.59999847412109,0.0,0.0
2024-06-10 07:48:04.442000+00:00,58.400001525878906,0.0,0.0
2024-06-10 07:49:04.349000+00:00,58.20000076293945,0.0,0.0
2024-06-10 07:50:04.617000+00:00,58.0,0.0,0.0
2024-06-10 07:51:04.296000+00:00,57.720001220703125,0.0,0.0
2024-06-10 07:52:05.081000+00:00,57.59999847412109,0.0,0.0
2024-06-10 07:53:04.244000+00:00,57.400001525878906,0.0,0.0
2024-06-10 07:54:04.303000+00:00,57.400001525878906,0.0,0.0
2024-06-10 07:55:04.518000+00:00,57.900001525878906,0.0,0.0
2024-06-10 07:56:04.501000+00:00,58.20000076293945,0.0,0.0
2024-06-10 07:57:04.366000+00:00,58.29999923706055,0.0,0.0
2024-06-10 07:58:04.277000+00:00,58.29999923706055,0.0,0.0
2024-06-10 07:59:04.309000+00:00,58.400001525878906,0.0,0.0
2024-06-10 08:00:07.423000+00:00,58.29999923706055,0.0,0.0
2024-06-10 08:01:04.577000+00:00,58.18000030517578,0.0,0.0
2024-06-10 08:02:04.498000+00:00,57.68999862670898,0.0,0.0
2024-06-10 08:03:04.355000+00:00,57.70000076293945,0.0,0.0
2024-06-10 08:04:04.810000+00:00,57.900001525878906,0.0,0.0
2024-06-10 08:05:04.701000+00:00,58.29999923706055,0.0,0.0
2024-06-10 08:06:05.089000+00:00,58.29999923706055,0.0,0.0
2024-06-10 08:07:04.258000+00:00,58.5,0.0,0.0
2024-06-10 08:08:04.335000+00:00,58.400001525878906,0.0,0.0
2024-06-10 08:09:04.158000+00:00,58.400001525878906,0.0,0.0
2024-06-10 08:10:04.935000+00:00,58.29999923706055,0.0,0.0
2024-06-10 08:11:04.203000+00:00,58.18000030517578,0.0,0.0
2024-06-10 08:12:04.273000+00:00,58.09999847412109,0.0,0.0
2024-06-10 08:13:05.094000+00:00,58.0,0.0,0.0
2024-06-10 08:14:04.288000+00:00,57.900001525878906,0.0,0.0
2024-06-10 08:15:04.742000+00:00,58.0,0.0,0.0
2024-06-10 08:16:04.025000+00:00,58.20000076293945,0.0,0.0
2024-06-10 08:17:04.523000+00:00,58.29999923706055,0.0,0.0
2024-06-10 08:18:04.506000+00:00,58.20000076293945,0.0,0.0
2024-06-10 08:19:04.989000+00:00,58.20000076293945,0.0,0.0
2024-06-10 08:20:04.445000+00:00,58.09999847412109,0.0,0.0
2024-06-10 08:21:04.588000+00:00,58.20000076293945,0.0,0.0
2024-06-10 08:22:04.448000+00:00,58.400001525878906,0.0,0.0
2024-06-10 08:23:04.542000+00:00,58.29999923706055,0.0,0.0
2024-06-10 08:24:04.594000+00:00,58.29999923706055,0.0,0.0
2024-06-10 08:25:04.182000+00:00,58.20000076293945,0.0,0.0
2024-06-10 08:26:05.073000+00:00,58.20000076293945,0.0,0.0
2024-06-10 08:27:04.428000+00:00,58.20000076293945,0.0,0.0
2024-06-10 08:28:04.539000+00:00,58.400001525878906,0.0,0.0
2024-06-10 08:29:04.917000+00:00,58.38999938964844,0.0,0.0
2024-06-10 08:30:04.883000+00:00,58.29999923706055,0.0,0.0
2024-06-10 08:31:04.001000+00:00,58.27999877929688,0.0,0.0
2024-06-10 08:32:04.422000+00:00,58.20000076293945,0.0,0.0
2024-06-10 08:33:04.006000+00:00,58.18000030517578,0.0,0.0
2024-06-10 08:34:04.162000+00:00,58.29999923706055,0.0,0.0
2024-06-10 08:35:04.638000+00:00,58.29999923706055,0.0,0.0
2024-06-10 08:36:04.798000+00:00,58.09999847412109,0.0,0.0
2024-06-10 08:37:04.992000+00:00,58.5,0.0,0.0
2024-06-10 08:38:04.353000+00:00,58.79999923706055,0.0,0.0
2024-06-10 08:39:04.678000+00:00,58.79999923706055,0.0,0.0
2024-06-10 08:40:04.600000+00:00,58.59999847412109,0.0,0.0
2024-06-10 08:41:04.663000+00:00,58.400001525878906,0.0,0.0
2024-06-10 08:42:04.627000+00:00,58.29999923706055,0.0,0.0
2024-06-10 08:43:04.168000+00:00,58.22999954223633,0.0,0.0
2024-06-10 08:44:04.524000+00:00,58.11000061035156,0.0,0.0
2024-06-10 08:45:04.722000+00:00,58.08000183105469,0.0,0.0
2024-06-10 08:46:04.615000+00:00,57.900001525878906,0.0,0.0
2024-06-10 08:47:04.611000+00:00,58.0,0.0,0.0
2024-06-10 08:48:04.311000+00:00,58.400001525878906,0.0,0.0
2024-06-10 08:49:04.741000+00:00,58.459999084472656,0.0,0.0
2024-06-10 08:50:04.155000+00:00,58.5,0.0,0.0
2024-06-10 08:51:04.170000+00:00,58.5,0.0,0.0
2024-06-10 08:52:04.522000+00:00,58.40999984741211,0.0,0.0
2024-06-10 08:53:04.494000+00:00,58.400001525878906,0.0,0.0
2024-06-10 08:54:04.920000+00:00,58.400001525878906,0.0,0.0
2024-06-10 08:55:04.282000+00:00,58.29999923706055,0.0,0.0
2024-06-10 08:56:04.812000+00:00,58.27999877929688,0.0,0.0
2024-06-10 08:57:04.869000+00:00,58.20000076293945,0.0,0.0
2024-06-10 08:58:04.048000+00:00,58.09999847412109,0.0,0.0
2024-06-10 08:59:04.201000+00:00,58.09999847412109,0.0,0.0
2024-06-10 09:00:07.310000+00:00,58.09999847412109,0.0,0.0
2024-06-10 09:01:04.686000+00:00,58.29999923706055,0.0,0.0
2024-06-10 09:02:04.800000+00:00,58.29999923706055,0.0,0.0
2024-06-10 09:03:04.637000+00:00,58.29999923706055,0.0,0.0
2024-06-10 09:04:05.183000+00:00,58.29999923706055,0.0,0.0
2024-06-10 09:05:04.887000+00:00,58.20000076293945,0.0,0.0
2024-06-10 09:06:05.151000+00:00,58.119998931884766,0.0,0.0
2024-06-10 09:07:03.953000+00:00,58.09999847412109,0.0,0.0
2024-06-10 09:08:04.152000+00:00,58.29999923706055,0.0,0.0
2024-06-10 09:09:04.375000+00:00,58.400001525878906,0.0,0.0
2024-06-10 09:10:04.906000+00:00,58.29999923706055,0.0,0.0
2024-06-10 09:11:03.768000+00:00,58.29999923706055,0.0,0.0
2024-06-10 09:12:04.853000+00:00,58.20000076293945,0.0,0.0
2024-06-10 09:13:04.836000+00:00,58.18999862670898,0.0,0.0
2024-06-10 09:14:04.606000+00:00,58.29999923706055,0.0,0.0
2024-06-10 09:15:04.309000+00:00,58.400001525878906,0.0,0.0
2024-06-10 09:16:04.431000+00:00,58.29999923706055,0.0,0.0
2024-06-10 09:17:04.606000+00:00,58.29999923706055,0.0,0.0
2024-06-10 09:18:04.796000+00:00,58.20000076293945,0.0,0.0
2024-06-10 09:19:04.502000+00:00,58.09999847412109,0.0,0.0
2024-06-10 09:20:04.776000+00:00,58.20000076293945,0.0,0.0
2024-06-10 09:21:04.547000+00:00,58.20000076293945,0.0,0.0
2024-06-10 09:22:04.202000+00:00,58.22999954223633,0.0,0.0
2024-06-10 09:23:04.028000+00:00,58.29999923706055,0.0,0.0
2024-06-10 09:24:04.347000+00:00,58.29999923706055,0.0,0.0
2024-06-10 09:25:04.678000+00:00,58.400001525878906,0.0,0.0
2024-06-10 09:26:04.865000+00:00,58.400001525878906,0.0,0.0
2024-06-10 09:27:04.618000+00:00,58.40999984741211,0.0,0.0
2024-06-10 09:28:04.823000+00:00,58.5,0.0,0.0
2024-06-10 09:29:04.287000+00:00,58.40999984741211,0.0,0.0
2024-06-10 09:30:04.398000+00:00,58.400001525878906,0.0,0.0
2024-06-10 09:31:04.568000+00:00,58.29999923706055,0.0,0.0
2024-06-10 09:32:03.955000+00:00,58.20000076293945,0.0,0.0
2024-06-10 09:33:03.935000+00:00,58.09999847412109,0.0,0.0
2024-06-10 09:34:04.215000+00:00,58.0,0.0,0.0
2024-06-10 09:35:04.939000+00:00,58.09999847412109,0.0,0.0
2024-06-10 09:36:04.298000+00:00,58.29999923706055,0.0,0.0
2024-06-10 09:37:04.752000+00:00,58.400001525878906,0.0,0.0
2024-06-10 09:38:03.971000+00:00,58.29999923706055,0.0,0.0
2024-06-10 09:39:04.903000+00:00,58.27000045776367,0.0,0.0
2024-06-10 09:40:04.995000+00:00,58.20000076293945,0.0,0.0
2024-06-10 09:41:04.321000+00:00,58.29999923706055,0.0,0.0
2024-06-10 09:42:04.447000+00:00,58.400001525878906,0.0,0.0
2024-06-10 09:43:04.838000+00:00,58.400001525878906,0.0,0.0
2024-06-10 09:44:04.540000+00:00,58.29999923706055,0.0,0.0
2024-06-10 09:45:04.464000+00:00,58.20000076293945,0.0,0.0
2024-06-10 09:46:04.680000+00:00,58.29999923706055,0.0,0.0
2024-06-10 09:47:04.942000+00:00,58.400001525878906,0.0,0.0
2024-06-10 09:48:04.519000+00:00,58.400001525878906,0.0,0.0
2024-06-10 09:49:04.403000+00:00,58.29999923706055,0.0,0.0
2024-06-10 09:50:04.306000+00:00,58.29999923706055,0.0,0.0
2024-06-10 09:51:04.721000+00:00,58.20000076293945,0.0,0.0
2024-06-10 09:52:04.871000+00:00,58.369998931884766,0.0,0.0
2024-06-10 09:53:04.488000+00:00,58.40999984741211,0.0,0.0
2024-06-10 09:54:04.325000+00:00,58.400001525878906,0.0,0.0
2024-06-10 09:55:04.626000+00:00,58.29999923706055,0.0,0.0
2024-06-10 09:56:04.741000+00:00,58.2400016784668,0.0,0.0
2024-06-10 09:57:04.238000+00:00,58.20000076293945,0.0,0.0
2024-06-10 09:58:04.277000+00:00,58.29999923706055,0.0,0.0
2024-06-10 09:59:04.412000+00:00,58.400001525878906,0.0,0.0
2024-06-10 10:00:07.229000+00:00,58.29999923706055,0.0,0.0
2024-06-10 10:01:05.208000+00:00,58.29999923706055,0.0,0.0
2024-06-10 10:02:03.935000+00:00,58.20000076293945,0.0,0.0
2024-06-10 10:03:03.837000+00:00,58.29999923706055,0.0,0.0
2024-06-10 10:04:04.930000+00:00,58.400001525878906,0.0,0.0
2024-06-10 10:05:04.101000+00:00,58.400001525878906,0.0,0.0
2024-06-10 10:06:05.112000+00:00,58.400001525878906,0.0,0.0
2024-06-10 10:07:04.754000+00:00,58.29999923706055,0.0,0.0
2024-06-10 10:08:04.884000+00:00,58.209999084472656,0.0,0.0
2024-06-10 10:09:04.323000+00:00,58.20000076293945,0.0,0.0
2024-06-10 10:10:04.736000+00:00,58.400001525878906,0.0,0.0
2024-06-10 10:11:04.702000+00:00,58.459999084472656,0.0,0.0
2024-06-10 10:12:04.537000+00:00,58.400001525878906,0.0,0.0
2024-06-10 10:13:04.820000+00:00,58.400001525878906,0.0,0.0
2024-06-10 10:14:05.947000+00:00,58.400001525878906,0.0,0.0
2024-06-10 10:15:05.125000+00:00,58.29999923706055,0.0,0.0
2024-06-10 10:16:03.696000+00:00,58.29999923706055,0.0,0.0
2024-06-10 10:17:04.769000+00:00,58.20000076293945,0.0,0.0
2024-06-10 10:18:05.116000+00:00,58.20000076293945,0.0,0.0
2024-06-10 10:19:04.309000+00:00,58.400001525878906,0.0,0.0
2024-06-10 10:20:04.996000+00:00,58.5,0.0,0.0
2024-06-10 10:21:04.417000+00:00,58.400001525878906,0.0,0.0
2024-06-10 10:22:04.710000+00:00,58.400001525878906,0.0,0.0
2024-06-10 10:23:04.134000+00:00,58.400001525878906,0.0,0.0
2024-06-10 10:24:04.501000+00:00,58.400001525878906,0.0,0.0
2024-06-10 10:25:04.559000+00:00,58.400001525878906,0.0,0.0
2024-06-10 10:26:05.216000+00:00,58.400001525878906,0.0,0.0
2024-06-10 10:27:04.308000+00:00,58.400001525878906,0.0,0.0
2024-06-10 10:28:04.833000+00:00,58.400001525878906,0.0,0.0
2024-06-10 10:29:04.806000+00:00,58.400001525878906,0.0,0.0
2024-06-10 10:30:04.627000+00:00,58.29999923706055,0.0,0.0
2024-06-10 10:31:04.618000+00:00,58.29999923706055,0.0,0.0
2024-06-10 10:32:04.663000+00:00,58.29999923706055,0.0,0.0
2024-06-10 10:33:04.645000+00:00,58.38999938964844,0.0,0.0
2024-06-10 10:34:04.335000+00:00,58.29999923706055,0.0,0.0
2024-06-10 10:35:04.440000+00:00,58.20000076293945,0.0,0.0
2024-06-10 10:36:04.909000+00:00,58.09999847412109,0.0,0.0
2024-06-10 10:37:04.059000+00:00,58.209999084472656,0.0,0.0
2024-06-10 10:38:04.483000+00:00,58.5,0.0,0.0
2024-06-10 10:39:04.996000+00:00,58.400001525878906,0.0,0.0
2024-06-10 10:40:04.670000+00:00,58.400001525878906,0.0,0.0
2024-06-10 10:41:04.969000+00:00,58.400001525878906,0.0,0.0
2024-06-10 10:42:05.135000+00:00,58.400001525878906,0.0,0.0
2024-06-10 10:43:04.625000+00:00,58.400001525878906,0.0,0.0
2024-06-10 10:44:04.486000+00:00,58.400001525878906,0.0,0.0
2024-06-10 10:45:04.697000+00:00,58.400001525878906,0.0,0.0
2024-06-10 10:46:04.840000+00:00,58.400001525878906,0.0,0.0
2024-06-10 10:47:04.421000+00:00,58.29999923706055,0.0,0.0
2024-06-10 10:48:04.990000+00:00,58.29999923706055,0.0,0.0
2024-06-10 10:49:04.191000+00:00,58.29999923706055,0.0,0.0
2024-06-10 10:50:05.175000+00:00,58.29999923706055,0.0,0.0
2024-06-10 10:51:03.964000+00:00,58.290000915527344,0.0,0.0
2024-06-10 10:52:04.596000+00:00,58.29999923706055,0.0,0.0
2024-06-10 10:53:03.997000+00:00,58.220001220703125,0.0,0.0
2024-06-10 10:54:04.410000+00:00,58.20000076293945,0.0,0.0
2024-06-10 10:55:04.784000+00:00,58.22999954223633,0.0,0.0
2024-06-10 10:56:04.725000+00:00,58.29999923706055,0.0,0.0
2024-06-10 10:57:04.516000+00:00,58.29999923706055,0.0,0.0
2024-06-10 10:58:04.013000+00:00,58.29999923706055,0.0,0.0
2024-06-10 10:59:04.845000+00:00,58.29999923706055,0.0,0.0
2024-06-10 11:00:06.834000+00:00,58.29999923706055,0.0,0.0
2024-06-10 11:01:05.195000+00:00,58.400001525878906,0.0,0.0
2024-06-10 11:02:04.793000+00:00,58.400001525878906,0.0,0.0
2024-06-10 11:03:04.606000+00:00,58.5,0.0,0.0
2024-06-10 11:04:03.895000+00:00,58.5,0.0,0.0
2024-06-10 11:05:03.865000+00:00,58.59999847412109,0.0,0.0
2024-06-10 11:06:05.286000+00:00,58.68000030517578,0.0,0.0
2024-06-10 11:07:03.973000+00:00,58.5,0.0,0.0
2024-06-10 11:08:04.651000+00:00,58.29999923706055,0.0,0.0
2024-06-10 11:09:04.629000+00:00,58.29999923706055,0.0,0.0
2024-06-10 11:10:04.692000+00:00,58.20000076293945,0.0,0.0
2024-06-10 11:11:04.852000+00:00,58.20000076293945,0.0,0.0
2024-06-10 11:12:04.646000+00:00,58.25,0.0,0.0
2024-06-10 11:13:04.847000+00:00,58.20000076293945,0.0,0.0
2024-06-10 11:14:04.609000+00:00,58.20000076293945,0.0,0.0
2024-06-10 11:15:05.057000+00:00,58.29999923706055,0.0,0.0
2024-06-10 11:16:04.226000+00:00,58.29999923706055,0.0,0.0
2024-06-10 11:17:04.084000+00:00,58.29999923706055,0.0,0.0
2024-06-10 11:18:04.458000+00:00,58.400001525878906,0.0,0.0
2024-06-10 11:19:05.184000+00:00,58.400001525878906,0.0,0.0
2024-06-10 11:20:04.590000+00:00,58.5,0.0,0.0
2024-06-10 11:21:04.815000+00:00,58.59999847412109,0.0,0.0
2024-06-10 11:22:04.031000+00:00,58.61000061035156,0.0,0.0
2024-06-10 11:23:04.583000+00:00,58.5,0.0,0.0
2024-06-10 11:24:04.995000+00:00,58.400001525878906,0.0,0.0
2024-06-10 11:25:04.762000+00:00,58.29999923706055,0.0,0.0
2024-06-10 11:26:04.985000+00:00,58.29999923706055,0.0,0.0
2024-06-10 11:27:04.313000+00:00,58.29999923706055,0.0,0.0
2024-06-10 11:28:05.041000+00:00,58.29999923706055,0.0,0.0
2024-06-10 11:29:04.349000+00:00,58.400001525878906,0.0,0.0
2024-06-10 11:30:04.987000+00:00,58.400001525878906,0.0,0.0
2024-06-10 11:31:04.161000+00:00,58.400001525878906,0.0,0.0
2024-06-10 11:32:04.332000+00:00,58.400001525878906,0.0,0.0
2024-06-10 11:33:04.277000+00:00,58.400001525878906,0.0,0.0
2024-06-10 11:34:04.214000+00:00,58.400001525878906,0.0,0.0
2024-06-10 11:35:04.731000+00:00,58.4900016784668,0.0,0.0
2024-06-10 11:36:04.198000+00:00,58.5,0.0,0.0
2024-06-10 11:37:04.628000+00:00,58.5,0.0,0.0
2024-06-10 11:38:04.197000+00:00,58.5,0.0,0.0
2024-06-10 11:39:04.983000+00:00,58.380001068115234,0.0,0.0
2024-06-10 11:40:05.061000+00:00,58.29999923706055,0.0,0.0
2024-06-10 11:41:04.026000+00:00,58.20000076293945,0.0,0.0
2024-06-10 11:42:04.826000+00:00,58.20000076293945,0.0,0.0
2024-06-10 11:43:04.279000+00:00,58.20000076293945,0.0,0.0
2024-06-10 11:44:04.577000+00:00,58.29999923706055,0.0,0.0
2024-06-10 11:45:05.033000+00:00,58.400001525878906,0.0,0.0
2024-06-10 11:46:04.287000+00:00,58.59999847412109,0.0,0.0
2024-06-10 11:47:04.405000+00:00,58.59999847412109,0.0,0.0
2024-06-10 11:48:04.769000+00:00,58.5,0.0,0.0
2024-06-10 11:49:04.579000+00:00,58.400001525878906,0.0,0.0
2024-06-10 11:50:04.775000+00:00,58.400001525878906,0.0,0.0
2024-06-10 11:51:04.821000+00:00,58.29999923706055,0.0,0.0
2024-06-10 11:52:04.632000+00:00,58.27999877929688,0.0,0.0
2024-06-10 11:53:04.703000+00:00,58.20000076293945,0.0,0.0
2024-06-10 11:54:04.702000+00:00,58.09999847412109,0.0,0.0
2024-06-10 11:55:04.712000+00:00,58.209999084472656,0.0,0.0
2024-06-10 11:56:04.589000+00:00,58.5,0.0,0.0
2024-06-10 11:57:04.400000+00:00,58.59999847412109,0.0,0.0
2024-06-10 11:58:04.897000+00:00,58.59999847412109,0.0,0.0
2024-06-10 11:59:04.757000+00:00,58.59999847412109,0.0,0.0
2024-06-10 12:00:06.940000+00:00,58.5,0.0,0.0
2024-06-10 12:01:04.555000+00:00,58.5,0.0,0.0
2024-06-10 12:02:04.405000+00:00,58.400001525878906,0.0,0.0
2024-06-10 12:03:04.241000+00:00,58.400001525878906,0.0,0.0
2024-06-10 12:04:04.797000+00:00,58.29999923706055,0.0,0.0
2024-06-10 12:05:05.111000+00:00,58.209999084472656,0.0,0.0
2024-06-10 12:06:05.627000+00:00,58.29999923706055,0.0,0.0
2024-06-10 12:07:05.380000+00:00,58.20000076293945,0.0,0.0
2024-06-10 12:08:04.674000+00:00,58.09999847412109,0.0,0.0
2024-06-10 12:09:04.453000+00:00,58.29999923706055,0.0,0.0
2024-06-10 12:10:05.018000+00:00,58.5,0.0,0.0
2024-06-10 12:11:04.323000+00:00,58.59999847412109,0.0,0.0
2024-06-10 12:12:04.789000+00:00,58.59999847412109,0.0,0.0
2024-06-10 12:13:05.169000+00:00,58.61000061035156,0.0,0.0
2024-06-10 12:14:05.212000+00:00,58.59999847412109,0.0,0.0
2024-06-10 12:15:04.883000+00:00,58.400001525878906,0.0,0.0
2024-06-10 12:16:04.319000+00:00,58.29999923706055,0.0,0.0
2024-06-10 12:17:04.635000+00:00,58.20000076293945,0.0,0.0
2024-06-10 12:18:04.800000+00:00,58.09999847412109,0.0,0.0
2024-06-10 12:19:04.873000+00:00,58.0099983215332,0.0,0.0
2024-06-10 12:20:04.975000+00:00,58.09999847412109,0.0,0.0
2024-06-10 12:21:04.900000+00:00,58.27999877929688,0.0,0.0
2024-06-10 12:22:04.731000+00:00,58.400001525878906,0.0,0.0
2024-06-10 12:23:05.185000+00:00,58.59999847412109,0.0,0.0
2024-06-10 12:24:04.540000+00:00,58.59999847412109,0.0,0.0
2024-06-10 12:25:04.209000+00:00,58.59999847412109,0.0,0.0
2024-06-10 12:26:05.578000+00:00,58.59999847412109,0.0,0.0
2024-06-10 12:27:04.065000+00:00,58.400001525878906,0.0,0.0
2024-06-10 12:28:04.740000+00:00,58.29999923706055,0.0,0.0
2024-06-10 12:29:04.943000+00:00,58.29999923706055,0.0,0.0
2024-06-10 12:30:04.987000+00:00,58.29999923706055,0.0,0.0
2024-06-10 12:31:04.339000+00:00,58.29999923706055,0.0,0.0
2024-06-10 12:32:04.646000+00:00,58.29999923706055,0.0,0.0
2024-06-10 12:33:04.492000+00:00,58.29999923706055,0.0,0.0
2024-06-10 12:34:04.761000+00:00,58.290000915527344,0.0,0.0
2024-06-10 12:35:04.920000+00:00,58.29999923706055,0.0,0.0
2024-06-10 12:36:04.764000+00:00,58.29999923706055,0.0,0.0
2024-06-10 12:37:04.715000+00:00,58.29999923706055,0.0,0.0
2024-06-10 12:38:04.887000+00:00,58.0,0.0,0.0
2024-06-10 12:39:04.697000+00:00,58.20000076293945,0.0,0.0
2024-06-10 12:40:04.699000+00:00,58.20000076293945,0.0,0.0
2024-06-10 12:41:04.669000+00:00,58.59999847412109,0.0,0.0
2024-06-10 12:42:04.757000+00:00,58.59999847412109,0.0,0.0
2024-06-10 12:43:04.098000+00:00,58.59999847412109,0.0,0.0
2024-06-10 12:44:04.046000+00:00,58.59999847412109,0.0,0.0
2024-06-10 12:45:04.793000+00:00,58.5,0.0,0.0
2024-06-10 12:46:04.112000+00:00,58.400001525878906,0.0,0.0
2024-06-10 12:47:04.872000+00:00,58.400001525878906,0.0,0.0
2024-06-10 12:48:04.517000+00:00,58.400001525878906,0.0,0.0
2024-06-10 12:49:04.421000+00:00,58.400001525878906,0.0,0.0
2024-06-10 12:50:04.024000+00:00,58.400001525878906,0.0,0.0
2024-06-10 12:51:04.241000+00:00,58.5,0.0,0.0
2024-06-10 12:52:04.883000+00:00,58.59999847412109,0.0,0.0
2024-06-10 12:53:04.363000+00:00,58.400001525878906,0.0,0.0
2024-06-10 12:54:04.793000+00:00,58.369998931884766,0.0,0.0
2024-06-10 12:55:04.758000+00:00,58.29999923706055,0.0,0.0
2024-06-10 12:56:04.132000+00:00,58.29999923706055,0.0,0.0
2024-06-10 12:57:04.539000+00:00,58.29999923706055,0.0,0.0
2024-06-10 12:58:04.311000+00:00,58.29999923706055,0.0,0.0
2024-06-10 12:59:04.804000+00:00,58.400001525878906,0.0,0.0
2024-06-10 13:00:07.428000+00:00,58.400001525878906,0.0,0.0
2024-06-10 13:01:04.846000+00:00,58.400001525878906,0.0,0.0
2024-06-10 13:02:04.270000+00:00,58.34999847412109,0.0,0.0
2024-06-10 13:03:04.845000+00:00,58.400001525878906,0.0,0.0
2024-06-10 13:04:04.097000+00:00,58.400001525878906,0.0,0.0
2024-06-10 13:05:04.743000+00:00,58.400001525878906,0.0,0.0
2024-06-10 13:06:04.945000+00:00,58.43999862670898,0.0,0.0
2024-06-10 13:07:04.148000+00:00,58.5,0.0,0.0
2024-06-10 13:08:04.532000+00:00,58.5,0.0,0.0
2024-06-10 13:09:04.386000+00:00,58.5,0.0,0.0
2024-06-10 13:10:05.138000+00:00,58.400001525878906,0.0,0.0
2024-06-10 13:11:04.457000+00:00,58.29999923706055,0.0,0.0
2024-06-10 13:12:04.646000+00:00,58.20000076293945,0.0,0.0
2024-06-10 13:13:04.925000+00:00,58.18999862670898,0.0,0.0
2024-06-10 13:14:04.440000+00:00,58.09999847412109,0.0,0.0
2024-06-10 13:15:04.481000+00:00,58.29999923706055,0.0,0.0
2024-06-10 13:16:04.018000+00:00,58.400001525878906,0.0,0.0
2024-06-10 13:17:03.960000+00:00,58.59999847412109,0.0,0.0
2024-06-10 13:18:04.674000+00:00,58.20000076293945,0.0,0.0
2024-06-10 13:19:04.228000+00:00,58.400001525878906,0.0,0.0
2024-06-10 13:20:04.690000+00:00,58.27000045776367,0.0,0.0
2024-06-10 13:21:04.306000+00:00,58.220001220703125,0.0,0.0
2024-06-10 13:22:04.690000+00:00,58.2400016784668,0.0,0.0
2024-06-10 13:23:04.564000+00:00,58.29999923706055,0.0,0.0
2024-06-10 13:24:04.787000+00:00,58.29999923706055,0.0,0.0
2024-06-10 13:25:05.210000+00:00,58.29999923706055,0.0,0.0
2024-06-10 13:26:04.923000+00:00,58.29999923706055,0.0,0.0
2024-06-10 13:27:04.516000+00:00,58.2400016784668,0.0,0.0
2024-06-10 13:28:04.908000+00:00,58.29999923706055,0.0,0.0
2024-06-10 13:29:04.381000+00:00,58.29999923706055,0.0,0.0
2024-06-10 13:30:05.005000+00:00,58.220001220703125,0.0,0.0
2024-06-10 13:31:04.812000+00:00,58.29999923706055,0.0,0.0
2024-06-10 13:32:04.322000+00:00,58.29999923706055,0.0,0.0
2024-06-10 13:33:04.135000+00:00,58.29999923706055,0.0,0.0
2024-06-10 13:34:04.316000+00:00,58.59999847412109,0.0,0.0
2024-06-10 13:35:04.466000+00:00,58.70000076293945,0.0,0.0
2024-06-10 13:36:04.825000+00:00,58.70000076293945,0.0,0.0
2024-06-10 13:37:04.913000+00:00,58.70000076293945,0.0,0.0
2024-06-10 13:38:04.231000+00:00,58.59999847412109,0.0,0.0
2024-06-10 13:39:04.750000+00:00,58.5,0.0,0.0
2024-06-10 13:40:04.787000+00:00,58.400001525878906,0.0,0.0
2024-06-10 13:41:04.134000+00:00,58.400001525878906,0.0,0.0
2024-06-10 13:42:04.862000+00:00,58.29999923706055,0.0,0.0
2024-06-10 13:43:04.692000+00:00,58.29999923706055,0.0,0.0
2024-06-10 13:44:04.969000+00:00,58.38999938964844,0.0,0.0
2024-06-10 13:45:04.669000+00:00,58.400001525878906,0.0,0.0
2024-06-10 13:46:04.263000+00:00,58.400001525878906,0.0,0.0
2024-06-10 13:47:04.596000+00:00,58.400001525878906,0.0,0.0
2024-06-10 13:48:04.705000+00:00,58.400001525878906,0.0,0.0
2024-06-10 13:49:04.437000+00:00,58.400001525878906,0.0,0.0
2024-06-10 13:50:05.387000+00:00,58.400001525878906,0.0,0.0
2024-06-10 13:51:04.605000+00:00,58.400001525878906,0.0,0.0
2024-06-10 13:52:04.692000+00:00,58.400001525878906,0.0,0.0
2024-06-10 13:53:04.328000+00:00,58.400001525878906,0.0,0.0
2024-06-10 13:54:04.642000+00:00,58.400001525878906,0.0,0.0
2024-06-10 13:55:05.124000+00:00,58.400001525878906,0.0,0.0
2024-06-10 13:56:04.466000+00:00,58.400001525878906,0.0,0.0
2024-06-10 13:57:04.443000+00:00,58.400001525878906,0.0,0.0
2024-06-10 13:58:04.804000+00:00,58.400001525878906,0.0,0.0
2024-06-10 13:59:04.883000+00:00,58.400001525878906,0.0,0.0
2024-06-10 14:00:05.447000+00:00,58.400001525878906,0.0,0.0
2024-06-10 14:01:04.776000+00:00,58.400001525878906,0.0,0.0
2024-06-10 14:02:04.376000+00:00,58.400001525878906,0.0,0.0
2024-06-10 14:03:04.581000+00:00,58.5,0.0,0.0
2024-06-10 14:04:04.692000+00:00,58.31999969482422,0.0,0.0
2024-06-10 14:05:04.556000+00:00,58.20000076293945,0.0,0.0
2024-06-10 14:06:05.227000+00:00,58.20000076293945,0.0,0.0
2024-06-10 14:07:04.619000+00:00,58.20000076293945,0.0,0.0
2024-06-10 14:08:05.135000+00:00,58.20000076293945,0.0,0.0
2024-06-10 14:09:04.130000+00:00,58.20000076293945,0.0,0.0
2024-06-10 14:10:04.686000+00:00,58.20000076293945,0.0,0.0
2024-06-10 14:11:04.062000+00:00,58.20000076293945,0.0,0.0
2024-06-10 14:12:04.571000+00:00,58.150001525878906,0.0,0.0
2024-06-10 14:13:04.919000+00:00,58.400001525878906,0.0,0.0
2024-06-10 14:14:04.752000+00:00,58.5,0.0,0.0
2024-06-10 14:15:04.870000+00:00,58.59999847412109,0.0,0.0
2024-06-10 14:16:04.459000+00:00,58.59999847412109,0.0,0.0
2024-06-10 14:17:04.523000+00:00,58.59999847412109,0.0,0.0
2024-06-10 14:18:04.110000+00:00,58.5,0.0,0.0
2024-06-10 14:19:04.438000+00:00,58.400001525878906,0.0,0.0
2024-06-10 14:20:04.684000+00:00,58.29999923706055,0.0,0.0
2024-06-10 14:21:04.288000+00:00,58.29999923706055,0.0,0.0
2024-06-10 14:22:04.357000+00:00,58.29999923706055,0.0,0.0
2024-06-10 14:23:04.048000+00:00,58.29999923706055,0.0,0.0
2024-06-10 14:24:04.575000+00:00,58.29999923706055,0.0,0.0
2024-06-10 14:25:03.957000+00:00,58.29999923706055,0.0,0.0
2024-06-10 14:26:05.340000+00:00,58.29999923706055,0.0,0.0
2024-06-10 14:27:04.027000+00:00,58.29999923706055,0.0,0.0
2024-06-10 14:28:04.866000+00:00,58.29999923706055,0.0,0.0
2024-06-10 14:29:04.631000+00:00,58.29999923706055,0.0,0.0
2024-06-10 14:30:04.998000+00:00,58.29999923706055,0.0,0.0
2024-06-10 14:31:04.454000+00:00,58.29999923706055,0.0,0.0
2024-06-10 14:32:04.729000+00:00,58.29999923706055,0.0,0.0
2024-06-10 14:33:05.034000+00:00,58.29999923706055,0.0,0.0
2024-06-10 14:34:03.847000+00:00,58.29999923706055,0.0,0.0
2024-06-10 14:35:04.463000+00:00,58.29999923706055,0.0,0.0
2024-06-10 14:36:04.561000+00:00,58.29999923706055,0.0,0.0
2024-06-10 14:37:04.351000+00:00,58.380001068115234,0.0,0.0
2024-06-10 14:38:04.315000+00:00,58.29999923706055,0.0,0.0
2024-06-10 14:39:04.439000+00:00,58.400001525878906,0.0,0.0
2024-06-10 14:40:04.479000+00:00,58.369998931884766,0.0,0.0
2024-06-10 14:41:04.156000+00:00,58.36000061035156,0.0,0.0
2024-06-10 14:42:04.569000+00:00,50.41999816894531,0.0,0.0
2024-06-10 14:43:04.584000+00:00,56.47999954223633,0.0,0.0
2024-06-10 14:44:04.416000+00:00,60.93999862670898,0.0,0.0
2024-06-10 14:45:04.506000+00:00,59.9900016784668,0.0,0.0
2024-06-10 14:46:04.349000+00:00,59.59999847412109,0.0,0.0
2024-06-10 14:47:04.312000+00:00,59.0,0.0,0.0
2024-06-10 14:48:04.513000+00:00,58.72999954223633,0.0,0.0
2024-06-10 14:49:04.762000+00:00,58.5,0.0,0.0
2024-06-10 14:50:04.238000+00:00,58.400001525878906,0.0,0.0
2024-06-10 14:51:04.684000+00:00,58.29999923706055,0.0,0.0
2024-06-10 14:52:04.612000+00:00,58.20000076293945,0.0,0.0
2024-06-10 14:53:04.214000+00:00,58.20000076293945,0.0,0.0
2024-06-10 14:54:04.619000+00:00,58.09999847412109,0.0,0.0
2024-06-10 14:55:04.614000+00:00,58.09999847412109,0.0,0.0
2024-06-10 14:56:04.600000+00:00,58.09999847412109,0.0,0.0
2024-06-10 14:57:04.565000+00:00,58.20000076293945,0.0,0.0
2024-06-10 14:58:04.660000+00:00,58.22999954223633,0.0,0.0
2024-06-10 14:59:04.385000+00:00,58.29999923706055,0.0,0.0
2024-06-10 15:00:05.521000+00:00,58.29999923706055,0.0,0.0
2024-06-10 15:01:04.553000+00:00,58.29999923706055,0.0,0.0
2024-06-10 15:02:04.708000+00:00,58.38999938964844,0.0,0.0
2024-06-10 15:03:04.238000+00:00,58.400001525878906,0.0,0.0
2024-06-10 15:04:04.287000+00:00,58.0,0.0,0.0
2024-06-10 15:05:04.735000+00:00,58.0,0.0,0.0
2024-06-10 15:06:05.587000+00:00,57.61000061035156,0.0,0.0
2024-06-10 15:07:04.163000+00:00,58.27999877929688,0.0,0.0
2024-06-10 15:08:04.631000+00:00,55.29999923706055,0.0,0.0
2024-06-10 15:09:04.809000+00:00,58.29999923706055,0.0,0.0
2024-06-10 15:10:04.814000+00:00,58.59999847412109,0.0,0.0
2024-06-10 15:11:04.279000+00:00,58.79999923706055,0.0,0.0
2024-06-10 15:12:04.774000+00:00,58.709999084472656,0.0,0.0
2024-06-10 15:13:04.894000+00:00,58.70000076293945,0.0,0.0
2024-06-10 15:14:04.046000+00:00,58.380001068115234,0.0,0.0
2024-06-10 15:15:04.543000+00:00,58.400001525878906,0.0,0.0
2024-06-10 15:16:03.699000+00:00,58.29999923706055,0.0,0.0
2024-06-10 15:17:03.993000+00:00,58.29999923706055,0.0,0.0
2024-06-10 15:18:04.007000+00:00,58.20000076293945,0.0,0.0
2024-06-10 15:19:04.498000+00:00,58.16999816894531,0.0,0.0
2024-06-10 15:20:04.503000+00:00,58.09999847412109,0.0,0.0
2024-06-10 15:21:04.315000+00:00,58.09999847412109,0.0,0.0
2024-06-10 15:22:04.595000+00:00,58.20000076293945,0.0,0.0
2024-06-10 15:23:04.668000+00:00,58.29999923706055,0.0,0.0
2024-06-10 15:24:04.639000+00:00,58.459999084472656,0.0,0.0
2024-06-10 15:25:04.133000+00:00,58.5,0.0,0.0
2024-06-10 15:26:04.514000+00:00,58.5,0.0,0.0
2024-06-10 15:27:04.823000+00:00,58.400001525878906,0.0,0.0
2024-06-10 15:28:04.934000+00:00,58.400001525878906,0.0,0.0
2024-06-10 15:29:04.075000+00:00,58.400001525878906,0.0,0.0
2024-06-10 15:30:04.832000+00:00,58.34000015258789,0.0,0.0
2024-06-10 15:31:04.659000+00:00,58.310001373291016,0.0,0.0
2024-06-10 15:32:03.987000+00:00,58.29999923706055,0.0,0.0
2024-06-10 15:33:04.436000+00:00,58.29999923706055,0.0,0.0
2024-06-10 15:34:04.123000+00:00,58.29999923706055,0.0,0.0
2024-06-10 15:35:04.187000+00:00,58.29999923706055,0.0,0.0
2024-06-10 15:36:04.658000+00:00,58.29999923706055,0.0,0.0
2024-06-10 15:37:04.166000+00:00,58.29999923706055,0.0,0.0
2024-06-10 15:38:04.114000+00:00,58.29999923706055,0.0,0.0
2024-06-10 15:39:04.774000+00:00,58.29999923706055,0.0,0.0
2024-06-10 15:40:04.751000+00:00,58.29999923706055,0.0,0.0
2024-06-10 15:41:04.658000+00:00,58.29999923706055,0.0,0.0
2024-06-10 15:42:04.833000+00:00,58.34000015258789,0.0,0.0
2024-06-10 15:43:03.999000+00:00,58.400001525878906,0.0,0.0
2024-06-10 15:44:04.519000+00:00,58.400001525878906,0.0,0.0
2024-06-10 15:45:04.587000+00:00,58.400001525878906,0.0,0.0
2024-06-10 15:46:04.438000+00:00,58.41999816894531,0.0,0.0
2024-06-10 15:47:04.219000+00:00,58.5,0.0,0.0
2024-06-10 15:48:04.623000+00:00,58.59999847412109,0.0,0.0
2024-06-10 15:49:04.418000+00:00,58.59999847412109,0.0,0.0
2024-06-10 15:50:04.166000+00:00,58.59999847412109,0.0,0.0
2024-06-10 15:51:04.020000+00:00,58.59999847412109,0.0,0.0
2024-06-10 15:52:04.346000+00:00,58.59999847412109,0.0,0.0
2024-06-10 15:53:04.854000+00:00,58.59999847412109,0.0,0.0
2024-06-10 15:54:04.655000+00:00,58.59999847412109,0.0,0.0
2024-06-10 15:55:04.615000+00:00,58.59999847412109,0.0,0.0
2024-06-10 15:56:04.287000+00:00,58.59999847412109,0.0,0.0
2024-06-10 15:57:04.145000+00:00,58.59999847412109,0.0,0.0
2024-06-10 15:58:04.507000+00:00,58.5,0.0,0.0
2024-06-10 15:59:04.491000+00:00,58.59999847412109,0.0,0.0
2024-06-10 16:00:06.136000+00:00,58.59999847412109,0.0,0.0
2024-06-10 16:01:04.812000+00:00,58.59999847412109,0.0,0.0
2024-06-10 16:02:04.781000+00:00,58.59999847412109,0.0,0.0
2024-06-10 16:03:04.850000+00:00,58.59999847412109,0.0,0.0
2024-06-10 16:04:04.392000+00:00,58.59999847412109,0.0,0.0
2024-06-10 16:05:04.557000+00:00,58.59999847412109,0.0,0.0
2024-06-10 16:06:04.366000+00:00,58.59999847412109,0.0,0.0
2024-06-10 16:07:04.436000+00:00,58.59999847412109,0.0,0.0
2024-06-10 16:08:03.906000+00:00,58.59999847412109,0.0,0.0
2024-06-10 16:09:03.932000+00:00,58.59000015258789,0.0,0.0
2024-06-10 16:10:04.327000+00:00,58.5,0.0,0.0
2024-06-10 16:11:04.469000+00:00,58.5,0.0,0.0
2024-06-10 16:12:04.898000+00:00,58.5,0.0,0.0
2024-06-10 16:13:04.671000+00:00,58.5,0.0,0.0
2024-06-10 16:14:04.659000+00:00,58.5,0.0,0.0
2024-06-10 16:15:04.545000+00:00,58.5,0.0,0.0
2024-06-10 16:16:03.898000+00:00,58.5,0.0,0.0
2024-06-10 16:17:04.346000+00:00,58.5,0.0,0.0
2024-06-10 16:18:04.476000+00:00,58.5,0.0,0.0
2024-06-10 16:19:04.242000+00:00,58.400001525878906,0.0,0.0
2024-06-10 16:20:04.184000+00:00,58.400001525878906,0.0,0.0
2024-06-10 16:21:04.971000+00:00,58.400001525878906,0.0,0.0
2024-06-10 16:22:04.041000+00:00,58.400001525878906,0.0,0.0
2024-06-10 16:23:05.062000+00:00,58.400001525878906,0.0,0.0
2024-06-10 16:24:04.003000+00:00,58.400001525878906,0.0,0.0
2024-06-10 16:25:04.387000+00:00,58.400001525878906,0.0,0.0
2024-06-10 16:26:05.476000+00:00,58.400001525878906,0.0,0.0
2024-06-10 16:27:03.854000+00:00,58.40999984741211,0.0,0.0
2024-06-10 16:28:04.790000+00:00,58.5,0.0,0.0
2024-06-10 16:29:04.440000+00:00,58.5,0.0,0.0
2024-06-10 16:30:04.835000+00:00,58.5,0.0,0.0
2024-06-10 16:31:04.288000+00:00,58.560001373291016,0.0,0.0
2024-06-10 16:32:04.754000+00:00,58.59999847412109,0.0,0.0
2024-06-10 16:33:04.784000+00:00,58.59999847412109,0.0,0.0
2024-06-10 16:34:04.554000+00:00,58.59999847412109,0.0,0.0
2024-06-10 16:35:04.020000+00:00,58.59999847412109,0.0,0.0
2024-06-10 16:36:04.384000+00:00,58.59999847412109,0.0,0.0
2024-06-10 16:37:04.391000+00:00,58.59999847412109,0.0,0.0
2024-06-10 16:38:03.795000+00:00,58.59999847412109,0.0,0.0
2024-06-10 16:39:04.776000+00:00,58.59999847412109,0.0,0.0
2024-06-10 16:40:04.165000+00:00,55.0099983215332,0.0,0.0
2024-06-10 16:41:03.997000+00:00,52.41999816894531,0.0,0.0
2024-06-10 16:42:04.548000+00:00,50.79999923706055,0.0,0.0
2024-06-10 16:43:04.200000+00:00,50.400001525878906,0.0,0.0
2024-06-10 16:44:04.099000+00:00,54.68000030517578,0.0,0.0
2024-06-10 16:45:04.533000+00:00,58.310001373291016,0.0,0.0
2024-06-10 16:46:03.893000+00:00,58.900001525878906,0.0,0.0
2024-06-10 16:47:04.374000+00:00,59.0,0.0,0.0
2024-06-10 16:48:04.441000+00:00,59.20000076293945,0.0,0.0
2024-06-10 16:49:04.268000+00:00,59.29999923706055,0.0,0.0
2024-06-10 16:50:04.070000+00:00,59.400001525878906,0.0,0.0
2024-06-10 16:51:03.718000+00:00,59.5,0.0,0.0
2024-06-10 16:52:04.727000+00:00,59.5,0.0,0.0
2024-06-10 16:53:04.243000+00:00,59.5099983215332,0.0,0.0
2024-06-10 16:54:04.491000+00:00,59.5,0.0,0.0
2024-06-10 16:55:04.910000+00:00,59.5,0.0,0.0
2024-06-10 16:56:04.666000+00:00,59.5,0.0,0.0
2024-06-10 16:57:03.874000+00:00,59.5,0.0,0.0
2024-06-10 16:58:04.634000+00:00,59.400001525878906,0.0,0.0
2024-06-10 16:59:03.922000+00:00,57.400001525878906,0.0,0.0
2024-06-10 17:00:07.057000+00:00,57.88999938964844,0.0,0.0
2024-06-10 17:01:04.701000+00:00,57.900001525878906,0.0,0.0
2024-06-10 17:02:04.289000+00:00,57.900001525878906,0.0,0.0
2024-06-10 17:03:04.069000+00:00,57.900001525878906,0.0,0.0
2024-06-10 17:04:04.057000+00:00,57.900001525878906,0.0,0.0
2024-06-10 17:05:04.687000+00:00,57.900001525878906,0.0,0.0
2024-06-10 17:06:04.759000+00:00,58.0,0.0,0.0
2024-06-10 17:07:04.434000+00:00,58.09999847412109,0.0,0.0
2024-06-10 17:08:04.176000+00:00,58.20000076293945,0.0,0.0
2024-06-10 17:09:04.401000+00:00,58.400001525878906,0.0,0.0
2024-06-10 17:10:04.569000+00:00,58.43999862670898,0.0,0.0
2024-06-10 17:11:04.909000+00:00,58.59999847412109,0.0,0.0
2024-06-10 17:12:04.389000+00:00,58.70000076293945,0.0,0.0
2024-06-10 17:13:04.331000+00:00,58.54999923706055,0.0,0.0
2024-06-10 17:14:04.585000+00:00,58.5,0.0,0.0
2024-06-10 17:15:04.787000+00:00,58.59999847412109,0.0,0.0
2024-06-10 17:16:03.676000+00:00,58.70000076293945,0.0,0.0
2024-06-10 17:17:04.574000+00:00,58.79999923706055,0.0,0.0
2024-06-10 17:18:04.835000+00:00,58.88999938964844,0.0,0.0
2024-06-10 17:19:04.472000+00:00,58.900001525878906,0.0,0.0
2024-06-10 17:20:04.533000+00:00,58.9900016784668,0.0,0.0
2024-06-10 17:21:04.439000+00:00,59.0,0.0,0.0
2024-06-10 17:22:04.623000+00:00,59.0,0.0,0.0
2024-06-10 17:23:04.945000+00:00,59.0,0.0,0.0
2024-06-10 17:24:04.407000+00:00,59.09999847412109,0.0,0.0
2024-06-10 17:25:04.220000+00:00,59.09999847412109,0.0,0.0
2024-06-10 17:26:04.580000+00:00,59.09999847412109,0.0,0.0
2024-06-10 17:27:04.908000+00:00,59.09999847412109,0.0,0.0
2024-06-10 17:28:04.476000+00:00,59.0,0.0,0.0
2024-06-10 17:29:04.575000+00:00,59.0,0.0,0.0
2024-06-10 17:30:05.095000+00:00,59.0,0.0,0.0
2024-06-10 17:31:04.612000+00:00,59.0,0.0,0.0
2024-06-10 17:32:04.735000+00:00,58.900001525878906,0.0,0.0
2024-06-10 17:33:04.561000+00:00,58.900001525878906,0.0,0.0
2024-06-10 17:34:04.294000+00:00,58.900001525878906,0.0,0.0
2024-06-10 17:35:04.707000+00:00,58.79999923706055,0.0,0.0
2024-06-10 17:36:04.739000+00:00,58.70000076293945,0.0,0.0
2024-06-10 17:37:04.196000+00:00,58.63999938964844,0.0,0.0
2024-06-10 17:38:03.905000+00:00,58.0,0.0,0.0
2024-06-10 17:39:05.018000+00:00,57.04999923706055,0.0,0.0
2024-06-10 17:40:04.409000+00:00,57.09999847412109,0.0,0.0
2024-06-10 17:41:04.327000+00:00,57.18000030517578,0.0,0.0
2024-06-10 17:42:05.066000+00:00,57.09999847412109,0.0,0.0
2024-06-10 17:43:03.962000+00:00,57.0,0.0,0.0
2024-06-10 17:44:04.188000+00:00,57.0,0.0,0.0
2024-06-10 17:45:04.864000+00:00,57.09999847412109,0.0,0.0
2024-06-10 17:46:03.861000+00:00,57.20000076293945,0.0,0.0
2024-06-10 17:47:04.298000+00:00,57.34999847412109,0.0,0.0
2024-06-10 17:48:04.253000+00:00,57.5,0.0,0.0
2024-06-10 17:49:04.771000+00:00,57.70000076293945,0.0,0.0
2024-06-10 17:50:04.628000+00:00,57.79999923706055,0.0,0.0
2024-06-10 17:51:04.678000+00:00,58.0,0.0,0.0
2024-06-10 17:52:04.076000+00:00,58.09999847412109,0.0,0.0
2024-06-10 17:53:04.528000+00:00,58.29999923706055,0.0,0.0
2024-06-10 17:54:04.152000+00:00,58.400001525878906,0.0,0.0
2024-06-10 17:55:04.125000+00:00,58.5,0.0,0.0
2024-06-10 17:56:04.077000+00:00,58.59999847412109,0.0,0.0
2024-06-10 17:57:04.022000+00:00,57.91999816894531,0.0,0.0
2024-06-10 17:58:04.326000+00:00,57.41999816894531,0.0,0.0
2024-06-10 17:59:04.698000+00:00,57.5,0.0,0.0
2024-06-10 18:00:07.328000+00:00,57.70000076293945,0.0,0.0
2024-06-10 18:01:04.146000+00:00,57.91999816894531,0.0,0.0
2024-06-10 18:02:04.672000+00:00,54.61000061035156,0.0,0.0
2024-06-10 18:03:04.653000+00:00,49.79999923706055,0.0,0.0
2024-06-10 18:04:04.452000+00:00,44.83000183105469,0.0,0.0
2024-06-10 18:05:04.456000+00:00,41.61000061035156,0.0,0.0
2024-06-10 18:06:04.769000+00:00,50.380001068115234,0.0,0.0
2024-06-10 18:07:04.544000+00:00,58.29999923706055,0.0,0.0
2024-06-10 18:08:03.993000+00:00,61.4900016784668,0.0,0.0
2024-06-10 18:09:04.135000+00:00,62.79999923706055,0.0,0.0
2024-06-10 18:10:04.380000+00:00,63.09999847412109,0.0,0.0
2024-06-10 18:11:04.430000+00:00,63.0,0.0,0.0
2024-06-10 18:12:04.597000+00:00,62.75,0.0,0.0
2024-06-10 18:13:05.011000+00:00,62.400001525878906,0.0,0.0
2024-06-10 18:14:04.316000+00:00,61.40999984741211,0.0,0.0
2024-06-10 18:15:05.909000+00:00,58.04999923706055,0.0,0.0
2024-06-10 18:16:04.791000+00:00,57.61000061035156,0.0,0.0
2024-06-10 18:17:04.061000+00:00,57.52999877929688,0.0,0.0
2024-06-10 18:18:04.730000+00:00,57.220001220703125,0.0,0.0
2024-06-10 18:19:04.291000+00:00,57.54999923706055,0.0,0.0
2024-06-10 18:20:04.524000+00:00,58.0,0.0,0.0
2024-06-10 18:21:04.777000+00:00,58.400001525878906,0.0,0.0
2024-06-10 18:22:04.565000+00:00,58.59999847412109,0.0,0.0
2024-06-10 18:23:04.533000+00:00,58.79999923706055,0.0,0.0
2024-06-10 18:24:04.462000+00:00,58.900001525878906,0.0,0.0
2024-06-10 18:25:04.731000+00:00,59.0,0.0,0.0
2024-06-10 18:26:04.245000+00:00,59.0,0.0,0.0
2024-06-10 18:27:04.641000+00:00,59.0,0.0,0.0
2024-06-10 18:28:04.438000+00:00,58.900001525878906,0.0,0.0
2024-06-10 18:29:04.291000+00:00,58.900001525878906,0.0,0.0
2024-06-10 18:30:05.275000+00:00,58.88999938964844,0.0,0.0
2024-06-10 18:31:04.265000+00:00,58.720001220703125,0.0,0.0
2024-06-10 18:32:04.124000+00:00,58.59999847412109,0.0,0.0
2024-06-10 18:33:04.486000+00:00,58.5,0.0,0.0
2024-06-10 18:34:04.306000+00:00,58.400001525878906,0.0,0.0
2024-06-10 18:35:04.519000+00:00,58.29999923706055,0.0,0.0
2024-06-10 18:36:04.662000+00:00,58.20000076293945,0.0,0.0
2024-06-10 18:37:04.562000+00:00,58.09999847412109,0.0,0.0
2024-06-10 18:38:04.693000+00:00,58.09000015258789,0.0,0.0
2024-06-10 18:39:05.351000+00:00,58.0,0.0,0.0
2024-06-10 18:40:04.422000+00:00,57.95000076293945,0.0,0.0
2024-06-10 18:41:04.711000+00:00,57.900001525878906,0.0,0.0
2024-06-10 18:42:04.117000+00:00,57.93000030517578,0.0,0.0
2024-06-10 18:43:04.495000+00:00,57.97999954223633,0.0,0.0
2024-06-10 18:44:03.607000+00:00,58.0,0.0,0.0
2024-06-10 18:45:04.881000+00:00,58.0,0.0,0.0
2024-06-10 18:46:04.179000+00:00,58.0,0.0,0.0
2024-06-10 18:47:04.165000+00:00,58.0,0.0,0.0
2024-06-10 18:48:04.811000+00:00,58.09999847412109,0.0,0.0
2024-06-10 18:49:05.031000+00:00,58.18999862670898,0.0,0.0
2024-06-10 18:50:04.385000+00:00,58.2400016784668,0.0,0.0
2024-06-10 18:51:04.315000+00:00,58.310001373291016,0.0,0.0
2024-06-10 18:52:04.462000+00:00,58.400001525878906,0.0,0.0
2024-06-10 18:53:04.012000+00:00,58.400001525878906,0.0,0.0
2024-06-10 18:54:05.027000+00:00,58.5,0.0,0.0
2024-06-10 18:55:04.506000+00:00,58.5,0.0,0.0
2024-06-10 18:56:04.058000+00:00,58.59999847412109,0.0,0.0
2024-06-10 18:57:04.487000+00:00,58.59999847412109,0.0,0.0
2024-06-10 18:58:04.011000+00:00,58.59999847412109,0.0,0.0
2024-06-10 18:59:04.348000+00:00,58.59999847412109,0.0,0.0
2024-06-10 19:00:06.266000+00:00,58.59999847412109,0.0,0.0
2024-06-10 19:01:04.548000+00:00,58.5,0.0,0.0
2024-06-10 19:02:04.550000+00:00,58.43999862670898,0.0,0.0
2024-06-10 19:03:04.729000+00:00,58.400001525878906,0.0,0.0
2024-06-10 19:04:04.198000+00:00,58.29999923706055,0.0,0.0
2024-06-10 19:05:04.145000+00:00,58.29999923706055,0.0,0.0
2024-06-10 19:06:04.998000+00:00,58.29999923706055,0.0,0.0
2024-06-10 19:07:03.837000+00:00,58.20000076293945,0.0,0.0
2024-06-10 19:08:04.475000+00:00,58.20000076293945,0.0,0.0
2024-06-10 19:09:04.595000+00:00,58.20000076293945,0.0,0.0
2024-06-10 19:10:04.687000+00:00,58.20000076293945,0.0,0.0
2024-06-10 19:11:04.080000+00:00,58.20000076293945,0.0,0.0
2024-06-10 19:12:04.042000+00:00,58.20000076293945,0.0,0.0
2024-06-10 19:13:04.217000+00:00,58.20000076293945,0.0,0.0
2024-06-10 19:14:04.226000+00:00,58.13999938964844,0.0,0.0
2024-06-10 19:15:04.429000+00:00,58.20000076293945,0.0,0.0
2024-06-10 19:16:04.543000+00:00,58.20000076293945,0.0,0.0
2024-06-10 19:17:04.574000+00:00,58.20000076293945,0.0,0.0
2024-06-10 19:18:04.838000+00:00,58.20000076293945,0.0,0.0
2024-06-10 19:19:04.744000+00:00,58.20000076293945,0.0,0.0
2024-06-10 19:20:04.702000+00:00,58.29999923706055,0.0,0.0
2024-06-10 19:21:04.543000+00:00,58.29999923706055,0.0,0.0
2024-06-10 19:22:04.127000+00:00,58.29999923706055,0.0,0.0
2024-06-10 19:23:04.733000+00:00,58.29999923706055,0.0,0.0
2024-06-10 19:24:04.620000+00:00,58.29999923706055,0.0,0.0
2024-06-10 19:25:04.087000+00:00,58.400001525878906,0.0,0.0
2024-06-10 19:26:04.998000+00:00,58.400001525878906,0.0,0.0
2024-06-10 19:27:04.758000+00:00,58.400001525878906,0.0,0.0
2024-06-10 19:28:05.081000+00:00,58.400001525878906,0.0,0.0
2024-06-10 19:29:04.710000+00:00,58.29999923706055,0.0,0.0
2024-06-10 19:30:05.118000+00:00,58.29999923706055,0.0,0.0
2024-06-10 19:31:04.707000+00:00,58.29999923706055,0.0,0.0
2024-06-10 19:32:04.231000+00:00,58.29999923706055,0.0,0.0
2024-06-10 19:33:04.076000+00:00,58.29999923706055,0.0,0.0
2024-06-10 19:34:03.995000+00:00,58.20000076293945,0.0,0.0
2024-06-10 19:35:04.763000+00:00,58.20000076293945,0.0,0.0
2024-06-10 19:36:04.208000+00:00,58.20000076293945,0.0,0.0
2024-06-10 19:37:04.472000+00:00,58.09999847412109,0.0,0.0
2024-06-10 19:38:04.628000+00:00,58.20000076293945,0.0,0.0
2024-06-10 19:39:04.871000+00:00,58.09999847412109,0.0,0.0
2024-06-10 19:40:04.372000+00:00,58.09999847412109,0.0,0.0
2024-06-10 19:41:04.736000+00:00,58.09999847412109,0.0,0.0
2024-06-10 19:42:04.573000+00:00,58.09999847412109,0.0,0.0
2024-06-10 19:43:04.445000+00:00,58.08000183105469,0.0,0.0
2024-06-10 19:44:04.547000+00:00,58.0099983215332,0.0,0.0
2024-06-10 19:45:04.717000+00:00,58.0,0.0,0.0
2024-06-10 19:46:04.416000+00:00,58.09999847412109,0.0,0.0
2024-06-10 19:47:04.110000+00:00,58.20000076293945,0.0,0.0
2024-06-10 19:48:04.473000+00:00,58.20000076293945,0.0,0.0
2024-06-10 19:49:03.988000+00:00,58.29999923706055,0.0,0.0
2024-06-10 19:50:04.143000+00:00,58.29999923706055,0.0,0.0
2024-06-10 19:51:04.487000+00:00,58.29999923706055,0.0,0.0
2024-06-10 19:52:04.957000+00:00,58.29999923706055,0.0,0.0
2024-06-10 19:53:03.591000+00:00,58.29999923706055,0.0,0.0
2024-06-10 19:54:04.637000+00:00,58.29999923706055,0.0,0.0
2024-06-10 19:55:04.744000+00:00,58.31999969482422,0.0,0.0
2024-06-10 19:56:04.545000+00:00,58.29999923706055,0.0,0.0
2024-06-10 19:57:04.165000+00:00,58.400001525878906,0.0,0.0
2024-06-10 19:58:04.448000+00:00,58.400001525878906,0.0,0.0
2024-06-10 19:59:04.760000+00:00,58.400001525878906,0.0,0.0
2024-06-10 20:00:08.033000+00:00,58.400001525878906,0.0,0.0
2024-06-10 20:01:04.454000+00:00,58.400001525878906,0.0,0.0
2024-06-10 20:02:04.330000+00:00,58.400001525878906,0.0,0.0
2024-06-10 20:03:04.251000+00:00,58.400001525878906,0.0,0.0
2024-06-10 20:04:04.588000+00:00,58.400001525878906,0.0,0.0
2024-06-10 20:05:04.835000+00:00,58.400001525878906,0.0,0.0
2024-06-10 20:06:05.218000+00:00,58.29999923706055,0.0,0.0
2024-06-10 20:07:04.812000+00:00,58.29999923706055,0.0,0.0
2024-06-10 20:08:04.289000+00:00,58.36000061035156,0.0,0.0
2024-06-10 20:09:04.833000+00:00,58.38999938964844,0.0,0.0
2024-06-10 20:10:04.363000+00:00,58.29999923706055,0.0,0.0
2024-06-10 20:11:04.449000+00:00,58.29999923706055,0.0,0.0
2024-06-10 20:12:04.542000+00:00,58.29999923706055,0.0,0.0
2024-06-10 20:13:05.183000+00:00,58.29999923706055,0.0,0.0
2024-06-10 20:14:04.428000+00:00,58.29999923706055,0.0,0.0
2024-06-10 20:15:04.745000+00:00,58.29999923706055,0.0,0.0
2024-06-10 20:16:04.444000+00:00,58.29999923706055,0.0,0.0
2024-06-10 20:17:04.390000+00:00,58.29999923706055,0.0,0.0
2024-06-10 20:18:04.921000+00:00,58.29999923706055,0.0,0.0
2024-06-10 20:19:04.674000+00:00,58.29999923706055,0.0,0.0
2024-06-10 20:20:04.645000+00:00,58.25,0.0,0.0
2024-06-10 20:21:04.574000+00:00,58.29999923706055,0.0,0.0
2024-06-10 20:22:04.456000+00:00,58.29999923706055,0.0,0.0
2024-06-10 20:23:04.548000+00:00,58.29999923706055,0.0,0.0
2024-06-10 20:24:04.700000+00:00,58.209999084472656,0.0,0.0
2024-06-10 20:25:04.773000+00:00,58.29999923706055,0.0,0.0
2024-06-10 20:26:04.612000+00:00,58.20000076293945,0.0,0.0
2024-06-10 20:27:04.072000+00:00,58.20000076293945,0.0,0.0
2024-06-10 20:28:04.241000+00:00,58.20000076293945,0.0,0.0
2024-06-10 20:29:04.109000+00:00,58.209999084472656,0.0,0.0
2024-06-10 20:30:05.504000+00:00,58.20000076293945,0.0,0.0
2024-06-10 20:31:04.516000+00:00,58.20000076293945,0.0,0.0
2024-06-10 20:32:04.584000+00:00,58.20000076293945,0.0,0.0
2024-06-10 20:33:04.664000+00:00,58.20000076293945,0.0,0.0
2024-06-10 20:34:04.660000+00:00,58.20000076293945,0.0,0.0
2024-06-10 20:35:04.544000+00:00,58.20000076293945,0.0,0.0
2024-06-10 20:36:04.477000+00:00,58.20000076293945,0.0,0.0
2024-06-10 20:37:04.451000+00:00,58.20000076293945,0.0,0.0
2024-06-10 20:38:04.079000+00:00,58.20000076293945,0.0,0.0
2024-06-10 20:39:04.531000+00:00,58.20000076293945,0.0,0.0
2024-06-10 20:40:04.415000+00:00,58.20000076293945,0.0,0.0
2024-06-10 20:41:04.602000+00:00,58.20000076293945,0.0,0.0
2024-06-10 20:42:04.723000+00:00,58.20000076293945,0.0,0.0
2024-06-10 20:43:04.159000+00:00,58.20000076293945,0.0,0.0
2024-06-10 20:44:04.819000+00:00,58.09999847412109,0.0,0.0
2024-06-10 20:45:04.610000+00:00,58.09999847412109,0.0,0.0
2024-06-10 20:46:04.484000+00:00,54.40999984741211,0.0,0.0
2024-06-10 20:47:04.038000+00:00,53.61000061035156,0.0,0.0
2024-06-10 20:48:04.686000+00:00,55.29999923706055,0.0,0.0
2024-06-10 20:49:03.770000+00:00,56.88999938964844,0.0,0.0
2024-06-10 20:50:04.621000+00:00,58.09000015258789,0.0,0.0
2024-06-10 20:51:05.104000+00:00,58.70000076293945,0.0,0.0
2024-06-10 20:52:04.483000+00:00,58.900001525878906,0.0,0.0
2024-06-10 20:53:04.182000+00:00,59.0,0.0,0.0
2024-06-10 20:54:04.519000+00:00,58.79999923706055,0.0,0.0
2024-06-10 20:55:04.849000+00:00,58.900001525878906,0.0,0.0
2024-06-10 20:56:04.636000+00:00,58.20000076293945,0.0,0.0
2024-06-10 20:57:04.081000+00:00,58.20000076293945,0.0,0.0
2024-06-10 20:58:04.279000+00:00,58.29999923706055,0.0,0.0
2024-06-10 20:59:04.243000+00:00,58.400001525878906,0.0,0.0
2024-06-10 21:00:05.743000+00:00,58.400001525878906,0.0,0.0
2024-06-10 21:01:05.047000+00:00,58.400001525878906,0.0,0.0
2024-06-10 21:02:04.599000+00:00,58.400001525878906,0.0,0.0
2024-06-10 21:03:03.981000+00:00,58.09999847412109,0.0,0.0
2024-06-10 21:04:04.848000+00:00,57.869998931884766,0.0,0.0
2024-06-10 21:05:04.120000+00:00,57.59999847412109,0.0,0.0
2024-06-10 21:06:04.903000+00:00,57.400001525878906,0.0,0.0
2024-06-10 21:07:04.825000+00:00,57.18000030517578,0.0,0.0
2024-06-10 21:08:04.644000+00:00,56.9900016784668,0.0,0.0
2024-06-10 21:09:04.339000+00:00,56.70000076293945,0.0,0.0
2024-06-10 21:10:04.372000+00:00,56.5,0.0,0.0
2024-06-10 21:11:03.937000+00:00,56.29999923706055,0.0,0.0
2024-06-10 21:12:04.296000+00:00,56.09999847412109,0.0,0.0
2024-06-10 21:13:04.786000+00:00,55.900001525878906,0.0,0.0
2024-06-10 21:14:04.152000+00:00,55.70000076293945,0.0,0.0
2024-06-10 21:15:04.398000+00:00,55.5,0.0,0.0
2024-06-10 21:16:04.439000+00:00,55.29999923706055,0.0,0.0
2024-06-10 21:17:04.730000+00:00,55.09999847412109,0.0,0.0
2024-06-10 21:18:04.243000+00:00,54.900001525878906,0.0,0.0
2024-06-10 21:19:03.854000+00:00,54.70000076293945,0.0,0.0
2024-06-10 21:20:04.213000+00:00,54.59999847412109,0.0,0.0
2024-06-10 21:21:04.228000+00:00,54.310001373291016,0.0,0.0
2024-06-10 21:22:04.154000+00:00,54.20000076293945,0.0,0.0
2024-06-10 21:23:04.559000+00:00,54.04999923706055,0.0,0.0
2024-06-10 21:24:03.831000+00:00,53.900001525878906,0.0,0.0
2024-06-10 21:25:04.900000+00:00,53.70000076293945,0.0,0.0
2024-06-10 21:26:04.478000+00:00,53.5,0.0,0.0
2024-06-10 21:27:04.606000+00:00,53.400001525878906,0.0,0.0
2024-06-10 21:28:04.268000+00:00,53.29999923706055,0.0,0.0
2024-06-10 21:29:04.696000+00:00,53.29999923706055,0.0,0.0
2024-06-10 21:30:05.137000+00:00,53.5,0.0,0.0
2024-06-10 21:31:04.726000+00:00,53.79999923706055,0.0,0.0
2024-06-10 21:32:04.106000+00:00,54.20000076293945,0.0,0.0
2024-06-10 21:33:04.732000+00:00,54.70000076293945,0.0,0.0
2024-06-10 21:34:04.518000+00:00,55.09999847412109,0.0,0.0
2024-06-10 21:35:04.890000+00:00,55.400001525878906,0.0,0.0
2024-06-10 21:36:04.794000+00:00,55.70000076293945,0.0,0.0
2024-06-10 21:37:04.728000+00:00,55.810001373291016,0.0,0.0
2024-06-10 21:38:04.859000+00:00,56.0,0.0,0.0
2024-06-10 21:39:04.831000+00:00,56.0,0.0,0.0
2024-06-10 21:40:04.490000+00:00,56.0,0.0,0.0
2024-06-10 21:41:04.098000+00:00,56.02000045776367,0.0,0.0
2024-06-10 21:42:04.523000+00:00,56.0,0.0,0.0
2024-06-10 21:43:04.025000+00:00,55.900001525878906,0.0,0.0
2024-06-10 21:44:04.308000+00:00,55.79999923706055,0.0,0.0
2024-06-10 21:45:03.954000+00:00,55.70000076293945,0.0,0.0
2024-06-10 21:46:04.058000+00:00,55.59999847412109,0.0,0.0
2024-06-10 21:47:04.482000+00:00,55.5,0.0,0.0
2024-06-10 21:48:04.608000+00:00,55.400001525878906,0.0,0.0
2024-06-10 21:49:04.412000+00:00,55.29999923706055,0.0,0.0
2024-06-10 21:50:04.708000+00:00,55.20000076293945,0.0,0.0
2024-06-10 21:51:04.537000+00:00,55.09999847412109,0.0,0.0
2024-06-10 21:52:04.621000+00:00,55.0,0.0,0.0
2024-06-10 21:53:04.180000+00:00,54.900001525878906,0.0,0.0
2024-06-10 21:54:04.222000+00:00,54.900001525878906,0.0,0.0
2024-06-10 21:55:04.779000+00:00,54.81999969482422,0.0,0.0
2024-06-10 21:56:04.805000+00:00,54.79999923706055,0.0,0.0
2024-06-10 21:57:04.570000+00:00,54.88999938964844,0.0,0.0
2024-06-10 21:58:04.201000+00:00,54.900001525878906,0.0,0.0
2024-06-10 21:59:04.419000+00:00,54.900001525878906,0.0,0.0
2024-06-10 22:00:05.965000+00:00,55.0,0.0,0.0
2024-06-10 22:01:04.566000+00:00,55.0,0.0,0.0
2024-06-10 22:02:03.991000+00:00,55.02999877929688,0.0,0.0
2024-06-10 22:03:04.392000+00:00,55.09999847412109,0.0,0.0
2024-06-10 22:04:04.796000+00:00,55.09999847412109,0.0,0.0
2024-06-10 22:05:04.034000+00:00,55.09999847412109,0.0,0.0
2024-06-10 22:06:04.720000+00:00,55.18999862670898,0.0,0.0
2024-06-10 22:07:04.267000+00:00,55.20000076293945,0.0,0.0
2024-06-10 22:08:04.472000+00:00,55.20000076293945,0.0,0.0
2024-06-10 22:09:04.570000+00:00,55.20000076293945,0.0,0.0
2024-06-10 22:10:04.571000+00:00,55.29999923706055,0.0,0.0
2024-06-10 22:11:04.303000+00:00,55.310001373291016,0.0,0.0
2024-06-10 22:12:04.588000+00:00,55.380001068115234,0.0,0.0
2024-06-10 22:13:04.862000+00:00,55.400001525878906,0.0,0.0
2024-06-10 22:14:03.855000+00:00,55.400001525878906,0.0,0.0
2024-06-10 22:15:04.777000+00:00,55.5,0.0,0.0
2024-06-10 22:16:04.185000+00:00,55.5,0.0,0.0
2024-06-10 22:17:04.388000+00:00,55.5,0.0,0.0
2024-06-10 22:18:04.516000+00:00,55.52000045776367,0.0,0.0
2024-06-10 22:19:03.959000+00:00,55.59999847412109,0.0,0.0
2024-06-10 22:20:04.379000+00:00,55.59999847412109,0.0,0.0
2024-06-10 22:21:04.321000+00:00,55.59999847412109,0.0,0.0
2024-06-10 22:22:04.240000+00:00,55.59999847412109,0.0,0.0
2024-06-10 22:23:04.488000+00:00,55.59999847412109,0.0,0.0
2024-06-10 22:24:04.901000+00:00,55.59999847412109,0.0,0.0
2024-06-10 22:25:04.116000+00:00,55.5,0.0,0.0
2024-06-10 22:26:04.459000+00:00,55.5,0.0,0.0
2024-06-10 22:27:04.213000+00:00,55.400001525878906,0.0,0.0
2024-06-10 22:28:04.653000+00:00,55.29999923706055,0.0,0.0
2024-06-10 22:29:03.805000+00:00,55.29999923706055,0.0,0.0
2024-06-10 22:30:05.044000+00:00,55.20000076293945,0.0,0.0
2024-06-10 22:31:04.093000+00:00,55.20000076293945,0.0,0.0
2024-06-10 22:32:04.678000+00:00,55.20000076293945,0.0,0.0
2024-06-10 22:33:04.526000+00:00,55.20000076293945,0.0,0.0
2024-06-10 22:34:04.347000+00:00,55.20000076293945,0.0,0.0
2024-06-10 22:35:04.700000+00:00,55.09999847412109,0.0,0.0
2024-06-10 22:36:04.632000+00:00,55.09999847412109,0.0,0.0
2024-06-10 22:37:03.872000+00:00,55.09999847412109,0.0,0.0
2024-06-10 22:38:04.109000+00:00,55.09999847412109,0.0,0.0
2024-06-10 22:39:04.278000+00:00,55.09999847412109,0.0,0.0
2024-06-10 22:40:04.685000+00:00,55.150001525878906,0.0,0.0
2024-06-10 22:41:03.874000+00:00,55.20000076293945,0.0,0.0
2024-06-10 22:42:04.729000+00:00,55.20000076293945,0.0,0.0
2024-06-10 22:43:03.705000+00:00,55.20000076293945,0.0,0.0
2024-06-10 22:44:04.530000+00:00,55.25,0.0,0.0
2024-06-10 22:45:04.177000+00:00,55.27999877929688,0.0,0.0
2024-06-10 22:46:04.155000+00:00,55.29999923706055,0.0,0.0
2024-06-10 22:47:04.580000+00:00,55.29999923706055,0.0,0.0
2024-06-10 22:48:04.242000+00:00,55.29999923706055,0.0,0.0
2024-06-10 22:49:04.498000+00:00,55.34000015258789,0.0,0.0
2024-06-10 22:50:04.526000+00:00,55.38999938964844,0.0,0.0
2024-06-10 22:51:04.410000+00:00,55.400001525878906,0.0,0.0
2024-06-10 22:52:04.875000+00:00,55.400001525878906,0.0,0.0
2024-06-10 22:53:04.235000+00:00,55.29999923706055,0.0,0.0
2024-06-10 22:54:04.749000+00:00,55.380001068115234,0.0,0.0
2024-06-10 22:55:04.970000+00:00,55.29999923706055,0.0,0.0
2024-06-10 22:56:04.746000+00:00,55.29999923706055,0.0,0.0
2024-06-10 22:57:04.550000+00:00,55.29999923706055,0.0,0.0
2024-06-10 22:58:04.497000+00:00,55.29999923706055,0.0,0.0
2024-06-10 22:59:04.541000+00:00,55.20000076293945,0.0,0.0
2024-06-10 23:00:05.752000+00:00,55.20000076293945,0.0,0.0
2024-06-11 00:00:06.294000+00:00,55.29999923706055,0.0,0.0
2024-06-11 00:01:04.311000+00:00,55.22999954223633,0.0,0.0
2024-06-11 00:02:04.250000+00:00,55.29999923706055,0.0,0.0
2024-06-11 00:03:04.335000+00:00,55.29999923706055,0.0,0.0
2024-06-11 00:04:04.284000+00:00,55.29999923706055,0.0,0.0
2024-06-11 00:05:03.964000+00:00,55.29999923706055,0.0,0.0
2024-06-11 00:06:04.657000+00:00,55.29999923706055,0.0,0.0
2024-06-11 00:07:04.395000+00:00,55.29999923706055,0.0,0.0
2024-06-11 00:08:04.152000+00:00,55.29999923706055,0.0,0.0
2024-06-11 00:09:03.808000+00:00,55.29999923706055,0.0,0.0
2024-06-11 00:10:04.348000+00:00,55.29999923706055,0.0,0.0
2024-06-11 00:11:05.081000+00:00,55.29999923706055,0.0,0.0
2024-06-11 00:12:04.580000+00:00,55.29999923706055,0.0,0.0
2024-06-11 00:13:04.870000+00:00,55.29999923706055,0.0,0.0
2024-06-11 00:14:04.424000+00:00,55.29999923706055,0.0,0.0
2024-06-11 00:15:04.367000+00:00,55.29999923706055,0.0,0.0
2024-06-11 00:16:04.589000+00:00,55.29999923706055,0.0,0.0
2024-06-11 00:17:04.310000+00:00,55.29999923706055,0.0,0.0
2024-06-11 00:18:04.766000+00:00,55.29999923706055,0.0,0.0
2024-06-11 00:19:04.312000+00:00,55.29999923706055,0.0,0.0
2024-06-11 00:20:04.926000+00:00,55.20000076293945,0.0,0.0
2024-06-11 00:21:04.347000+00:00,55.220001220703125,0.0,0.0
2024-06-11 00:22:04.298000+00:00,55.20000076293945,0.0,0.0
2024-06-11 00:23:04.464000+00:00,55.20000076293945,0.0,0.0
2024-06-11 00:24:04.435000+00:00,55.20000076293945,0.0,0.0
2024-06-11 00:25:03.937000+00:00,55.20000076293945,0.0,0.0
2024-06-11 00:26:04.470000+00:00,55.20000076293945,0.0,0.0
2024-06-11 00:27:04.330000+00:00,55.20000076293945,0.0,0.0
2024-06-11 00:28:04.558000+00:00,55.20000076293945,0.0,0.0
2024-06-11 00:29:04.694000+00:00,55.20000076293945,0.0,0.0
2024-06-11 00:30:04.330000+00:00,55.20000076293945,0.0,0.0
2024-06-11 00:31:04.302000+00:00,55.20000076293945,0.0,0.0
2024-06-11 00:32:04.522000+00:00,55.20000076293945,0.0,0.0
2024-06-11 00:33:04.527000+00:00,55.20000076293945,0.0,0.0
2024-06-11 00:34:03.729000+00:00,55.20000076293945,0.0,0.0
2024-06-11 00:35:04.422000+00:00,55.27000045776367,0.0,0.0
2024-06-11 00:36:04.057000+00:00,55.20000076293945,0.0,0.0
2024-06-11 00:37:04.299000+00:00,55.20000076293945,0.0,0.0
2024-06-11 00:38:04.188000+00:00,55.20000076293945,0.0,0.0
2024-06-11 00:39:04.978000+00:00,55.29999923706055,0.0,0.0
2024-06-11 00:40:04.236000+00:00,55.20000076293945,0.0,0.0
2024-06-11 00:41:04.680000+00:00,55.20000076293945,0.0,0.0
2024-06-11 00:42:04.802000+00:00,55.20000076293945,0.0,0.0
2024-06-11 00:43:04.590000+00:00,55.20000076293945,0.0,0.0
2024-06-11 00:44:04.292000+00:00,55.220001220703125,0.0,0.0
2024-06-11 00:45:04.788000+00:00,55.209999084472656,0.0,0.0
2024-06-11 00:46:03.869000+00:00,55.20000076293945,0.0,0.0
2024-06-11 00:47:04.416000+00:00,55.209999084472656,0.0,0.0
2024-06-11 00:48:04.656000+00:00,55.29999923706055,0.0,0.0
2024-06-11 00:49:04.466000+00:00,55.29999923706055,0.0,0.0
2024-06-11 00:50:04.660000+00:00,55.29999923706055,0.0,0.0
2024-06-11 00:51:03.794000+00:00,55.29999923706055,0.0,0.0
2024-06-11 00:52:04.933000+00:00,55.29999923706055,0.0,0.0
2024-06-11 00:53:04.449000+00:00,55.29999923706055,0.0,0.0
2024-06-11 00:54:04.422000+00:00,55.29999923706055,0.0,0.0
2024-06-11 00:55:04.434000+00:00,55.29999923706055,0.0,0.0
2024-06-11 00:56:04.863000+00:00,55.29999923706055,0.0,0.0
2024-06-11 00:57:04.521000+00:00,55.29999923706055,0.0,0.0
2024-06-11 00:58:04.163000+00:00,55.29999923706055,0.0,0.0
2024-06-11 00:59:04.154000+00:00,55.20000076293945,0.0,0.0
2024-06-11 01:00:05.925000+00:00,55.29999923706055,0.0,0.0
2024-06-11 01:01:04.448000+00:00,55.29999923706055,0.0,0.0
2024-06-11 01:02:03.876000+00:00,55.29999923706055,0.0,0.0
2024-06-11 01:03:04.090000+00:00,55.29999923706055,0.0,0.0
2024-06-11 01:04:04.203000+00:00,55.29999923706055,0.0,0.0
2024-06-11 01:05:04.508000+00:00,55.29999923706055,0.0,0.0
2024-06-11 01:06:04.964000+00:00,55.29999923706055,0.0,0.0
2024-06-11 01:07:04.414000+00:00,55.29999923706055,0.0,0.0
2024-06-11 01:08:04.298000+00:00,55.29999923706055,0.0,0.0
2024-06-11 01:09:04.086000+00:00,55.209999084472656,0.0,0.0
2024-06-11 01:10:05.157000+00:00,55.20000076293945,0.0,0.0
2024-06-11 01:11:04.703000+00:00,55.20000076293945,0.0,0.0
2024-06-11 01:12:04.169000+00:00,55.20000076293945,0.0,0.0
2024-06-11 01:13:04.944000+00:00,55.20000076293945,0.0,0.0
2024-06-11 01:14:04.509000+00:00,55.13999938964844,0.0,0.0
2024-06-11 01:15:04.733000+00:00,55.13999938964844,0.0,0.0
2024-06-11 01:16:04.161000+00:00,55.20000076293945,0.0,0.0
2024-06-11 01:17:03.999000+00:00,55.20000076293945,0.0,0.0
2024-06-11 01:18:04.728000+00:00,55.20000076293945,0.0,0.0
2024-06-11 01:19:04.458000+00:00,55.20000076293945,0.0,0.0
2024-06-11 01:20:04.703000+00:00,55.20000076293945,0.0,0.0
2024-06-11 01:21:04.703000+00:00,55.20000076293945,0.0,0.0
2024-06-11 01:22:04.497000+00:00,55.20000076293945,0.0,0.0
2024-06-11 01:23:04.632000+00:00,55.20000076293945,0.0,0.0
2024-06-11 01:24:04.840000+00:00,55.20000076293945,0.0,0.0
2024-06-11 01:25:04.824000+00:00,55.20000076293945,0.0,0.0
2024-06-11 01:26:04.677000+00:00,55.20000076293945,0.0,0.0
2024-06-11 01:27:04.022000+00:00,55.20000076293945,0.0,0.0
2024-06-11 01:28:04.616000+00:00,55.20000076293945,0.0,0.0
2024-06-11 01:29:04.615000+00:00,55.15999984741211,0.0,0.0
2024-06-11 01:30:05.314000+00:00,55.119998931884766,0.0,0.0
2024-06-11 01:31:04.262000+00:00,55.20000076293945,0.0,0.0
2024-06-11 01:32:04.001000+00:00,55.20000076293945,0.0,0.0
2024-06-11 01:33:03.918000+00:00,55.20000076293945,0.0,0.0
2024-06-11 01:34:04.039000+00:00,55.20000076293945,0.0,0.0
2024-06-11 01:35:04.229000+00:00,55.20000076293945,0.0,0.0
2024-06-11 01:36:04.574000+00:00,55.20000076293945,0.0,0.0
2024-06-11 01:37:04.641000+00:00,55.20000076293945,0.0,0.0
2024-06-11 01:38:04.789000+00:00,55.20000076293945,0.0,0.0
2024-06-11 01:39:04.447000+00:00,55.20000076293945,0.0,0.0
2024-06-11 01:40:04.324000+00:00,55.29999923706055,0.0,0.0
2024-06-11 01:41:03.820000+00:00,55.29999923706055,0.0,0.0
2024-06-11 01:42:04.343000+00:00,55.400001525878906,0.0,0.0
2024-06-11 01:43:03.998000+00:00,55.400001525878906,0.0,0.0
2024-06-11 01:44:03.725000+00:00,55.470001220703125,0.0,0.0
2024-06-11 01:45:04.334000+00:00,55.400001525878906,0.0,0.0
2024-06-11 01:46:04.261000+00:00,55.400001525878906,0.0,0.0
2024-06-11 01:47:04.005000+00:00,55.43999862670898,0.0,0.0
2024-06-11 01:48:04.386000+00:00,55.5,0.0,0.0
2024-06-11 01:49:04.093000+00:00,55.400001525878906,0.0,0.0
2024-06-11 01:50:04.419000+00:00,55.400001525878906,0.0,0.0
2024-06-11 01:51:04.436000+00:00,55.400001525878906,0.0,0.0
2024-06-11 01:52:04.444000+00:00,55.400001525878906,0.0,0.0
2024-06-11 01:53:04.301000+00:00,55.38999938964844,0.0,0.0
2024-06-11 01:54:04.235000+00:00,55.29999923706055,0.0,0.0
2024-06-11 01:55:04.885000+00:00,55.310001373291016,0.0,0.0
2024-06-11 01:56:04.249000+00:00,55.29999923706055,0.0,0.0
2024-06-11 01:57:04.021000+00:00,55.29999923706055,0.0,0.0
2024-06-11 01:58:03.992000+00:00,55.29999923706055,0.0,0.0
2024-06-11 01:59:03.758000+00:00,55.29999923706055,0.0,0.0
2024-06-11 02:00:05.226000+00:00,55.29999923706055,0.0,0.0
2024-06-11 02:01:04.317000+00:00,55.33000183105469,0.0,0.0
2024-06-11 02:02:04.751000+00:00,56.18999862670898,0.0,0.0
2024-06-11 02:03:04.921000+00:00,57.0,0.0,0.0
2024-06-11 02:04:04.728000+00:00,57.70000076293945,0.0,0.0
2024-06-11 02:05:04.500000+00:00,58.09999847412109,0.0,0.0
2024-06-11 02:06:05.109000+00:00,58.29999923706055,0.0,0.0
2024-06-11 02:07:04.339000+00:00,58.400001525878906,0.0,0.0
2024-06-11 02:08:03.984000+00:00,58.5,0.0,0.0
2024-06-11 02:09:03.427000+00:00,58.5,0.0,0.0
2024-06-11 02:10:04.846000+00:00,58.5,0.0,0.0
2024-06-11 02:11:04.582000+00:00,58.5,0.0,0.0
2024-06-11 02:12:04.591000+00:00,58.400001525878906,0.0,0.0
2024-06-11 02:13:04.289000+00:00,58.38999938964844,0.0,0.0
2024-06-11 02:14:04.425000+00:00,58.29999923706055,0.0,0.0
2024-06-11 02:15:04.731000+00:00,58.20000076293945,0.0,0.0
2024-06-11 02:16:04.841000+00:00,58.11000061035156,0.0,0.0
2024-06-11 02:17:04.669000+00:00,58.09999847412109,0.0,0.0
2024-06-11 02:18:04.903000+00:00,58.0,0.0,0.0
2024-06-11 02:19:03.850000+00:00,58.0,0.0,0.0
2024-06-11 02:20:03.999000+00:00,58.0,0.0,0.0
2024-06-11 02:21:04.235000+00:00,57.900001525878906,0.0,0.0
2024-06-11 02:22:04.117000+00:00,57.970001220703125,0.0,0.0
2024-06-11 02:23:04.347000+00:00,57.900001525878906,0.0,0.0
2024-06-11 02:24:04.227000+00:00,57.900001525878906,0.0,0.0
2024-06-11 02:25:04.482000+00:00,57.900001525878906,0.0,0.0
2024-06-11 02:26:04.554000+00:00,57.900001525878906,0.0,0.0
2024-06-11 02:27:04.793000+00:00,57.900001525878906,0.0,0.0
2024-06-11 02:28:04.395000+00:00,57.900001525878906,0.0,0.0
2024-06-11 02:29:04.737000+00:00,57.900001525878906,0.0,0.0
2024-06-11 02:30:05.072000+00:00,57.900001525878906,0.0,0.0
2024-06-11 02:31:04.567000+00:00,57.900001525878906,0.0,0.0
2024-06-11 02:32:03.675000+00:00,58.0,0.0,0.0
2024-06-11 02:33:04.084000+00:00,58.09999847412109,0.0,0.0
2024-06-11 02:34:04.632000+00:00,58.20000076293945,0.0,0.0
2024-06-11 02:35:04.109000+00:00,58.20000076293945,0.0,0.0
2024-06-11 02:36:04.604000+00:00,58.20000076293945,0.0,0.0
2024-06-11 02:37:04.251000+00:00,58.20000076293945,0.0,0.0
2024-06-11 02:38:04.459000+00:00,58.20000076293945,0.0,0.0
2024-06-11 02:39:04.687000+00:00,58.29999923706055,0.0,0.0
2024-06-11 02:40:05.154000+00:00,58.29999923706055,0.0,0.0
2024-06-11 02:41:04.260000+00:00,58.29999923706055,0.0,0.0
2024-06-11 02:42:04.895000+00:00,58.29999923706055,0.0,0.0
2024-06-11 02:43:04.133000+00:00,58.29999923706055,0.0,0.0
2024-06-11 02:44:04.577000+00:00,58.29999923706055,0.0,0.0
2024-06-11 02:45:04.865000+00:00,58.29999923706055,0.0,0.0
2024-06-11 02:46:04.529000+00:00,58.29999923706055,0.0,0.0
2024-06-11 02:47:04.082000+00:00,58.29999923706055,0.0,0.0
2024-06-11 02:48:03.896000+00:00,58.22999954223633,0.0,0.0
2024-06-11 02:49:03.848000+00:00,58.29999923706055,0.0,0.0
2024-06-11 02:50:04.387000+00:00,58.29999923706055,0.0,0.0
2024-06-11 02:51:04.331000+00:00,58.20000076293945,0.0,0.0
2024-06-11 02:52:04.684000+00:00,58.09999847412109,0.0,0.0
2024-06-11 02:53:04.078000+00:00,58.09999847412109,0.0,0.0
2024-06-11 02:54:04.317000+00:00,58.0,0.0,0.0
2024-06-11 02:55:04.757000+00:00,58.0,0.0,0.0
2024-06-11 02:56:04.155000+00:00,57.97999954223633,0.0,0.0
2024-06-11 02:57:04.220000+00:00,57.900001525878906,0.0,0.0
2024-06-11 02:58:04.555000+00:00,57.900001525878906,0.0,0.0
2024-06-11 02:59:03.735000+00:00,57.900001525878906,0.0,0.0
2024-06-11 03:00:05.302000+00:00,57.900001525878906,0.0,0.0
2024-06-11 03:01:05.381000+00:00,57.900001525878906,0.0,0.0
2024-06-11 03:02:04.160000+00:00,57.900001525878906,0.0,0.0
2024-06-11 03:03:04.326000+00:00,57.900001525878906,0.0,0.0
2024-06-11 03:04:04.487000+00:00,57.900001525878906,0.0,0.0
2024-06-11 03:05:03.868000+00:00,57.900001525878906,0.0,0.0
2024-06-11 03:06:04.922000+00:00,57.900001525878906,0.0,0.0
2024-06-11 03:07:03.737000+00:00,58.0,0.0,0.0
2024-06-11 03:08:03.823000+00:00,58.09999847412109,0.0,0.0
2024-06-11 03:09:04.457000+00:00,58.20000076293945,0.0,0.0
2024-06-11 03:10:04.670000+00:00,58.20000076293945,0.0,0.0
2024-06-11 03:11:04.331000+00:00,58.20000076293945,0.0,0.0
2024-06-11 03:12:04.565000+00:00,58.20000076293945,0.0,0.0
2024-06-11 03:13:04.343000+00:00,58.290000915527344,0.0,0.0
2024-06-11 03:14:04.235000+00:00,58.29999923706055,0.0,0.0
2024-06-11 03:15:04.956000+00:00,58.29999923706055,0.0,0.0
2024-06-11 03:16:04.146000+00:00,58.29999923706055,0.0,0.0
2024-06-11 03:17:04.433000+00:00,58.29999923706055,0.0,0.0
2024-06-11 03:18:04.363000+00:00,58.29999923706055,0.0,0.0
2024-06-11 03:19:04.980000+00:00,58.29999923706055,0.0,0.0
2024-06-11 03:20:04.367000+00:00,58.29999923706055,0.0,0.0
2024-06-11 03:21:04.100000+00:00,58.29999923706055,0.0,0.0
2024-06-11 03:22:04.498000+00:00,58.29999923706055,0.0,0.0
2024-06-11 03:23:04.419000+00:00,58.29999923706055,0.0,0.0
2024-06-11 03:24:04.075000+00:00,58.29999923706055,0.0,0.0
2024-06-11 03:25:04.217000+00:00,58.29999923706055,0.0,0.0
2024-06-11 03:26:03.986000+00:00,58.29999923706055,0.0,0.0
2024-06-11 03:27:04.696000+00:00,58.2400016784668,0.0,0.0
2024-06-11 03:28:04.510000+00:00,58.20000076293945,0.0,0.0
2024-06-11 03:29:04.112000+00:00,58.16999816894531,0.0,0.0
2024-06-11 03:30:04.808000+00:00,58.09999847412109,0.0,0.0
2024-06-11 03:31:04.512000+00:00,58.09999847412109,0.0,0.0
2024-06-11 03:32:04.611000+00:00,58.09999847412109,0.0,0.0
2024-06-11 03:33:04.558000+00:00,58.09000015258789,0.0,0.0
2024-06-11 03:34:04.561000+00:00,58.0,0.0,0.0
2024-06-11 03:35:04.426000+00:00,58.0,0.0,0.0
2024-06-11 03:36:04.663000+00:00,58.0,0.0,0.0
2024-06-11 03:37:04.416000+00:00,58.0,0.0,0.0
2024-06-11 03:38:04.382000+00:00,57.959999084472656,0.0,0.0
2024-06-11 03:39:04.604000+00:00,57.900001525878906,0.0,0.0
2024-06-11 03:40:04.113000+00:00,57.900001525878906,0.0,0.0
2024-06-11 03:41:04.594000+00:00,57.900001525878906,0.0,0.0
2024-06-11 03:42:04.430000+00:00,57.900001525878906,0.0,0.0
2024-06-11 03:43:04.365000+00:00,58.0,0.0,0.0
2024-06-11 03:44:04.085000+00:00,57.900001525878906,0.0,0.0
2024-06-11 03:45:04.542000+00:00,58.0,0.0,0.0
2024-06-11 03:46:03.802000+00:00,58.0,0.0,0.0
2024-06-11 03:47:04.969000+00:00,58.0,0.0,0.0
2024-06-11 03:48:04.186000+00:00,58.0099983215332,0.0,0.0
2024-06-11 03:49:04.245000+00:00,58.0,0.0,0.0
2024-06-11 03:50:04.251000+00:00,58.09999847412109,0.0,0.0
2024-06-11 03:51:04.455000+00:00,58.09999847412109,0.0,0.0
2024-06-11 03:52:04.383000+00:00,58.09999847412109,0.0,0.0
2024-06-11 03:53:04.740000+00:00,58.09999847412109,0.0,0.0
2024-06-11 03:54:04.761000+00:00,58.09999847412109,0.0,0.0
2024-06-11 03:55:04.568000+00:00,58.09999847412109,0.0,0.0
2024-06-11 03:56:04.218000+00:00,58.09999847412109,0.0,0.0
2024-06-11 03:57:04.309000+00:00,58.09999847412109,0.0,0.0
2024-06-11 03:58:04.004000+00:00,58.09999847412109,0.0,0.0
2024-06-11 03:59:04.533000+00:00,58.20000076293945,0.0,0.0
2024-06-11 04:00:05.734000+00:00,58.09999847412109,0.0,0.0
2024-06-11 04:01:04.871000+00:00,58.20000076293945,0.0,0.0
2024-06-11 04:02:03.676000+00:00,58.20000076293945,0.0,0.0
2024-06-11 04:03:04.649000+00:00,58.20000076293945,0.0,0.0
2024-06-11 04:04:04.984000+00:00,58.20000076293945,0.0,0.0
2024-06-11 04:05:03.985000+00:00,58.20000076293945,0.0,0.0
2024-06-11 04:06:04.485000+00:00,58.20000076293945,0.0,0.0
2024-06-11 04:07:04.069000+00:00,58.20000076293945,0.0,0.0
2024-06-11 04:08:03.804000+00:00,58.20000076293945,0.0,0.0
2024-06-11 04:09:04.215000+00:00,58.20000076293945,0.0,0.0
2024-06-11 04:10:04.963000+00:00,58.20000076293945,0.0,0.0
2024-06-11 04:11:03.729000+00:00,58.20000076293945,0.0,0.0
2024-06-11 04:12:04.452000+00:00,58.20000076293945,0.0,0.0
2024-06-11 04:13:04.540000+00:00,58.20000076293945,0.0,0.0
2024-06-11 04:14:04.596000+00:00,58.20000076293945,0.0,0.0
2024-06-11 04:15:04.141000+00:00,58.20000076293945,0.0,0.0
2024-06-11 04:16:04.201000+00:00,58.20000076293945,0.0,0.0
2024-06-11 04:17:04.630000+00:00,58.20000076293945,0.0,0.0
2024-06-11 04:18:04.620000+00:00,58.20000076293945,0.0,0.0
2024-06-11 04:19:04.397000+00:00,58.20000076293945,0.0,0.0
2024-06-11 04:20:04.208000+00:00,58.15999984741211,0.0,0.0
2024-06-11 04:21:04.185000+00:00,58.09999847412109,0.0,0.0
2024-06-11 04:22:04.065000+00:00,58.09999847412109,0.0,0.0
2024-06-11 04:23:04.354000+00:00,58.09999847412109,0.0,0.0
2024-06-11 04:24:03.953000+00:00,58.09999847412109,0.0,0.0
2024-06-11 04:25:04.450000+00:00,58.09999847412109,0.0,0.0
2024-06-11 04:26:04.765000+00:00,58.09999847412109,0.0,0.0
2024-06-11 04:27:04.185000+00:00,58.0,0.0,0.0
2024-06-11 04:28:04.463000+00:00,57.56999969482422,0.0,0.0
2024-06-11 04:29:04.662000+00:00,57.65999984741211,0.0,0.0
2024-06-11 04:30:04.968000+00:00,57.70000076293945,0.0,0.0
2024-06-11 04:31:03.876000+00:00,56.20000076293945,0.0,0.0
2024-06-11 04:32:04.183000+00:00,56.68999862670898,0.0,0.0
2024-06-11 04:33:04.239000+00:00,57.20000076293945,0.0,0.0
2024-06-11 04:34:04.653000+00:00,57.70000076293945,0.0,0.0
2024-06-11 04:35:04.683000+00:00,58.040000915527344,0.0,0.0
2024-06-11 04:36:04.645000+00:00,58.29999923706055,0.0,0.0
2024-06-11 04:37:04.237000+00:00,58.5,0.0,0.0
2024-06-11 04:38:04.487000+00:00,58.70000076293945,0.0,0.0
2024-06-11 04:39:04.162000+00:00,58.79999923706055,0.0,0.0
2024-06-11 04:40:05.132000+00:00,58.79999923706055,0.0,0.0
2024-06-11 04:41:04.386000+00:00,58.88999938964844,0.0,0.0
2024-06-11 04:42:04.444000+00:00,58.79999923706055,0.0,0.0
2024-06-11 04:43:03.736000+00:00,58.79999923706055,0.0,0.0
2024-06-11 04:44:04.256000+00:00,58.59999847412109,0.0,0.0
2024-06-11 04:45:04.353000+00:00,58.59000015258789,0.0,0.0
2024-06-11 04:46:04.635000+00:00,58.41999816894531,0.0,0.0
2024-06-11 04:47:05.273000+00:00,58.34000015258789,0.0,0.0
2024-06-11 04:48:04.813000+00:00,58.29999923706055,0.0,0.0
2024-06-11 04:49:04.303000+00:00,58.20000076293945,0.0,0.0
2024-06-11 04:50:04.096000+00:00,58.09999847412109,0.0,0.0
2024-06-11 04:51:04.032000+00:00,58.0,0.0,0.0
2024-06-11 04:52:04.257000+00:00,57.900001525878906,0.0,0.0
2024-06-11 04:53:03.987000+00:00,57.79999923706055,0.0,0.0
2024-06-11 04:54:04.455000+00:00,57.70000076293945,0.0,0.0
2024-06-11 04:55:04.265000+00:00,57.70000076293945,0.0,0.0
2024-06-11 04:56:04.176000+00:00,57.70000076293945,0.0,0.0
2024-06-11 04:57:04.588000+00:00,57.63999938964844,0.0,0.0
2024-06-11 04:58:04.293000+00:00,57.59999847412109,0.0,0.0
2024-06-11 04:59:04.548000+00:00,57.59999847412109,0.0,0.0
2024-06-11 05:00:05.643000+00:00,57.619998931884766,0.0,0.0
2024-06-11 05:01:04.464000+00:00,57.70000076293945,0.0,0.0
2024-06-11 05:02:04.376000+00:00,57.790000915527344,0.0,0.0
2024-06-11 05:03:03.958000+00:00,53.310001373291016,0.0,0.0
2024-06-11 05:04:04.548000+00:00,53.84000015258789,0.0,0.0
2024-06-11 05:05:04.278000+00:00,55.88999938964844,0.0,0.0
2024-06-11 05:06:04.835000+00:00,57.43999862670898,0.0,0.0
2024-06-11 05:07:04.056000+00:00,58.38999938964844,0.0,0.0
2024-06-11 05:08:04.364000+00:00,58.900001525878906,0.0,0.0
2024-06-11 05:09:03.910000+00:00,59.09999847412109,0.0,0.0
2024-06-11 05:10:04.864000+00:00,59.20000076293945,0.0,0.0
2024-06-11 05:11:04.264000+00:00,59.209999084472656,0.0,0.0
2024-06-11 05:12:04.538000+00:00,59.29999923706055,0.0,0.0
2024-06-11 05:13:04.855000+00:00,59.16999816894531,0.0,0.0
2024-06-11 05:14:04.063000+00:00,59.0,0.0,0.0
2024-06-11 05:15:05.013000+00:00,58.959999084472656,0.0,0.0
2024-06-11 05:16:03.843000+00:00,58.79999923706055,0.0,0.0
2024-06-11 05:17:04.701000+00:00,58.70000076293945,0.0,0.0
2024-06-11 05:18:04.423000+00:00,58.5,0.0,0.0
2024-06-11 05:19:04.738000+00:00,58.400001525878906,0.0,0.0
2024-06-11 05:20:04.595000+00:00,58.29999923706055,0.0,0.0
2024-06-11 05:21:04.246000+00:00,58.09999847412109,0.0,0.0
2024-06-11 05:22:03.829000+00:00,58.0,0.0,0.0
2024-06-11 05:23:04.094000+00:00,57.900001525878906,0.0,0.0
2024-06-11 05:24:04.443000+00:00,57.79999923706055,0.0,0.0
2024-06-11 05:25:04.247000+00:00,57.70000076293945,0.0,0.0
2024-06-11 05:26:04.528000+00:00,57.59999847412109,0.0,0.0
2024-06-11 05:27:04.015000+00:00,57.59999847412109,0.0,0.0
2024-06-11 05:28:04.292000+00:00,57.5,0.0,0.0
2024-06-11 05:29:04.097000+00:00,57.5,0.0,0.0
2024-06-11 05:30:04.944000+00:00,57.5,0.0,0.0
2024-06-11 05:31:05.064000+00:00,57.59999847412109,0.0,0.0
2024-06-11 05:32:04.741000+00:00,57.70000076293945,0.0,0.0
2024-06-11 05:33:04.297000+00:00,57.70000076293945,0.0,0.0
2024-06-11 05:34:04.385000+00:00,57.88999938964844,0.0,0.0
2024-06-11 05:35:04.607000+00:00,57.900001525878906,0.0,0.0
2024-06-11 05:36:04.226000+00:00,58.0,0.0,0.0
2024-06-11 05:37:04.455000+00:00,58.09999847412109,0.0,0.0
2024-06-11 05:38:04.479000+00:00,58.20000076293945,0.0,0.0
2024-06-11 05:39:04.857000+00:00,58.20000076293945,0.0,0.0
2024-06-11 05:40:05.264000+00:00,58.29999923706055,0.0,0.0
2024-06-11 05:41:04.137000+00:00,58.29999923706055,0.0,0.0
2024-06-11 05:42:04.323000+00:00,58.29999923706055,0.0,0.0
2024-06-11 05:43:04.436000+00:00,56.560001373291016,0.0,0.0
2024-06-11 05:44:04.432000+00:00,57.09000015258789,8.510000228881836,2033709.1375335099
2024-06-11 05:45:04.184000+00:00,57.5,8.510000228881836,2048314.5050907135
2024-06-11 05:46:03.773000+00:00,57.900001525878906,8.510000228881836,2062563.7038301253
2024-06-11 05:47:04.536000+00:00,58.20000076293945,8.510000228881836,2073250.534939469
2024-06-11 05:48:04.200000+00:00,58.54999923706055,8.510000228881836,2085718.4819186318
2024-06-11 05:49:03.898000+00:00,58.70000076293945,8.510000228881836,2091061.9654185188
2024-06-11 05:50:04.174000+00:00,58.79999923706055,8.510000228881836,2094624.1971581567
2024-06-11 05:51:04.106000+00:00,58.900001525878906,8.510000228881836,2098186.5647882246
2024-06-11 05:52:04.626000+00:00,58.900001525878906,8.510000228881836,2098186.5647882246
2024-06-11 05:53:03.860000+00:00,58.79999923706055,8.510000228881836,2094624.1971581567
2024-06-11 05:54:04.428000+00:00,58.79999923706055,8.510000228881836,2094624.1971581567
2024-06-11 05:55:04.842000+00:00,58.59999847412109,8.510000228881836,2087499.5977884505
2024-06-11 05:56:04.899000+00:00,58.5,8.510000228881836,2083937.3660488129
2024-06-11 05:57:04.215000+00:00,58.400001525878906,8.510000228881836,2080375.134309175
2024-06-11 05:58:03.978000+00:00,58.29999923706055,8.510000228881836,2076812.766679107
2024-06-11 05:59:04.270000+00:00,58.20000076293945,8.510000228881836,2073250.534939469
2024-06-11 06:00:05.758000+00:00,58.09999847412109,8.510000228881836,2069688.1673094009
2024-06-11 06:01:04.612000+00:00,58.0,8.510000228881836,2066125.9355697632
2024-06-11 06:02:04.930000+00:00,57.900001525878906,8.510000228881836,2062563.7038301253
2024-06-11 06:03:04.244000+00:00,57.880001068115234,8.510000228881836,2061851.2303041117
2024-06-11 06:04:04.489000+00:00,57.709999084472656,8.510000228881836,2055795.273278211
2024-06-11 06:05:04.468000+00:00,57.70000076293945,8.510000228881836,2055439.1044604194
2024-06-11 06:06:05.302000+00:00,57.70000076293945,8.510000228881836,2055439.1044604194
2024-06-11 06:07:04.083000+00:00,57.70000076293945,8.510000228881836,2055439.1044604194
2024-06-11 06:08:04.567000+00:00,57.59999847412109,8.510000228881836,2051876.7368303512
2024-06-11 06:09:03.834000+00:00,57.70000076293945,8.510000228881836,2055439.1044604194
2024-06-11 06:10:04.671000+00:00,57.70000076293945,8.510000228881836,2055439.1044604194
2024-06-11 06:11:04.696000+00:00,57.70000076293945,8.510000228881836,2055439.1044604194
2024-06-11 06:12:04.690000+00:00,57.79999923706055,8.510000228881836,2059001.3362000573
2024-06-11 06:13:04.677000+00:00,57.79999923706055,8.510000228881836,2059001.3362000573
2024-06-11 06:14:04.485000+00:00,57.900001525878906,8.510000228881836,2062563.7038301253
2024-06-11 06:15:04.809000+00:00,57.900001525878906,8.510000228881836,2062563.7038301253
2024-06-11 06:16:03.691000+00:00,57.9900016784668,8.510000228881836,2065769.7667519716
2024-06-11 06:17:04.643000+00:00,57.9900016784668,8.510000228881836,2065769.7667519716
2024-06-11 06:18:04.167000+00:00,57.52999877929688,8.510000228881836,2049383.1474345191
2024-06-11 06:19:04.095000+00:00,57.5,8.510000228881836,2048314.5050907135
2024-06-11 06:20:04.154000+00:00,57.59999847412109,8.510000228881836,2051876.7368303512
2024-06-11 06:21:04.141000+00:00,57.79999923706055,8.510000228881836,2059001.3362000573
2024-06-11 06:22:04.429000+00:00,57.9900016784668,8.510000228881836,2065769.7667519716
2024-06-11 06:23:04.535000+00:00,58.09999847412109,8.510000228881836,2069688.1673094009
2024-06-11 06:24:04.604000+00:00,58.20000076293945,8.510000228881836,2073250.534939469
2024-06-11 06:25:04.378000+00:00,58.29999923706055,8.510000228881836,2076812.766679107
2024-06-11 06:26:05.037000+00:00,58.400001525878906,8.510000228881836,2080375.134309175
2024-06-11 06:27:04.011000+00:00,58.5,8.510000228881836,2083937.3660488129
2024-06-11 06:28:04.612000+00:00,58.5,8.510000228881836,2083937.3660488129
2024-06-11 06:29:04.321000+00:00,58.5,8.510000228881836,2083937.3660488129
2024-06-11 06:30:04.609000+00:00,58.400001525878906,8.510000228881836,2080375.134309175
2024-06-11 06:31:04.160000+00:00,58.29999923706055,8.510000228881836,2076812.766679107
2024-06-11 06:32:04.310000+00:00,57.900001525878906,8.510000228881836,2062563.7038301253
2024-06-11 06:33:04.329000+00:00,57.61000061035156,8.510000228881836,2052233.0415385733
2024-06-11 06:34:04.637000+00:00,57.5,8.510000228881836,2048314.5050907135
2024-06-11 06:35:04.119000+00:00,57.400001525878906,8.510000228881836,2044752.2733510756
2024-06-11 06:36:04.031000+00:00,57.400001525878906,8.510000228881836,2044752.2733510756
2024-06-11 06:37:03.852000+00:00,57.29999923706055,8.510000228881836,2041189.9057210076
2024-06-11 06:38:03.806000+00:00,57.29999923706055,8.510000228881836,2041189.9057210076
2024-06-11 06:39:05.104000+00:00,57.29999923706055,8.510000228881836,2041189.9057210076
2024-06-11 06:40:04.283000+00:00,57.310001373291016,8.510000228881836,2041546.2104292295
2024-06-11 06:41:04.060000+00:00,57.400001525878906,8.510000228881836,2044752.2733510756
2024-06-11 06:42:04.323000+00:00,57.47999954223633,8.510000228881836,2047602.0315647
2024-06-11 06:43:04.546000+00:00,57.5,8.510000228881836,2048314.5050907135
2024-06-11 06:44:04.613000+00:00,57.70000076293945,8.510000228881836,2055439.1044604194
2024-06-11 06:45:04.787000+00:00,57.79999923706055,8.510000228881836,2059001.3362000573
2024-06-11 06:46:04.425000+00:00,57.900001525878906,8.510000228881836,2062563.7038301253
2024-06-11 06:47:04.130000+00:00,58.09999847412109,8.510000228881836,2069688.1673094009
2024-06-11 06:48:04.276000+00:00,58.09999847412109,8.510000228881836,2069688.1673094009
2024-06-11 06:49:04.184000+00:00,58.20000076293945,8.510000228881836,2073250.534939469
2024-06-11 06:50:04.543000+00:00,58.29999923706055,8.510000228881836,2076812.766679107
2024-06-11 06:51:03.970000+00:00,58.29999923706055,8.510000228881836,2076812.766679107
2024-06-11 06:52:03.940000+00:00,58.400001525878906,8.510000228881836,2080375.134309175
2024-06-11 06:53:03.979000+00:00,58.29999923706055,8.510000228881836,2076812.766679107
2024-06-11 06:54:04.363000+00:00,58.29999923706055,8.510000228881836,2076812.766679107
2024-06-11 06:55:04.571000+00:00,58.29999923706055,8.510000228881836,2076812.766679107
2024-06-11 06:56:04.658000+00:00,58.29999923706055,8.510000228881836,2076812.766679107
2024-06-11 06:57:03.960000+00:00,58.29999923706055,8.510000228881836,2076812.766679107
2024-06-11 06:58:04.661000+00:00,58.29999923706055,8.510000228881836,2076812.766679107
2024-06-11 06:59:04.399000+00:00,58.29999923706055,8.510000228881836,2076812.766679107
2024-06-11 07:00:05.538000+00:00,58.29999923706055,8.510000228881836,2076812.766679107
2024-06-11 07:01:04.627000+00:00,58.209999084472656,8.510000228881836,2073606.7037572607
2024-06-11 07:02:04.808000+00:00,58.20000076293945,8.510000228881836,2073250.534939469
2024-06-11 07:03:04.460000+00:00,58.20000076293945,8.510000228881836,2073250.534939469
2024-06-11 07:04:04.465000+00:00,58.20000076293945,8.510000228881836,2073250.534939469
2024-06-11 07:05:04.935000+00:00,58.20000076293945,8.510000228881836,2073250.534939469
2024-06-11 07:06:05.511000+00:00,58.20000076293945,8.510000228881836,2073250.534939469
2024-06-11 07:07:04.112000+00:00,58.20000076293945,8.510000228881836,2073250.534939469
2024-06-11 07:08:04.331000+00:00,58.11000061035156,8.510000228881836,2070044.472017623
2024-06-11 07:09:03.832000+00:00,58.16999816894531,8.510000228881836,2072181.7567052336
2024-06-11 07:10:04.205000+00:00,58.11000061035156,8.510000228881836,2070044.472017623
2024-06-11 07:11:04.056000+00:00,58.119998931884766,8.510000228881836,2070400.6408354146
2024-06-11 07:12:04.592000+00:00,58.09999847412109,8.510000228881836,2069688.1673094009
2024-06-11 07:13:05.313000+00:00,58.09999847412109,8.510000228881836,2069688.1673094009
2024-06-11 07:14:04.582000+00:00,58.09999847412109,8.510000228881836,2069688.1673094009
2024-06-11 07:15:04.661000+00:00,58.09999847412109,8.510000228881836,2069688.1673094009
2024-06-11 07:16:04.474000+00:00,58.09999847412109,8.510000228881836,2069688.1673094009
2024-06-11 07:17:04.193000+00:00,57.720001220703125,8.510000228881836,2056151.5779864332
2024-06-11 07:18:04.004000+00:00,56.70000076293945,8.510000228881836,2019816.24350232
2024-06-11 07:19:03.829000+00:00,55.43000030517578,8.510000228881836,1974575.1937786823
2024-06-11 07:20:04.404000+00:00,56.0,8.510000228881836,1994880.2136535645
2024-06-11 07:21:04.255000+00:00,56.54999923706055,6.179999828338623,1462919.0336277643
2024-06-11 07:22:03.966000+00:00,56.79999923706055,6.179999828338623,1469386.4034481207
2024-06-11 07:23:04.505000+00:00,56.79999923706055,6.179999828338623,1469386.4034481207
2024-06-11 07:24:04.484000+00:00,57.29999923706055,6.179999828338623,1482321.1430888334
2024-06-11 07:25:04.313000+00:00,57.70000076293945,6.179999828338623,1492668.9742750963
2024-06-11 07:26:04.675000+00:00,58.20000076293945,6.179999828338623,1505603.713915809
2024-06-11 07:27:04.312000+00:00,58.5,6.179999828338623,1513364.5379633904
2024-06-11 07:28:04.643000+00:00,58.70000076293945,6.179999828338623,1518538.4535565218
2024-06-11 07:29:04.459000+00:00,58.79999923706055,6.179999828338623,1521125.3620109716
2024-06-11 07:30:04.853000+00:00,58.79999923706055,6.179999828338623,1521125.3620109716
2024-06-11 07:31:04.564000+00:00,58.79999923706055,6.179999828338623,1521125.3620109716
2024-06-11 07:32:04.248000+00:00,58.79999923706055,6.179999828338623,1521125.3620109716
2024-06-11 07:33:04.632000+00:00,58.79999923706055,6.179999828338623,1521125.3620109716
2024-06-11 07:34:04.215000+00:00,58.63999938964844,6.179999828338623,1516986.2492733127
2024-06-11 07:35:04.230000+00:00,58.59999847412109,6.179999828338623,1515951.44641784
2024-06-11 07:36:04.481000+00:00,58.400001525878906,6.179999828338623,1510777.6295089405
2024-06-11 07:37:04.542000+00:00,58.29999923706055,6.179999828338623,1508190.622370259
2024-06-11 07:38:04.526000+00:00,58.20000076293945,6.179999828338623,1505603.713915809
2024-06-11 07:39:05.162000+00:00,58.09999847412109,6.179999828338623,1503016.7067771272
2024-06-11 07:40:04.368000+00:00,58.0,6.179999828338623,1500429.7983226776
2024-06-11 07:41:04.571000+00:00,57.900001525878906,6.179999828338623,1497842.8898682278
2024-06-11 07:42:04.678000+00:00,57.900001525878906,6.179999828338623,1497842.8898682278
2024-06-11 07:43:04.706000+00:00,57.79999923706055,6.179999828338623,1495255.8827295462
2024-06-11 07:44:04.052000+00:00,57.72999954223633,6.179999828338623,1493445.027074585
2024-06-11 07:45:04.295000+00:00,57.70000076293945,6.179999828338623,1492668.9742750963
2024-06-11 07:46:04.475000+00:00,57.70000076293945,6.179999828338623,1492668.9742750963
2024-06-11 07:47:04.626000+00:00,57.630001068115234,6.179999828338623,1490858.1186201351
2024-06-11 07:48:04.616000+00:00,57.59999847412109,6.179999828338623,1490081.9671364145
2024-06-11 07:49:04.623000+00:00,57.70000076293945,6.179999828338623,1492668.9742750963
2024-06-11 07:50:04.174000+00:00,57.70000076293945,6.179999828338623,1492668.9742750963
2024-06-11 07:51:04.044000+00:00,57.70000076293945,6.179999828338623,1492668.9742750963
2024-06-11 07:52:04.445000+00:00,57.79999923706055,6.179999828338623,1495255.8827295462
2024-06-11 07:53:04.615000+00:00,57.869998931884766,6.179999828338623,1497066.7383845074
2024-06-11 07:54:04.767000+00:00,57.900001525878906,6.179999828338623,1497842.8898682278
2024-06-11 07:55:04.283000+00:00,57.900001525878906,6.179999828338623,1497842.8898682278
2024-06-11 07:56:04.362000+00:00,58.09999847412109,6.179999828338623,1503016.7067771272
2024-06-11 07:57:03.970000+00:00,58.09999847412109,6.179999828338623,1503016.7067771272
2024-06-11 07:58:04.723000+00:00,58.20000076293945,6.179999828338623,1505603.713915809
2024-06-11 07:59:04.161000+00:00,58.290000915527344,6.179999828338623,1507931.9709985068
2024-06-11 08:00:05.920000+00:00,58.29999923706055,6.179999828338623,1508190.622370259
2024-06-11 08:01:05.052000+00:00,58.29999923706055,6.179999828338623,1508190.622370259
2024-06-11 08:02:04.270000+00:00,58.400001525878906,6.179999828338623,1510777.6295089405
2024-06-11 08:03:04.549000+00:00,58.400001525878906,6.179999828338623,1510777.6295089405
2024-06-11 08:04:04.338000+00:00,58.400001525878906,6.179999828338623,1510777.6295089405
2024-06-11 08:05:05.179000+00:00,58.400001525878906,6.179999828338623,1510777.6295089405
2024-06-11 08:06:05.197000+00:00,58.400001525878906,6.179999828338623,1510777.6295089405
2024-06-11 08:07:03.934000+00:00,58.29999923706055,6.179999828338623,1508190.622370259
2024-06-11 08:08:04.332000+00:00,58.29999923706055,6.179999828338623,1508190.622370259
2024-06-11 08:09:04.231000+00:00,58.209999084472656,6.179999828338623,1505862.3652875612
2024-06-11 08:10:04.563000+00:00,58.20000076293945,6.179999828338623,1505603.713915809
2024-06-11 08:11:04.192000+00:00,58.20000076293945,6.179999828338623,1505603.713915809
2024-06-11 08:12:04.336000+00:00,58.18999862670898,6.179999828338623,1505344.9638598247
2024-06-11 08:13:04.528000+00:00,58.13999938964844,6.179999828338623,1504051.5096326
2024-06-11 08:14:04.639000+00:00,58.09999847412109,6.179999828338623,1503016.7067771272
2024-06-11 08:15:04.925000+00:00,58.09999847412109,6.179999828338623,1503016.7067771272
2024-06-11 08:16:03.625000+00:00,58.09000015258789,6.179999828338623,1502758.055405375
2024-06-11 08:17:04.120000+00:00,58.0,6.179999828338623,1500429.7983226776
2024-06-11 08:18:04.347000+00:00,58.0,6.179999828338623,1500429.7983226776
2024-06-11 08:19:04.325000+00:00,57.95000076293945,6.179999828338623,1499136.3440954527
2024-06-11 08:20:04.801000+00:00,57.900001525878906,6.179999828338623,1497842.8898682278
2024-06-11 08:21:04.341000+00:00,57.900001525878906,6.179999828338623,1497842.8898682278
2024-06-11 08:22:04.191000+00:00,57.869998931884766,6.179999828338623,1497066.7383845074
2024-06-11 08:23:04.351000+00:00,53.63999938964844,6.179999828338623,1387638.8528661854
2024-06-11 08:24:04.299000+00:00,51.45000076293945,6.179999828338623,1330984.728766187
2024-06-11 08:25:04.660000+00:00,54.04999923706055,9.40999984741211,2129043.4884241032
2024-06-11 08:26:04.520000+00:00,56.09999847412109,9.40999984741211,2209793.490062318
2024-06-11 08:27:04.642000+00:00,57.5,9.40999984741211,2264939.9132728577
2024-06-11 08:28:04.246000+00:00,58.5,9.40999984741211,2304330.1726341248
2024-06-11 08:29:04.380000+00:00,59.09999847412109,9.40999984741211,2327964.268146119
2024-06-11 08:30:05.005000+00:00,59.5,125.58999633789062,31280323.617889404
2024-06-11 08:31:04.310000+00:00,59.70000076293945,125.58999633789062,31385467.963915806
2024-06-11 08:32:04.161000+00:00,59.70000076293945,125.58999633789062,31385467.963915806
2024-06-11 08:33:04+00:00,59.70000076293945,125.58999633789062,31385467.963915806
2024-06-11 08:34:04.437000+00:00,59.59999847412109,125.58999633789062,31332894.7881718
2024-06-11 08:35:04.429000+00:00,59.400001525878906,104.0999984741211,25884298.7255136
2024-06-11 08:36:04.270000+00:00,59.29999923706055,88.88999938964844,22065146.486607715
2024-06-11 08:37:04.550000+00:00,53.83000183105469,77.23999786376953,17404673.141866848
2024-06-11 08:38:03.837000+00:00,54.59999847412109,68.52999877929688,15662914.551277807
2024-06-11 08:39:05.003000+00:00,55.869998931884766,61.4900016784668,14380778.329416271
2024-06-11 08:40:04.575000+00:00,56.790000915527344,55.75,13253054.118656158
2024-06-11 08:41:04.832000+00:00,57.459999084472656,51.06999969482422,12283742.220076276
2024-06-11 08:42:04.687000+00:00,57.88999938964844,46.9900016784668,11386971.391282488
2024-06-11 08:43:04.642000+00:00,58.20000076293945,43.619998931884766,10626931.103087857
2024-06-11 08:44:04.921000+00:00,58.400001525878906,40.619998931884766,9930062.686339287
2024-06-11 08:45:04.534000+00:00,58.59999847412109,38.06999969482422,9338555.453974884
2024-06-11 08:46:04.320000+00:00,58.59999847412109,35.79999923706055,8781725.26418488
2024-06-11 08:47:04.263000+00:00,58.70000076293945,33.779998779296875,8300360.60393301
2024-06-11 08:48:04.383000+00:00,58.70000076293945,32.0,7862982.502197266
2024-06-11 08:49:03.848000+00:00,58.70000076293945,30.39999961853028,7469833.283353348
2024-06-11 08:50:04.258000+00:00,58.59999847412109,28.89999961853028,7089158.161831821
2024-06-11 08:51:04.488000+00:00,58.59999847412109,27.59000015258789,6767815.825203337
2024-06-11 08:52:03.871000+00:00,58.5,26.39999961853028,6464858.306585314
2024-06-11 08:53:04.540000+00:00,58.400001525878906,25.26000022888184,6175120.441296939
2024-06-11 08:54:04.343000+00:00,58.29999923706055,0.0,0.0
2024-06-11 08:55:04.713000+00:00,58.29999923706055,0.0,0.0
2024-06-11 08:56:04.120000+00:00,58.29999923706055,0.0,0.0
2024-06-11 08:57:04.434000+00:00,58.20000076293945,0.0,0.0
2024-06-11 08:58:04.440000+00:00,58.20000076293945,0.0,0.0
2024-06-11 08:59:04.542000+00:00,58.09999847412109,0.0,0.0
2024-06-11 09:00:06.697000+00:00,58.0,0.0,0.0
2024-06-11 09:01:04.836000+00:00,58.0,0.0,0.0
2024-06-11 09:02:04.435000+00:00,57.90999984741211,0.0,0.0
2024-06-11 09:03:04.548000+00:00,57.900001525878906,0.0,0.0
2024-06-11 09:04:04.115000+00:00,57.900001525878906,0.0,0.0
2024-06-11 09:05:04.647000+00:00,57.900001525878906,0.0,0.0
2024-06-11 09:06:05.290000+00:00,57.900001525878906,0.0,0.0
2024-06-11 09:07:04.812000+00:00,57.900001525878906,0.0,0.0
2024-06-11 09:08:04.579000+00:00,57.880001068115234,0.0,0.0
2024-06-11 09:09:04.353000+00:00,57.79999923706055,0.0,0.0
2024-06-11 09:10:04.746000+00:00,57.880001068115234,0.0,0.0
2024-06-11 09:11:04.523000+00:00,57.79999923706055,0.0,0.0
2024-06-11 09:12:04.120000+00:00,57.900001525878906,0.0,0.0
2024-06-11 09:13:04.660000+00:00,57.900001525878906,0.0,0.0
2024-06-11 09:14:04.305000+00:00,57.900001525878906,0.0,0.0
2024-06-11 09:15:04.335000+00:00,57.900001525878906,0.0,0.0
2024-06-11 09:16:04.358000+00:00,58.0,0.0,0.0
2024-06-11 09:17:04.516000+00:00,58.0,0.0,0.0
2024-06-11 09:18:04.832000+00:00,58.09999847412109,0.0,0.0
2024-06-11 09:19:04.968000+00:00,58.09999847412109,0.0,0.0
2024-06-11 09:20:04.547000+00:00,58.20000076293945,0.0,0.0
2024-06-11 09:21:04.200000+00:00,58.20000076293945,0.0,0.0
2024-06-11 09:22:03.815000+00:00,58.20000076293945,0.0,0.0
2024-06-11 09:23:04.366000+00:00,58.20000076293945,0.0,0.0
2024-06-11 09:24:04.864000+00:00,58.20000076293945,0.0,0.0
2024-06-11 09:25:04.632000+00:00,58.20000076293945,0.0,0.0
2024-06-11 09:26:04.989000+00:00,58.09999847412109,0.0,0.0
2024-06-11 09:27:04.074000+00:00,58.09999847412109,0.0,0.0
2024-06-11 09:28:04.300000+00:00,58.09999847412109,0.0,0.0
2024-06-11 09:29:04.767000+00:00,58.09999847412109,0.0,0.0
2024-06-11 09:30:04.724000+00:00,58.0,0.0,0.0
2024-06-11 09:31:04.943000+00:00,58.0,0.0,0.0
2024-06-11 09:32:03.975000+00:00,57.900001525878906,0.0,0.0
2024-06-11 09:33:03.940000+00:00,57.900001525878906,0.0,0.0
2024-06-11 09:34:03.864000+00:00,57.900001525878906,0.0,0.0
2024-06-11 09:35:04.412000+00:00,57.900001525878906,0.0,0.0
2024-06-11 09:36:04.231000+00:00,57.900001525878906,0.0,0.0
2024-06-11 09:37:04.218000+00:00,57.900001525878906,0.0,0.0
2024-06-11 09:38:04.039000+00:00,57.900001525878906,0.0,0.0
2024-06-11 09:39:04.431000+00:00,57.900001525878906,0.0,0.0
2024-06-11 09:40:04.740000+00:00,57.900001525878906,0.0,0.0
2024-06-11 09:41:04.299000+00:00,57.900001525878906,0.0,0.0
2024-06-11 09:42:04.743000+00:00,57.900001525878906,0.0,0.0
2024-06-11 09:43:04.221000+00:00,58.0,0.0,0.0
2024-06-11 09:44:04.810000+00:00,58.0,0.0,0.0
2024-06-11 09:45:04.413000+00:00,58.0,0.0,0.0
2024-06-11 09:46:04.745000+00:00,58.0099983215332,0.0,0.0
2024-06-11 09:47:04.397000+00:00,58.09999847412109,0.0,0.0
2024-06-11 09:48:04.382000+00:00,58.09999847412109,0.0,0.0
2024-06-11 09:49:04.260000+00:00,58.09999847412109,0.0,0.0
2024-06-11 09:50:03.862000+00:00,58.09999847412109,0.0,0.0
2024-06-11 09:51:04.525000+00:00,58.09999847412109,0.0,0.0
2024-06-11 09:52:04.741000+00:00,58.09999847412109,0.0,0.0
2024-06-11 09:53:03.895000+00:00,58.09999847412109,0.0,0.0
2024-06-11 09:54:04.237000+00:00,58.09999847412109,0.0,0.0
2024-06-11 09:55:04.282000+00:00,58.09999847412109,0.0,0.0
2024-06-11 09:56:04.248000+00:00,58.09999847412109,0.0,0.0
2024-06-11 09:57:04.175000+00:00,58.09999847412109,0.0,0.0
2024-06-11 09:58:04.831000+00:00,58.09999847412109,0.0,0.0
2024-06-11 09:59:04.413000+00:00,58.09999847412109,0.0,0.0
2024-06-11 10:00:06.554000+00:00,58.0,0.0,0.0
2024-06-11 10:01:04.523000+00:00,58.0,0.0,0.0
2024-06-11 10:02:04.827000+00:00,58.0,0.0,0.0
2024-06-11 10:03:04.125000+00:00,58.0,0.0,0.0
2024-06-11 10:04:04.371000+00:00,58.0,0.0,0.0
2024-06-11 10:05:04.365000+00:00,58.09999847412109,0.0,0.0
2024-06-11 10:06:05.196000+00:00,58.119998931884766,0.0,0.0
2024-06-11 10:07:04.028000+00:00,58.20000076293945,0.0,0.0
2024-06-11 10:08:04.782000+00:00,58.20000076293945,0.0,0.0
2024-06-11 10:09:04.384000+00:00,58.20000076293945,0.0,0.0
2024-06-11 10:10:04.740000+00:00,58.20000076293945,0.0,0.0
2024-06-11 10:11:04.574000+00:00,58.209999084472656,0.0,0.0
2024-06-11 10:12:04.376000+00:00,58.27000045776367,0.0,0.0
2024-06-11 10:13:04.588000+00:00,58.29999923706055,0.0,0.0
2024-06-11 10:14:04.374000+00:00,58.29999923706055,0.0,0.0
2024-06-11 10:15:04.273000+00:00,58.29999923706055,0.0,0.0
2024-06-11 10:16:03.926000+00:00,57.68999862670898,0.0,0.0
2024-06-11 10:17:05.790000+00:00,56.709999084472656,0.0,0.0
2024-06-11 10:18:04.102000+00:00,56.900001525878906,0.0,0.0
2024-06-11 10:19:04.162000+00:00,57.09999847412109,0.0,0.0
2024-06-11 10:20:04.617000+00:00,57.400001525878906,0.0,0.0
2024-06-11 10:21:04.452000+00:00,57.70000076293945,0.0,0.0
2024-06-11 10:22:04.621000+00:00,57.900001525878906,0.0,0.0
2024-06-11 10:23:04.303000+00:00,58.13999938964844,0.0,0.0
2024-06-11 10:24:04.503000+00:00,58.29999923706055,0.0,0.0
2024-06-11 10:25:04.329000+00:00,58.400001525878906,0.0,0.0
2024-06-11 10:26:05.217000+00:00,58.5,0.0,0.0
2024-06-11 10:27:04.078000+00:00,58.59999847412109,0.0,0.0
2024-06-11 10:28:05.092000+00:00,58.59999847412109,0.0,0.0
2024-06-11 10:29:04.191000+00:00,58.59999847412109,0.0,0.0
2024-06-11 10:30:05.234000+00:00,58.59999847412109,0.0,0.0
2024-06-11 10:31:04.453000+00:00,58.59999847412109,0.0,0.0
2024-06-11 10:32:05.432000+00:00,58.59999847412109,0.0,0.0
2024-06-11 10:33:03.872000+00:00,58.59999847412109,0.0,0.0
2024-06-11 10:34:04.330000+00:00,58.5,0.0,0.0
2024-06-11 10:35:04.469000+00:00,58.400001525878906,0.0,0.0
2024-06-11 10:36:04.564000+00:00,58.29999923706055,0.0,0.0
2024-06-11 10:37:04.829000+00:00,58.29999923706055,0.0,0.0
2024-06-11 10:38:04.266000+00:00,58.20000076293945,0.0,0.0
2024-06-11 10:39:04.702000+00:00,58.20000076293945,0.0,0.0
2024-06-11 10:40:04.918000+00:00,58.20000076293945,0.0,0.0
2024-06-11 10:41:04.409000+00:00,58.09999847412109,0.0,0.0
2024-06-11 10:42:04.679000+00:00,58.09999847412109,0.0,0.0
2024-06-11 10:43:04.381000+00:00,58.02000045776367,0.0,0.0
2024-06-11 10:44:04.514000+00:00,58.0,0.0,0.0
2024-06-11 10:45:04.661000+00:00,58.0,0.0,0.0
2024-06-11 10:46:04.432000+00:00,57.900001525878906,0.0,0.0
2024-06-11 10:47:04.532000+00:00,57.900001525878906,0.0,0.0
2024-06-11 10:48:04.124000+00:00,57.900001525878906,0.0,0.0
2024-06-11 10:49:04.316000+00:00,57.900001525878906,0.0,0.0
2024-06-11 10:50:04.254000+00:00,57.900001525878906,0.0,0.0
2024-06-11 10:51:04.817000+00:00,57.900001525878906,0.0,0.0
2024-06-11 10:52:05.028000+00:00,57.900001525878906,0.0,0.0
2024-06-11 10:53:03.944000+00:00,53.72999954223633,0.0,0.0
2024-06-11 10:54:04.464000+00:00,53.58000183105469,0.0,0.0
2024-06-11 10:55:05.153000+00:00,55.560001373291016,0.0,0.0
2024-06-11 10:56:04.203000+00:00,56.880001068115234,0.0,0.0
2024-06-11 10:57:04.262000+00:00,58.0,0.0,0.0
2024-06-11 10:58:04.678000+00:00,58.79999923706055,0.0,0.0
2024-06-11 10:59:04.179000+00:00,59.400001525878906,0.0,0.0
2024-06-11 11:00:06.141000+00:00,59.70000076293945,0.0,0.0
2024-06-11 11:01:05.038000+00:00,59.900001525878906,0.0,0.0
2024-06-11 11:02:04.973000+00:00,60.0,0.0,0.0
2024-06-11 11:03:04.083000+00:00,59.900001525878906,0.0,0.0
2024-06-11 11:04:04.402000+00:00,59.79999923706055,0.0,0.0
2024-06-11 11:05:04.611000+00:00,59.709999084472656,0.0,0.0
2024-06-11 11:06:04.973000+00:00,59.59999847412109,0.0,0.0
2024-06-11 11:07:04.953000+00:00,59.400001525878906,0.0,0.0
2024-06-11 11:08:04.016000+00:00,59.20000076293945,0.0,0.0
2024-06-11 11:09:04.245000+00:00,59.0,0.0,0.0
2024-06-11 11:10:04.467000+00:00,58.900001525878906,0.0,0.0
2024-06-11 11:11:04.832000+00:00,58.70000076293945,0.0,0.0
2024-06-11 11:12:04.666000+00:00,58.5,0.0,0.0
2024-06-11 11:13:04.603000+00:00,58.29999923706055,0.0,0.0
2024-06-11 11:14:04.624000+00:00,58.09999847412109,0.0,0.0
2024-06-11 11:15:04.331000+00:00,57.93999862670898,0.0,0.0
2024-06-11 11:16:03.947000+00:00,57.79999923706055,0.0,0.0
2024-06-11 11:17:04.595000+00:00,57.70000076293945,0.0,0.0
2024-06-11 11:18:04.598000+00:00,57.52000045776367,0.0,0.0
2024-06-11 11:19:04.417000+00:00,57.400001525878906,0.0,0.0
2024-06-11 11:20:04.260000+00:00,57.29999923706055,0.0,0.0
2024-06-11 11:21:04.228000+00:00,57.20000076293945,0.0,0.0
2024-06-11 11:22:04.052000+00:00,57.11000061035156,0.0,0.0
2024-06-11 11:23:04.407000+00:00,57.09999847412109,0.0,0.0
2024-06-11 11:24:04.306000+00:00,57.20000076293945,0.0,0.0
2024-06-11 11:25:05.250000+00:00,57.290000915527344,0.0,0.0
2024-06-11 11:26:04.520000+00:00,57.400001525878906,0.0,0.0
2024-06-11 11:27:04.835000+00:00,57.59999847412109,0.0,0.0
2024-06-11 11:28:04.870000+00:00,57.79999923706055,0.0,0.0
2024-06-11 11:29:04.614000+00:00,58.0,0.0,0.0
2024-06-11 11:30:04.614000+00:00,58.20000076293945,0.0,0.0
2024-06-11 11:31:03.928000+00:00,58.29999923706055,0.0,0.0
2024-06-11 11:32:04.673000+00:00,58.400001525878906,0.0,0.0
2024-06-11 11:33:04.225000+00:00,58.5,0.0,0.0
2024-06-11 11:34:04.412000+00:00,58.59999847412109,0.0,0.0
2024-06-11 11:35:04.703000+00:00,58.59999847412109,0.0,0.0
2024-06-11 11:36:04.650000+00:00,58.59999847412109,0.0,0.0
2024-06-11 11:37:03.774000+00:00,58.59999847412109,0.0,0.0
2024-06-11 11:38:04.728000+00:00,58.59999847412109,0.0,0.0
2024-06-11 11:39:04.936000+00:00,58.59999847412109,0.0,0.0
2024-06-11 11:40:04.841000+00:00,58.5,0.0,0.0
2024-06-11 11:41:04.440000+00:00,58.5,0.0,0.0
2024-06-11 11:42:04.030000+00:00,58.400001525878906,0.0,0.0
2024-06-11 11:43:04.593000+00:00,58.29999923706055,0.0,0.0
2024-06-11 11:44:04.651000+00:00,58.220001220703125,0.0,0.0
2024-06-11 11:45:04.519000+00:00,58.20000076293945,0.0,0.0
2024-06-11 11:46:03.700000+00:00,58.09999847412109,0.0,0.0
2024-06-11 11:47:04.391000+00:00,58.09999847412109,0.0,0.0
2024-06-11 11:48:04.158000+00:00,58.0,0.0,0.0
2024-06-11 11:49:04.507000+00:00,57.900001525878906,0.0,0.0
2024-06-11 11:50:04.554000+00:00,57.900001525878906,0.0,0.0
2024-06-11 11:51:04.293000+00:00,57.900001525878906,0.0,0.0
2024-06-11 11:52:04.650000+00:00,57.79999923706055,0.0,0.0
2024-06-11 11:53:04.352000+00:00,57.81999969482422,0.0,0.0
2024-06-11 11:54:04.206000+00:00,57.79999923706055,0.0,0.0
2024-06-11 11:55:05.292000+00:00,57.900001525878906,0.0,0.0
2024-06-11 11:56:04.335000+00:00,57.900001525878906,0.0,0.0
2024-06-11 11:57:03.981000+00:00,57.900001525878906,0.0,0.0
2024-06-11 11:58:04.749000+00:00,57.900001525878906,0.0,0.0
2024-06-11 11:59:04.539000+00:00,57.900001525878906,0.0,0.0
2024-06-11 12:00:06.658000+00:00,58.0,0.0,0.0
2024-06-11 12:01:04.855000+00:00,58.0,0.0,0.0
2024-06-11 12:02:04.059000+00:00,58.09999847412109,0.0,0.0
2024-06-11 12:03:04.034000+00:00,58.09999847412109,0.0,0.0
2024-06-11 12:04:04.186000+00:00,58.20000076293945,0.0,0.0
2024-06-11 12:05:04.155000+00:00,58.29999923706055,0.0,0.0
2024-06-11 12:06:04.233000+00:00,58.29999923706055,0.0,0.0
2024-06-11 12:07:04.315000+00:00,58.36000061035156,0.0,0.0
2024-06-11 12:08:04.410000+00:00,58.34000015258789,0.0,0.0
2024-06-11 12:09:04.102000+00:00,58.400001525878906,0.0,0.0
2024-06-11 12:10:04.191000+00:00,58.400001525878906,0.0,0.0
2024-06-11 12:11:04.751000+00:00,58.400001525878906,0.0,0.0
2024-06-11 12:12:04.670000+00:00,58.400001525878906,0.0,0.0
2024-06-11 12:13:04.811000+00:00,58.380001068115234,0.0,0.0
2024-06-11 12:14:05.240000+00:00,58.400001525878906,0.0,0.0
2024-06-11 12:15:04.688000+00:00,58.31999969482422,0.0,0.0
2024-06-11 12:16:03.929000+00:00,58.29999923706055,0.0,0.0
2024-06-11 12:17:04.474000+00:00,58.29999923706055,0.0,0.0
2024-06-11 12:18:04.566000+00:00,58.29999923706055,0.0,0.0
2024-06-11 12:19:04.509000+00:00,58.29999923706055,0.0,0.0
2024-06-11 12:20:04.475000+00:00,58.20000076293945,0.0,0.0
2024-06-11 12:21:04.521000+00:00,58.20000076293945,0.0,0.0
2024-06-11 12:22:04.330000+00:00,58.20000076293945,0.0,0.0
2024-06-11 12:23:04.207000+00:00,58.20000076293945,0.0,0.0
2024-06-11 12:24:04.204000+00:00,58.09999847412109,0.0,0.0
2024-06-11 12:25:04.767000+00:00,58.09999847412109,0.0,0.0
2024-06-11 12:26:04.640000+00:00,58.09999847412109,0.0,0.0
2024-06-11 12:27:04.045000+00:00,58.0,0.0,0.0
2024-06-11 12:28:04.559000+00:00,58.0,0.0,0.0
2024-06-11 12:29:04.567000+00:00,58.0,0.0,0.0
2024-06-11 12:30:04.956000+00:00,58.0,0.0,0.0
2024-06-11 12:31:04.131000+00:00,58.0,0.0,0.0
2024-06-11 12:32:04.701000+00:00,58.0,0.0,0.0
2024-06-11 12:33:04.469000+00:00,58.0,0.0,0.0
2024-06-11 12:34:04.760000+00:00,58.0,0.0,0.0
2024-06-11 12:35:04.119000+00:00,58.09999847412109,0.0,0.0
2024-06-11 12:36:04.747000+00:00,58.09999847412109,0.0,0.0
2024-06-11 12:37:04.741000+00:00,58.09999847412109,0.0,0.0
2024-06-11 12:38:04.597000+00:00,58.18000030517578,0.0,0.0
2024-06-11 12:39:04.827000+00:00,58.20000076293945,0.0,0.0
2024-06-11 12:40:04.727000+00:00,58.20000076293945,0.0,0.0
2024-06-11 12:41:04.976000+00:00,58.29999923706055,0.0,0.0
2024-06-11 12:42:04.806000+00:00,58.29999923706055,0.0,0.0
2024-06-11 12:43:03.783000+00:00,58.29999923706055,0.0,0.0
2024-06-11 12:44:04.233000+00:00,58.29999923706055,0.0,0.0
2024-06-11 12:45:04.680000+00:00,58.29999923706055,0.0,0.0
2024-06-11 12:46:04.419000+00:00,58.29999923706055,0.0,0.0
2024-06-11 12:47:05.207000+00:00,58.29999923706055,0.0,0.0
2024-06-11 12:48:04.825000+00:00,58.33000183105469,0.0,0.0
2024-06-11 12:49:04.271000+00:00,58.38999938964844,0.0,0.0
2024-06-11 12:50:04.765000+00:00,58.31999969482422,0.0,0.0
2024-06-11 12:51:04.536000+00:00,58.29999923706055,0.0,0.0
2024-06-11 12:52:05.004000+00:00,58.29999923706055,0.0,0.0
2024-06-11 12:53:04.267000+00:00,58.29999923706055,0.0,0.0
2024-06-11 12:54:05.061000+00:00,58.29999923706055,0.0,0.0
2024-06-11 12:55:04.669000+00:00,58.20000076293945,0.0,0.0
2024-06-11 12:56:04.503000+00:00,58.20000076293945,0.0,0.0
2024-06-11 12:57:04.073000+00:00,58.20000076293945,0.0,0.0
2024-06-11 12:58:04.289000+00:00,58.13999938964844,0.0,0.0
2024-06-11 12:59:04.493000+00:00,58.09999847412109,0.0,0.0
2024-06-11 13:00:06.338000+00:00,58.119998931884766,0.0,0.0
2024-06-11 13:01:04.966000+00:00,58.20000076293945,0.0,0.0
2024-06-11 13:02:04.831000+00:00,58.20000076293945,0.0,0.0
2024-06-11 13:03:04.285000+00:00,58.11000061035156,0.0,0.0
2024-06-11 13:04:04.717000+00:00,58.20000076293945,0.0,0.0
2024-06-11 13:05:04.080000+00:00,58.20000076293945,0.0,0.0
2024-06-11 13:06:04.435000+00:00,58.20000076293945,0.0,0.0
2024-06-11 13:07:04.517000+00:00,58.18000030517578,0.0,0.0
2024-06-11 13:08:04.560000+00:00,58.20000076293945,0.0,0.0
2024-06-11 13:09:03.783000+00:00,58.09999847412109,0.0,0.0
2024-06-11 13:10:04.398000+00:00,58.09999847412109,0.0,0.0
2024-06-11 13:11:04.611000+00:00,58.20000076293945,0.0,0.0
2024-06-11 13:12:04.698000+00:00,58.29999923706055,0.0,0.0
2024-06-11 13:13:04.915000+00:00,58.400001525878906,0.0,0.0
2024-06-11 13:14:04.279000+00:00,58.5,0.0,0.0
2024-06-11 13:15:04.832000+00:00,58.5,0.0,0.0
2024-06-11 13:16:04.572000+00:00,58.5,0.0,0.0
2024-06-11 13:17:05.164000+00:00,58.59999847412109,0.0,0.0
2024-06-11 13:18:04.736000+00:00,58.59999847412109,0.0,0.0
2024-06-11 13:19:04.177000+00:00,58.59999847412109,0.0,0.0
2024-06-11 13:20:04.514000+00:00,58.59999847412109,0.0,0.0
2024-06-11 13:21:04.622000+00:00,58.59999847412109,0.0,0.0
2024-06-11 13:22:04.852000+00:00,58.59999847412109,0.0,0.0
2024-06-11 13:23:04.480000+00:00,58.5,0.0,0.0
2024-06-11 13:24:04.966000+00:00,58.5,0.0,0.0
2024-06-11 13:25:04.657000+00:00,58.400001525878906,0.0,0.0
2024-06-11 13:26:05.288000+00:00,58.400001525878906,0.0,0.0
2024-06-11 13:27:04.482000+00:00,58.29999923706055,0.0,0.0
2024-06-11 13:28:05.054000+00:00,58.20000076293945,0.0,0.0
2024-06-11 13:29:04.575000+00:00,54.400001525878906,0.0,0.0
2024-06-11 13:30:05.241000+00:00,55.709999084472656,0.0,0.0
2024-06-11 13:31:04.554000+00:00,56.0,0.0,0.0
2024-06-11 13:32:04.191000+00:00,56.400001525878906,0.0,0.0
2024-06-11 13:33:04.338000+00:00,56.79999923706055,0.0,0.0
2024-06-11 13:34:04.397000+00:00,57.20000076293945,0.0,0.0
2024-06-11 13:35:04.529000+00:00,57.54999923706055,0.0,0.0
2024-06-11 13:36:05.276000+00:00,57.900001525878906,0.0,0.0
2024-06-11 13:37:04.486000+00:00,58.29999923706055,0.0,0.0
2024-06-11 13:38:04.267000+00:00,58.59999847412109,85.23999786376953,20909336.8355276
2024-06-11 13:39:04.516000+00:00,58.79999923706055,85.23999786376953,20980700.033967108
2024-06-11 13:40:04.626000+00:00,59.0,85.23999786376953,21052063.232406616
2024-06-11 13:41:04.720000+00:00,59.09000015258789,85.23999786376953,21084176.603647403
2024-06-11 13:42:04.735000+00:00,59.09999847412109,85.23999786376953,21087744.15105647
2024-06-11 13:43:04.717000+00:00,59.0,85.23999786376953,21052063.232406616
2024-06-11 13:44:04.513000+00:00,58.900001525878906,85.23999786376953,21016382.31375676
2024-06-11 13:45:04.435000+00:00,58.79999923706055,81.76000213623047,20124145.032690912
2024-06-11 13:46:03.820000+00:00,58.70000076293945,72.02999877929688,17699081.87609068
2024-06-11 13:47:04.879000+00:00,58.59999847412109,64.4000015258789,15797294.20295348
2024-06-11 13:48:04.382000+00:00,58.5,58.16999816894531,14244727.321609497
2024-06-11 13:49:04.595000+00:00,58.400001525878906,52.9900016784668,12954063.324786602
2024-06-11 13:50:04.484000+00:00,58.29999923706055,48.61000061035156,11862969.111708479
2024-06-11 13:51:04.872000+00:00,58.20000076293945,45.0099983215332,10965569.986830028
2024-06-11 13:52:04.972000+00:00,58.09999847412109,41.84000015258789,10175763.91386453
2024-06-11 13:53:04.050000+00:00,58.0,39.130001068115234,9500294.699325562
2024-06-11 13:54:04.353000+00:00,57.900001525878906,36.7599983215332,8909498.971989216
2024-06-11 13:55:04.242000+00:00,57.900001525878906,34.650001525878906,8398100.301147318
2024-06-11 13:56:04.771000+00:00,57.79999923706055,32.7400016784668,7921469.493545801
2024-06-11 13:57:04.444000+00:00,57.70000076293945,31.06999969482422,7504405.479517379
2024-06-11 13:58:04.319000+00:00,57.70000076293945,29.51000022888184,7127615.371527376
2024-06-11 13:59:04.482000+00:00,57.70000076293945,28.13999938964844,6796716.050450164
2024-06-11 14:00:06.254000+00:00,57.70000076293945,26.81999969482422,6477893.6159443045
2024-06-11 14:01:04.548000+00:00,57.70000076293945,25.71999931335449,6212208.100294049
2024-06-11 14:02:04.916000+00:00,57.70000076293945,24.68000030517578,5961014.84852942
2024-06-11 14:03:04.438000+00:00,57.79999923706055,23.690000534057617,5731814.505557753
2024-06-11 14:04:04.690000+00:00,57.88999938964844,22.799999237060547,5525067.66886632
2024-06-11 14:05:04.756000+00:00,57.900001525878906,21.950000762939453,5320008.655115056
2024-06-11 14:06:05.458000+00:00,57.900001525878906,21.170000076293945,5130960.351711076
2024-06-11 14:07:04.332000+00:00,58.0,20.450000762939453,4965014.785232544
2024-06-11 14:08:04.064000+00:00,58.09999847412109,20.450000762939453,4973575.024931025
2024-06-11 14:09:04.265000+00:00,58.20000076293945,20.450000762939453,4982135.59118172
2024-06-11 14:10:04.774000+00:00,58.29999923706055,20.450000762939453,4990695.8308802005
2024-06-11 14:11:04.630000+00:00,58.400001525878906,20.450000762939453,4999256.3971308945
2024-06-11 14:12:04.523000+00:00,58.5,20.450000762939453,5007816.636829376
2024-06-11 14:13:04.908000+00:00,58.5,20.450000762939453,5007816.636829376
2024-06-11 14:14:04.365000+00:00,58.5,20.450000762939453,5007816.636829376
2024-06-11 14:15:04.838000+00:00,58.58000183105469,20.450000762939453,5014665.089829931
2024-06-11 14:16:04.811000+00:00,58.5,20.450000762939453,5007816.636829376
2024-06-11 14:17:04.686000+00:00,58.59999847412109,20.450000762939453,5016376.876527857
2024-06-11 14:18:04.706000+00:00,58.5,57.75,14141877.75
2024-06-11 14:19:04.328000+00:00,58.5,57.75,14141877.75
2024-06-11 14:20:04.846000+00:00,58.400001525878906,57.75,14117703.968868256
2024-06-11 14:21:04.621000+00:00,58.400001525878906,57.75,14117703.968868256
2024-06-11 14:22:04.492000+00:00,58.29999923706055,57.75,14093529.265565872
2024-06-11 14:23:04.423000+00:00,58.20000076293945,57.75,14069355.484434128
2024-06-11 14:24:04.147000+00:00,58.20000076293945,57.75,14069355.484434128
2024-06-11 14:25:04.263000+00:00,58.09999847412109,57.75,14045180.781131743
2024-06-11 14:26:04.740000+00:00,58.09999847412109,57.75,14045180.781131743
2024-06-11 14:27:04.441000+00:00,58.0,57.75,14021007.0
2024-06-11 14:28:04.160000+00:00,57.900001525878906,56.63999938964844,13727803.029847775
2024-06-11 14:29:04.422000+00:00,57.900001525878906,51.810001373291016,12557159.27777125
2024-06-11 14:30:05.111000+00:00,57.900001525878906,47.619998931884766,11541630.873286156
2024-06-11 14:31:04.486000+00:00,57.900001525878906,44.15999984741211,10703032.949081816
2024-06-11 14:32:04.251000+00:00,57.79999923706055,41.16999816894531,9961113.86149169
2024-06-11 14:33:04.234000+00:00,57.79999923706055,38.47999954223633,9310266.550351502
2024-06-11 14:34:04.634000+00:00,57.75,36.130001068115234,8734120.653207779
2024-06-11 14:35:05.012000+00:00,57.79999923706055,35.4900016784668,8586834.184763225
2024-06-11 14:36:04.356000+00:00,57.79999923706055,35.4900016784668,8586834.184763225
2024-06-11 14:37:03.942000+00:00,57.400001525878906,35.4900016784668,8527410.06598228
2024-06-11 14:38:04.112000+00:00,57.4900016784668,35.4900016784668,8540780.591883257
2024-06-11 14:39:04.964000+00:00,48.45000076293945,0.0,0.0
2024-06-11 14:40:04.867000+00:00,49.900001525878906,120.33999633789062,25136787.67970463
2024-06-11 14:41:04.498000+00:00,48.470001220703125,0.0,0.0
2024-06-11 14:42:04.781000+00:00,53.2599983215332,515.760009765625,114986813.18704873
2024-06-11 14:43:04.729000+00:00,56.0,474.0,111113184.0
2024-06-11 14:44:04.229000+00:00,57.400001525878906,430.30999755859375,103393339.84591927
2024-06-11 14:45:04.452000+00:00,58.09999847412109,374.1400146484375,90993318.49684127
2024-06-11 14:46:03.709000+00:00,58.5,374.1400146484375,91619780.92712402
2024-06-11 14:47:04.413000+00:00,58.709999084472656,345.5599975585937,84924844.40927659
2024-06-11 14:48:04.157000+00:00,58.79999923706055,345.5599975585937,85055030.90347736
2024-06-11 14:49:04.302000+00:00,58.900001525878906,329.9700012207031,81355887.74659795
2024-06-11 14:50:04.239000+00:00,58.5,329.9700012207031,80803383.868927
2024-06-11 14:51:04.746000+00:00,58.4900016784668,316.9599914550781,77604213.94924924
2024-06-11 14:52:05.163000+00:00,58.400001525878906,316.9599914550781,77484802.23961566
2024-06-11 14:53:04.544000+00:00,58.20000076293945,323.45001220703125,78800574.94693127
2024-06-11 14:54:04.702000+00:00,58.09999847412109,329.6099853515625,80163321.75807586
2024-06-11 14:55:04.839000+00:00,57.900001525878906,329.6099853515625,79887376.48899445
2024-06-11 14:56:04.525000+00:00,57.65999984741211,347.3599853515625,83840459.27611314
2024-06-11 14:57:04.427000+00:00,57.400001525878906,347.3599853515625,83462409.00302872
2024-06-11 14:58:04.568000+00:00,57.0,373.05999755859375,89012861.53747559
2024-06-11 14:59:04.574000+00:00,56.5,411.4299926757813,97306896.13775636
2024-06-11 15:00:06.359000+00:00,56.09999847412109,458.9500122070313,107777339.60516854
2024-06-11 15:01:04.764000+00:00,55.70000076293945,458.9500122070313,107008878.10192625
2024-06-11 15:02:04.384000+00:00,55.29999923706055,520.22998046875,120425851.55135292
2024-06-11 15:03:04.716000+00:00,55.09999847412109,577.47998046875,133194945.33458982
2024-06-11 15:04:04.284000+00:00,54.900001525878906,703.6699829101562,161711388.40513083
2024-06-11 15:05:04.187000+00:00,54.79999923706055,775.1900024414062,177823002.71634418
2024-06-11 15:06:04.570000+00:00,54.70000076293945,853.0800170898438,195333317.1735847
2024-06-11 15:07:04.115000+00:00,54.59999847412109,977.72998046875,223465656.07894024
2024-06-11 15:08:04.328000+00:00,54.59999847412109,1078.489990234375,246494919.92334118
2024-06-11 15:09:04.218000+00:00,54.59999847412109,1165.050048828125,266278705.49838328
2024-06-11 15:10:04.865000+00:00,54.5,1233.719970703125,281457172.9562988
2024-06-11 15:11:04.610000+00:00,54.29999923706055,1291.25,293500862.62618065
2024-06-11 15:12:04.419000+00:00,54.09999847412109,1365.7099609375,309282219.8765657
2024-06-11 15:13:04.400000+00:00,54.0,1406.239990234375,317872112.35253906
2024-06-11 15:14:03.856000+00:00,54.0,1413.97998046875,319621690.7050781
2024-06-11 15:15:04.754000+00:00,54.0,1416.2099609375,320125764.41015625
2024-06-11 15:16:04.637000+00:00,54.0,1425.1800537109375,322153400.06103516
2024-06-11 15:17:04.664000+00:00,54.0,1425.1800537109375,322153400.06103516
2024-06-11 15:18:04.663000+00:00,54.29999923706055,1419.56005859375,322665712.87274903
2024-06-11 15:19:03.701000+00:00,54.59999847412109,1422.9300537109375,325218623.09521294
2024-06-11 15:20:04.805000+00:00,54.880001068115234,1428.5699462890625,328182065.86603343
2024-06-11 15:21:04.312000+00:00,55.09999847412109,1431.97998046875,330284168.57661706
2024-06-11 15:22:04.415000+00:00,55.5,1436.550048828125,333743616.9938965
2024-06-11 15:23:04.884000+00:00,55.79999923706055,1437.699951171875,335816224.7632538
2024-06-11 15:24:04.568000+00:00,55.900001525878906,1442.31005859375,337496812.91729414
2024-06-11 15:25:04.512000+00:00,56.0,1443.4599609375,338370110.203125
2024-06-11 15:26:05.177000+00:00,56.0,1445.7099609375,338897546.203125
2024-06-11 15:27:03.951000+00:00,56.0,1455.1300048828125,341105755.2246094
2024-06-11 15:28:04.423000+00:00,56.09999847412109,1446.93994140625,339791553.12207854
2024-06-11 15:29:04.345000+00:00,56.09999847412109,1442.31005859375,338704296.4733308
2024-06-11 15:30:04.977000+00:00,56.09999847412109,1448.1099853515625,340066319.91648495
2024-06-11 15:31:04.505000+00:00,56.20000076293945,1441.280029296875,339065743.59114856
2024-06-11 15:32:04.413000+00:00,56.27999877929688,1443.4599609375,340061953.37825763
2024-06-11 15:33:04.100000+00:00,56.29999923706055,1441.1500244140625,339638415.7211563
2024-06-11 15:34:03.965000+00:00,56.400001525878906,1452.780029296875,342987427.5080951
2024-06-11 15:35:04.507000+00:00,56.5,1445.780029296875,341939988.9489746
2024-06-11 15:36:04.416000+00:00,56.70000076293945,1450.449951171875,344258788.83308065
2024-06-11 15:37:04.270000+00:00,56.79999923706055,1450.43994140625,344863557.9482501
2024-06-11 15:38:04.142000+00:00,56.79999923706055,1450.43994140625,344863557.9482501
2024-06-11 15:39:04.657000+00:00,56.900001525878906,1446.949951171875,344639468.2420967
2024-06-11 15:40:04.974000+00:00,57.0,1451.6099853515625,346357045.7248535
2024-06-11 15:41:04.197000+00:00,57.0,1450.43994140625,346077870.89941406
2024-06-11 15:42:04.497000+00:00,52.20000076293945,0.0,0.0
2024-06-11 15:43:04.285000+00:00,55.70000076293945,1449.27001953125,337912092.23639244
2024-06-11 15:44:04.433000+00:00,52.52999877929688,0.0,0.0
2024-06-11 15:45:04.321000+00:00,57.0,1451.6099853515625,346357045.7248535
2024-06-11 15:46:04.227000+00:00,57.09999847412109,1449.280029296875,346407772.9135281
2024-06-11 15:47:04.873000+00:00,57.20000076293945,1450.43994140625,347292183.850578
2024-06-11 15:48:04.468000+00:00,57.29999923706055,1454.1800537109375,348796423.84282404
2024-06-11 15:49:04.579000+00:00,57.29999923706055,1458.6700439453125,349873383.00812316
2024-06-11 15:50:04.510000+00:00,57.5,1458.6700439453125,351094586.227417
2024-06-11 15:51:04.859000+00:00,57.59999847412109,1453.9599609375,350569511.1505792
2024-06-11 15:52:04.766000+00:00,57.59999847412109,1451.6099853515625,350002900.09215176
2024-06-11 15:53:04.537000+00:00,57.70000076293945,1455.1300048828125,351460756.0125536
2024-06-11 15:54:04.753000+00:00,57.790000915527344,1452.7900390625,351442903.95983684
2024-06-11 15:55:04.620000+00:00,57.79999923706055,1450.43994140625,350935099.5429767
2024-06-11 15:56:04.498000+00:00,57.900001525878906,1455.1300048828125,352678995.4998386
2024-06-11 15:57:05.091000+00:00,57.900001525878906,1451.6099853515625,351825850.4555777
2024-06-11 15:58:04.404000+00:00,58.0,1448.1099853515625,351583727.12353516
2024-06-11 15:59:04.238000+00:00,58.0,1444.6199951171875,350736399.3745117
2024-06-11 16:00:07.136000+00:00,58.0099983215332,1444.6199951171875,350796861.0175176
2024-06-11 16:01:04.983000+00:00,58.09999847412109,1444.6199951171875,351341108.0772044
2024-06-11 16:02:04.071000+00:00,58.09999847412109,1446.93994140625,351905334.31153166
2024-06-11 16:03:04.504000+00:00,57.900001525878906,1444.6199951171875,350131690.671819
2024-06-11 16:04:04.267000+00:00,58.20000076293945,1445.780029296875,352228453.4107935
2024-06-11 16:05:04.536000+00:00,57.369998931884766,1468.18994140625,352587011.77999425
2024-06-11 16:06:05.266000+00:00,54.61000061035156,0.0,0.0
2024-06-11 16:07:03.734000+00:00,50.36000061035156,0.0,0.0
2024-06-11 16:08:04.095000+00:00,47.70000076293945,0.0,0.0
2024-06-11 16:09:04.269000+00:00,51.0,0.0,0.0
2024-06-11 16:10:04.876000+00:00,50.90999984741211,0.0,0.0
2024-06-11 16:11:04.747000+00:00,52.56999969482422,0.0,0.0
2024-06-11 16:12:04.327000+00:00,50.209999084472656,0.0,0.0
2024-06-11 16:13:04.719000+00:00,46.77000045776367,0.0,0.0
2024-06-11 16:14:04.742000+00:00,45.209999084472656,0.0,0.0
2024-06-11 16:15:04.647000+00:00,44.5,0.0,0.0
2024-06-11 16:16:04.586000+00:00,44.0,0.0,0.0
2024-06-11 16:17:04.922000+00:00,44.09999847412109,0.0,0.0
2024-06-11 16:18:04.518000+00:00,44.09999847412109,0.0,0.0
2024-06-11 16:19:03.883000+00:00,54.47999954223633,1444.6199951171875,329450325.4718796
2024-06-11 16:20:04.790000+00:00,55.900001525878906,1462.22998046875,342158022.9714824
2024-06-11 16:21:04.910000+00:00,55.900001525878906,1458.6700439453125,341325007.0580945
2024-06-11 16:22:03.964000+00:00,56.0,1453.9599609375,340831478.203125
2024-06-11 16:23:04.243000+00:00,56.0,1450.43994140625,340006329.3046875
2024-06-11 16:24:04.276000+00:00,56.09999847412109,1445.780029296875,339519165.633247
2024-06-11 16:25:04.138000+00:00,56.09999847412109,1445.0899658203125,339357114.8571615
2024-06-11 16:26:04.247000+00:00,56.09999847412109,1443.4599609375,338974333.3229196
2024-06-11 16:27:05.035000+00:00,56.09999847412109,1438.8499755859375,337891749.28632504
2024-06-11 16:28:04.726000+00:00,56.09999847412109,1440.0,338161814.80224603
2024-06-11 16:29:04.948000+00:00,56.040000915527344,1438.8499755859375,337530382.4311102
2024-06-11 16:30:04.559000+00:00,56.060001373291016,1442.0899658203125,338411165.0335427
2024-06-11 16:31:04.752000+00:00,56.0099983215332,1440.0,337619308.2824707
2024-06-11 16:32:04.739000+00:00,56.04999923706055,1448.1099853515625,339763235.1213284
2024-06-11 16:33:04.406000+00:00,56.09999847412109,1446.93994140625,339791553.12207854
2024-06-11 16:34:04.247000+00:00,56.0,1436.550048828125,336750316.24609375
2024-06-11 16:35:04.553000+00:00,56.0,1431.3800048828125,335538375.2246094
2024-06-11 16:36:04.778000+00:00,56.0,1435.4100341796875,336483078.5722656
2024-06-11 16:37:04.560000+00:00,56.0,1436.550048828125,336750316.24609375
2024-06-11 16:38:04.283000+00:00,56.0,1437.699951171875,337019871.75390625
2024-06-11 16:39:04.844000+00:00,56.0,1436.550048828125,336750316.24609375
2024-06-11 16:40:04.048000+00:00,55.900001525878906,1436.550048828125,336148985.5713722
2024-06-11 16:41:04.703000+00:00,55.900001525878906,1437.699951171875,336418059.73740846
2024-06-11 16:42:04.708000+00:00,55.900001525878906,1437.699951171875,336418059.73740846
2024-06-11 16:43:04.563000+00:00,55.900001525878906,1435.4100341796875,335882225.1003943
2024-06-11 16:44:04.201000+00:00,55.79999923706055,1435.4100341796875,335281348.70743227
2024-06-11 16:45:04.530000+00:00,55.79999923706055,1437.699951171875,335816224.7632538
2024-06-11 16:46:04.079000+00:00,55.79999923706055,1437.699951171875,335816224.7632538
2024-06-11 16:47:03.741000+00:00,55.79999923706055,1438.8499755859375,336084846.0821884
2024-06-11 16:48:04.251000+00:00,55.79999923706055,1437.6800537109375,335811577.13826853
2024-06-11 16:49:04.460000+00:00,55.70000076293945,1430.8399658203125,333614937.1682801
2024-06-11 16:50:04.301000+00:00,55.7400016784668,1433.1199951171875,334386516.36669487
2024-06-11 16:51:04.334000+00:00,55.70000076293945,1425.1800537109375,332295270.9107999
2024-06-11 16:52:04.515000+00:00,55.70000076293945,1431.97998046875,333880743.21535355
2024-06-11 16:53:04.573000+00:00,55.70000076293945,1435.4100341796875,334680495.2355609
2024-06-11 16:54:04.792000+00:00,55.70000076293945,1434.260009765625,334412355.30950046
2024-06-11 16:55:04.977000+00:00,55.70000076293945,1436.550048828125,334946301.2826344
2024-06-11 16:56:04.830000+00:00,55.70000076293945,1434.260009765625,334412355.30950046
2024-06-11 16:57:05.005000+00:00,55.70000076293945,1438.8499755859375,335482552.67281646
2024-06-11 16:58:04.269000+00:00,55.61000061035156,1430.8399658203125,333075881.60563236
2024-06-11 16:59:04.713000+00:00,55.61000061035156,1436.550048828125,334405094.49966705
2024-06-11 17:00:05.712000+00:00,55.59999847412109,1434.260009765625,333811960.32777643
2024-06-11 17:01:04.779000+00:00,55.59999847412109,1438.8499755859375,334880236.2874237
2024-06-11 17:02:04.674000+00:00,55.59999847412109,1441.1500244140625,335415553.31706846
2024-06-11 17:03:04.599000+00:00,55.59999847412109,1438.8499755859375,334880236.2874237
2024-06-11 17:04:04.789000+00:00,55.59999847412109,1436.550048828125,334344947.66861796
2024-06-11 17:05:04.754000+00:00,55.59999847412109,1441.1500244140625,335415553.31706846
2024-06-11 17:06:05.092000+00:00,55.59999847412109,1434.260009765625,333811960.32777643
2024-06-11 17:07:04.496000+00:00,55.59999847412109,1437.699951171875,334612577.7726013
2024-06-11 17:08:04.250000+00:00,55.5,1438.8499755859375,334277942.87805176
2024-06-11 17:09:04.663000+00:00,55.5,1437.699951171875,334010765.7561035
2024-06-11 17:10:04.148000+00:00,55.5,1436.550048828125,333743616.9938965
2024-06-11 17:11:04.716000+00:00,55.5,1437.699951171875,334010765.7561035
2024-06-11 17:12:05.135000+00:00,55.5,1437.699951171875,334010765.7561035
2024-06-11 17:13:04.223000+00:00,55.5,1436.550048828125,333743616.9938965
2024-06-11 17:14:04.512000+00:00,55.5,1444.6199951171875,335618451.12561035
2024-06-11 17:15:04.313000+00:00,55.459999084472656,1438.8499755859375,334037016.3238947
2024-06-11 17:16:04.206000+00:00,55.45000076293945,1436.5999755859375,333454540.34118
2024-06-11 17:17:04.763000+00:00,55.400001525878906,1442.31005859375,334478057.9646574
2024-06-11 17:18:04.260000+00:00,55.400001525878906,1437.699951171875,333408953.7396057
2024-06-11 17:19:04.232000+00:00,55.400001525878906,1435.4100341796875,332877911.8988562
2024-06-11 17:20:03.982000+00:00,55.400001525878906,1437.699951171875,333408953.7396057
2024-06-11 17:21:03.990000+00:00,55.400001525878906,1437.699951171875,333408953.7396057
2024-06-11 17:22:04.123000+00:00,55.400001525878906,1443.4599609375,334744725.3850882
2024-06-11 17:23:04.079000+00:00,55.400001525878906,1446.93994140625,335551748.1899332
2024-06-11 17:24:04.787000+00:00,55.29999923706055,1444.6199951171875,334409010.6520666
2024-06-11 17:25:04.460000+00:00,55.29999923706055,1443.4599609375,334140479.215659
2024-06-11 17:26:04.514000+00:00,55.29999923706055,1443.4599609375,334140479.215659
2024-06-11 17:27:04.432000+00:00,55.29999923706055,1443.4599609375,334140479.215659
2024-06-11 17:28:04.507000+00:00,55.29999923706055,1442.31005859375,333874293.1553666
2024-06-11 17:29:04.416000+00:00,55.29999923706055,1445.780029296875,334677542.0884741
2024-06-11 17:30:04.409000+00:00,55.20000076293945,1444.6199951171875,333804301.94937384
2024-06-11 17:31:04.751000+00:00,55.20000076293945,1447.1500244140625,334388908.7430008
2024-06-11 17:32:04.401000+00:00,55.20000076293945,1441.1500244140625,333002505.5238388
2024-06-11 17:33:03.997000+00:00,55.20000076293945,1441.1500244140625,333002505.5238388
2024-06-11 17:34:03.934000+00:00,55.20000076293945,1446.949951171875,334342678.3784946
2024-06-11 17:35:04.360000+00:00,55.20000076293945,1443.4599609375,333536256.0958644
2024-06-11 17:36:04.531000+00:00,55.20000076293945,1442.31005859375,333270551.37734824
2024-06-11 17:37:04.491000+00:00,55.20000076293945,1441.1500244140625,333002505.5238388
2024-06-11 17:38:04.723000+00:00,55.20000076293945,1450.43994140625,335149100.6611249
2024-06-11 17:39:04.903000+00:00,55.18999862670898,1442.31005859375,333210163.38078284
2024-06-11 17:40:04.137000+00:00,55.150001525878906,1449.27001953125,334575442.4989079
2024-06-11 17:41:03.985000+00:00,55.09999847412109,1443.4599609375,332932009.92643523
2024-06-11 17:42:04.466000+00:00,55.09999847412109,1441.1500244140625,332399226.3159698
2024-06-11 17:43:04.204000+00:00,55.09999847412109,1446.93994140625,333734662.527352
2024-06-11 17:44:04.107000+00:00,55.06999969482422,1449.27001953125,334090099.8464098
2024-06-11 17:45:04.135000+00:00,55.09000015258789,1445.780029296875,333406620.23672414
2024-06-11 17:46:03.670000+00:00,55.0,1449.27001953125,333665436.5966797
2024-06-11 17:47:04.732000+00:00,55.0,1452.780029296875,334473546.14501953
2024-06-11 17:48:04.255000+00:00,54.90999984741211,1450.43994140625,333388348.0399918
2024-06-11 17:49:04.252000+00:00,54.900001525878906,1452.7900390625,333867722.0624559
2024-06-11 17:50:04.205000+00:00,54.900001525878906,1450.43994140625,333327642.81492555
2024-06-11 17:51:04.050000+00:00,54.900001525878906,1450.43994140625,333327642.81492555
2024-06-11 17:52:04.362000+00:00,54.900001525878906,1446.949951171875,332525603.2508858
2024-06-11 17:53:04.080000+00:00,54.81999969482422,1444.6199951171875,331506367.3564565
2024-06-11 17:54:04.379000+00:00,54.79999923706055,1456.31005859375,334067037.3580186
2024-06-11 17:55:04.288000+00:00,54.70000076293945,1455.1300048828125,333187233.4112352
2024-06-11 17:56:04.463000+00:00,54.70000076293945,1453.9599609375,332919323.5311557
2024-06-11 17:57:04.477000+00:00,54.70000076293945,1451.6099853515625,332381239.7438411
2024-06-11 17:58:04.573000+00:00,54.79999923706055,1446.949951171875,331919896.13810694
2024-06-11 17:59:04.382000+00:00,54.93999862670898,1440.0,331169521.3220214
2024-06-11 18:00:05.553000+00:00,55.09999847412109,1442.31005859375,332666786.56805736
2024-06-11 18:01:04.638000+00:00,55.09999847412109,1448.1099853515625,334004531.5178033
2024-06-11 18:02:04.249000+00:00,55.29999923706055,1446.949951171875,334948362.3859097
2024-06-11 18:03:05.084000+00:00,55.5,1450.43994140625,336970558.5073242
2024-06-11 18:04:04.566000+00:00,55.59999847412109,1443.4599609375,335953171.6246774
2024-06-11 18:05:04.385000+00:00,55.70000076293945,1444.6199951171875,336827891.5991541
2024-06-11 18:06:04.653000+00:00,55.79999923706055,1445.780029296875,337703559.68979245
2024-06-11 18:07:04.140000+00:00,55.900001525878906,1445.780029296875,338308777.0620654
2024-06-11 18:08:03.950000+00:00,55.900001525878906,1442.31005859375,337496812.91729414
2024-06-11 18:09:04.384000+00:00,56.09999847412109,1445.780029296875,339519165.633247
2024-06-11 18:10:04.919000+00:00,56.09999847412109,1445.780029296875,339519165.633247
2024-06-11 18:11:04.376000+00:00,56.27999877929688,1446.949951171875,340884153.4589594
2024-06-11 18:12:04.410000+00:00,56.29999923706055,1442.31005859375,339911803.06064004
2024-06-11 18:13:04.943000+00:00,56.400001525878906,1435.4100341796875,338886538.3019324
2024-06-11 18:14:04.623000+00:00,56.5,1444.6199951171875,341665630.4251709
2024-06-11 18:15:04.428000+00:00,56.459999084472656,1438.8499755859375,340060042.3216974
2024-06-11 18:16:04.480000+00:00,56.59999847412109,1442.31005859375,341723051.4259675
2024-06-11 18:17:05.235000+00:00,56.59999847412109,1444.6199951171875,342270339.1278636
2024-06-11 18:18:04.280000+00:00,56.70000076293945,1443.4599609375,342599741.190591
2024-06-11 18:19:04.964000+00:00,56.70000076293945,1445.780029296875,343150400.6068384
2024-06-11 18:20:04.177000+00:00,56.79999923706055,1440.0,342381307.40112305
2024-06-11 18:21:04.789000+00:00,56.900001525878906,1441.1500244140625,343258021.9301239
2024-06-11 18:22:04.637000+00:00,56.90999984741211,1440.0,343044373.4802246
2024-06-11 18:23:03.871000+00:00,57.0,1438.8499755859375,343312481.87475586
2024-06-11 18:24:04.179000+00:00,57.09999847412109,1438.8499755859375,343914775.2841278
2024-06-11 18:25:04.457000+00:00,57.09999847412109,1442.31005859375,344741806.37860423
2024-06-11 18:26:04.998000+00:00,57.20000076293945,1438.8499755859375,344517091.66952056
2024-06-11 18:27:04.120000+00:00,57.20000076293945,1442.31005859375,345345571.1878951
2024-06-11 18:28:04.749000+00:00,57.29999923706055,1443.4599609375,346225126.0086278
2024-06-11 18:29:04.524000+00:00,57.400001525878906,1440.0,345998025.1977539
2024-06-11 18:30:04.842000+00:00,57.400001525878906,1442.31005859375,346553077.7752043
2024-06-11 18:31:04.496000+00:00,57.400001525878906,1437.699951171875,345445377.73081666
2024-06-11 18:32:04.572000+00:00,57.5,1440.0,346600800.0
2024-06-11 18:33:04.466000+00:00,57.5,1436.550048828125,345770414.00268555
2024-06-11 18:34:04.813000+00:00,57.59999847412109,1438.8499755859375,346926288.28302914
2024-06-11 18:35:04.492000+00:00,57.58000183105469,1436.550048828125,346251496.8938986
2024-06-11 18:36:04.287000+00:00,57.5,1438.8499755859375,346323994.8736572
2024-06-11 18:37:04.686000+00:00,57.70000076293945,1443.4599609375,348642064.58707535
2024-06-11 18:38:04.469000+00:00,57.59999847412109,1442.31005859375,347760561.33124095
2024-06-11 18:39:04.780000+00:00,57.70000076293945,1441.1500244140625,348084140.529332
2024-06-11 18:40:04.851000+00:00,57.79999923706055,1444.6199951171875,349526958.90096796
2024-06-11 18:41:03.737000+00:00,57.79999923706055,1444.6199951171875,349526958.90096796
2024-06-11 18:42:04.910000+00:00,57.900001525878906,1438.8499755859375,348733214.4631866
2024-06-11 18:43:04.449000+00:00,57.900001525878906,1442.300048828125,349569406.6668884
2024-06-11 18:44:04.639000+00:00,57.900001525878906,1441.1500244140625,349290675.9323212
2024-06-11 18:45:04.252000+00:00,57.900001525878906,1441.1500244140625,349290675.9323212
2024-06-11 18:46:03.877000+00:00,58.0,1443.4599609375,350454756.99609375
2024-06-11 18:47:04.346000+00:00,58.0,1440.0,349614720.0
2024-06-11 18:48:04.509000+00:00,58.09999847412109,1443.4599609375,351058980.11588836
2024-06-11 18:49:04.558000+00:00,58.09999847412109,1444.6199951171875,351341108.0772044
2024-06-11 18:50:04.363000+00:00,58.20000076293945,1444.6199951171875,351945839.8480555
2024-06-11 18:51:04.366000+00:00,58.29999923706055,1444.6199951171875,352550548.5507482
2024-06-11 18:52:04.650000+00:00,58.400001525878906,1444.6199951171875,353155280.32159925
2024-06-11 18:53:04.377000+00:00,58.4900016784668,1444.6199951171875,353699527.3812861
2024-06-11 18:54:03.964000+00:00,58.5,1444.6199951171875,353759989.024292
2024-06-11 18:55:04.924000+00:00,58.59999847412109,1449.280029296875,355507802.21748316
2024-06-11 18:56:04.259000+00:00,58.70000076293945,1445.780029296875,355254471.01211184
2024-06-11 18:57:04.139000+00:00,58.790000915527344,1441.1500244140625,354659734.31223696
2024-06-11 18:58:04.043000+00:00,58.72999954223633,1443.4599609375,354865650.3095712
2024-06-11 18:59:04.435000+00:00,58.79999923706055,1443.4599609375,355288611.10335433
2024-06-11 19:00:05.265000+00:00,58.900001525878906,1445.780029296875,356464882.6699756
2024-06-11 19:01:04.380000+00:00,59.0,1446.93994140625,357356545.0888672
2024-06-11 19:02:04.071000+00:00,59.0,1445.780029296875,357070076.9555664
2024-06-11 19:03:04.600000+00:00,59.20000076293945,1450.43994140625,359435267.04003114
2024-06-11 19:04:04.631000+00:00,59.20000076293945,1445.780029296875,358280488.6134302
2024-06-11 19:05:04.801000+00:00,59.20000076293945,1445.780029296875,358280488.6134302
2024-06-11 19:06:04.788000+00:00,59.29999923706055,1446.93994140625,359173607.64624435
2024-06-11 19:07:04.813000+00:00,59.29999923706055,1444.6199951171875,358597727.8503088
2024-06-11 19:08:03.853000+00:00,59.400001525878906,1445.780029296875,359490900.27129394
2024-06-11 19:09:04.408000+00:00,59.5,1449.27001953125,360965335.95458984
2024-06-11 19:10:04.627000+00:00,59.59999847412109,1436.550048828125,358398541.6861961
2024-06-11 19:11:04.237000+00:00,59.59999847412109,1421.800048828125,354718629.1804092
2024-06-11 19:12:04.388000+00:00,59.59999847412109,1408.449951171875,351387972.14185256
2024-06-11 19:13:05.019000+00:00,59.70000076293945,1384.6199951171875,346022356.6057764
2024-06-11 19:14:04.642000+00:00,59.790000915527344,1360.550048828125,340519750.35191756
2024-06-11 19:15:04.515000+00:00,59.79999923706055,1335.31005859375,334258548.4708192
2024-06-11 19:16:04.235000+00:00,59.900001525878906,1309.0899658203125,328243059.1173257
2024-06-11 19:17:04.604000+00:00,59.900001525878906,1289.4000244140625,323305975.51743853
2024-06-11 19:18:04.784000+00:00,60.0,1258.739990234375,316145135.9472656
2024-06-11 19:19:04.807000+00:00,60.08000183105469,1228.6700439453125,309004234.679125
2024-06-11 19:20:04.756000+00:00,60.09999847412109,1197.6099853515625,301293035.81123745
2024-06-11 19:21:04.366000+00:00,60.130001068115234,1162.7900390625,292679118.49338037
2024-06-11 19:22:03.754000+00:00,60.09999847412109,1122.9000244140625,282497608.90972364
2024-06-11 19:23:04.252000+00:00,60.20000076293945,1081.72998046875,272592929.6888624
2024-06-11 19:24:04.918000+00:00,60.20000076293945,1042.27001953125,262649129.89448112
2024-06-11 19:25:04.423000+00:00,60.20000076293945,1012.3699951171876,255114407.36671513
2024-06-11 19:26:04.202000+00:00,60.09999847412109,973.5,244911760.8819351
2024-06-11 19:27:04.540000+00:00,60.09999847412109,931.6799926757812,234390742.25443655
2024-06-11 19:28:04.558000+00:00,60.0,924.5,232197420.0
2024-06-11 19:29:04.516000+00:00,59.900001525878906,874.22998046875,219205654.80870163
2024-06-11 19:30:04.578000+00:00,59.79999923706055,865.7999877929688,216729474.41922703
2024-06-11 19:31:04.144000+00:00,59.79999923706055,844.280029296875,211342538.2213286
2024-06-11 19:32:04.492000+00:00,59.70000076293945,796.1099853515625,198951231.54380217
2024-06-11 19:33:04.195000+00:00,59.59999847412109,779.9000244140625,194573820.5494789
2024-06-11 19:34:04.402000+00:00,59.59999847412109,749.0599975585938,186879678.14241156
2024-06-11 19:35:04.183000+00:00,59.52999877929688,716.8499755859375,178633691.22619143
2024-06-11 19:36:04.440000+00:00,59.5,688.3400268554688,171442785.46881104
2024-06-11 19:37:04.261000+00:00,59.400001525878906,648.8800048828125,161342979.15071365
2024-06-11 19:38:04.232000+00:00,59.400001525878906,614.3300170898438,152752179.7452903
2024-06-11 19:39:05.338000+00:00,59.29999923706055,592.8900146484375,147172967.86468688
2024-06-11 19:40:04.690000+00:00,59.29999923706055,576.4600219726562,143094554.12124813
2024-06-11 19:41:04.698000+00:00,59.29999923706055,560.0499877929688,139021094.6712393
2024-06-11 19:42:04.616000+00:00,59.20000076293945,536.3499755859375,132913532.78284378
2024-06-11 19:43:04.474000+00:00,59.20000076293945,530.8200073242188,131543144.69428448
2024-06-11 19:44:04.452000+00:00,59.20000076293945,511.510009765625,126757910.96562263
2024-06-11 19:45:03.970000+00:00,59.13999938964844,486.489990234375,120435480.19907281
2024-06-11 19:46:04.238000+00:00,59.09999847412109,460.9299926757813,114030666.36193092
2024-06-11 19:47:04.072000+00:00,59.0,452.1499938964844,111669292.59259033
2024-06-11 19:48:04.429000+00:00,59.0,427.25,105519641.5
2024-06-11 19:49:04.537000+00:00,59.0,414.8399963378906,102454693.2555542
2024-06-11 19:50:04.871000+00:00,58.959999084472656,414.8399963378906,102385230.85673563
2024-06-11 19:51:04.240000+00:00,58.900001525878906,385.5199890136719,95052037.56170452
2024-06-11 19:52:04.563000+00:00,58.900001525878906,385.3599853515625,95012587.79376969
2024-06-11 19:53:03.965000+00:00,58.900001525878906,365.6300048828125,90148054.44128296
2024-06-11 19:54:04.202000+00:00,58.79999923706055,349.0400085449219,85911589.66050303
2024-06-11 19:55:04.894000+00:00,58.79999923706055,349.0400085449219,85911589.66050303
2024-06-11 19:56:03.899000+00:00,58.709999084472656,330.2099914550781,81152426.04710355
2024-06-11 19:57:04.663000+00:00,58.70000076293945,330.2099914550781,81138605.77693713
2024-06-11 19:58:04.785000+00:00,58.70000076293945,308.5400085449219,75813896.5130161
2024-06-11 19:59:04.512000+00:00,58.59999847412109,308.5400085449219,75684738.70931934
2024-06-11 20:00:06.316000+00:00,58.59999847412109,291.6400146484375,71539177.0744551
2024-06-11 20:01:05.024000+00:00,58.59999847412109,291.6400146484375,71539177.0744551
2024-06-11 20:02:03.984000+00:00,58.58000183105469,281.9100036621094,69128811.78958973
2024-06-11 20:03:04.278000+00:00,58.5,281.9100036621094,69034403.606781
2024-06-11 20:04:04.860000+00:00,58.41999816894531,281.6499938964844,68876411.04661949
2024-06-11 20:05:04.295000+00:00,58.5,281.6499938964844,68970732.15536499
2024-06-11 20:06:05.057000+00:00,58.400001525878906,281.5599975585937,68830834.54558432
2024-06-11 20:07:04.029000+00:00,58.400001525878906,265.489990234375,64902321.88444382
2024-06-11 20:08:04.766000+00:00,58.400001525878906,265.489990234375,64902321.88444382
2024-06-11 20:09:03.954000+00:00,58.400001525878906,257.7699890136719,63015071.80871761
2024-06-11 20:10:04.244000+00:00,58.29999923706055,257.7699890136719,62907166.82162386
2024-06-11 20:11:03.717000+00:00,58.29999923706055,258.2099914550781,63014546.6880287
2024-06-11 20:12:04.160000+00:00,58.29999923706055,258.2099914550781,63014546.6880287
2024-06-11 20:13:04.992000+00:00,58.29999923706055,258.2099914550781,63014546.6880287
2024-06-11 20:14:04.358000+00:00,54.84000015258789,0.0,0.0
2024-06-11 20:15:04.855000+00:00,49.09000015258789,0.0,0.0
2024-06-11 20:16:04.353000+00:00,51.209999084472656,0.0,0.0
2024-06-11 20:17:04.654000+00:00,52.43000030517578,0.0,0.0
2024-06-11 20:18:04.201000+00:00,50.59999847412109,0.0,0.0
2024-06-11 20:19:03.802000+00:00,49.0,0.0,0.0
2024-06-11 20:20:04.069000+00:00,52.5099983215332,0.0,0.0
2024-06-11 20:21:04.394000+00:00,54.70000076293945,0.0,0.0
2024-06-11 20:22:04.392000+00:00,56.09999847412109,794.3499755859375,186540853.70295867
2024-06-11 20:23:04.369000+00:00,56.70000076293945,772.8599853515625,183435383.12350455
2024-06-11 20:24:04.363000+00:00,56.79999923706055,749.3800048828125,178176184.59169257
2024-06-11 20:25:04.533000+00:00,56.59999847412109,748.4400024414062,177326088.7419039
2024-06-11 20:26:04.590000+00:00,56.79999923706055,752.8200073242188,178994096.07318684
2024-06-11 20:27:04.367000+00:00,57.290000915527344,752.8200073242188,180538240.59236988
2024-06-11 20:28:04.690000+00:00,57.70000076293945,753.4500122070312,181982441.4446577
2024-06-11 20:29:04.002000+00:00,58.09999847412109,743.1900024414062,180748708.90076697
2024-06-11 20:30:05.095000+00:00,58.20000076293945,722.02001953125,175902273.96819443
2024-06-11 20:31:04.617000+00:00,58.29999923706055,721.1500244140625,175992190.0249893
2024-06-11 20:32:03.621000+00:00,58.400001525878906,703.9500122070312,172089313.96052057
2024-06-11 20:33:04.481000+00:00,58.43000030517578,679.72998046875,166253783.73662284
2024-06-11 20:34:04.351000+00:00,58.40999984741211,656.219970703125,160448577.91483995
2024-06-11 20:35:04.263000+00:00,58.5,654.780029296875,160343188.35424805
2024-06-11 20:36:04.610000+00:00,58.5,655.97998046875,160637033.59716797
2024-06-11 20:37:04.452000+00:00,58.5,643.780029296875,157649497.35424805
2024-06-11 20:38:04.335000+00:00,58.4900016784668,618.5599975585938,151447702.1866891
2024-06-11 20:39:04.005000+00:00,58.45000076293945,603.6199951171875,147688732.28707373
2024-06-11 20:40:04.319000+00:00,58.400001525878906,603.8200073242188,147611292.0152932
2024-06-11 20:41:04.302000+00:00,58.400001525878906,604.030029296875,147662634.49212295
2024-06-11 20:42:04.696000+00:00,58.400001525878906,549.4500122070312,134319872.17367822
2024-06-11 20:43:04.932000+00:00,58.400001525878906,533.1799926757812,130342464.0471
2024-06-11 20:44:04.635000+00:00,58.29999923706055,533.8099975585938,130273018.57737988
2024-06-11 20:45:04.222000+00:00,58.29999923706055,533.8099975585938,130273018.57737988
2024-06-11 20:46:03.796000+00:00,58.29999923706055,535.5499877929688,130697652.4005827
2024-06-11 20:47:04.046000+00:00,58.209999084472656,535.8699951171875,130573864.19875263
2024-06-11 20:48:04.299000+00:00,58.20000076293945,534.760009765625,130281016.03899643
2024-06-11 20:49:03.771000+00:00,58.20000076293945,538.1199951171875,131099593.15299858
2024-06-11 20:50:04.386000+00:00,58.20000076293945,538.4400024414062,131177555.00238484
2024-06-11 20:51:04.613000+00:00,58.20000076293945,536.989990234375,130824295.48381355
2024-06-11 20:52:04.633000+00:00,58.09999847412109,539.5700073242188,131226983.49688712
2024-06-11 20:53:04.041000+00:00,58.09999847412109,534.9199829101562,130096066.89892721
2024-06-11 20:54:04.302000+00:00,58.09999847412109,534.9199829101562,130096066.89892721
2024-06-11 20:55:04.609000+00:00,58.06999969482422,536.989990234375,130532073.86997555
2024-06-11 20:56:04.493000+00:00,58.08000183105469,533.1799926757812,129628259.46443014
2024-06-11 20:57:04.331000+00:00,58.0,539.4099731445312,130962268.55981445
2024-06-11 20:58:03.690000+00:00,58.0,539.0800170898438,130882159.18920898
2024-06-11 20:59:04.229000+00:00,58.0,540.3800048828125,131197780.62548828
2024-06-11 21:00:06.115000+00:00,58.0,540.5399780273438,131236620.18530273
2024-06-11 21:01:04.650000+00:00,57.900001525878906,539.72998046875,130814034.97565567
2024-06-11 21:02:04.774000+00:00,57.900001525878906,480.6400146484375,116492435.03633896
2024-06-11 21:03:04.162000+00:00,57.720001220703125,343.510009765625,82997488.79401965
2024-06-11 21:04:03.936000+00:00,57.70000076293945,343.510009765625,82968729.47776863
2024-06-11 21:05:04.277000+00:00,57.5,241.63999938964844,58161539.65309143
2024-06-11 21:06:04.633000+00:00,57.400001525878906,241.63999938964844,58060390.69278112
2024-06-11 21:07:04.511000+00:00,57.29999923706055,241.63999938964844,57959237.87388532
2024-06-11 21:08:03.765000+00:00,57.20000076293945,198.17999267578125,47452059.53521534
2024-06-11 21:09:04.757000+00:00,57.09999847412109,166.0399932861328,39686977.75869535
2024-06-11 21:10:04.542000+00:00,57.0,166.0399932861328,39617474.47805786
2024-06-11 21:11:04.366000+00:00,56.900001525878906,166.0399932861328,39547971.197420366
2024-06-11 21:12:04.323000+00:00,56.5,166.0399932861328,39269952.772109985
2024-06-11 21:13:05.114000+00:00,56.400001525878906,135.42999267578125,31973722.007858198
2024-06-11 21:14:04.397000+00:00,56.29999923706055,110.77999877929688,26107721.362520542
2024-06-11 21:15:04.574000+00:00,56.20000076293945,96.3000030517578,22654884.185485695
2024-06-11 21:16:04.354000+00:00,56.09999847412109,96.3000030517578,22614572.081558507
2024-06-11 21:17:03.974000+00:00,56.0,96.3000030517578,22574261.515380856
2024-06-11 21:18:04.608000+00:00,55.900001525878906,96.3000030517578,22533950.9492032
2024-06-11 21:19:04.468000+00:00,55.79999923706055,96.3000030517578,22493638.845276017
2024-06-11 21:20:04.483000+00:00,55.70000076293945,96.3000030517578,22453328.279098365
2024-06-11 21:21:04.206000+00:00,55.59999847412109,96.3000030517578,22413016.175171178
2024-06-11 21:22:04.456000+00:00,55.29999923706055,83.52999877929688,19336008.324657764
2024-06-11 21:23:04.648000+00:00,55.09999847412109,73.1500015258789,16871944.9747087
2024-06-11 21:24:04.967000+00:00,54.900001525878906,65.25,14995194.266773224
2024-06-11 21:25:03.851000+00:00,54.79999923706055,58.9900016784668,13531881.468633922
2024-06-11 21:26:04.954000+00:00,54.79999923706055,58.9900016784668,13531881.468633922
2024-06-11 21:27:04.655000+00:00,54.70000076293945,58.9900016784668,13507188.630719868
2024-06-11 21:28:04.676000+00:00,54.70000076293945,58.9900016784668,13507188.630719868
2024-06-11 21:29:04.339000+00:00,54.70000076293945,58.9900016784668,13507188.630719868
2024-06-11 21:30:04.973000+00:00,54.70000076293945,58.9900016784668,13507188.630719868
2024-06-11 21:31:03.974000+00:00,54.70000076293945,58.9900016784668,13507188.630719868
2024-06-11 21:32:04.722000+00:00,54.70000076293945,58.9900016784668,13507188.630719868
2024-06-11 21:33:03.647000+00:00,54.70000076293945,82.52999877929688,18897240.71006361
2024-06-11 21:34:03.804000+00:00,54.70000076293945,82.52999877929688,18897240.71006361
2024-06-11 21:35:04.515000+00:00,54.59999847412109,82.52999877929688,18862692.861855198
2024-06-11 21:36:04.540000+00:00,54.59999847412109,82.52999877929688,18862692.861855198
2024-06-11 21:37:04.659000+00:00,54.59999847412109,82.52999877929688,18862692.861855198
2024-06-11 21:38:04.684000+00:00,54.59999847412109,113.25,25883920.976634976
2024-06-11 21:39:05.018000+00:00,54.70000076293945,113.25,25931328.51168251
2024-06-11 21:40:04.376000+00:00,54.70000076293945,113.25,25931328.51168251
2024-06-11 21:41:04.637000+00:00,54.7599983215332,113.25,25959771.224298477
2024-06-11 21:42:04.867000+00:00,54.79999923706055,113.25,25978734.23831749
2024-06-11 21:43:04.413000+00:00,54.810001373291016,133.22999572753906,30567579.537434824
2024-06-11 21:44:04.471000+00:00,54.900001525878906,133.22999572753906,30617772.6911236
2024-06-11 21:45:04.024000+00:00,54.900001525878906,133.22999572753906,30617772.6911236
2024-06-11 21:46:03.833000+00:00,55.0,133.22999572753906,30673541.91635132
2024-06-11 21:47:04.299000+00:00,55.0,148.80999755859375,34260525.73791504
2024-06-11 21:48:04.565000+00:00,55.09999847412109,148.80999755859375,34322816.65239464
2024-06-11 21:49:04.251000+00:00,55.09999847412109,148.80999755859375,34322816.65239464
2024-06-11 21:50:04.489000+00:00,55.09999847412109,148.80999755859375,34322816.65239464
2024-06-11 21:51:04.859000+00:00,55.09999847412109,152.74000549316406,35229267.45538992
2024-06-11 21:52:04.987000+00:00,55.15999984741211,152.74000549316406,35267630.51321019
2024-06-11 21:53:03.946000+00:00,55.20000076293945,152.74000549316406,35293205.88509038
2024-06-11 21:54:04.539000+00:00,55.11000061035156,152.1199951171875,35092632.03743793
2024-06-11 21:55:04.538000+00:00,55.18999862670898,152.1199951171875,35143572.71827015
2024-06-11 21:56:04.706000+00:00,55.20000076293945,152.1199951171875,35149941.821562424
2024-06-11 21:57:04.181000+00:00,55.20000076293945,152.1199951171875,35149941.821562424
2024-06-11 21:58:04.444000+00:00,55.20000076293945,152.1699981689453,35161495.88688325
2024-06-11 21:59:04.617000+00:00,55.20000076293945,152.1699981689453,35161495.88688325
2024-06-11 22:00:04.984000+00:00,55.20000076293945,152.1699981689453,35161495.88688325
2024-06-11 22:01:05.012000+00:00,55.20000076293945,152.1699981689453,35161495.88688325
2024-06-11 22:02:04.026000+00:00,55.20000076293945,146.57000732421875,33867521.664482154
2024-06-11 22:03:04.177000+00:00,55.20000076293945,141.3000030517578,32649796.516425945
2024-06-11 22:04:04.250000+00:00,55.20000076293945,141.3000030517578,32649796.516425945
2024-06-11 22:05:04.645000+00:00,55.20000076293945,141.3000030517578,32649796.516425945
2024-06-11 22:06:04.814000+00:00,55.20000076293945,141.3000030517578,32649796.516425945
2024-06-11 22:07:04.563000+00:00,55.20000076293945,141.7100067138672,32744534.915928718
2024-06-11 22:08:04.206000+00:00,55.20000076293945,141.7100067138672,32744534.915928718
2024-06-11 22:09:04.254000+00:00,55.20000076293945,141.7100067138672,32744534.915928718
2024-06-11 22:10:04.425000+00:00,55.20000076293945,141.7100067138672,32744534.915928718
2024-06-11 22:11:04.147000+00:00,55.20000076293945,141.92999267578125,32795366.45689007
2024-06-11 22:12:04.152000+00:00,55.20000076293945,141.92999267578125,32795366.45689007
2024-06-11 22:13:04.208000+00:00,55.20000076293945,141.92999267578125,32795366.45689007
2024-06-11 22:14:04.467000+00:00,55.20000076293945,141.92999267578125,32795366.45689007
2024-06-11 22:15:04.969000+00:00,55.20000076293945,140.4199981689453,32446456.24935769
2024-06-11 22:16:03.983000+00:00,55.20000076293945,140.4199981689453,32446456.24935769
2024-06-11 22:17:04.325000+00:00,55.20000076293945,140.4199981689453,32446456.24935769
2024-06-11 22:18:04.675000+00:00,55.130001068115234,140.4199981689453,32405310.560875975
2024-06-11 22:19:04.034000+00:00,55.09999847412109,140.4199981689453,32387675.092761055
2024-06-11 22:20:04.324000+00:00,55.09999847412109,135.30999755859375,31209060.638623577
2024-06-11 22:21:04.030000+00:00,55.09999847412109,135.30999755859375,31209060.638623577
2024-06-11 22:22:04.369000+00:00,55.09999847412109,135.30999755859375,31209060.638623577
2024-06-11 22:23:04.829000+00:00,55.09999847412109,135.30999755859375,31209060.638623577
2024-06-11 22:24:04.366000+00:00,55.09999847412109,135.5,31252884.434516903
2024-06-11 22:25:04.598000+00:00,55.09999847412109,135.5,31252884.434516903
2024-06-11 22:26:05.207000+00:00,55.09999847412109,135.5,31252884.434516903
2024-06-11 22:27:04.457000+00:00,55.09999847412109,135.5,31252884.434516903
2024-06-11 22:28:04.210000+00:00,55.09999847412109,135.5,31252884.434516903
2024-06-11 22:29:04.350000+00:00,55.09999847412109,135.47999572753906,31248270.47720754
2024-06-11 22:30:04.643000+00:00,55.09999847412109,135.47999572753906,31248270.47720754
2024-06-11 22:31:04.294000+00:00,55.0,135.47999572753906,31191559.41635132
2024-06-11 22:32:04.320000+00:00,55.0,135.47999572753906,31191559.41635132
2024-06-11 22:33:04.211000+00:00,55.0,135.3800048828125,31168538.524169922
2024-06-11 22:34:04.475000+00:00,55.0,135.3800048828125,31168538.524169922
2024-06-11 22:35:04.216000+00:00,55.0,135.3800048828125,31168538.524169922
2024-06-11 22:36:04.290000+00:00,55.0,135.3800048828125,31168538.524169922
2024-06-11 22:37:04.939000+00:00,55.0,139.02999877929688,32008876.61895752
2024-06-11 22:38:04.022000+00:00,55.0,139.02999877929688,32008876.61895752
2024-06-11 22:39:04.423000+00:00,55.0,139.02999877929688,32008876.61895752
2024-06-11 22:40:04.503000+00:00,55.0,139.02999877929688,32008876.61895752
2024-06-11 22:41:04.505000+00:00,55.0,139.02999877929688,32008876.61895752
2024-06-11 22:42:04.650000+00:00,55.0,140.94000244140625,32448616.76208496
2024-06-11 22:43:04.395000+00:00,55.0,140.94000244140625,32448616.76208496
2024-06-11 22:44:04.386000+00:00,55.0,140.94000244140625,32448616.76208496
2024-06-11 22:45:04.083000+00:00,55.0,140.94000244140625,32448616.76208496
2024-06-11 22:46:04.402000+00:00,55.0,140.97000122070312,32455523.38104248
2024-06-11 22:47:04.633000+00:00,55.0,140.97000122070312,32455523.38104248
2024-06-11 22:48:04.158000+00:00,55.0,140.97000122070312,32455523.38104248
2024-06-11 22:49:04.087000+00:00,54.9900016784668,140.97000122070312,32449623.367255352
2024-06-11 22:50:04.483000+00:00,55.0,141.0399932861328,32471637.654266357
2024-06-11 22:51:04.445000+00:00,54.900001525878906,141.0399932861328,32412599.213945635
2024-06-11 22:52:05.010000+00:00,54.900001525878906,141.0399932861328,32412599.213945635
2024-06-11 22:53:03.866000+00:00,55.0,141.0399932861328,32471637.654266357
2024-06-11 22:54:04.908000+00:00,55.0,150.1999969482422,34580545.2973938
2024-06-11 22:55:04.203000+00:00,55.0,150.1999969482422,34580545.2973938
2024-06-11 22:56:04.636000+00:00,55.0,150.1999969482422,34580545.2973938
2024-06-11 22:57:04.062000+00:00,55.0,150.1999969482422,34580545.2973938
2024-06-11 22:58:03.877000+00:00,55.0,152.49000549316406,35107773.96469116
2024-06-11 22:59:04.269000+00:00,55.0,152.49000549316406,35107773.96469116
2024-06-11 23:00:05.833000+00:00,55.0,152.49000549316406,35107773.96469116
2024-06-12 00:00:07.028000+00:00,55.0,159.4499969482422,36710172.7973938
2024-06-12 00:01:04.368000+00:00,55.0,159.4499969482422,36710172.7973938
2024-06-12 00:02:04.251000+00:00,55.0,159.4499969482422,36710172.7973938
2024-06-12 00:03:04.201000+00:00,55.0,171.39999389648438,39461420.5947876
2024-06-12 00:04:04.448000+00:00,55.0,171.39999389648438,39461420.5947876
2024-06-12 00:05:04.340000+00:00,55.0,171.39999389648438,39461420.5947876
2024-06-12 00:06:05.092000+00:00,55.0,171.39999389648438,39461420.5947876
2024-06-12 00:07:04.517000+00:00,55.0,171.27999877929688,39433794.11895752
2024-06-12 00:08:04.229000+00:00,55.0,171.27999877929688,39433794.11895752
2024-06-12 00:09:04.005000+00:00,55.0,171.27999877929688,39433794.11895752
2024-06-12 00:10:04.867000+00:00,55.0,171.14999389648438,39403863.0947876
2024-06-12 00:11:04.209000+00:00,55.0,171.14999389648438,39403863.0947876
2024-06-12 00:12:04.649000+00:00,55.0,171.14999389648438,39403863.0947876
2024-06-12 00:13:04.569000+00:00,55.0,171.14999389648438,39403863.0947876
2024-06-12 00:14:03.981000+00:00,55.0,172.27000427246094,39661723.08364868
2024-06-12 00:15:04.040000+00:00,55.0,172.27000427246094,39661723.08364868
2024-06-12 00:16:04.064000+00:00,55.0,172.27000427246094,39661723.08364868
2024-06-12 00:17:04.194000+00:00,55.0,181.77999877929688,41851209.11895752
2024-06-12 00:18:04.360000+00:00,55.0,181.77999877929688,41851209.11895752
2024-06-12 00:19:04.132000+00:00,55.0,181.77999877929688,41851209.11895752
2024-06-12 00:20:04.256000+00:00,55.0,181.6300048828125,41816676.02416992
2024-06-12 00:21:04.327000+00:00,55.0,181.6300048828125,41816676.02416992
2024-06-12 00:22:04.303000+00:00,54.91999816894531,181.6300048828125,41755850.37597802
2024-06-12 00:23:04.102000+00:00,55.0,181.6300048828125,41816676.02416992
2024-06-12 00:24:04.608000+00:00,54.900001525878906,181.5200042724609,41715367.46928823
2024-06-12 00:25:03.779000+00:00,54.900001525878906,181.5200042724609,41715367.46928823
2024-06-12 00:26:04.335000+00:00,54.900001525878906,181.5200042724609,41715367.46928823
2024-06-12 00:27:04.667000+00:00,54.900001525878906,181.3800048828125,41683194.01265976
2024-06-12 00:28:04.193000+00:00,54.900001525878906,181.3800048828125,41683194.01265976
2024-06-12 00:29:04.091000+00:00,54.900001525878906,181.3800048828125,41683194.01265976
2024-06-12 00:30:04.297000+00:00,54.900001525878906,197.259994506836,45332596.76157279
2024-06-12 00:31:04.075000+00:00,54.900001525878906,197.259994506836,45332596.76157279
2024-06-12 00:32:04.451000+00:00,54.900001525878906,197.259994506836,45332596.76157279
2024-06-12 00:33:04.539000+00:00,54.900001525878906,202.0,46421904.09024048
2024-06-12 00:34:04.100000+00:00,54.900001525878906,202.0,46421904.09024048
2024-06-12 00:35:04.616000+00:00,54.900001525878906,202.0,46421904.09024048
2024-06-12 00:36:04.009000+00:00,54.900001525878906,202.1600036621093,46458674.75685694
2024-06-12 00:37:04.779000+00:00,54.900001525878906,202.1600036621093,46458674.75685694
2024-06-12 00:38:04.401000+00:00,54.900001525878906,202.1600036621093,46458674.75685694
2024-06-12 00:39:04.585000+00:00,54.900001525878906,216.7899932861328,49820813.247785814
2024-06-12 00:40:04.115000+00:00,54.900001525878906,216.7899932861328,49820813.247785814
2024-06-12 00:41:04.042000+00:00,54.900001525878906,224.5500030517578,51604152.00560351
2024-06-12 00:42:04.934000+00:00,54.900001525878906,224.5500030517578,51604152.00560351
2024-06-12 00:43:04.093000+00:00,54.810001373291016,224.5500030517578,51519554.89402631
2024-06-12 00:44:03.783000+00:00,54.900001525878906,226.7899932861328,52118927.311659105
2024-06-12 00:45:04.077000+00:00,54.900001525878906,226.7899932861328,52118927.311659105
2024-06-12 00:46:04.007000+00:00,54.900001525878906,247.5200042724609,56882920.29085195
2024-06-12 00:47:04.390000+00:00,54.900001525878906,247.5200042724609,56882920.29085195
2024-06-12 00:48:04.362000+00:00,54.900001525878906,247.5200042724609,56882920.29085195
2024-06-12 00:49:03.913000+00:00,54.79999923706055,247.6300048828125,56804539.393234864
2024-06-12 00:50:04.303000+00:00,54.84000015258789,247.6300048828125,56846003.510269046
2024-06-12 00:51:04.674000+00:00,54.869998931884766,247.0200042724609,56736991.13326504
2024-06-12 00:52:04.504000+00:00,54.79999923706055,247.0200042724609,56664609.64717274
2024-06-12 00:53:04.478000+00:00,54.79999923706055,267.260009765625,61307521.114625245
2024-06-12 00:54:04.066000+00:00,54.79999923706055,267.260009765625,61307521.114625245
2024-06-12 00:55:05.163000+00:00,54.79999923706055,267.260009765625,61307521.114625245
2024-06-12 00:56:04.619000+00:00,54.79999923706055,270.4700012207031,62043870.03223005
2024-06-12 00:57:04.492000+00:00,54.79999923706055,270.4700012207031,62043870.03223005
2024-06-12 00:58:04.080000+00:00,54.79999923706055,284.8599853515625,65344828.73800667
2024-06-12 00:59:04.391000+00:00,54.720001220703125,284.8599853515625,65249437.191454954
2024-06-12 01:00:06.120000+00:00,54.790000915527344,294.54998779296875,67555317.70613854
2024-06-12 01:01:05.364000+00:00,54.79999923706055,294.54998779296875,67567645.49910107
2024-06-12 01:02:04.139000+00:00,54.79999923706055,305.9100036621094,70173551.3110876
2024-06-12 01:03:03.915000+00:00,54.790000915527344,305.9100036621094,70160748.06767695
2024-06-12 01:04:04.632000+00:00,54.70000076293945,312.3399963378906,71517801.78698061
2024-06-12 01:05:04.448000+00:00,54.70000076293945,326.57000732421875,74776107.21401219
2024-06-12 01:06:04.786000+00:00,54.70000076293945,326.6199951171875,74787553.12907661
2024-06-12 01:07:04.477000+00:00,54.70000076293945,338.2200012207031,77443655.28367075
2024-06-12 01:08:03.915000+00:00,54.70000076293945,338.2200012207031,77443655.28367075
2024-06-12 01:09:03.631000+00:00,54.70000076293945,359.3500061035156,82281881.31519099
2024-06-12 01:10:04.569000+00:00,54.70000076293945,359.3500061035156,82281881.31519099
2024-06-12 01:11:04.619000+00:00,54.70000076293945,369.6900024414063,84649473.7376849
2024-06-12 01:12:04.210000+00:00,54.70000076293945,389.6900024414063,89228957.8015582
2024-06-12 01:13:04.734000+00:00,54.70000076293945,389.6900024414063,89228957.8015582
2024-06-12 01:14:04.799000+00:00,54.70000076293945,399.7300109863281,91527860.75818926
2024-06-12 01:15:04.908000+00:00,54.70000076293945,400.7099914550781,91752251.00516665
2024-06-12 01:16:04.685000+00:00,54.650001525878906,400.7099914550781,91668383.68368839
2024-06-12 01:17:04.578000+00:00,54.70000076293945,415.4200134277344,95120466.5653169
2024-06-12 01:18:04.560000+00:00,54.70000076293945,434.6799926757813,99530504.96716496
2024-06-12 01:19:05.063000+00:00,54.59999847412109,457.7799987792969,104628179.36500995
2024-06-12 01:20:04.509000+00:00,54.59999847412109,457.7799987792969,104628179.36500995
2024-06-12 01:21:04.880000+00:00,54.59999847412109,468.75,107135434.50593947
2024-06-12 01:22:04.352000+00:00,54.59999847412109,468.3800048828125,107050870.05229689
2024-06-12 01:23:04.484000+00:00,54.59999847412109,487.010009765625,111308861.87729506
2024-06-12 01:24:04.672000+00:00,54.59999847412109,500.4200134277344,114373793.22463655
2024-06-12 01:25:04.191000+00:00,54.59999847412109,516.2000122070312,117980400.21284598
2024-06-12 01:26:04.896000+00:00,54.59999847412109,528.0599975585938,120691066.20510992
2024-06-12 01:27:03.867000+00:00,54.59999847412109,535.5499877929688,122402945.3692806
2024-06-12 01:28:04.856000+00:00,54.5,542.8200073242188,123837328.0109253
2024-06-12 01:29:04.065000+00:00,54.59999847412109,569.7999877929688,130230974.45051458
2024-06-12 01:30:04.748000+00:00,54.5,571.0700073242188,130282198.2609253
2024-06-12 01:31:03.916000+00:00,54.5,581.2100219726562,132595510.78277588
2024-06-12 01:32:04.234000+00:00,54.5,602.4099731445312,137432004.04327393
2024-06-12 01:33:03.954000+00:00,54.5,606.469970703125,138358239.70629883
2024-06-12 01:34:04.373000+00:00,54.5,637.1699829101562,145362048.39117432
2024-06-12 01:35:04.704000+00:00,54.5,636.27001953125,145156733.44580078
2024-06-12 01:36:04.575000+00:00,54.5,662.739990234375,151195513.1520996
2024-06-12 01:37:03.930000+00:00,54.5,667.9000244140625,152372707.86975098
2024-06-12 01:38:04.031000+00:00,54.5,691.239990234375,157697417.6520996
2024-06-12 01:39:04.470000+00:00,54.47999954223633,706.7100219726562,161167537.16553947
2024-06-12 01:40:04.268000+00:00,54.5,721.4400024414062,164587157.8369751
2024-06-12 01:41:03.878000+00:00,54.470001220703125,734.989990234375,167586115.11482435
2024-06-12 01:42:04.570000+00:00,54.47999954223633,740.739990234375,168928182.98071215
2024-06-12 01:43:04.641000+00:00,54.400001525878906,772.2000122070312,175844156.19206125
2024-06-12 01:44:04.170000+00:00,54.400001525878906,771.8699951171875,175769005.22628143
2024-06-12 01:45:04.173000+00:00,54.400001525878906,803.9299926757812,183069656.77910605
2024-06-12 01:46:04.127000+00:00,54.400001525878906,807.1699829101562,183807462.19198844
2024-06-12 01:47:04.385000+00:00,54.400001525878906,817.0700073242188,186061879.97475442
2024-06-12 01:48:04.401000+00:00,54.29999923706055,840.72998046875,191097753.72954124
2024-06-12 01:49:04.787000+00:00,54.400001525878906,876.3400268554688,199558754.36895654
2024-06-12 01:50:04.330000+00:00,54.400001525878906,896.8599853515625,204231526.61682114
2024-06-12 01:51:04.330000+00:00,54.29999923706055,907.260009765625,206220015.87024048
2024-06-12 01:52:04.719000+00:00,54.38999938964844,908.6300048828124,206873733.3304143
2024-06-12 01:53:04.383000+00:00,54.29999923706055,933.1300048828124,212100260.50375807
2024-06-12 01:54:04.880000+00:00,54.29999923706055,944.3900146484376,214659658.43552202
2024-06-12 01:55:04.281000+00:00,54.29999923706055,974.030029296875,221396827.74244866
2024-06-12 01:56:04.229000+00:00,54.29999923706055,972.969970703125,221155876.63948646
2024-06-12 01:57:04.227000+00:00,54.29999923706055,1007.27001953125,228952270.76856667
2024-06-12 01:58:04.195000+00:00,54.29999923706055,1009.530029296875,229465970.52907357
2024-06-12 01:59:04.108000+00:00,54.29999923706055,1036.27001953125,235543964.8759504
2024-06-12 02:00:05.897000+00:00,54.29999923706055,1061.949951171875,241381008.11986503
2024-06-12 02:01:04.035000+00:00,54.29999923706055,1312.9100341796875,298424183.9940419
2024-06-12 02:02:03.824000+00:00,54.29999923706055,1352.3699951171875,307393425.0971216
2024-06-12 02:03:04.605000+00:00,54.29999923706055,1415.0899658203125,321649661.6936412
2024-06-12 02:04:03.817000+00:00,54.29999923706055,1442.31005859375,327836783.25009316
2024-06-12 02:05:03.888000+00:00,54.29999923706055,1483.9200439453125,337294724.4656179
2024-06-12 02:06:04.405000+00:00,54.29999923706055,1493.780029296875,339535897.1325415
2024-06-12 02:07:04.223000+00:00,54.20000076293945,1498.75,340038203.28650475
2024-06-12 02:08:04.292000+00:00,54.20000076293945,1500.0,340321804.7904968
2024-06-12 02:09:04.526000+00:00,54.20000076293945,1505.02001953125,341460752.8618025
2024-06-12 02:10:04.477000+00:00,54.18000030517578,1498.75,339912725.0646019
2024-06-12 02:11:04.479000+00:00,54.09999847412109,1505.02001953125,340830737.06203943
2024-06-12 02:12:04.118000+00:00,54.0,1506.280029296875,340485562.9423828
2024-06-12 02:13:04.338000+00:00,54.0,1505.02001953125,340200745.2949219
2024-06-12 02:14:04.318000+00:00,54.06999969482422,1502.5,340071370.6306076
2024-06-12 02:15:04.603000+00:00,54.09999847412109,1497.5,339127733.9349746
2024-06-12 02:16:04.484000+00:00,54.29999923706055,1500.0,340949695.2095032
2024-06-12 02:17:04.430000+00:00,54.5,1492.5400390625,340503606.89160156
2024-06-12 02:18:04.457000+00:00,54.79999923706055,1497.5,343515713.21748734
2024-06-12 02:19:04.186000+00:00,55.20000076293945,1501.25,346889638.7944889
2024-06-12 02:20:04.803000+00:00,55.59999847412109,1500.0,349112390.4190063
2024-06-12 02:21:04.597000+00:00,55.79999923706055,1500.0,350368195.2095032
2024-06-12 02:22:04.781000+00:00,56.09999847412109,1500.0,352251890.4190063
2024-06-12 02:23:04.521000+00:00,56.2400016784668,1502.489990234375,353717165.65115815
2024-06-12 02:24:04.697000+00:00,56.400001525878906,1500.0,354135609.58099365
2024-06-12 02:25:04.505000+00:00,56.29999923706055,1502.510009765625,354099233.72096944
2024-06-12 02:26:04.687000+00:00,56.43000030517578,1500.0,354323971.91619873
2024-06-12 02:27:03.858000+00:00,56.5,1490.530029296875,352523766.6989746
2024-06-12 02:28:04.436000+00:00,56.70000076293945,1500.0,356019304.7904968
2024-06-12 02:29:04.237000+00:00,56.5099983215332,1501.25,355121968.0271244
2024-06-12 02:30:05.006000+00:00,56.79999923706055,1503.760009765625,357541193.1674168
2024-06-12 02:31:04.650000+00:00,56.79999923706055,1502.449951171875,357229707.3520695
2024-06-12 02:32:04.172000+00:00,56.900001525878906,1498.75,356977380.3230095
2024-06-12 02:33:03.919000+00:00,57.0,1506.280029296875,359401427.55029297
2024-06-12 02:34:04.469000+00:00,57.09999847412109,1501.25,358829666.1610221
2024-06-12 02:35:04.499000+00:00,57.20000076293945,1499.1700439453125,358960080.7740767
2024-06-12 02:36:04.368000+00:00,57.29999923706055,1505.02001953125,360990786.0341936
2024-06-12 02:37:04.350000+00:00,57.400001525878906,1502.8299560546875,361094581.252048
2024-06-12 02:38:04.646000+00:00,57.400001525878906,1502.5,361015300.596962
2024-06-12 02:39:04.618000+00:00,57.5,1502.5,361644237.5
2024-06-12 02:40:04.420000+00:00,57.5,1505.02001953125,362250793.6010742
2024-06-12 02:41:03.932000+00:00,57.5,1500.4300537109375,361146011.7779541
2024-06-12 02:42:04.215000+00:00,57.59999847412109,1498.75,361368998.42699045
2024-06-12 02:43:03.866000+00:00,57.59999847412109,1495.02001953125,360469649.43206507
2024-06-12 02:44:04.189000+00:00,57.70000076293945,1496.260009765625,361394976.7092655
2024-06-12 02:45:04.156000+00:00,57.79999923706055,1498.75,362623756.71349525
2024-06-12 02:46:04.013000+00:00,57.79999923706055,1500.0,362926195.2095032
2024-06-12 02:47:04.179000+00:00,57.900001525878906,1496.260009765625,362647650.3679938
2024-06-12 02:48:04.774000+00:00,57.90999984741211,1493.780029296875,362109098.1105659
2024-06-12 02:49:04.475000+00:00,58.09999847412109,1495.02001953125,363598726.332944
2024-06-12 02:50:04.100000+00:00,58.09999847412109,1492.5400390625,362995578.73091334
2024-06-12 02:51:04.270000+00:00,58.20000076293945,1493.780029296875,363922463.1640894
2024-06-12 02:52:04.514000+00:00,58.20000076293945,1498.75,365133273.28650475
2024-06-12 02:53:03.993000+00:00,58.20000076293945,1496.260009765625,364526648.9097049
2024-06-12 02:54:04.182000+00:00,58.29999923706055,1500.0,366065695.2095032
2024-06-12 02:55:04.631000+00:00,58.400001525878906,1501.25,366999187.5889778
2024-06-12 02:56:04.650000+00:00,58.5,1497.5,366709297.5
2024-06-12 02:57:03.884000+00:00,58.59999847412109,1500.0,367949390.4190063
2024-06-12 02:58:03.831000+00:00,58.70000076293945,1502.5,369191600.298481
2024-06-12 02:59:04.627000+00:00,58.79999923706055,1496.260009765625,368284645.9931271
2024-06-12 03:00:06.768000+00:00,58.900001525878906,1497.5,369216721.0650253
2024-06-12 03:01:04.833000+00:00,58.900001525878906,1500.0,369833109.58099365
2024-06-12 03:02:03.716000+00:00,59.0,1497.5,369843565.0
2024-06-12 03:03:04.185000+00:00,59.09999847412109,1495.02001953125,369856880.1347018
2024-06-12 03:04:03.900000+00:00,59.18000030517578,1493.780029296875,370050364.2402939
2024-06-12 03:05:04.575000+00:00,59.20000076293945,1496.260009765625,370789993.31058383
2024-06-12 03:06:04.850000+00:00,59.20000076293945,1498.75,371407040.78650475
2024-06-12 03:07:03.846000+00:00,59.29999923706055,1496.260009765625,371416318.19356656
2024-06-12 03:08:04.805000+00:00,59.29999923706055,1492.5400390625,370492910.62180436
2024-06-12 03:09:04.428000+00:00,59.400001525878906,1481.47998046875,368367636.23828614
2024-06-12 03:10:05.003000+00:00,59.5,1464.6099853515625,364786015.2215576
2024-06-12 03:11:04.488000+00:00,59.5,1456.31005859375,362718777.36376953
2024-06-12 03:12:04.466000+00:00,59.59999847412109,1428.5699462890625,356407621.0671481
2024-06-12 03:13:04.591000+00:00,59.70000076293945,1407.3499755859375,351702674.26342696
2024-06-12 03:14:04.521000+00:00,59.70000076293945,1383.550048828125,345754972.5309483
2024-06-12 03:15:05.032000+00:00,59.79999923706055,1357.469970703125,339805679.6470205
2024-06-12 03:16:04.336000+00:00,59.79999923706055,1314.8299560546875,329131911.9243605
2024-06-12 03:17:04.474000+00:00,59.900001525878906,1293.0999755859375,324233706.4778389
2024-06-12 03:18:04.365000+00:00,59.900001525878906,1255.22998046875,314738130.642274
2024-06-12 03:19:04.193000+00:00,60.0,1226.989990234375,308170805.9472656
2024-06-12 03:20:04.158000+00:00,59.900001525878906,1186.550048828125,297517227.99211806
2024-06-12 03:21:04.350000+00:00,60.0,1154.5899658203125,289986815.8154297
2024-06-12 03:22:04.489000+00:00,60.0099983215332,1111.1099853515625,279112887.17815757
2024-06-12 03:23:03.992000+00:00,60.0,1100.8199462890625,276481937.70996094
2024-06-12 03:24:04.122000+00:00,59.95000076293945,1045.300048828125,262318782.30178985
2024-06-12 03:25:04.150000+00:00,59.900001525878906,1014.0800170898438,254271849.67439416
2024-06-12 03:26:04.328000+00:00,59.79999923706055,971.9199829101562,243293728.39403605
2024-06-12 03:27:04.505000+00:00,59.70000076293945,961.030029296875,240165443.71661964
2024-06-12 03:28:04.300000+00:00,59.59999847412109,915.0999755859376,228304260.62399825
2024-06-12 03:29:04.334000+00:00,59.54999923706055,906.7999877929688,226043742.90106145
2024-06-12 03:30:05.030000+00:00,59.5,873.7899780273438,217632248.45733643
2024-06-12 03:31:04.416000+00:00,59.400001525878906,866.6300048828125,215486169.64155456
2024-06-12 03:32:04.394000+00:00,59.400001525878906,840.72998046875,209046169.84560502
2024-06-12 03:33:03.977000+00:00,59.29999923706055,806.0900268554688,200095563.5739465
2024-06-12 03:34:04.412000+00:00,59.29999923706055,785.0,194860390.49297333
2024-06-12 03:35:04.151000+00:00,59.29999923706055,764.3300170898438,189729484.83519483
2024-06-12 03:36:04.433000+00:00,59.20000076293945,737.25,182698809.5545292
2024-06-12 03:37:04.365000+00:00,59.20000076293945,690.4500122070312,171101248.2701048
2024-06-12 03:38:04.424000+00:00,59.20000076293945,673.9099731445312,167002441.28915647
2024-06-12 03:39:04.462000+00:00,59.13999938964844,655.02001953125,162156780.56242567
2024-06-12 03:40:04.040000+00:00,59.09999847412109,623.0499877929688,154137952.43044546
2024-06-12 03:41:04.525000+00:00,59.0,618.5599975585938,152768236.83703613
2024-06-12 03:42:04.759000+00:00,59.0,581.77001953125,143682068.80371094
2024-06-12 03:43:04.560000+00:00,59.0,557.4500122070312,137675659.31481934
2024-06-12 03:44:03.982000+00:00,58.90999984741211,531.760009765625,131130561.04612374
2024-06-12 03:45:04.293000+00:00,58.900001525878906,531.760009765625,131108305.30829376
2024-06-12 03:46:04.160000+00:00,58.900001525878906,528.010009765625,130183722.53434128
2024-06-12 03:47:04.688000+00:00,58.900001525878906,527.8599853515625,130146733.20396408
2024-06-12 03:48:04.315000+00:00,58.79999923706055,494.510009765625,121717109.7923806
2024-06-12 03:49:04.484000+00:00,58.79999923706055,468.0199890136719,115196940.9371615
2024-06-12 03:50:04.505000+00:00,58.79999923706055,461.5400085449219,113601979.30121577
2024-06-12 03:51:04.261000+00:00,58.79999923706055,461.5400085449219,113601979.30121577
2024-06-12 03:52:04.658000+00:00,58.70000076293945,449.2099914550781,110379071.95698321
2024-06-12 03:53:04.640000+00:00,58.70000076293945,415.0299987792969,101980425.57151762
2024-06-12 03:54:04.655000+00:00,58.59999847412109,415.0299987792969,101806690.03762881
2024-06-12 03:55:04.285000+00:00,58.59999847412109,412.0899963378906,101085508.6335316
2024-06-12 03:56:04.415000+00:00,58.59999847412109,382.1700134277344,93746148.9847722
2024-06-12 03:57:04.147000+00:00,58.5,382.1700134277344,93586175.05819702
2024-06-12 03:58:04.274000+00:00,58.5,380.7900085449219,93248238.08248901
2024-06-12 03:59:04.184000+00:00,58.5,377.8299865722656,92523384.94180298
2024-06-12 04:00:06.715000+00:00,58.400001525878906,377.8299865722656,92365227.7227483
2024-06-12 04:01:04.123000+00:00,58.400001525878906,353.5,86417460.65792084
2024-06-12 04:02:04.332000+00:00,58.400001525878906,353.5,86417460.65792084
2024-06-12 04:03:04.296000+00:00,58.400001525878906,336.57000732421875,82278713.9082795
2024-06-12 04:04:04.141000+00:00,58.29999923706055,336.57000732421875,82137822.47853847
2024-06-12 04:05:03.732000+00:00,58.29999923706055,335.760009765625,81940147.5989354
2024-06-12 04:06:05.047000+00:00,58.29999923706055,336.70001220703125,82169549.3637434
2024-06-12 04:07:04.217000+00:00,58.20000076293945,336.70001220703125,82028608.88924733
2024-06-12 04:08:04.321000+00:00,58.29999923706055,335.95001220703125,81986516.51613864
2024-06-12 04:09:04.680000+00:00,58.20000076293945,335.95001220703125,81845889.98685208
2024-06-12 04:10:05.039000+00:00,58.20000076293945,321.6600036621094,78364483.75145628
2024-06-12 04:11:03.929000+00:00,58.20000076293945,321.6600036621094,78364483.75145628
2024-06-12 04:12:04.893000+00:00,58.20000076293945,318.3599853515625,77560516.12000649
2024-06-12 04:13:04.565000+00:00,58.20000076293945,318.3599853515625,77560516.12000649
2024-06-12 04:14:04.286000+00:00,58.29999923706055,316.2300109863281,77173972.54521269
2024-06-12 04:15:04.698000+00:00,58.400001525878906,316.2300109863281,77306349.4576093
2024-06-12 04:16:04.004000+00:00,58.400001525878906,293.7799987792969,71818165.45005351
2024-06-12 04:17:04.228000+00:00,58.5,293.7799987792969,71941139.881073
2024-06-12 04:18:04.410000+00:00,58.5,282.8399963378906,69262141.143219
2024-06-12 04:19:03.987000+00:00,58.5,282.8399963378906,69262141.143219
2024-06-12 04:20:03.950000+00:00,58.5,261.8599853515625,64124535.07287598
2024-06-12 04:21:04.017000+00:00,58.5,261.8599853515625,64124535.07287598
2024-06-12 04:22:04.247000+00:00,58.5,261.8599853515625,64124535.07287598
2024-06-12 04:23:04.072000+00:00,58.5,254.1999969482422,62248749.452682495
2024-06-12 04:24:04.441000+00:00,58.5,254.1999969482422,62248749.452682495
2024-06-12 04:25:04.548000+00:00,58.400001525878906,234.44000244140625,57311767.15027748
2024-06-12 04:26:04.564000+00:00,58.400001525878906,234.44000244140625,57311767.15027748
2024-06-12 04:27:04.204000+00:00,58.400001525878906,234.44000244140625,57311767.15027748
2024-06-12 04:28:04.068000+00:00,58.400001525878906,235.6300048828125,57602678.01071045
2024-06-12 04:29:04.550000+00:00,57.20000076293945,235.6300048828125,56419060.61765991
2024-06-12 04:30:04.563000+00:00,57.5,249.5800018310547,60072658.54072571
2024-06-12 04:31:03.895000+00:00,57.70000076293945,249.5800018310547,60281607.71533347
2024-06-12 04:32:04.552000+00:00,57.900001525878906,249.5800018310547,60490556.88994124
2024-06-12 04:33:03.677000+00:00,57.900001525878906,246.9100036621093,59843431.01867868
2024-06-12 04:34:03.992000+00:00,57.900001525878906,246.9100036621093,59843431.01867868
2024-06-12 04:35:04.508000+00:00,58.0,247.1499938964844,60005052.718139656
2024-06-12 04:36:04.527000+00:00,58.0,247.1499938964844,60005052.718139656
2024-06-12 04:37:04.313000+00:00,58.09999847412109,247.1499938964844,60108508.126956366
2024-06-12 04:38:04.570000+00:00,58.09999847412109,245.8699951171875,59797203.98401519
2024-06-12 04:39:05.007000+00:00,58.09999847412109,245.8699951171875,59797203.98401519
2024-06-12 04:40:04.655000+00:00,58.20000076293945,245.8999938964844,59907435.97835188
2024-06-12 04:41:04.357000+00:00,58.20000076293945,245.8999938964844,59907435.97835188
2024-06-12 04:42:04.060000+00:00,58.09999847412109,245.57000732421875,59724244.97476188
2024-06-12 04:43:03.824000+00:00,58.09999847412109,245.57000732421875,59724244.97476188
2024-06-12 04:44:04.514000+00:00,58.09999847412109,245.57000732421875,59724244.97476188
2024-06-12 04:45:04.317000+00:00,58.09999847412109,245.6699981689453,59748563.40750028
2024-06-12 04:46:04.207000+00:00,58.09999847412109,245.6699981689453,59748563.40750028
2024-06-12 04:47:04.069000+00:00,58.09999847412109,245.0,59585615.43510436
2024-06-12 04:48:04.346000+00:00,58.09999847412109,245.0,59585615.43510436
2024-06-12 04:49:04.032000+00:00,58.09999847412109,245.0,59585615.43510436
2024-06-12 04:50:04.010000+00:00,58.09999847412109,244.8600006103516,59551566.66044012
2024-06-12 04:51:04.187000+00:00,58.09999847412109,244.8600006103516,59551566.66044012
2024-06-12 04:52:04.882000+00:00,58.09999847412109,252.8800048828125,61502084.58030441
2024-06-12 04:53:03.952000+00:00,58.09999847412109,252.8800048828125,61502084.58030441
2024-06-12 04:54:04.179000+00:00,58.09999847412109,252.8800048828125,61502084.58030441
2024-06-12 04:55:04.639000+00:00,58.09999847412109,253.1600036621093,61570182.129632875
2024-06-12 04:56:04.488000+00:00,58.09000015258789,253.1600036621093,61559586.63059747
2024-06-12 04:57:04.566000+00:00,58.0,253.3800048828125,61517624.62548828
2024-06-12 04:58:04.119000+00:00,58.0,253.3800048828125,61517624.62548828
2024-06-12 04:59:04.371000+00:00,58.0,253.4900054931641,61544331.45367433
2024-06-12 05:00:05.780000+00:00,58.0,253.4900054931641,61544331.45367433
2024-06-12 05:01:04.210000+00:00,58.0,270.1400146484375,65586753.876464844
2024-06-12 05:02:03.916000+00:00,58.0,270.1499938964844,65589176.71813965
2024-06-12 05:03:05.031000+00:00,58.0,270.1499938964844,65589176.71813965
2024-06-12 05:04:04.367000+00:00,58.0,271.5799865722656,65936361.77990723
2024-06-12 05:05:04.224000+00:00,57.900001525878906,271.5799865722656,65822680.132198825
2024-06-12 05:06:04.567000+00:00,57.900001525878906,271.8599853515625,65890543.27012619
2024-06-12 05:07:04.320000+00:00,57.900001525878906,271.8599853515625,65890543.27012619
2024-06-12 05:08:04.526000+00:00,57.900001525878906,283.4200134277344,68692340.41276883
2024-06-12 05:09:04.521000+00:00,58.0,283.4200134277344,68810978.22009277
2024-06-12 05:10:04.248000+00:00,57.900001525878906,297.2300109863281,72039461.32325566
2024-06-12 05:11:04.084000+00:00,57.900001525878906,297.2300109863281,72039461.32325566
2024-06-12 05:12:04.524000+00:00,57.900001525878906,296.3900146484375,71835871.90947357
2024-06-12 05:13:04.647000+00:00,57.900001525878906,296.3900146484375,71835871.90947357
2024-06-12 05:14:04.503000+00:00,57.900001525878906,296.5899963378906,71884341.35283466
2024-06-12 05:15:04.742000+00:00,57.900001525878906,296.5899963378906,71884341.35283466
2024-06-12 05:16:03.612000+00:00,57.900001525878906,307.1099853515625,74434064.84527954
2024-06-12 05:17:04.663000+00:00,57.900001525878906,307.1099853515625,74434064.84527954
2024-06-12 05:18:03.795000+00:00,57.900001525878906,322.2900085449219,78113238.05559994
2024-06-12 05:19:04.328000+00:00,57.900001525878906,322.2900085449219,78113238.05559994
2024-06-12 05:20:04.158000+00:00,57.81999969482422,322.3500061035156,78019828.58747035
2024-06-12 05:21:04.862000+00:00,57.79999923706055,322.3500061035156,77992840.8272727
2024-06-12 05:22:04.138000+00:00,57.900001525878906,334.1400146484375,80985317.00059524
2024-06-12 05:23:04.219000+00:00,57.900001525878906,351.489990234375,85190420.28419358
2024-06-12 05:24:04.374000+00:00,57.900001525878906,351.489990234375,85190420.28419358
2024-06-12 05:25:04.885000+00:00,57.900001525878906,351.1499938964844,85108015.57360515
2024-06-12 05:26:04.477000+00:00,57.880001068115234,351.1499938964844,85078616.62324297
2024-06-12 05:27:04.461000+00:00,57.79999923706055,362.25,87646676.14309502
2024-06-12 05:28:04.473000+00:00,57.900001525878906,380.2300109863281,92156122.05340397
2024-06-12 05:29:04.544000+00:00,57.869998931884766,380.2300109863281,92108368.63991214
2024-06-12 05:30:04.166000+00:00,57.88999938964844,382.25,92629701.18837738
2024-06-12 05:31:04.047000+00:00,57.79999923706055,381.2799987792969,92250999.51096949
2024-06-12 05:32:04.604000+00:00,57.70000076293945,381.2799987792969,92091398.1388413
2024-06-12 05:33:04.076000+00:00,57.79999923706055,386.8500061035156,93598667.22128133
2024-06-12 05:34:03.963000+00:00,57.790000915527344,409.6499938964844,99097997.3644466
2024-06-12 05:35:04.098000+00:00,57.70000076293945,409.6499938964844,98943665.5640891
2024-06-12 05:36:04.158000+00:00,57.70000076293945,412.9400024414063,99738308.57647008
2024-06-12 05:37:04.690000+00:00,57.70000076293945,430.8299865722656,104059315.85869624
2024-06-12 05:38:03.995000+00:00,57.70000076293945,430.8299865722656,104059315.85869624
2024-06-12 05:39:04.299000+00:00,57.0,446.4299926757813,106519089.11242677
2024-06-12 05:40:04.291000+00:00,56.900001525878906,439.6700134277344,104722101.4845805
2024-06-12 05:41:04.223000+00:00,52.34000015258789,480.1300048828125,105194198.95767581
2024-06-12 05:42:04.466000+00:00,54.369998931884766,630.9099731445312,143590577.13320738
2024-06-12 05:43:04.370000+00:00,56.09999847412109,669.3900146484375,157195932.05834562
2024-06-12 05:44:04.588000+00:00,56.900001525878906,668.1500244140625,159142248.7927185
2024-06-12 05:45:04.745000+00:00,57.27999877929688,660.0700073242188,158267675.36889035
2024-06-12 05:46:04.024000+00:00,57.5,661.760009765625,159282325.5505371
2024-06-12 05:47:04.282000+00:00,57.59999847412109,662.5,159737755.76839444
2024-06-12 05:48:04.206000+00:00,57.68999862670898,664.7000122070312,160518628.12478814
2024-06-12 05:49:04.217000+00:00,57.70000076293945,664.7000122070312,160546458.41121998
2024-06-12 05:50:04.262000+00:00,52.20000076293945,655.97998046875,143337662.8432222
2024-06-12 05:51:04.725000+00:00,55.59999847412109,632.9099731445312,147304475.76301092
2024-06-12 05:52:04.817000+00:00,56.59999847412109,733.7999877929688,173857465.30079535
2024-06-12 05:53:04.472000+00:00,57.09999847412109,736.2000122070312,175966963.93538016
2024-06-12 05:54:04.453000+00:00,57.29999923706055,746.8900146484375,179147393.37022582
2024-06-12 05:55:04.873000+00:00,57.43000030517578,748.75,180000983.48150253
2024-06-12 05:56:04.542000+00:00,57.5,750.6300048828125,180672889.02526855
2024-06-12 05:57:04.045000+00:00,57.5,754.719970703125,181657323.34838867
2024-06-12 05:58:04.424000+00:00,57.5,754.4000244140625,181580313.87634277
2024-06-12 05:59:04.431000+00:00,57.5,775.1900024414062,186584357.63763428
2024-06-12 06:00:05.262000+00:00,57.59999847412109,786.030029296875,189522525.0512425
2024-06-12 06:01:04.686000+00:00,57.0099983215332,814.0800170898438,194275191.9074096
2024-06-12 06:02:04.472000+00:00,57.20000076293945,813.739990234375,194841254.86853912
2024-06-12 06:03:04.552000+00:00,57.400001525878906,831.4099731445312,199768200.58175376
2024-06-12 06:04:04.397000+00:00,57.400001525878906,843.489990234375,202670743.67719895
2024-06-12 06:05:04.216000+00:00,57.400001525878906,845.0700073242188,203050384.50557718
2024-06-12 06:06:04.791000+00:00,57.400001525878906,875.0399780273438,210251461.36565757
2024-06-12 06:07:04.131000+00:00,57.400001525878906,877.6199951171875,210871378.60042313
2024-06-12 06:08:04.132000+00:00,57.400001525878906,884.9600219726562,212635013.87604165
2024-06-12 06:09:04.393000+00:00,57.400001525878906,906.7999877929688,217882642.37896842
2024-06-12 06:10:04.858000+00:00,57.29999923706055,932.1500244140624,223583451.1489288
2024-06-12 06:11:04.648000+00:00,57.29999923706055,941.9099731445312,225924450.94836184
2024-06-12 06:12:04.712000+00:00,57.29999923706055,971.9199829101562,233122585.77288127
2024-06-12 06:13:04.739000+00:00,57.29999923706055,975.6099853515624,234007661.62868696
2024-06-12 06:14:04.815000+00:00,57.20000076293945,1010.6699829101562,241994015.3997624
2024-06-12 06:15:04.554000+00:00,57.20000076293945,1030.9300537109375,246845070.60894868
2024-06-12 06:16:04.569000+00:00,57.20000076293945,1039.260009765625,248839588.6493213
2024-06-12 06:17:04.449000+00:00,57.18999862670898,1072.0699462890625,256650687.2726472
2024-06-12 06:18:04.855000+00:00,57.130001068115234,1070.7900390625,256075352.21148953
2024-06-12 06:19:03.928000+00:00,57.09999847412109,1102.27001953125,263465234.3898097
2024-06-12 06:20:03.854000+00:00,57.09999847412109,1128.530029296875,269741917.5122639
2024-06-12 06:21:04.330000+00:00,57.040000915527344,1150.8900146484375,274797368.7098672
2024-06-12 06:22:03.941000+00:00,57.0,1153.1099853515625,275134348.7248535
2024-06-12 06:23:03.749000+00:00,57.0,1179.550048828125,281443000.7504883
2024-06-12 06:24:04.423000+00:00,57.0,1216.219970703125,290192517.44970703
2024-06-12 06:25:04.525000+00:00,56.900001525878906,1275.68994140625,303848175.7381929
2024-06-12 06:26:04.653000+00:00,56.900001525878906,1237.1099853515625,294659070.38681394
2024-06-12 06:27:04.646000+00:00,54.38999938964844,1413.97998046875,321930065.9697704
2024-06-12 06:28:04.670000+00:00,56.5,1292.1800537109375,305612212.3231201
2024-06-12 06:29:04.347000+00:00,56.79999923706055,1312.9100341796875,312163787.50173235
2024-06-12 06:30:04.586000+00:00,56.79999923706055,1323.530029296875,314688848.48285466
2024-06-12 06:31:04.796000+00:00,56.900001525878906,1348.31005859375,321145082.62215865
2024-06-12 06:32:04.327000+00:00,56.900001525878906,1350.3399658203125,321628572.84003156
2024-06-12 06:33:03.931000+00:00,56.900001525878906,1365.7099609375,325289450.63319993
2024-06-12 06:34:03.843000+00:00,56.900001525878906,1384.6099853515625,329791122.828945
2024-06-12 06:35:03.748000+00:00,56.900001525878906,1387.8199462890625,330555682.259409
2024-06-12 06:36:04.685000+00:00,56.79999923706055,1404.06005859375,333836054.5354344
2024-06-12 06:37:04.069000+00:00,56.79999923706055,1413.97998046875,336194662.7443785
2024-06-12 06:38:04.168000+00:00,56.79999923706055,1426.31005859375,339126321.2643754
2024-06-12 06:39:04.727000+00:00,56.79999923706055,1436.550048828125,341561030.4617504
2024-06-12 06:40:04.444000+00:00,56.70000076293945,1436.550048828125,340959699.7870289
2024-06-12 06:41:04.249000+00:00,56.70000076293945,1440.0,341778532.59887695
2024-06-12 06:42:04.452000+00:00,56.59999847412109,1443.4599609375,341995495.0211618
2024-06-12 06:43:04.246000+00:00,56.5,1441.1500244140625,340844951.1241455
2024-06-12 06:44:04.452000+00:00,56.5,1442.31005859375,341119309.6479492
2024-06-12 06:45:04.331000+00:00,56.5,1445.780029296875,341939988.9489746
2024-06-12 06:46:04.048000+00:00,56.5,1446.93994140625,342214318.6020508
2024-06-12 06:47:04.046000+00:00,56.400001525878906,1443.4599609375,340787048.7815726
2024-06-12 06:48:03.809000+00:00,56.400001525878906,1452.780029296875,342987427.5080951
2024-06-12 06:49:04.956000+00:00,56.29999923706055,1445.780029296875,340729577.2911108
2024-06-12 06:50:04.926000+00:00,56.29999923706055,1442.31005859375,339911803.06064004
2024-06-12 06:51:04.231000+00:00,56.209999084472656,1445.780029296875,340184893.19940627
2024-06-12 06:52:04.510000+00:00,56.20000076293945,1448.3399658203125,340726616.27263117
2024-06-12 06:53:04.472000+00:00,56.09000015258789,1446.93994140625,339730994.3824211
2024-06-12 06:54:04.522000+00:00,56.0,1443.4599609375,338370110.203125
2024-06-12 06:55:04.257000+00:00,55.900001525878906,1449.27001953125,339125425.7252263
2024-06-12 06:56:04.372000+00:00,55.900001525878906,1446.949951171875,338582535.74649125
2024-06-12 06:57:04.242000+00:00,55.59999847412109,1434.27001953125,333814290.0165797
2024-06-12 06:58:03.894000+00:00,55.400001525878906,1438.8499755859375,333675649.4686798
2024-06-12 06:59:03.881000+00:00,55.20000076293945,1436.550048828125,331939602.0304371
2024-06-12 07:00:05.281000+00:00,55.09999847412109,1437.699951171875,331603471.7747986
2024-06-12 07:01:05.087000+00:00,55.09999847412109,1440.0,332133974.80224603
2024-06-12 07:02:04.041000+00:00,55.20000076293945,1440.0,332736772.59887695
2024-06-12 07:03:04.026000+00:00,55.29999923706055,1443.4599609375,334140479.215659
2024-06-12 07:04:04.448000+00:00,55.5,1440.0,334545120.0
2024-06-12 07:05:03.960000+00:00,55.540000915527344,1438.8499755859375,334518869.43220884
2024-06-12 07:06:04.784000+00:00,55.59999847412109,1436.550048828125,334344947.66861796
2024-06-12 07:07:04.355000+00:00,55.79999923706055,1438.8499755859375,336084846.0821884
2024-06-12 07:08:04.551000+00:00,56.09999847412109,1441.1500244140625,338431880.3181671
2024-06-12 07:09:04.237000+00:00,56.29999923706055,1442.31005859375,339911803.06064004
2024-06-12 07:10:04.395000+00:00,56.400001525878906,1438.8499755859375,339698675.4664825
2024-06-12 07:11:03.937000+00:00,56.59999847412109,1437.699951171875,340630789.7682068
2024-06-12 07:12:04.380000+00:00,56.900001525878906,1440.0,342984105.1977539
2024-06-12 07:13:04.030000+00:00,57.08000183105469,1441.1500244140625,344343901.4915393
2024-06-12 07:14:04.254000+00:00,57.09999847412109,1445.780029296875,345571200.83588374
2024-06-12 07:15:04.585000+00:00,57.09999847412109,1443.4599609375,345016656.719404
2024-06-12 07:16:04.430000+00:00,57.400001525878906,1443.4599609375,346829372.17805696
2024-06-12 07:17:04.858000+00:00,54.900001525878906,1610.02001953125,370000965.0002316
2024-06-12 07:18:04.745000+00:00,57.400001525878906,1440.0,345998025.1977539
2024-06-12 07:19:04.449000+00:00,57.400001525878906,1446.93994140625,347665529.3793863
2024-06-12 07:20:04.969000+00:00,57.400001525878906,1442.31005859375,346553077.7752043
2024-06-12 07:21:04.720000+00:00,57.5,1438.8499755859375,346323994.8736572
2024-06-12 07:22:03.868000+00:00,57.58000183105469,1434.260009765625,345699529.03591627
2024-06-12 07:23:04.532000+00:00,57.70000076293945,1437.699951171875,347250836.7379669
2024-06-12 07:24:04.674000+00:00,57.900001525878906,1438.8499755859375,348733214.4631866
2024-06-12 07:25:04.341000+00:00,58.20000076293945,1443.4599609375,351663226.28531754
2024-06-12 07:26:04.602000+00:00,58.400001525878906,1440.0,352025865.1977539
2024-06-12 07:27:04.737000+00:00,58.5,1440.0,352628640.0
2024-06-12 07:28:04.352000+00:00,58.70000076293945,1440.0,353834212.59887695
2024-06-12 07:29:04.257000+00:00,58.900001525878906,1445.780029296875,356464882.6699756
2024-06-12 07:30:05.097000+00:00,59.119998931884766,1441.1500244140625,356650498.1663327
2024-06-12 07:31:04.505000+00:00,59.29999923706055,1442.31005859375,358024332.77646035
2024-06-12 07:32:04.586000+00:00,59.5,1442.31005859375,359231839.36376953
2024-06-12 07:33:04.282000+00:00,59.59999847412109,1440.0,359259254.80224603
2024-06-12 07:34:04.370000+00:00,59.70000076293945,1443.4599609375,360726711.3800441
2024-06-12 07:35:04.500000+00:00,59.900001525878906,1436.550048828125,360202579.58895034
2024-06-12 07:36:04.548000+00:00,60.0,1436.550048828125,360803910.2636719
2024-06-12 07:37:04.304000+00:00,60.09999847412109,1427.43994140625,359113332.9255377
2024-06-12 07:38:04.196000+00:00,60.29999923706055,1401.8699951171875,353854131.8363985
2024-06-12 07:39:04.828000+00:00,60.5,1370.9100341796875,347187078.8861084
2024-06-12 07:40:04.933000+00:00,60.59999847412109,1338.2900390625,339486166.9249479
2024-06-12 07:41:03.736000+00:00,60.900001525878906,1297.77001953125,330837145.166335
2024-06-12 07:42:04.734000+00:00,61.09999847412109,1222.0,312544333.3946838
2024-06-12 07:43:04.732000+00:00,61.20000076293945,1172.3399658203125,300333807.6757989
2024-06-12 07:44:04.449000+00:00,61.400001525878906,1135.6500244140625,291885230.7886826
2024-06-12 07:45:04.341000+00:00,61.400001525878906,1068.8800048828125,274723973.2342708
2024-06-12 07:46:04.062000+00:00,61.70000076293945,980.9299926757812,253350874.10708997
2024-06-12 07:47:04.030000+00:00,61.70000076293945,948.8699951171876,245070539.66325822
2024-06-12 07:48:04.492000+00:00,61.900001525878906,829.1099853515625,214833512.5741919
2024-06-12 07:49:04.480000+00:00,62.0,757.9000244140625,196699309.13623047
2024-06-12 07:50:04.634000+00:00,62.09999847412109,661.52001953125,171962521.76381406
2024-06-12 07:51:04.495000+00:00,62.0,564.4400024414062,146490242.71362305
2024-06-12 07:52:04.340000+00:00,62.0,492.75,127884393.0
2024-06-12 07:53:04.247000+00:00,61.900001525878906,492.75,127678130.99735641
2024-06-12 07:54:04.561000+00:00,61.79999923706055,392.5799865722656,101558399.85654615
2024-06-12 07:55:04.432000+00:00,61.68999862670898,375.7099914550781,97021219.5150027
2024-06-12 07:56:04.658000+00:00,61.29999923706055,283.510009765625,72749177.91844109
2024-06-12 07:57:04.485000+00:00,61.09999847412109,283.510009765625,72511822.43282942
2024-06-12 07:58:04.726000+00:00,60.90999984741211,240.8699951171875,61414444.25738132
2024-06-12 07:59:04.136000+00:00,60.79999923706055,193.2400054931641,49181281.292914845
2024-06-12 08:00:05.540000+00:00,60.70000076293945,193.2400054931641,49100392.26090292
2024-06-12 08:01:04.808000+00:00,60.59999847412109,193.2400054931641,49019500.143172204
2024-06-12 08:02:03.895000+00:00,60.5,177.63999938964844,44987862.765426636
2024-06-12 08:03:04.250000+00:00,60.400001525878906,136.44000244140625,34496727.02475868
2024-06-12 08:04:03.994000+00:00,60.22999954223633,111.4499969482422,28099082.848022
2024-06-12 08:05:03.705000+00:00,60.09999847412109,0.0,0.0
2024-06-12 08:06:04.490000+00:00,60.0,0.0,0.0
2024-06-12 08:07:04.609000+00:00,59.79999923706055,0.0,0.0
2024-06-12 08:08:04.426000+00:00,59.59999847412109,0.0,0.0
2024-06-12 08:09:03.636000+00:00,59.5,0.0,0.0
2024-06-12 08:10:03.896000+00:00,59.2599983215332,0.0,0.0
2024-06-12 08:11:04.649000+00:00,59.09999847412109,0.0,0.0
2024-06-12 08:12:04.137000+00:00,58.900001525878906,0.0,0.0
2024-06-12 08:13:04.399000+00:00,58.709999084472656,0.0,0.0
2024-06-12 08:14:04.254000+00:00,58.5099983215332,0.0,0.0
2024-06-12 08:15:04.423000+00:00,58.400001525878906,0.0,0.0
2024-06-12 08:16:04.751000+00:00,58.20000076293945,0.0,0.0
2024-06-12 08:17:04.403000+00:00,58.0,0.0,0.0
2024-06-12 08:18:04.264000+00:00,57.810001373291016,0.0,0.0
2024-06-12 08:19:04.103000+00:00,57.70000076293945,0.0,0.0
2024-06-12 08:20:04.632000+00:00,57.5,0.0,0.0
2024-06-12 08:21:04.737000+00:00,57.400001525878906,0.0,0.0
2024-06-12 08:22:04.565000+00:00,57.209999084472656,0.0,0.0
2024-06-12 08:23:04.051000+00:00,57.20000076293945,0.0,0.0
2024-06-12 08:24:04.630000+00:00,57.20000076293945,0.0,0.0
2024-06-12 08:25:04.657000+00:00,57.20000076293945,0.0,0.0
2024-06-12 08:26:04.296000+00:00,57.20000076293945,0.0,0.0
2024-06-12 08:27:05.048000+00:00,57.29999923706055,0.0,0.0
2024-06-12 08:28:04.617000+00:00,57.400001525878906,0.0,0.0
2024-06-12 08:29:04.606000+00:00,57.40999984741211,0.0,0.0
2024-06-12 08:30:04.658000+00:00,57.59999847412109,0.0,0.0
2024-06-12 08:31:04.554000+00:00,57.68999862670898,0.0,0.0
2024-06-12 08:32:03.939000+00:00,57.70000076293945,0.0,0.0
2024-06-12 08:33:03.574000+00:00,57.900001525878906,0.0,0.0
2024-06-12 08:34:04.413000+00:00,58.0,0.0,0.0
2024-06-12 08:35:04.814000+00:00,58.09999847412109,0.0,0.0
2024-06-12 08:36:04.347000+00:00,58.20000076293945,0.0,0.0
2024-06-12 08:37:04.331000+00:00,58.29999923706055,0.0,0.0
2024-06-12 08:38:04.468000+00:00,58.400001525878906,0.0,0.0
2024-06-12 08:39:05.001000+00:00,58.5,0.0,0.0
2024-06-12 08:40:04.460000+00:00,58.59999847412109,0.0,0.0
2024-06-12 08:41:04.584000+00:00,58.59999847412109,0.0,0.0
2024-06-12 08:42:04.569000+00:00,58.59999847412109,0.0,0.0
2024-06-12 08:43:04.154000+00:00,58.59999847412109,0.0,0.0
2024-06-12 08:44:04.680000+00:00,58.68000030517578,0.0,0.0
2024-06-12 08:45:04.272000+00:00,58.70000076293945,0.0,0.0
2024-06-12 08:46:03.735000+00:00,58.79999923706055,0.0,0.0
2024-06-12 08:47:03.920000+00:00,58.79999923706055,0.0,0.0
2024-06-12 08:48:04.765000+00:00,58.900001525878906,0.0,0.0
2024-06-12 08:49:04.458000+00:00,59.0,0.0,0.0
2024-06-12 08:50:04.487000+00:00,59.0,0.0,0.0
2024-06-12 08:51:04.391000+00:00,59.0,0.0,0.0
2024-06-12 08:52:04.559000+00:00,59.0,0.0,0.0
2024-06-12 08:53:04.449000+00:00,58.900001525878906,0.0,0.0
2024-06-12 08:54:04.657000+00:00,58.900001525878906,0.0,0.0
2024-06-12 08:55:04.634000+00:00,58.79999923706055,0.0,0.0
2024-06-12 08:56:04.851000+00:00,58.79999923706055,0.0,0.0
2024-06-12 08:57:03.616000+00:00,58.70000076293945,0.0,0.0
2024-06-12 08:58:04.516000+00:00,58.70000076293945,0.0,0.0
2024-06-12 08:59:04.840000+00:00,58.59999847412109,0.0,0.0
2024-06-12 09:00:06.280000+00:00,58.5,0.0,0.0
2024-06-12 09:01:04.681000+00:00,58.400001525878906,0.0,0.0
2024-06-12 09:02:04.853000+00:00,58.29999923706055,0.0,0.0
2024-06-12 09:03:04.385000+00:00,58.20000076293945,0.0,0.0
2024-06-12 09:04:04.069000+00:00,58.20000076293945,0.0,0.0
2024-06-12 09:05:04.622000+00:00,58.09999847412109,0.0,0.0
2024-06-12 09:06:04.961000+00:00,55.70000076293945,0.0,0.0
2024-06-12 09:07:04.142000+00:00,56.09999847412109,0.0,0.0
2024-06-12 09:08:04.617000+00:00,56.58000183105469,0.0,0.0
2024-06-12 09:09:04.077000+00:00,57.0,0.0,0.0
2024-06-12 09:10:04.197000+00:00,57.29999923706055,0.0,0.0
2024-06-12 09:11:03.857000+00:00,57.5,0.0,0.0
2024-06-12 09:12:04.459000+00:00,57.70000076293945,0.0,0.0
2024-06-12 09:13:04.510000+00:00,57.900001525878906,0.0,0.0
2024-06-12 09:14:04.464000+00:00,58.09999847412109,0.0,0.0
2024-06-12 09:15:04.635000+00:00,58.20000076293945,0.0,0.0
2024-06-12 09:16:04.630000+00:00,58.29999923706055,0.0,0.0
2024-06-12 09:17:05.071000+00:00,58.400001525878906,0.0,0.0
2024-06-12 09:18:04.246000+00:00,58.59999847412109,89.68000030517578,21998467.63004382
2024-06-12 09:19:04.285000+00:00,58.70000076293945,89.68000030517578,22036008.537395082
2024-06-12 09:20:05.038000+00:00,58.70000076293945,89.68000030517578,22036008.537395082
2024-06-12 09:21:04.239000+00:00,58.79999923706055,82.16000366210938,20222600.126988392
2024-06-12 09:22:04.094000+00:00,58.79999923706055,73.58000183105469,18110745.959700096
2024-06-12 09:23:04.390000+00:00,58.59999847412109,73.58000183105469,18049144.547177292
2024-06-12 09:24:04.215000+00:00,58.400001525878906,0.0,0.0
2024-06-12 09:25:03.890000+00:00,58.29999923706055,0.0,0.0
2024-06-12 09:26:04.657000+00:00,58.20000076293945,0.0,0.0
2024-06-12 09:27:04.620000+00:00,58.20000076293945,0.0,0.0
2024-06-12 09:28:04.075000+00:00,58.09999847412109,0.0,0.0
2024-06-12 09:29:05.014000+00:00,58.09999847412109,0.0,0.0
2024-06-12 09:30:04.608000+00:00,58.09999847412109,0.0,0.0
2024-06-12 09:31:04.691000+00:00,58.09999847412109,0.0,0.0
2024-06-12 09:32:04.844000+00:00,58.18000030517578,0.0,0.0
2024-06-12 09:33:04.207000+00:00,58.18999862670898,0.0,0.0
2024-06-12 09:34:04.152000+00:00,58.20000076293945,0.0,0.0
2024-06-12 09:35:04.981000+00:00,58.20000076293945,0.0,0.0
2024-06-12 09:36:04.143000+00:00,58.29999923706055,0.0,0.0
2024-06-12 09:37:04.322000+00:00,58.400001525878906,0.0,0.0
2024-06-12 09:38:03.931000+00:00,58.5,0.0,0.0
2024-06-12 09:39:04.691000+00:00,58.59999847412109,0.0,0.0
2024-06-12 09:40:04.045000+00:00,58.59999847412109,0.0,0.0
2024-06-12 09:41:04.247000+00:00,58.70000076293945,0.0,0.0
2024-06-12 09:42:04.437000+00:00,58.79999923706055,0.0,0.0
2024-06-12 09:43:04.248000+00:00,58.79999923706055,0.0,0.0
2024-06-12 09:44:04.528000+00:00,58.79999923706055,0.0,0.0
2024-06-12 09:45:04.212000+00:00,58.79999923706055,0.0,0.0
2024-06-12 09:46:04.512000+00:00,58.709999084472656,0.0,0.0
2024-06-12 09:47:04.256000+00:00,58.70000076293945,0.0,0.0
2024-06-12 09:48:04.618000+00:00,58.59999847412109,0.0,0.0
2024-06-12 09:49:04.538000+00:00,58.59999847412109,0.0,0.0
2024-06-12 09:50:05.350000+00:00,58.5,0.0,0.0
2024-06-12 09:51:04.100000+00:00,58.400001525878906,0.0,0.0
2024-06-12 09:52:04.906000+00:00,58.400001525878906,0.0,0.0
2024-06-12 09:53:03.877000+00:00,58.400001525878906,0.0,0.0
2024-06-12 09:54:04.465000+00:00,58.29999923706055,0.0,0.0
2024-06-12 09:55:03.966000+00:00,58.29999923706055,0.0,0.0
2024-06-12 09:56:03.954000+00:00,58.29999923706055,0.0,0.0
2024-06-12 09:57:03.895000+00:00,58.20000076293945,0.0,0.0
2024-06-12 09:58:04.683000+00:00,58.09999847412109,0.0,0.0
2024-06-12 09:59:03.880000+00:00,58.09999847412109,0.0,0.0
2024-06-12 10:00:06.373000+00:00,58.09999847412109,0.0,0.0
2024-06-12 10:01:04.953000+00:00,58.09999847412109,0.0,0.0
2024-06-12 10:02:04.359000+00:00,58.040000915527344,0.0,0.0
2024-06-12 10:03:04.291000+00:00,58.0,0.0,0.0
2024-06-12 10:04:04.316000+00:00,58.0,0.0,0.0
2024-06-12 10:05:04.187000+00:00,58.0,0.0,0.0
2024-06-12 10:06:04.445000+00:00,58.0,0.0,0.0
2024-06-12 10:07:04.086000+00:00,57.900001525878906,0.0,0.0
2024-06-12 10:08:04.350000+00:00,57.29999923706055,0.0,0.0
2024-06-12 10:09:04.225000+00:00,57.5,0.0,0.0
2024-06-12 10:10:04.057000+00:00,57.59999847412109,0.0,0.0
2024-06-12 10:11:04.276000+00:00,57.70000076293945,0.0,0.0
2024-06-12 10:12:04.399000+00:00,57.400001525878906,0.0,0.0
2024-06-12 10:13:04.413000+00:00,57.0,0.0,0.0
2024-06-12 10:14:04.315000+00:00,57.29999923706055,0.0,0.0
2024-06-12 10:15:04.026000+00:00,57.59999847412109,0.0,0.0
2024-06-12 10:16:04.145000+00:00,57.70000076293945,0.0,0.0
2024-06-12 10:17:03.921000+00:00,58.0,0.0,0.0
2024-06-12 10:18:04.728000+00:00,58.20000076293945,0.0,0.0
2024-06-12 10:19:04.586000+00:00,58.400001525878906,0.0,0.0
2024-06-12 10:20:04.403000+00:00,58.5,0.0,0.0
2024-06-12 10:21:04.780000+00:00,58.59999847412109,0.0,0.0
2024-06-12 10:22:04.161000+00:00,58.70000076293945,0.0,0.0
2024-06-12 10:23:03.935000+00:00,58.79999923706055,0.0,0.0
2024-06-12 10:24:05.007000+00:00,58.81999969482422,0.0,0.0
2024-06-12 10:25:03.832000+00:00,58.900001525878906,0.0,0.0
2024-06-12 10:26:04.716000+00:00,58.900001525878906,0.0,0.0
2024-06-12 10:27:04.278000+00:00,58.79999923706055,0.0,0.0
2024-06-12 10:28:04.610000+00:00,58.79999923706055,0.0,0.0
2024-06-12 10:29:04.263000+00:00,58.84999847412109,0.0,0.0
2024-06-12 10:30:04.455000+00:00,58.79999923706055,0.0,0.0
2024-06-12 10:31:04.667000+00:00,58.70000076293945,0.0,0.0
2024-06-12 10:32:04.681000+00:00,58.59999847412109,0.0,0.0
2024-06-12 10:33:03.872000+00:00,58.59999847412109,0.0,0.0
2024-06-12 10:34:04.538000+00:00,58.59999847412109,0.0,0.0
2024-06-12 10:35:04.252000+00:00,58.47999954223633,0.0,0.0
2024-06-12 10:36:04.481000+00:00,58.400001525878906,0.0,0.0
2024-06-12 10:37:04.268000+00:00,58.29999923706055,0.0,0.0
2024-06-12 10:38:04.262000+00:00,58.29999923706055,0.0,0.0
2024-06-12 10:39:04.624000+00:00,58.290000915527344,0.0,0.0
2024-06-12 10:40:04.979000+00:00,58.20000076293945,0.0,0.0
2024-06-12 10:41:04.157000+00:00,58.20000076293945,0.0,0.0
2024-06-12 10:42:04.569000+00:00,58.20000076293945,0.0,0.0
2024-06-12 10:43:04.342000+00:00,58.119998931884766,0.0,0.0
2024-06-12 10:44:04.659000+00:00,58.09999847412109,0.0,0.0
2024-06-12 10:45:04.798000+00:00,58.09999847412109,0.0,0.0
2024-06-12 10:46:04.134000+00:00,58.09999847412109,0.0,0.0
2024-06-12 10:47:04.350000+00:00,58.09999847412109,0.0,0.0
2024-06-12 10:48:04.358000+00:00,58.09999847412109,0.0,0.0
2024-06-12 10:49:04.379000+00:00,58.08000183105469,0.0,0.0
2024-06-12 10:50:04.879000+00:00,58.09000015258789,0.0,0.0
2024-06-12 10:51:04.964000+00:00,58.09999847412109,0.0,0.0
2024-06-12 10:52:04.399000+00:00,58.09999847412109,0.0,0.0
2024-06-12 10:53:04.380000+00:00,58.09999847412109,0.0,0.0
2024-06-12 10:54:04.517000+00:00,58.09999847412109,0.0,0.0
2024-06-12 10:55:04.726000+00:00,58.20000076293945,0.0,0.0
2024-06-12 10:56:04.357000+00:00,58.27000045776367,0.0,0.0
2024-06-12 10:57:04.527000+00:00,58.29999923706055,0.0,0.0
2024-06-12 10:58:04.304000+00:00,58.400001525878906,0.0,0.0
2024-06-12 10:59:04.687000+00:00,58.400001525878906,0.0,0.0
2024-06-12 11:00:05.262000+00:00,58.400001525878906,0.0,0.0
2024-06-12 11:01:04.608000+00:00,58.43999862670898,0.0,0.0
2024-06-12 11:02:04.093000+00:00,58.5,0.0,0.0
2024-06-12 11:03:04.217000+00:00,58.5,0.0,0.0
2024-06-12 11:04:04.353000+00:00,58.5,0.0,0.0
2024-06-12 11:05:04.281000+00:00,58.5,0.0,0.0
2024-06-12 11:06:04.247000+00:00,58.5099983215332,0.0,0.0
2024-06-12 11:07:04.198000+00:00,58.56999969482422,0.0,0.0
2024-06-12 11:08:04.302000+00:00,58.59999847412109,0.0,0.0
2024-06-12 11:09:04.105000+00:00,58.59999847412109,0.0,0.0
2024-06-12 11:10:04.128000+00:00,58.59999847412109,0.0,0.0
2024-06-12 11:11:04.259000+00:00,58.5,0.0,0.0
2024-06-12 11:12:04.058000+00:00,58.4900016784668,0.0,0.0
2024-06-12 11:13:04.877000+00:00,58.400001525878906,0.0,0.0
2024-06-12 11:14:04.345000+00:00,58.400001525878906,0.0,0.0
2024-06-12 11:15:04.414000+00:00,58.400001525878906,0.0,0.0
2024-06-12 11:16:04.504000+00:00,58.29999923706055,0.0,0.0
2024-06-12 11:17:04.441000+00:00,58.29999923706055,0.0,0.0
2024-06-12 11:18:04.527000+00:00,58.29999923706055,0.0,0.0
2024-06-12 11:19:04.420000+00:00,58.29999923706055,0.0,0.0
2024-06-12 11:20:04.488000+00:00,58.33000183105469,0.0,0.0
2024-06-12 11:21:03.931000+00:00,58.38999938964844,0.0,0.0
2024-06-12 11:22:04.284000+00:00,58.310001373291016,0.0,0.0
2024-06-12 11:23:04.134000+00:00,58.400001525878906,0.0,0.0
2024-06-12 11:24:04.329000+00:00,58.400001525878906,0.0,0.0
2024-06-12 11:25:04.577000+00:00,58.400001525878906,0.0,0.0
2024-06-12 11:26:04.643000+00:00,58.400001525878906,0.0,0.0
2024-06-12 11:27:04.560000+00:00,58.400001525878906,0.0,0.0
2024-06-12 11:28:04.185000+00:00,58.400001525878906,0.0,0.0
2024-06-12 11:29:04.474000+00:00,58.400001525878906,0.0,0.0
2024-06-12 11:30:04.949000+00:00,58.400001525878906,0.0,0.0
2024-06-12 11:31:03.864000+00:00,58.400001525878906,0.0,0.0
2024-06-12 11:32:04.042000+00:00,58.400001525878906,0.0,0.0
2024-06-12 11:33:04.052000+00:00,58.400001525878906,0.0,0.0
2024-06-12 11:34:04.666000+00:00,58.400001525878906,0.0,0.0
2024-06-12 11:35:04.529000+00:00,58.400001525878906,0.0,0.0
2024-06-12 11:36:04.359000+00:00,58.400001525878906,0.0,0.0
2024-06-12 11:37:04.064000+00:00,58.380001068115234,0.0,0.0
2024-06-12 11:38:04.259000+00:00,58.29999923706055,0.0,0.0
2024-06-12 11:39:04.479000+00:00,58.29999923706055,0.0,0.0
2024-06-12 11:40:04.348000+00:00,58.29999923706055,0.0,0.0
2024-06-12 11:41:03.983000+00:00,58.29999923706055,0.0,0.0
2024-06-12 11:42:04.244000+00:00,58.29999923706055,0.0,0.0
2024-06-12 11:43:04.259000+00:00,58.29999923706055,0.0,0.0
2024-06-12 11:44:03.807000+00:00,58.29999923706055,0.0,0.0
2024-06-12 11:45:04.435000+00:00,58.29999923706055,0.0,0.0
2024-06-12 11:46:04.252000+00:00,58.29999923706055,0.0,0.0
2024-06-12 11:47:04.327000+00:00,58.25,0.0,0.0
2024-06-12 11:48:04.556000+00:00,58.27000045776367,0.0,0.0
2024-06-12 11:49:04.320000+00:00,58.29999923706055,0.0,0.0
2024-06-12 11:50:04.706000+00:00,58.27999877929688,0.0,0.0
2024-06-12 11:51:04.512000+00:00,58.20000076293945,0.0,0.0
2024-06-12 11:52:04.572000+00:00,58.20000076293945,0.0,0.0
2024-06-12 11:53:03.724000+00:00,58.20000076293945,0.0,0.0
2024-06-12 11:54:04.217000+00:00,58.20000076293945,0.0,0.0
2024-06-12 11:55:04.220000+00:00,58.20000076293945,0.0,0.0
2024-06-12 11:56:04.826000+00:00,58.20000076293945,0.0,0.0
2024-06-12 11:57:04.305000+00:00,58.20000076293945,0.0,0.0
2024-06-12 11:58:04.724000+00:00,53.72999954223633,0.0,0.0
2024-06-12 11:59:04.504000+00:00,51.209999084472656,0.0,0.0
2024-06-12 12:00:06.275000+00:00,54.0,0.0,0.0
2024-06-12 12:01:04.620000+00:00,56.400001525878906,0.0,0.0
2024-06-12 12:02:04.712000+00:00,58.0,0.0,0.0
2024-06-12 12:03:03.990000+00:00,58.79999923706055,0.0,0.0
2024-06-12 12:04:03.633000+00:00,59.29999923706055,0.0,0.0
2024-06-12 12:05:04.137000+00:00,59.59999847412109,144.11000061035156,35953369.04779592
2024-06-12 12:06:05.012000+00:00,59.79999923706055,115.63999938964844,28947328.069899723
2024-06-12 12:07:04.576000+00:00,59.79999923706055,97.16000366210938,24321363.854413014
2024-06-12 12:08:04.419000+00:00,59.79999923706055,83.77999877929688,20972043.610864963
2024-06-12 12:09:03.701000+00:00,59.59999847412109,73.63999938964844,18372118.96136316
2024-06-12 12:10:04.524000+00:00,59.59999847412109,65.44999694824219,16328831.3405797
2024-06-12 12:11:04.015000+00:00,59.5,0.0,0.0
2024-06-12 12:12:04.421000+00:00,59.29999923706055,0.0,0.0
2024-06-12 12:13:04.690000+00:00,59.09999847412109,0.0,0.0
2024-06-12 12:14:04.488000+00:00,59.0,0.0,0.0
2024-06-12 12:15:04.146000+00:00,58.79999923706055,0.0,0.0
2024-06-12 12:16:04.087000+00:00,58.59999847412109,0.0,0.0
2024-06-12 12:17:04.177000+00:00,58.400001525878906,0.0,0.0
2024-06-12 12:18:04.333000+00:00,58.20000076293945,0.0,0.0
2024-06-12 12:19:04.402000+00:00,58.0,0.0,0.0
2024-06-12 12:20:04.641000+00:00,57.900001525878906,0.0,0.0
2024-06-12 12:21:04.451000+00:00,57.70000076293945,0.0,0.0
2024-06-12 12:22:04.299000+00:00,57.59999847412109,0.0,0.0
2024-06-12 12:23:03.895000+00:00,57.5,0.0,0.0
2024-06-12 12:24:04.775000+00:00,57.29999923706055,0.0,0.0
2024-06-12 12:25:03.907000+00:00,57.09999847412109,0.0,0.0
2024-06-12 12:26:04.758000+00:00,57.09999847412109,0.0,0.0
2024-06-12 12:27:03.961000+00:00,57.20000076293945,0.0,0.0
2024-06-12 12:28:04.437000+00:00,57.400001525878906,0.0,0.0
2024-06-12 12:29:04.043000+00:00,57.5,0.0,0.0
2024-06-12 12:30:04.423000+00:00,57.70000076293945,0.0,0.0
2024-06-12 12:31:04.361000+00:00,57.900001525878906,0.0,0.0
2024-06-12 12:32:04.195000+00:00,58.09999847412109,0.0,0.0
2024-06-12 12:33:04.006000+00:00,58.20000076293945,0.0,0.0
2024-06-12 12:34:03.731000+00:00,58.29999923706055,0.0,0.0
2024-06-12 12:35:04.534000+00:00,58.400001525878906,0.0,0.0
2024-06-12 12:36:03.977000+00:00,58.5,0.0,0.0
2024-06-12 12:37:04.348000+00:00,58.52999877929688,0.0,0.0
2024-06-12 12:38:04.608000+00:00,58.59999847412109,0.0,0.0
2024-06-12 12:39:04.523000+00:00,58.70000076293945,0.0,0.0
2024-06-12 12:40:04.916000+00:00,58.709999084472656,0.0,0.0
2024-06-12 12:41:04.126000+00:00,58.79999923706055,0.0,0.0
2024-06-12 12:42:04.553000+00:00,58.79999923706055,0.0,0.0
2024-06-12 12:43:04.552000+00:00,58.79999923706055,0.0,0.0
2024-06-12 12:44:04.174000+00:00,58.79999923706055,0.0,0.0
2024-06-12 12:45:04.394000+00:00,58.400001525878906,0.0,0.0
2024-06-12 12:46:04.426000+00:00,58.29999923706055,0.0,0.0
2024-06-12 12:47:04.003000+00:00,58.29999923706055,0.0,0.0
2024-06-12 12:48:04.756000+00:00,58.20000076293945,0.0,0.0
2024-06-12 12:49:04.197000+00:00,58.09999847412109,0.0,0.0
2024-06-12 12:50:04.414000+00:00,58.09999847412109,0.0,0.0
2024-06-12 12:51:04.269000+00:00,58.09999847412109,0.0,0.0
2024-06-12 12:52:04.511000+00:00,57.52999877929688,0.0,0.0
2024-06-12 12:53:04.370000+00:00,57.59999847412109,0.0,0.0
2024-06-12 12:54:04.295000+00:00,57.70000076293945,0.0,0.0
2024-06-12 12:55:04.092000+00:00,57.70000076293945,0.0,0.0
2024-06-12 12:56:03.943000+00:00,57.79999923706055,0.0,0.0
2024-06-12 12:57:04.285000+00:00,57.900001525878906,0.0,0.0
2024-06-12 12:58:04.305000+00:00,58.09999847412109,0.0,0.0
2024-06-12 12:59:04+00:00,58.09999847412109,0.0,0.0
2024-06-12 13:00:05.018000+00:00,58.29999923706055,0.0,0.0
2024-06-12 13:01:04.740000+00:00,58.400001525878906,0.0,0.0
2024-06-12 13:02:04.137000+00:00,58.400001525878906,0.0,0.0
2024-06-12 13:03:04.444000+00:00,58.400001525878906,0.0,0.0
2024-06-12 13:04:04.366000+00:00,58.5,0.0,0.0
2024-06-12 13:05:04.292000+00:00,56.790000915527344,0.0,0.0
2024-06-12 13:06:05.163000+00:00,57.66999816894531,0.0,0.0
2024-06-12 13:07:04.105000+00:00,58.0,0.0,0.0
2024-06-12 13:08:03.543000+00:00,58.400001525878906,0.0,0.0
2024-06-12 13:09:04.187000+00:00,58.70000076293945,0.0,0.0
2024-06-12 13:10:04.487000+00:00,58.900001525878906,0.0,0.0
2024-06-12 13:11:04.159000+00:00,59.0099983215332,0.0,0.0
2024-06-12 13:12:04.105000+00:00,59.20000076293945,0.0,0.0
2024-06-12 13:13:04.931000+00:00,59.20000076293945,0.0,0.0
2024-06-12 13:14:04.207000+00:00,59.20000076293945,0.0,0.0
2024-06-12 13:15:03.867000+00:00,59.20000076293945,0.0,0.0
2024-06-12 13:16:04.041000+00:00,59.20000076293945,0.0,0.0
2024-06-12 13:17:03.977000+00:00,59.0,0.0,0.0
2024-06-12 13:18:04.088000+00:00,59.0,0.0,0.0
2024-06-12 13:19:04.118000+00:00,58.900001525878906,0.0,0.0
2024-06-12 13:20:04.316000+00:00,58.79999923706055,0.0,0.0
2024-06-12 13:21:04.143000+00:00,58.630001068115234,0.0,0.0
2024-06-12 13:22:03.797000+00:00,58.5099983215332,0.0,0.0
2024-06-12 13:23:04.516000+00:00,58.40999984741211,0.0,0.0
2024-06-12 13:24:04.442000+00:00,58.400001525878906,0.0,0.0
2024-06-12 13:25:03.850000+00:00,58.29999923706055,0.0,0.0
2024-06-12 13:26:04.752000+00:00,58.20000076293945,0.0,0.0
2024-06-12 13:27:03.962000+00:00,58.09999847412109,0.0,0.0
2024-06-12 13:28:04.177000+00:00,58.08000183105469,0.0,0.0
2024-06-12 13:29:04.293000+00:00,58.0,0.0,0.0
2024-06-12 13:30:04.621000+00:00,57.900001525878906,0.0,0.0
2024-06-12 13:31:04.432000+00:00,57.900001525878906,0.0,0.0
2024-06-12 13:32:03.777000+00:00,57.900001525878906,0.0,0.0
2024-06-12 13:33:04.526000+00:00,57.900001525878906,0.0,0.0
2024-06-12 13:34:03.820000+00:00,57.900001525878906,0.0,0.0
2024-06-12 13:35:04.813000+00:00,57.900001525878906,0.0,0.0
2024-06-12 13:36:03.957000+00:00,57.95000076293945,0.0,0.0
2024-06-12 13:37:03.801000+00:00,58.0,0.0,0.0
2024-06-12 13:38:05.004000+00:00,58.09999847412109,0.0,0.0
2024-06-12 13:39:04.262000+00:00,58.09999847412109,0.0,0.0
2024-06-12 13:40:04.140000+00:00,58.20000076293945,0.0,0.0
2024-06-12 13:41:04.480000+00:00,58.20000076293945,0.0,0.0
2024-06-12 13:42:04.522000+00:00,58.220001220703125,0.0,0.0
2024-06-12 13:43:03.969000+00:00,58.29999923706055,0.0,0.0
2024-06-12 13:44:04.335000+00:00,58.29999923706055,0.0,0.0
2024-06-12 13:45:04.453000+00:00,58.34999847412109,0.0,0.0
2024-06-12 13:46:04.177000+00:00,58.400001525878906,0.0,0.0
2024-06-12 13:47:04.109000+00:00,58.400001525878906,0.0,0.0
2024-06-12 13:48:03.935000+00:00,58.40999984741211,0.0,0.0
2024-06-12 13:49:03.612000+00:00,58.5,0.0,0.0
2024-06-12 13:50:04.356000+00:00,58.5,0.0,0.0
2024-06-12 13:51:04.601000+00:00,58.5,0.0,0.0
2024-06-12 13:52:04.453000+00:00,58.5,0.0,0.0
2024-06-12 13:53:04.222000+00:00,58.5,0.0,0.0
2024-06-12 13:54:04.504000+00:00,58.5,0.0,0.0
2024-06-12 13:55:04.922000+00:00,58.5,0.0,0.0
2024-06-12 13:56:04.545000+00:00,58.5,0.0,0.0
2024-06-12 13:57:04.320000+00:00,58.5,0.0,0.0
2024-06-12 13:58:04.228000+00:00,58.5,0.0,0.0
2024-06-12 13:59:04.295000+00:00,58.5,0.0,0.0
2024-06-12 14:00:06.301000+00:00,58.400001525878906,0.0,0.0
2024-06-12 14:01:04.521000+00:00,58.400001525878906,0.0,0.0
2024-06-12 14:02:04.031000+00:00,58.29999923706055,0.0,0.0
2024-06-12 14:03:04.347000+00:00,58.29999923706055,0.0,0.0
2024-06-12 14:04:04.495000+00:00,58.209999084472656,0.0,0.0
2024-06-12 14:05:04.380000+00:00,58.20000076293945,0.0,0.0
2024-06-12 14:06:04.619000+00:00,58.20000076293945,0.0,0.0
2024-06-12 14:07:03.833000+00:00,58.20000076293945,0.0,0.0
2024-06-12 14:08:04.437000+00:00,58.20000076293945,0.0,0.0
2024-06-12 14:09:03.932000+00:00,58.20000076293945,0.0,0.0
2024-06-12 14:10:04.417000+00:00,58.20000076293945,0.0,0.0
2024-06-12 14:11:04.289000+00:00,58.20000076293945,0.0,0.0
2024-06-12 14:12:04.558000+00:00,58.0,0.0,0.0
2024-06-12 14:13:04.578000+00:00,58.0,0.0,0.0
2024-06-12 14:14:04.207000+00:00,57.90999984741211,0.0,0.0
2024-06-12 14:15:04.204000+00:00,57.900001525878906,0.0,0.0
2024-06-12 14:16:04.270000+00:00,57.93999862670898,0.0,0.0
2024-06-12 14:17:04.087000+00:00,57.900001525878906,0.0,0.0
2024-06-12 14:18:04.135000+00:00,58.0,0.0,0.0
2024-06-12 14:19:04.189000+00:00,58.09999847412109,0.0,0.0
2024-06-12 14:20:04.514000+00:00,58.150001525878906,0.0,0.0
2024-06-12 14:21:04.451000+00:00,58.20000076293945,0.0,0.0
2024-06-12 14:22:04.082000+00:00,58.20000076293945,0.0,0.0
2024-06-12 14:23:04.472000+00:00,58.20000076293945,0.0,0.0
2024-06-12 14:24:04.228000+00:00,58.290000915527344,0.0,0.0
2024-06-12 14:25:04.188000+00:00,58.29999923706055,0.0,0.0
2024-06-12 14:26:04.370000+00:00,57.68999862670898,0.0,0.0
2024-06-12 14:27:04.061000+00:00,50.310001373291016,0.0,0.0
2024-06-12 14:28:04.604000+00:00,50.900001525878906,0.0,0.0
2024-06-12 14:29:04.500000+00:00,55.68999862670898,0.0,0.0
2024-06-12 14:30:05.183000+00:00,57.900001525878906,0.0,0.0
2024-06-12 14:31:04.106000+00:00,59.0,0.0,0.0
2024-06-12 14:32:04.104000+00:00,59.59999847412109,0.0,0.0
2024-06-12 14:33:04.360000+00:00,59.900001525878906,0.0,0.0
2024-06-12 14:34:04.267000+00:00,60.0,0.0,0.0
2024-06-12 14:35:04.938000+00:00,58.29999923706055,0.0,0.0
2024-06-12 14:36:04.526000+00:00,58.5099983215332,0.0,0.0
2024-06-12 14:37:04.352000+00:00,58.79999923706055,0.0,0.0
2024-06-12 14:38:04.296000+00:00,58.900001525878906,0.0,0.0
2024-06-12 14:39:04.190000+00:00,58.900001525878906,0.0,0.0
2024-06-12 14:40:04.394000+00:00,58.900001525878906,0.0,0.0
2024-06-12 14:41:04.535000+00:00,59.0,0.0,0.0
2024-06-12 14:42:04.323000+00:00,58.900001525878906,0.0,0.0
2024-06-12 14:43:04.549000+00:00,58.900001525878906,0.0,0.0
2024-06-12 14:44:04.139000+00:00,58.79999923706055,0.0,0.0
2024-06-12 14:45:04.208000+00:00,58.79999923706055,0.0,0.0
2024-06-12 14:46:04.032000+00:00,58.72999954223633,0.0,0.0
2024-06-12 14:47:03.955000+00:00,58.70000076293945,0.0,0.0
2024-06-12 14:48:04.259000+00:00,58.59999847412109,0.0,0.0
2024-06-12 14:49:04.021000+00:00,58.5,0.0,0.0
2024-06-12 14:50:03.854000+00:00,58.5,0.0,0.0
2024-06-12 14:51:04.339000+00:00,58.400001525878906,0.0,0.0
2024-06-12 14:52:04.411000+00:00,58.29999923706055,0.0,0.0
2024-06-12 14:53:04.449000+00:00,58.29999923706055,0.0,0.0
2024-06-12 14:54:04.245000+00:00,58.20000076293945,0.0,0.0
2024-06-12 14:55:04.772000+00:00,58.13999938964844,0.0,0.0
2024-06-12 14:56:04.651000+00:00,58.09999847412109,0.0,0.0
2024-06-12 14:57:04.551000+00:00,58.09999847412109,0.0,0.0
2024-06-12 14:58:04.489000+00:00,58.09999847412109,0.0,0.0
2024-06-12 14:59:04.524000+00:00,58.0,0.0,0.0
2024-06-12 15:00:06.236000+00:00,58.0,0.0,0.0
2024-06-12 15:01:04.845000+00:00,58.0,0.0,0.0
2024-06-12 15:02:03.742000+00:00,57.9900016784668,0.0,0.0
2024-06-12 15:03:04.447000+00:00,58.0,0.0,0.0
2024-06-12 15:04:04.334000+00:00,58.0,0.0,0.0
2024-06-12 15:05:04.505000+00:00,58.09000015258789,0.0,0.0
2024-06-12 15:06:05.016000+00:00,58.09999847412109,0.0,0.0
2024-06-12 15:07:03.655000+00:00,58.0099983215332,0.0,0.0
2024-06-12 15:08:04.393000+00:00,57.5,0.0,0.0
2024-06-12 15:09:04.195000+00:00,57.11000061035156,0.0,0.0
2024-06-12 15:10:04.222000+00:00,56.52999877929688,0.0,0.0
2024-06-12 15:11:04.174000+00:00,56.70000076293945,0.0,0.0
2024-06-12 15:12:04.856000+00:00,57.29999923706055,0.0,0.0
2024-06-12 15:13:04.201000+00:00,57.900001525878906,0.0,0.0
2024-06-12 15:14:04.155000+00:00,58.400001525878906,0.0,0.0
2024-06-12 15:15:04.279000+00:00,58.79999923706055,0.0,0.0
2024-06-12 15:16:04.562000+00:00,59.0,0.0,0.0
2024-06-12 15:17:03.877000+00:00,59.09999847412109,0.0,0.0
2024-06-12 15:18:03.996000+00:00,58.900001525878906,0.0,0.0
2024-06-12 15:19:03.842000+00:00,58.83000183105469,0.0,0.0
2024-06-12 15:20:04.396000+00:00,58.79999923706055,0.0,0.0
2024-06-12 15:21:03.935000+00:00,58.79999923706055,0.0,0.0
2024-06-12 15:22:04.586000+00:00,58.75,0.0,0.0
2024-06-12 15:23:04.589000+00:00,58.70000076293945,0.0,0.0
2024-06-12 15:24:04.386000+00:00,58.59999847412109,0.0,0.0
2024-06-12 15:25:04.586000+00:00,58.5,0.0,0.0
2024-06-12 15:26:04.822000+00:00,58.400001525878906,0.0,0.0
2024-06-12 15:27:03.731000+00:00,58.29999923706055,0.0,0.0
2024-06-12 15:28:04.758000+00:00,58.20000076293945,0.0,0.0
2024-06-12 15:29:03.826000+00:00,58.20000076293945,0.0,0.0
2024-06-12 15:30:04.864000+00:00,58.09999847412109,0.0,0.0
2024-06-12 15:31:04.296000+00:00,58.0,0.0,0.0
2024-06-12 15:32:04.333000+00:00,57.900001525878906,0.0,0.0
2024-06-12 15:33:03.892000+00:00,57.79999923706055,0.0,0.0
2024-06-12 15:34:03.822000+00:00,57.79999923706055,0.0,0.0
2024-06-12 15:35:04.334000+00:00,57.7400016784668,0.0,0.0
2024-06-12 15:36:04.411000+00:00,57.70000076293945,0.0,0.0
2024-06-12 15:37:03.629000+00:00,57.79999923706055,0.0,0.0
2024-06-12 15:38:04.022000+00:00,57.79999923706055,0.0,0.0
2024-06-12 15:39:04.428000+00:00,57.900001525878906,0.0,0.0
2024-06-12 15:40:04.328000+00:00,57.900001525878906,0.0,0.0
2024-06-12 15:41:03.567000+00:00,58.0099983215332,0.0,0.0
2024-06-12 15:42:04.015000+00:00,58.11000061035156,0.0,0.0
2024-06-12 15:43:04.611000+00:00,58.20000076293945,0.0,0.0
2024-06-12 15:44:04.136000+00:00,58.29999923706055,0.0,0.0
2024-06-12 15:45:04.075000+00:00,58.400001525878906,0.0,0.0
2024-06-12 15:46:03.990000+00:00,58.5,0.0,0.0
2024-06-12 15:47:04.085000+00:00,58.5,0.0,0.0
2024-06-12 15:48:04.443000+00:00,58.59999847412109,0.0,0.0
2024-06-12 15:49:04.205000+00:00,58.59999847412109,0.0,0.0
2024-06-12 15:50:04.499000+00:00,58.61000061035156,0.0,0.0
2024-06-12 15:51:04.313000+00:00,58.70000076293945,0.0,0.0
2024-06-12 15:52:04.665000+00:00,58.70000076293945,0.0,0.0
2024-06-12 15:53:03.723000+00:00,58.59999847412109,0.0,0.0
2024-06-12 15:54:04.096000+00:00,58.59999847412109,0.0,0.0
2024-06-12 15:55:04.758000+00:00,58.59000015258789,0.0,0.0
2024-06-12 15:56:04.358000+00:00,58.5,0.0,0.0
2024-06-12 15:57:04.292000+00:00,58.5,0.0,0.0
2024-06-12 15:58:04.120000+00:00,58.5,0.0,0.0
2024-06-12 15:59:04.385000+00:00,58.400001525878906,0.0,0.0
2024-06-12 16:00:05.858000+00:00,58.29999923706055,0.0,0.0
2024-06-12 16:01:04.658000+00:00,58.29999923706055,0.0,0.0
2024-06-12 16:02:04.552000+00:00,58.20000076293945,0.0,0.0
2024-06-12 16:03:04.017000+00:00,58.16999816894531,0.0,0.0
2024-06-12 16:04:04.581000+00:00,58.09999847412109,0.0,0.0
2024-06-12 16:05:03.672000+00:00,58.09999847412109,0.0,0.0
2024-06-12 16:06:04.889000+00:00,54.79999923706055,0.0,0.0
2024-06-12 16:07:04.597000+00:00,54.20000076293945,0.0,0.0
2024-06-12 16:08:04.183000+00:00,51.59999847412109,0.0,0.0
2024-06-12 16:09:04.209000+00:00,50.400001525878906,0.0,0.0
2024-06-12 16:10:04.561000+00:00,50.79999923706055,0.0,0.0
2024-06-12 16:11:03.770000+00:00,52.38999938964844,0.0,0.0
2024-06-12 16:12:04.745000+00:00,56.5,0.0,0.0
2024-06-12 16:13:04.223000+00:00,58.77999877929688,0.0,0.0
2024-06-12 16:14:04.398000+00:00,59.79999923706055,0.0,0.0
2024-06-12 16:15:04.700000+00:00,60.27999877929688,0.0,0.0
2024-06-12 16:16:03.987000+00:00,60.400001525878906,0.0,0.0
2024-06-12 16:17:04.576000+00:00,60.5,0.0,0.0
2024-06-12 16:18:04.236000+00:00,60.400001525878906,0.0,0.0
2024-06-12 16:19:04.612000+00:00,60.29999923706055,0.0,0.0
2024-06-12 16:20:04.818000+00:00,60.20000076293945,0.0,0.0
2024-06-12 16:21:04.022000+00:00,60.09999847412109,0.0,0.0
2024-06-12 16:22:04.663000+00:00,59.81999969482422,0.0,0.0
2024-06-12 16:23:04.738000+00:00,59.59999847412109,0.0,0.0
2024-06-12 16:24:04.565000+00:00,59.41999816894531,0.0,0.0
2024-06-12 16:25:04.413000+00:00,59.20000076293945,0.0,0.0
2024-06-12 16:26:04.887000+00:00,59.0,0.0,0.0
2024-06-12 16:27:04.152000+00:00,58.79999923706055,0.0,0.0
2024-06-12 16:28:04.109000+00:00,58.59999847412109,0.0,0.0
2024-06-12 16:29:04.057000+00:00,58.400001525878906,0.0,0.0
2024-06-12 16:30:04.470000+00:00,58.20000076293945,0.0,0.0
2024-06-12 16:31:04.401000+00:00,58.0,0.0,0.0
2024-06-12 16:32:04.587000+00:00,57.810001373291016,0.0,0.0
2024-06-12 16:33:04.487000+00:00,57.70000076293945,0.0,0.0
2024-06-12 16:34:03.812000+00:00,57.5,0.0,0.0
2024-06-12 16:35:04.073000+00:00,57.5,0.0,0.0
2024-06-12 16:36:04.548000+00:00,57.400001525878906,0.0,0.0
2024-06-12 16:37:04.168000+00:00,57.29999923706055,0.0,0.0
2024-06-12 16:38:04.662000+00:00,57.29999923706055,0.0,0.0
2024-06-12 16:39:04.908000+00:00,57.29999923706055,0.0,0.0
2024-06-12 16:40:04.591000+00:00,57.400001525878906,0.0,0.0
2024-06-12 16:41:04.074000+00:00,57.59999847412109,0.0,0.0
2024-06-12 16:42:04.504000+00:00,57.70000076293945,0.0,0.0
2024-06-12 16:43:03.793000+00:00,57.79999923706055,0.0,0.0
2024-06-12 16:44:04.643000+00:00,58.0,0.0,0.0
2024-06-12 16:45:04.234000+00:00,58.20000076293945,0.0,0.0
2024-06-12 16:46:04.518000+00:00,58.29999923706055,0.0,0.0
2024-06-12 16:47:04.012000+00:00,58.400001525878906,0.0,0.0
2024-06-12 16:48:03.962000+00:00,58.470001220703125,0.0,0.0
2024-06-12 16:49:03.986000+00:00,58.5,0.0,0.0
2024-06-12 16:50:03.889000+00:00,58.59999847412109,0.0,0.0
2024-06-12 16:51:04.205000+00:00,58.59999847412109,0.0,0.0
2024-06-12 16:52:04.459000+00:00,58.70000076293945,0.0,0.0
2024-06-12 16:53:04.602000+00:00,58.59999847412109,0.0,0.0
2024-06-12 16:54:04.459000+00:00,58.5,0.0,0.0
2024-06-12 16:55:04.537000+00:00,58.119998931884766,0.0,0.0
2024-06-12 16:56:04.172000+00:00,58.09999847412109,0.0,0.0
2024-06-12 16:57:04.534000+00:00,58.09999847412109,0.0,0.0
2024-06-12 16:58:04.282000+00:00,57.31999969482422,0.0,0.0
2024-06-12 16:59:04.131000+00:00,57.400001525878906,0.0,0.0
2024-06-12 17:00:04.848000+00:00,57.5,0.0,0.0
2024-06-12 17:01:04.739000+00:00,57.70000076293945,0.0,0.0
2024-06-12 17:02:04.330000+00:00,57.900001525878906,0.0,0.0
2024-06-12 17:03:04.060000+00:00,58.20000076293945,0.0,0.0
2024-06-12 17:04:03.996000+00:00,58.400001525878906,0.0,0.0
2024-06-12 17:05:04.003000+00:00,58.06999969482422,0.0,0.0
2024-06-12 17:06:04.724000+00:00,58.20000076293945,0.0,0.0
2024-06-12 17:07:04.595000+00:00,58.29999923706055,0.0,0.0
2024-06-12 17:08:04.644000+00:00,58.4900016784668,0.0,0.0
2024-06-12 17:09:04.713000+00:00,58.59999847412109,0.0,0.0
2024-06-12 17:10:04.464000+00:00,54.29999923706055,0.0,0.0
2024-06-12 17:11:04.223000+00:00,50.09999847412109,0.0,0.0
2024-06-12 17:12:04.461000+00:00,49.790000915527344,0.0,0.0
2024-06-12 17:13:04.592000+00:00,55.209999084472656,0.0,0.0
2024-06-12 17:14:04.595000+00:00,58.0,0.0,0.0
2024-06-12 17:15:04.755000+00:00,59.20000076293945,0.0,0.0
2024-06-12 17:16:04.814000+00:00,59.70000076293945,0.0,0.0
2024-06-12 17:17:03.991000+00:00,59.900001525878906,0.0,0.0
2024-06-12 17:18:04.439000+00:00,60.09999847412109,0.0,0.0
2024-06-12 17:19:04.351000+00:00,60.09999847412109,0.0,0.0
2024-06-12 17:20:04.454000+00:00,60.0,0.0,0.0
2024-06-12 17:21:04.523000+00:00,59.900001525878906,0.0,0.0
2024-06-12 17:22:04.376000+00:00,59.79999923706055,0.0,0.0
2024-06-12 17:23:04.489000+00:00,59.68999862670898,0.0,0.0
2024-06-12 17:24:04.355000+00:00,59.5,0.0,0.0
2024-06-12 17:25:04.387000+00:00,59.29999923706055,0.0,0.0
2024-06-12 17:26:03.970000+00:00,59.09999847412109,0.0,0.0
2024-06-12 17:27:04.138000+00:00,58.900001525878906,0.0,0.0
2024-06-12 17:28:04.527000+00:00,58.70000076293945,0.0,0.0
2024-06-12 17:29:04.358000+00:00,58.5,0.0,0.0
2024-06-12 17:30:04.538000+00:00,58.29999923706055,0.0,0.0
2024-06-12 17:31:03.753000+00:00,58.11000061035156,0.0,0.0
2024-06-12 17:32:03.562000+00:00,58.0,0.0,0.0
2024-06-12 17:33:04.211000+00:00,57.79999923706055,0.0,0.0
2024-06-12 17:34:04.053000+00:00,57.70000076293945,0.0,0.0
2024-06-12 17:35:04.667000+00:00,57.5,0.0,0.0
2024-06-12 17:36:04.477000+00:00,57.5,0.0,0.0
2024-06-12 17:37:04.332000+00:00,57.5,0.0,0.0
2024-06-12 17:38:03.967000+00:00,57.400001525878906,0.0,0.0
2024-06-12 17:39:04.338000+00:00,57.5,0.0,0.0
2024-06-12 17:40:04.387000+00:00,57.5,0.0,0.0
2024-06-12 17:41:04.543000+00:00,57.59999847412109,0.0,0.0
2024-06-12 17:42:05.116000+00:00,57.70000076293945,0.0,0.0
2024-06-12 17:43:04.512000+00:00,57.79999923706055,0.0,0.0
2024-06-12 17:44:03.492000+00:00,57.900001525878906,0.0,0.0
2024-06-12 17:45:03.917000+00:00,58.0,0.0,0.0
2024-06-12 17:46:03.837000+00:00,58.09999847412109,0.0,0.0
2024-06-12 17:47:04.141000+00:00,58.20000076293945,0.0,0.0
2024-06-12 17:48:04.575000+00:00,58.29999923706055,0.0,0.0
2024-06-12 17:49:04.424000+00:00,58.31999969482422,0.0,0.0
2024-06-12 17:50:04.385000+00:00,58.400001525878906,0.0,0.0
2024-06-12 17:51:04.769000+00:00,58.400001525878906,0.0,0.0
2024-06-12 17:52:04.101000+00:00,58.5,0.0,0.0
2024-06-12 17:53:04.331000+00:00,58.5,0.0,0.0
2024-06-12 17:54:04.319000+00:00,58.59999847412109,0.0,0.0
2024-06-12 17:55:04.673000+00:00,58.59999847412109,0.0,0.0
2024-06-12 17:56:04.228000+00:00,58.59999847412109,0.0,0.0
2024-06-12 17:57:04.252000+00:00,58.59000015258789,0.0,0.0
2024-06-12 17:58:03.908000+00:00,58.5,0.0,0.0
2024-06-12 17:59:04.238000+00:00,58.5,0.0,0.0
2024-06-12 18:00:05.950000+00:00,58.5,0.0,0.0
2024-06-12 18:01:04.384000+00:00,58.400001525878906,0.0,0.0
2024-06-12 18:02:04.369000+00:00,58.400001525878906,0.0,0.0
2024-06-12 18:03:04.172000+00:00,58.29999923706055,0.0,0.0
2024-06-12 18:04:04.440000+00:00,58.29999923706055,0.0,0.0
2024-06-12 18:05:04.577000+00:00,58.20000076293945,0.0,0.0
2024-06-12 18:06:05.286000+00:00,58.20000076293945,0.0,0.0
2024-06-12 18:07:04.546000+00:00,58.09999847412109,0.0,0.0
2024-06-12 18:08:04.139000+00:00,58.09999847412109,0.0,0.0
2024-06-12 18:09:04.076000+00:00,58.09999847412109,0.0,0.0
2024-06-12 18:10:04.511000+00:00,58.09999847412109,0.0,0.0
2024-06-12 18:11:04.492000+00:00,58.09999847412109,0.0,0.0
2024-06-12 18:12:03.882000+00:00,58.08000183105469,0.0,0.0
2024-06-12 18:13:04.479000+00:00,58.0,0.0,0.0
2024-06-12 18:14:04.263000+00:00,58.0,0.0,0.0
2024-06-12 18:15:04.424000+00:00,58.0,0.0,0.0
2024-06-12 18:16:04.412000+00:00,58.0,0.0,0.0
2024-06-12 18:17:04.207000+00:00,58.0,0.0,0.0
2024-06-12 18:18:04.432000+00:00,58.0,0.0,0.0
2024-06-12 18:19:03.961000+00:00,58.060001373291016,0.0,0.0
2024-06-12 18:20:04.162000+00:00,58.0,0.0,0.0
2024-06-12 18:21:04.414000+00:00,58.0,0.0,0.0
2024-06-12 18:22:04.228000+00:00,58.0,0.0,0.0
2024-06-12 18:23:04.929000+00:00,58.09999847412109,0.0,0.0
2024-06-12 18:24:04.326000+00:00,58.09999847412109,0.0,0.0
2024-06-12 18:25:04.293000+00:00,58.09999847412109,0.0,0.0
2024-06-12 18:26:04.719000+00:00,58.20000076293945,0.0,0.0
2024-06-12 18:27:04.284000+00:00,58.20000076293945,0.0,0.0
2024-06-12 18:28:04.476000+00:00,58.20000076293945,0.0,0.0
2024-06-12 18:29:04.207000+00:00,58.20000076293945,0.0,0.0
2024-06-12 18:30:04.225000+00:00,58.29999923706055,0.0,0.0
2024-06-12 18:31:04.377000+00:00,58.29999923706055,0.0,0.0
2024-06-12 18:32:03.502000+00:00,58.29999923706055,0.0,0.0
2024-06-12 18:33:04.382000+00:00,58.29999923706055,0.0,0.0
2024-06-12 18:34:03.877000+00:00,58.29999923706055,0.0,0.0
2024-06-12 18:35:04.005000+00:00,58.29999923706055,0.0,0.0
2024-06-12 18:36:04.732000+00:00,58.29999923706055,0.0,0.0
2024-06-12 18:37:04.203000+00:00,58.29999923706055,0.0,0.0
2024-06-12 18:38:04.040000+00:00,58.290000915527344,0.0,0.0
2024-06-12 18:39:04.226000+00:00,58.20000076293945,0.0,0.0
2024-06-12 18:40:04.507000+00:00,58.20000076293945,0.0,0.0
2024-06-12 18:41:04.183000+00:00,58.20000076293945,0.0,0.0
2024-06-12 18:42:05.357000+00:00,58.20000076293945,0.0,0.0
2024-06-12 18:43:04.374000+00:00,58.20000076293945,0.0,0.0
2024-06-12 18:44:04.109000+00:00,58.09999847412109,0.0,0.0
2024-06-12 18:45:04.515000+00:00,58.09999847412109,0.0,0.0
2024-06-12 18:46:04.226000+00:00,58.09999847412109,0.0,0.0
2024-06-12 18:47:03.936000+00:00,58.09999847412109,0.0,0.0
2024-06-12 18:48:04.074000+00:00,58.0,0.0,0.0
2024-06-12 18:49:03.785000+00:00,58.0,0.0,0.0
2024-06-12 18:50:04.746000+00:00,58.0,0.0,0.0
2024-06-12 18:51:03.700000+00:00,57.900001525878906,0.0,0.0
2024-06-12 18:52:04.574000+00:00,57.900001525878906,0.0,0.0
2024-06-12 18:53:04.202000+00:00,57.900001525878906,0.0,0.0
2024-06-12 18:54:04.305000+00:00,57.959999084472656,0.0,0.0
2024-06-12 18:55:04.631000+00:00,57.900001525878906,0.0,0.0
2024-06-12 18:56:04.462000+00:00,57.900001525878906,0.0,0.0
2024-06-12 18:57:04.372000+00:00,57.900001525878906,0.0,0.0
2024-06-12 18:58:04.021000+00:00,57.900001525878906,0.0,0.0
2024-06-12 18:59:04.227000+00:00,58.0,0.0,0.0
2024-06-12 19:00:05.936000+00:00,58.09999847412109,0.0,0.0
2024-06-12 19:01:04+00:00,57.900001525878906,0.0,0.0
2024-06-12 19:02:04.173000+00:00,58.0,0.0,0.0
2024-06-12 19:03:04.733000+00:00,58.09000015258789,0.0,0.0
2024-06-12 19:04:04.363000+00:00,58.09999847412109,0.0,0.0
2024-06-12 19:05:04.044000+00:00,58.09999847412109,0.0,0.0
2024-06-12 19:06:04.808000+00:00,58.20000076293945,0.0,0.0
2024-06-12 19:07:04.558000+00:00,58.29999923706055,0.0,0.0
2024-06-12 19:08:05.059000+00:00,58.29999923706055,0.0,0.0
2024-06-12 19:09:04.093000+00:00,58.400001525878906,0.0,0.0
2024-06-12 19:10:03.965000+00:00,58.400001525878906,0.0,0.0
2024-06-12 19:11:04.126000+00:00,58.400001525878906,0.0,0.0
2024-06-12 19:12:04.371000+00:00,58.5,0.0,0.0
2024-06-12 19:13:04.711000+00:00,58.45000076293945,0.0,0.0
2024-06-12 19:14:04.179000+00:00,58.5,0.0,0.0
2024-06-12 19:15:04.757000+00:00,58.40999984741211,0.0,0.0
2024-06-12 19:16:03.908000+00:00,58.41999816894531,0.0,0.0
2024-06-12 19:17:04.349000+00:00,58.400001525878906,0.0,0.0
2024-06-12 19:18:04.500000+00:00,58.400001525878906,0.0,0.0
2024-06-12 19:19:04.023000+00:00,58.29999923706055,0.0,0.0
2024-06-12 19:20:04.447000+00:00,58.29999923706055,0.0,0.0
2024-06-12 19:21:04.685000+00:00,58.29999923706055,0.0,0.0
2024-06-12 19:22:04.445000+00:00,58.29999923706055,0.0,0.0
2024-06-12 19:23:04.299000+00:00,58.20000076293945,0.0,0.0
2024-06-12 19:24:04.594000+00:00,58.20000076293945,0.0,0.0
2024-06-12 19:25:04.237000+00:00,58.20000076293945,0.0,0.0
2024-06-12 19:26:04.837000+00:00,58.20000076293945,0.0,0.0
2024-06-12 19:27:04.428000+00:00,58.09999847412109,0.0,0.0
2024-06-12 19:28:04.594000+00:00,58.09999847412109,0.0,0.0
2024-06-12 19:29:04.171000+00:00,58.09999847412109,0.0,0.0
2024-06-12 19:30:04.429000+00:00,58.09999847412109,0.0,0.0
2024-06-12 19:31:04.513000+00:00,58.09999847412109,0.0,0.0
2024-06-12 19:32:04.398000+00:00,58.0,0.0,0.0
2024-06-12 19:33:04.419000+00:00,58.0,0.0,0.0
2024-06-12 19:34:04.032000+00:00,58.0,0.0,0.0
2024-06-12 19:35:04.031000+00:00,58.0,0.0,0.0
2024-06-12 19:36:04.700000+00:00,58.0,0.0,0.0
2024-06-12 19:37:04.002000+00:00,57.9900016784668,0.0,0.0
2024-06-12 19:38:04.356000+00:00,57.900001525878906,0.0,0.0
2024-06-12 19:39:04.754000+00:00,57.97999954223633,0.0,0.0
2024-06-12 19:40:04.756000+00:00,58.0,0.0,0.0
2024-06-12 19:41:04.504000+00:00,58.0,0.0,0.0
2024-06-12 19:42:04.461000+00:00,58.0,0.0,0.0
2024-06-12 19:43:04.504000+00:00,58.0,0.0,0.0
2024-06-12 19:44:03.912000+00:00,58.0,0.0,0.0
2024-06-12 19:45:03.927000+00:00,58.0,0.0,0.0
2024-06-12 19:46:03.879000+00:00,58.0,0.0,0.0
2024-06-12 19:47:03.806000+00:00,58.0,0.0,0.0
2024-06-12 19:48:04.537000+00:00,58.09999847412109,0.0,0.0
2024-06-12 19:49:03.601000+00:00,58.09999847412109,0.0,0.0
2024-06-12 19:50:04.253000+00:00,58.09999847412109,0.0,0.0
2024-06-12 19:51:04.166000+00:00,58.09999847412109,0.0,0.0
2024-06-12 19:52:04.538000+00:00,58.20000076293945,0.0,0.0
2024-06-12 19:53:04.059000+00:00,58.20000076293945,0.0,0.0
2024-06-12 19:54:03.839000+00:00,58.20000076293945,0.0,0.0
2024-06-12 19:55:04.455000+00:00,58.20000076293945,0.0,0.0
2024-06-12 19:56:04.073000+00:00,58.20000076293945,0.0,0.0
2024-06-12 19:57:03.717000+00:00,58.209999084472656,0.0,0.0
2024-06-12 19:58:04.540000+00:00,58.290000915527344,0.0,0.0
2024-06-12 19:59:04.243000+00:00,58.2400016784668,0.0,0.0
2024-06-12 20:00:05.794000+00:00,58.29999923706055,0.0,0.0
2024-06-12 20:01:04.512000+00:00,58.20000076293945,0.0,0.0
2024-06-12 20:02:03.977000+00:00,58.09999847412109,0.0,0.0
2024-06-12 20:03:03.832000+00:00,58.09999847412109,0.0,0.0
2024-06-12 20:04:03.827000+00:00,56.9900016784668,0.0,0.0
2024-06-12 20:05:04.544000+00:00,56.7599983215332,0.0,0.0
2024-06-12 20:06:04.850000+00:00,56.88999938964844,0.0,0.0
2024-06-12 20:07:04.351000+00:00,57.29999923706055,0.0,0.0
2024-06-12 20:08:04.395000+00:00,57.79999923706055,0.0,0.0
2024-06-12 20:09:03.999000+00:00,58.20000076293945,0.0,0.0
2024-06-12 20:10:04.259000+00:00,58.400001525878906,0.0,0.0
2024-06-12 20:11:03.651000+00:00,58.70000076293945,112.56999969482422,27660498.058523573
2024-06-12 20:12:04.576000+00:00,58.79999923706055,112.56999969482422,27707619.141374193
2024-06-12 20:13:04.491000+00:00,58.79999923706055,112.56999969482422,27707619.141374193
2024-06-12 20:14:04.741000+00:00,58.79999923706055,112.56999969482422,27707619.141374193
2024-06-12 20:15:04.700000+00:00,58.79999923706055,111.13999938964844,27355643.446826145
2024-06-12 20:16:04.557000+00:00,58.75,93.5,22994221.25
2024-06-12 20:17:04.361000+00:00,58.70000076293945,81.04000091552734,19913003.411776308
2024-06-12 20:18:04.079000+00:00,58.59999847412109,71.51000213623047,17541374.46325856
2024-06-12 20:19:04.067000+00:00,58.5,63.79999923706055,15623407.613170624
2024-06-12 20:20:04.230000+00:00,55.790000915527344,0.0,0.0
2024-06-12 20:21:04.686000+00:00,56.400001525878906,0.0,0.0
2024-06-12 20:22:04.516000+00:00,56.84999847412109,0.0,0.0
2024-06-12 20:23:04.070000+00:00,57.5,0.0,0.0
2024-06-12 20:24:04.420000+00:00,58.0,0.0,0.0
2024-06-12 20:25:04.749000+00:00,58.400001525878906,0.0,0.0
2024-06-12 20:26:04.101000+00:00,58.70000076293945,51.59999847412109,12679058.909856865
2024-06-12 20:27:04.010000+00:00,58.900001525878906,108.76000213623048,26815366.52538509
2024-06-12 20:28:04.657000+00:00,59.0,108.76000213623048,26860892.767593388
2024-06-12 20:29:05.009000+00:00,59.0,108.76000213623048,26860892.767593388
2024-06-12 20:30:04.738000+00:00,58.900001525878906,108.76000213623048,26815366.52538509
2024-06-12 20:31:03.712000+00:00,58.869998931884766,108.76000213623048,26801707.263350744
2024-06-12 20:32:04.622000+00:00,58.79999923706055,108.76000213623048,26769838.546461973
2024-06-12 20:33:04.493000+00:00,58.70000076293945,95.77999877929688,23534889.201940212
2024-06-12 20:34:04.204000+00:00,58.59999847412109,82.75,20298541.371448513
2024-06-12 20:35:04.305000+00:00,58.5,72.63999938964844,17788155.6905365
2024-06-12 20:36:04.415000+00:00,58.400001525878906,64.83999633789062,15850941.534906348
2024-06-12 20:37:03.763000+00:00,58.29999923706055,58.58000183105469,14296086.063772669
2024-06-12 20:38:04.706000+00:00,58.20000076293945,53.27000045776367,12977914.685649278
2024-06-12 20:39:04.937000+00:00,58.09999847412109,0.0,0.0
2024-06-12 20:40:04.511000+00:00,58.0,0.0,0.0
2024-06-12 20:41:04.263000+00:00,57.900001525878906,0.0,0.0
2024-06-12 20:42:04.540000+00:00,57.79999923706055,0.0,0.0
2024-06-12 20:43:04.262000+00:00,56.900001525878906,0.0,0.0
2024-06-12 20:44:04.335000+00:00,57.0,0.0,0.0
2024-06-12 20:45:04.775000+00:00,57.09999847412109,0.0,0.0
2024-06-12 20:46:03.961000+00:00,57.20000076293945,0.0,0.0
2024-06-12 20:47:04.044000+00:00,57.400001525878906,0.0,0.0
2024-06-12 20:48:04.475000+00:00,57.59999847412109,0.0,0.0
2024-06-12 20:49:04.680000+00:00,57.79999923706055,0.0,0.0
2024-06-12 20:50:04.445000+00:00,57.900001525878906,0.0,0.0
2024-06-12 20:51:04.236000+00:00,58.09999847412109,24.739999771118164,6016931.070311906
2024-06-12 20:52:04.295000+00:00,58.20000076293945,23.770000457763672,5790971.191436174
2024-06-12 20:53:03.594000+00:00,58.29999923706055,22.86000061035156,5578841.34394534
2024-06-12 20:54:04.445000+00:00,58.400001525878906,22.020000457763672,5383062.300554995
2024-06-12 20:55:04.952000+00:00,58.5,0.0,0.0
2024-06-12 20:56:04.848000+00:00,58.5,0.0,0.0
2024-06-12 20:57:04.244000+00:00,58.59999847412109,0.0,0.0
2024-06-12 20:58:04.097000+00:00,58.59999847412109,0.0,0.0
2024-06-12 20:59:04.115000+00:00,58.59999847412109,0.0,0.0
2024-06-12 21:00:05.401000+00:00,58.5,0.0,0.0
2024-06-12 21:01:04.269000+00:00,58.5,0.0,0.0
2024-06-12 21:02:04.280000+00:00,58.400001525878906,0.0,0.0
2024-06-12 21:03:04.458000+00:00,58.20000076293945,0.0,0.0
2024-06-12 21:04:04.268000+00:00,58.0,0.0,0.0
2024-06-12 21:05:04.156000+00:00,57.79999923706055,0.0,0.0
2024-06-12 21:06:04.381000+00:00,57.65999984741211,0.0,0.0
2024-06-12 21:07:04.212000+00:00,57.400001525878906,0.0,0.0
2024-06-12 21:08:04.521000+00:00,57.20000076293945,0.0,0.0
2024-06-12 21:09:04.473000+00:00,57.040000915527344,0.0,0.0
2024-06-12 21:10:03.816000+00:00,56.810001373291016,0.0,0.0
2024-06-12 21:11:04.685000+00:00,56.70000076293945,0.0,0.0
2024-06-12 21:12:04.324000+00:00,56.5,0.0,0.0
2024-06-12 21:13:04.056000+00:00,56.29999923706055,0.0,0.0
2024-06-12 21:14:04.541000+00:00,56.09999847412109,0.0,0.0
2024-06-12 21:15:04.505000+00:00,56.0,0.0,0.0
2024-06-12 21:16:04.104000+00:00,55.79999923706055,0.0,0.0
2024-06-12 21:17:04.475000+00:00,55.59999847412109,0.0,0.0
2024-06-12 21:18:04.035000+00:00,55.400001525878906,0.0,0.0
2024-06-12 21:19:03.769000+00:00,55.20000076293945,0.0,0.0
2024-06-12 21:20:03.820000+00:00,54.900001525878906,0.0,0.0
2024-06-12 21:21:03.903000+00:00,54.70000076293945,0.0,0.0
2024-06-12 21:22:04.266000+00:00,54.20000076293945,0.0,0.0
2024-06-12 21:23:04.323000+00:00,53.70000076293945,0.0,0.0
2024-06-12 21:24:04.087000+00:00,53.20000076293945,0.0,0.0
2024-06-12 21:25:04.259000+00:00,52.79999923706055,0.0,0.0
2024-06-12 21:26:04.906000+00:00,52.310001373291016,0.0,0.0
2024-06-12 21:27:03.808000+00:00,52.0,0.0,0.0
2024-06-12 21:28:03.993000+00:00,51.79999923706055,0.0,0.0
2024-06-12 21:29:04.349000+00:00,51.900001525878906,0.0,0.0
2024-06-12 21:30:04.767000+00:00,52.20000076293945,0.0,0.0
2024-06-12 21:31:04.314000+00:00,52.70000076293945,0.0,0.0
2024-06-12 21:32:04.238000+00:00,53.400001525878906,0.0,0.0
2024-06-12 21:33:04.838000+00:00,54.0,0.0,0.0
2024-06-12 21:34:04.455000+00:00,54.5,0.0,0.0
2024-06-12 21:35:04.661000+00:00,54.9900016784668,0.0,0.0
2024-06-12 21:36:03.690000+00:00,55.400001525878906,0.0,0.0
2024-06-12 21:37:03.981000+00:00,55.59999847412109,0.0,0.0
2024-06-12 21:38:03.822000+00:00,55.79999923706055,0.0,0.0
2024-06-12 21:39:04.182000+00:00,55.91999816894531,0.0,0.0
2024-06-12 21:40:04.221000+00:00,56.0,0.0,0.0
2024-06-12 21:41:04.695000+00:00,56.0,0.0,0.0
2024-06-12 21:42:04.379000+00:00,56.0,0.0,0.0
2024-06-12 21:43:04.482000+00:00,56.0,0.0,0.0
2024-06-12 21:44:04.241000+00:00,55.9900016784668,0.0,0.0
2024-06-12 21:45:04.242000+00:00,55.900001525878906,0.0,0.0
2024-06-12 21:46:03.924000+00:00,55.79999923706055,0.0,0.0
2024-06-12 21:47:04.217000+00:00,55.70000076293945,0.0,0.0
2024-06-12 21:48:04.464000+00:00,55.59999847412109,0.0,0.0
2024-06-12 21:49:04.313000+00:00,55.5,0.0,0.0
2024-06-12 21:50:04.511000+00:00,55.400001525878906,0.0,0.0
2024-06-12 21:51:04.307000+00:00,55.29999923706055,0.0,0.0
2024-06-12 21:52:04.588000+00:00,55.20000076293945,0.0,0.0
2024-06-12 21:53:04.099000+00:00,55.09999847412109,0.0,0.0
2024-06-12 21:54:03.966000+00:00,55.0,0.0,0.0
2024-06-12 21:55:04.674000+00:00,54.900001525878906,0.0,0.0
2024-06-12 21:56:04.363000+00:00,54.900001525878906,0.0,0.0
2024-06-12 21:57:03.934000+00:00,54.79999923706055,0.0,0.0
2024-06-12 21:58:04.142000+00:00,54.79999923706055,0.0,0.0
2024-06-12 21:59:04.386000+00:00,54.70000076293945,0.0,0.0
2024-06-12 22:00:05.497000+00:00,54.70000076293945,0.0,0.0
2024-06-12 22:01:04.452000+00:00,54.70000076293945,0.0,0.0
2024-06-12 22:02:04.274000+00:00,54.70000076293945,0.0,0.0
2024-06-12 22:03:04.106000+00:00,54.79999923706055,0.0,0.0
2024-06-12 22:04:04.548000+00:00,54.900001525878906,0.0,0.0
2024-06-12 22:05:04.014000+00:00,54.900001525878906,0.0,0.0
2024-06-12 22:06:04.591000+00:00,55.0,0.0,0.0
2024-06-12 22:07:04.221000+00:00,55.09999847412109,0.0,0.0
2024-06-12 22:08:03.675000+00:00,55.11000061035156,0.0,0.0
2024-06-12 22:09:04.303000+00:00,55.20000076293945,0.0,0.0
2024-06-12 22:10:04.618000+00:00,55.29999923706055,0.0,0.0
2024-06-12 22:11:04.661000+00:00,55.29999923706055,0.0,0.0
2024-06-12 22:12:04.888000+00:00,55.29999923706055,0.0,0.0
2024-06-12 22:13:03.735000+00:00,55.400001525878906,0.0,0.0
2024-06-12 22:14:04.287000+00:00,55.400001525878906,0.0,0.0
2024-06-12 22:15:04.124000+00:00,55.400001525878906,0.0,0.0
2024-06-12 22:16:04.604000+00:00,55.400001525878906,0.0,0.0
2024-06-12 22:17:04.326000+00:00,55.400001525878906,0.0,0.0
2024-06-12 22:18:03.871000+00:00,55.400001525878906,0.0,0.0
2024-06-12 22:19:03.847000+00:00,55.400001525878906,0.0,0.0
2024-06-12 22:20:04.815000+00:00,55.400001525878906,0.0,0.0
2024-06-12 22:21:03.821000+00:00,55.29999923706055,0.0,0.0
2024-06-12 22:22:03.864000+00:00,55.29999923706055,0.0,0.0
2024-06-12 22:23:04.274000+00:00,55.29999923706055,0.0,0.0
2024-06-12 22:24:03.686000+00:00,55.29999923706055,0.0,0.0
2024-06-12 22:25:03.997000+00:00,55.29999923706055,0.0,0.0
2024-06-12 22:26:04.783000+00:00,55.29999923706055,0.0,0.0
2024-06-12 22:27:04.184000+00:00,55.29999923706055,0.0,0.0
2024-06-12 22:28:04.144000+00:00,55.20000076293945,0.0,0.0
2024-06-12 22:29:04.380000+00:00,55.20000076293945,0.0,0.0
2024-06-12 22:30:04.812000+00:00,55.20000076293945,0.0,0.0
2024-06-12 22:31:04.126000+00:00,55.20000076293945,0.0,0.0
2024-06-12 22:32:03.866000+00:00,55.09999847412109,0.0,0.0
2024-06-12 22:33:04.052000+00:00,55.09999847412109,0.0,0.0
2024-06-12 22:34:04.466000+00:00,55.0,0.0,0.0
2024-06-12 22:35:04.335000+00:00,55.0,0.0,0.0
2024-06-12 22:36:04.666000+00:00,55.0,0.0,0.0
2024-06-12 22:37:03.838000+00:00,54.900001525878906,0.0,0.0
2024-06-12 22:38:03.854000+00:00,54.900001525878906,0.0,0.0
2024-06-12 22:39:04.523000+00:00,54.79999923706055,0.0,0.0
2024-06-12 22:40:03.975000+00:00,54.79999923706055,0.0,0.0
2024-06-12 22:41:04.591000+00:00,54.79999923706055,0.0,0.0
2024-06-12 22:42:04.357000+00:00,54.70000076293945,0.0,0.0
2024-06-12 22:43:04.494000+00:00,54.77000045776367,0.0,0.0
2024-06-12 22:44:03.744000+00:00,54.70000076293945,0.0,0.0
2024-06-12 22:45:03.946000+00:00,54.79999923706055,0.0,0.0
2024-06-12 22:46:04.209000+00:00,54.70000076293945,0.0,0.0
2024-06-12 22:47:04.009000+00:00,54.79999923706055,0.0,0.0
2024-06-12 22:48:04.362000+00:00,54.79999923706055,0.0,0.0
2024-06-12 22:49:04.270000+00:00,54.900001525878906,0.0,0.0
2024-06-12 22:50:04.045000+00:00,54.900001525878906,0.0,0.0
2024-06-12 22:51:03.780000+00:00,55.0,0.0,0.0
2024-06-12 22:52:04.257000+00:00,55.0,0.0,0.0
2024-06-12 22:53:04.057000+00:00,55.09999847412109,0.0,0.0
2024-06-12 22:54:04.100000+00:00,55.09999847412109,0.0,0.0
2024-06-12 22:55:04.528000+00:00,55.16999816894531,0.0,0.0
2024-06-12 22:56:03.724000+00:00,55.20000076293945,0.0,0.0
2024-06-12 22:57:04.024000+00:00,55.29999923706055,0.0,0.0
2024-06-12 22:58:03.833000+00:00,55.29999923706055,0.0,0.0
2024-06-12 22:59:04.007000+00:00,55.34999847412109,0.0,0.0
2024-06-12 23:00:06.294000+00:00,55.400001525878906,0.0,0.0
2024-06-13 00:00:06.866000+00:00,55.09999847412109,0.0,0.0
2024-06-13 00:01:04.434000+00:00,55.09999847412109,0.0,0.0
2024-06-13 00:02:03.856000+00:00,55.0,0.0,0.0
2024-06-13 00:03:03.393000+00:00,55.060001373291016,0.0,0.0
2024-06-13 00:04:04.046000+00:00,55.09999847412109,0.0,0.0
2024-06-13 00:05:03.696000+00:00,55.0,0.0,0.0
2024-06-13 00:06:04.939000+00:00,55.0,0.0,0.0
2024-06-13 00:07:04.168000+00:00,55.0,0.0,0.0
2024-06-13 00:08:03.862000+00:00,55.09999847412109,0.0,0.0
2024-06-13 00:09:04.121000+00:00,55.0,0.0,0.0
2024-06-13 00:10:04.174000+00:00,55.0,0.0,0.0
2024-06-13 00:11:04.346000+00:00,55.0,0.0,0.0
2024-06-13 00:12:03.964000+00:00,55.0,0.0,0.0
2024-06-13 00:13:04.432000+00:00,55.0,0.0,0.0
2024-06-13 00:14:04.088000+00:00,55.02999877929688,0.0,0.0
2024-06-13 00:15:03.975000+00:00,55.0,0.0,0.0
2024-06-13 00:16:04.073000+00:00,55.0,0.0,0.0
2024-06-13 00:17:04.597000+00:00,55.09999847412109,0.0,0.0
2024-06-13 00:18:04.387000+00:00,55.20000076293945,0.0,0.0
2024-06-13 00:19:04.096000+00:00,55.20000076293945,0.0,0.0
2024-06-13 00:20:04.012000+00:00,55.20000076293945,0.0,0.0
2024-06-13 00:21:04.285000+00:00,55.20000076293945,0.0,0.0
2024-06-13 00:22:03.946000+00:00,55.29999923706055,0.0,0.0
2024-06-13 00:23:04.315000+00:00,55.29999923706055,0.0,0.0
2024-06-13 00:24:04.418000+00:00,55.29999923706055,0.0,0.0
2024-06-13 00:25:04.431000+00:00,55.29999923706055,0.0,0.0
2024-06-13 00:26:04.557000+00:00,55.29999923706055,0.0,0.0
2024-06-13 00:27:03.967000+00:00,55.29999923706055,0.0,0.0
2024-06-13 00:28:04.060000+00:00,55.29999923706055,0.0,0.0
2024-06-13 00:29:04.374000+00:00,55.29999923706055,0.0,0.0
2024-06-13 00:30:04.492000+00:00,55.29999923706055,0.0,0.0
2024-06-13 00:31:03.931000+00:00,55.29999923706055,0.0,0.0
2024-06-13 00:32:03.877000+00:00,55.29999923706055,0.0,0.0
2024-06-13 00:33:03.698000+00:00,55.29999923706055,0.0,0.0
2024-06-13 00:34:03.787000+00:00,55.209999084472656,0.0,0.0
2024-06-13 00:35:04.669000+00:00,55.209999084472656,0.0,0.0
2024-06-13 00:36:04.444000+00:00,55.20000076293945,0.0,0.0
2024-06-13 00:37:03.676000+00:00,55.20000076293945,0.0,0.0
2024-06-13 00:38:04.345000+00:00,55.20000076293945,0.0,0.0
2024-06-13 00:39:04.316000+00:00,55.20000076293945,0.0,0.0
2024-06-13 00:40:04.459000+00:00,55.20000076293945,0.0,0.0
2024-06-13 00:41:04.868000+00:00,55.20000076293945,0.0,0.0
2024-06-13 00:42:04.052000+00:00,55.20000076293945,0.0,0.0
2024-06-13 00:43:03.952000+00:00,55.20000076293945,0.0,0.0
2024-06-13 00:44:03.685000+00:00,55.20000076293945,0.0,0.0
2024-06-13 00:45:04.518000+00:00,55.20000076293945,0.0,0.0
2024-06-13 00:46:04.163000+00:00,55.20000076293945,0.0,0.0
2024-06-13 00:47:04.296000+00:00,55.20000076293945,0.0,0.0
2024-06-13 00:48:04.193000+00:00,55.20000076293945,0.0,0.0
2024-06-13 00:49:04.116000+00:00,55.09999847412109,0.0,0.0
2024-06-13 00:50:04.145000+00:00,55.119998931884766,0.0,0.0
2024-06-13 00:51:04.292000+00:00,55.20000076293945,0.0,0.0
2024-06-13 00:52:04.150000+00:00,55.150001525878906,0.0,0.0
2024-06-13 00:53:03.900000+00:00,55.09999847412109,0.0,0.0
2024-06-13 00:54:03.723000+00:00,55.15999984741211,0.0,0.0
2024-06-13 00:55:04.431000+00:00,55.09999847412109,0.0,0.0
2024-06-13 00:56:03.851000+00:00,55.09999847412109,0.0,0.0
2024-06-13 00:57:04.020000+00:00,55.09999847412109,0.0,0.0
2024-06-13 00:58:03.743000+00:00,55.09999847412109,0.0,0.0
2024-06-13 00:59:04.722000+00:00,55.09999847412109,0.0,0.0
2024-06-13 01:00:05.554000+00:00,55.09999847412109,0.0,0.0
2024-06-13 01:01:04.686000+00:00,55.09999847412109,0.0,0.0
2024-06-13 01:02:04.183000+00:00,55.09999847412109,0.0,0.0
2024-06-13 01:03:04.172000+00:00,55.09999847412109,0.0,0.0
2024-06-13 01:04:04.084000+00:00,55.09999847412109,0.0,0.0
2024-06-13 01:05:04.154000+00:00,55.09999847412109,0.0,0.0
2024-06-13 01:06:04.596000+00:00,55.09999847412109,0.0,0.0
2024-06-13 01:07:04.334000+00:00,55.09999847412109,0.0,0.0
2024-06-13 01:08:03.850000+00:00,55.09999847412109,0.0,0.0
2024-06-13 01:09:04.414000+00:00,55.09999847412109,0.0,0.0
2024-06-13 01:10:04.489000+00:00,55.09999847412109,0.0,0.0
2024-06-13 01:11:04.151000+00:00,55.18999862670898,0.0,0.0
2024-06-13 01:12:04.571000+00:00,55.09999847412109,0.0,0.0
2024-06-13 01:13:04.358000+00:00,55.20000076293945,0.0,0.0
2024-06-13 01:14:04.448000+00:00,55.20000076293945,0.0,0.0
2024-06-13 01:15:04.623000+00:00,55.20000076293945,0.0,0.0
2024-06-13 01:16:04.255000+00:00,55.20000076293945,0.0,0.0
2024-06-13 01:17:04.389000+00:00,55.20000076293945,0.0,0.0
2024-06-13 01:18:04.678000+00:00,55.20000076293945,0.0,0.0
2024-06-13 01:19:04.307000+00:00,55.20000076293945,0.0,0.0
2024-06-13 01:20:04.050000+00:00,55.20000076293945,0.0,0.0
2024-06-13 01:21:04.481000+00:00,55.20000076293945,0.0,0.0
2024-06-13 01:22:04.819000+00:00,55.20000076293945,0.0,0.0
2024-06-13 01:23:04.439000+00:00,55.20000076293945,0.0,0.0
2024-06-13 01:24:04.314000+00:00,55.20000076293945,0.0,0.0
2024-06-13 01:25:04.518000+00:00,55.20000076293945,0.0,0.0
2024-06-13 01:26:04.760000+00:00,55.20000076293945,0.0,0.0
2024-06-13 01:27:04.261000+00:00,55.20000076293945,0.0,0.0
2024-06-13 01:28:04.037000+00:00,55.20000076293945,0.0,0.0
2024-06-13 01:29:04.223000+00:00,55.20000076293945,0.0,0.0
2024-06-13 01:30:04.008000+00:00,55.20000076293945,0.0,0.0
2024-06-13 01:31:03.799000+00:00,55.20000076293945,0.0,0.0
2024-06-13 01:32:04.631000+00:00,55.20000076293945,0.0,0.0
2024-06-13 01:33:04.133000+00:00,55.20000076293945,0.0,0.0
2024-06-13 01:34:04.388000+00:00,55.20000076293945,0.0,0.0
2024-06-13 01:35:04.544000+00:00,55.20000076293945,0.0,0.0
2024-06-13 01:36:04.492000+00:00,55.20000076293945,0.0,0.0
2024-06-13 01:37:04.893000+00:00,55.27000045776367,0.0,0.0
2024-06-13 01:38:04.153000+00:00,55.20000076293945,0.0,0.0
2024-06-13 01:39:04.628000+00:00,55.20000076293945,0.0,0.0
2024-06-13 01:40:04.127000+00:00,55.20000076293945,0.0,0.0
2024-06-13 01:41:04.300000+00:00,55.20000076293945,0.0,0.0
2024-06-13 01:42:04.516000+00:00,55.20000076293945,0.0,0.0
2024-06-13 01:43:04.169000+00:00,55.20000076293945,0.0,0.0
2024-06-13 01:44:04.120000+00:00,55.20000076293945,0.0,0.0
2024-06-13 01:45:04.363000+00:00,55.20000076293945,0.0,0.0
2024-06-13 01:46:04.360000+00:00,55.20000076293945,0.0,0.0
2024-06-13 01:47:03.869000+00:00,55.20000076293945,0.0,0.0
2024-06-13 01:48:03.909000+00:00,55.20000076293945,0.0,0.0
2024-06-13 01:49:03.757000+00:00,55.290000915527344,0.0,0.0
2024-06-13 01:50:04.303000+00:00,55.20000076293945,0.0,0.0
2024-06-13 01:51:03.962000+00:00,55.20000076293945,0.0,0.0
2024-06-13 01:52:04.755000+00:00,55.18000030517578,0.0,0.0
2024-06-13 01:53:04.141000+00:00,55.09999847412109,0.0,0.0
2024-06-13 01:54:04.081000+00:00,55.09999847412109,0.0,0.0
2024-06-13 01:55:04.314000+00:00,55.09999847412109,0.0,0.0
2024-06-13 01:56:04.171000+00:00,55.09999847412109,0.0,0.0
2024-06-13 01:57:04.085000+00:00,55.09999847412109,0.0,0.0
2024-06-13 01:58:03.619000+00:00,55.0,0.0,0.0
2024-06-13 01:59:04.253000+00:00,55.09999847412109,0.0,0.0
2024-06-13 02:00:05.856000+00:00,55.0,0.0,0.0
2024-06-13 02:01:04.645000+00:00,55.20000076293945,0.0,0.0
2024-06-13 02:02:04.054000+00:00,55.900001525878906,0.0,0.0
2024-06-13 02:03:03.709000+00:00,56.5,0.0,0.0
2024-06-13 02:04:04.533000+00:00,57.15999984741211,0.0,0.0
2024-06-13 02:05:03.979000+00:00,57.59999847412109,0.0,0.0
2024-06-13 02:06:05.114000+00:00,58.0099983215332,123.08999633789062,29889925.713292547
2024-06-13 02:07:04.047000+00:00,58.29999923706055,123.08999633789062,30039350.055176754
2024-06-13 02:08:04.570000+00:00,58.5,123.08999633789062,30142401.393218994
2024-06-13 02:09:04.217000+00:00,58.70000076293945,123.08999633789062,30245452.731261235
2024-06-13 02:10:03.920000+00:00,58.79999923706055,123.08999633789062,30296977.41751196
2024-06-13 02:11:03.821000+00:00,58.79999923706055,108.68000030517578,26750147.152027525
2024-06-13 02:12:04.227000+00:00,58.79999923706055,91.73999786376952,22580589.213208284
2024-06-13 02:13:04.416000+00:00,58.709999084472656,79.72000122070312,19591991.977681343
2024-06-13 02:14:04.790000+00:00,58.70000076293945,70.2300033569336,17256790.23515075
2024-06-13 02:15:04.583000+00:00,58.59999847412109,62.95000076293945,15441609.605066368
2024-06-13 02:16:04.143000+00:00,58.59999847412109,57.040000915527344,13991889.044245232
2024-06-13 02:17:04.222000+00:00,58.5,52.040000915527344,12743607.464195251
2024-06-13 02:18:04.194000+00:00,58.400001525878906,47.90999984741211,11712193.852714933
2024-06-13 02:19:04.037000+00:00,58.369998931884766,44.40999984741211,10850997.940354262
2024-06-13 02:20:04.305000+00:00,58.29999923706055,41.290000915527344,10076568.593562359
2024-06-13 02:21:03.834000+00:00,58.20000076293945,38.66999816894531,9420986.161407938
2024-06-13 02:22:04.007000+00:00,58.18999862670898,36.290000915527344,8839639.422990646
2024-06-13 02:23:04.410000+00:00,58.09999847412109,34.2400016784668,8327394.1735120425
2024-06-13 02:24:04.643000+00:00,58.09999847412109,32.380001068115234,7875029.760950951
2024-06-13 02:25:05.081000+00:00,58.06999969482422,30.71999931335449,7467448.728245759
2024-06-13 02:26:04.823000+00:00,58.0,29.200000762939453,7089409.785232544
2024-06-13 02:27:04.310000+00:00,58.0,27.86000061035156,6764073.828186034
2024-06-13 02:28:04.080000+00:00,57.900001525878906,26.63999938964844,6456720.838227903
2024-06-13 02:29:04.209000+00:00,57.84999847412109,25.489999771118164,6172660.730760934
2024-06-13 02:30:04.352000+00:00,57.79999923706055,0.0,0.0
2024-06-13 02:31:04.212000+00:00,57.79999923706055,0.0,0.0
2024-06-13 02:32:04.090000+00:00,57.79999923706055,0.0,0.0
2024-06-13 02:33:03.906000+00:00,57.79999923706055,0.0,0.0
2024-06-13 02:34:04.155000+00:00,57.77999877929688,0.0,0.0
2024-06-13 02:35:04.084000+00:00,57.79999923706055,0.0,0.0
2024-06-13 02:36:04.245000+00:00,57.79999923706055,0.0,0.0
2024-06-13 02:37:04.135000+00:00,57.79999923706055,0.0,0.0
2024-06-13 02:38:03.927000+00:00,57.709999084472656,0.0,0.0
2024-06-13 02:39:04.963000+00:00,57.79999923706055,0.0,0.0
2024-06-13 02:40:04.553000+00:00,57.900001525878906,0.0,0.0
2024-06-13 02:41:04.269000+00:00,57.900001525878906,0.0,0.0
2024-06-13 02:42:04.201000+00:00,57.900001525878906,0.0,0.0
2024-06-13 02:43:04.245000+00:00,57.900001525878906,0.0,0.0
2024-06-13 02:44:04.240000+00:00,57.900001525878906,0.0,0.0
2024-06-13 02:45:03.777000+00:00,57.900001525878906,0.0,0.0
2024-06-13 02:46:04.617000+00:00,58.0,0.0,0.0
2024-06-13 02:47:04.603000+00:00,58.0,0.0,0.0
2024-06-13 02:48:04.184000+00:00,58.0,0.0,0.0
2024-06-13 02:49:04.243000+00:00,58.09999847412109,0.0,0.0
2024-06-13 02:50:04.096000+00:00,58.09999847412109,0.0,0.0
2024-06-13 02:51:04.078000+00:00,58.09999847412109,0.0,0.0
2024-06-13 02:52:04.653000+00:00,58.09999847412109,0.0,0.0
2024-06-13 02:53:04.545000+00:00,58.09999847412109,0.0,0.0
2024-06-13 02:54:04.655000+00:00,58.09999847412109,0.0,0.0
2024-06-13 02:55:04.374000+00:00,58.09999847412109,0.0,0.0
2024-06-13 02:56:03.973000+00:00,58.09999847412109,0.0,0.0
2024-06-13 02:57:04.142000+00:00,58.20000076293945,0.0,0.0
2024-06-13 02:58:04.054000+00:00,58.20000076293945,0.0,0.0
2024-06-13 02:59:04.587000+00:00,58.20000076293945,0.0,0.0
2024-06-13 03:00:05.722000+00:00,58.20000076293945,0.0,0.0
2024-06-13 03:01:04.662000+00:00,58.20000076293945,0.0,0.0
2024-06-13 03:02:04.454000+00:00,58.20000076293945,0.0,0.0
2024-06-13 03:03:04.220000+00:00,58.20000076293945,0.0,0.0
2024-06-13 03:04:04.114000+00:00,58.20000076293945,0.0,0.0
2024-06-13 03:05:04.205000+00:00,58.09999847412109,0.0,0.0
2024-06-13 03:06:04.435000+00:00,58.09999847412109,0.0,0.0
2024-06-13 03:07:03.583000+00:00,58.09999847412109,0.0,0.0
2024-06-13 03:08:04.537000+00:00,58.09999847412109,0.0,0.0
2024-06-13 03:09:04.269000+00:00,58.09999847412109,0.0,0.0
2024-06-13 03:10:03.971000+00:00,58.09999847412109,0.0,0.0
2024-06-13 03:11:04.298000+00:00,58.09999847412109,0.0,0.0
2024-06-13 03:12:04.354000+00:00,58.09999847412109,30.709999084472656,7468874.267182835
2024-06-13 03:13:04.083000+00:00,58.20000076293945,30.709999084472656,7481729.767031903
2024-06-13 03:14:04.286000+00:00,58.20000076293945,30.709999084472656,7481729.767031903
2024-06-13 03:15:04.362000+00:00,58.209999084472656,30.709999084472656,7483015.071823222
2024-06-13 03:16:04.077000+00:00,58.29999923706055,30.709999084472656,7494584.776493792
2024-06-13 03:17:04.260000+00:00,58.29999923706055,30.709999084472656,7494584.776493792
2024-06-13 03:18:03.932000+00:00,58.33000183105469,30.709999084472656,7498441.671642101
2024-06-13 03:19:03.957000+00:00,58.400001525878906,30.709999084472656,7507440.2763428595
2024-06-13 03:20:04.196000+00:00,58.400001525878906,30.709999084472656,7507440.2763428595
2024-06-13 03:21:04.151000+00:00,58.38999938964844,30.709999084472656,7506154.481164364
2024-06-13 03:22:04.038000+00:00,58.29999923706055,30.709999084472656,7494584.776493792
2024-06-13 03:23:03.724000+00:00,58.29999923706055,30.709999084472656,7494584.776493792
2024-06-13 03:24:04.167000+00:00,58.29999923706055,30.709999084472656,7494584.776493792
2024-06-13 03:25:04.753000+00:00,58.29999923706055,30.709999084472656,7494584.776493792
2024-06-13 03:26:04.525000+00:00,58.29999923706055,30.709999084472656,7494584.776493792
2024-06-13 03:27:04.411000+00:00,58.29999923706055,30.709999084472656,7494584.776493792
2024-06-13 03:28:04.543000+00:00,58.27999877929688,30.709999084472656,7492013.67652398
2024-06-13 03:29:04.732000+00:00,58.29999923706055,30.709999084472656,7494584.776493792
2024-06-13 03:30:04.286000+00:00,58.29999923706055,30.709999084472656,7494584.776493792
2024-06-13 03:31:04.243000+00:00,58.20000076293945,30.709999084472656,7481729.767031903
2024-06-13 03:32:04.296000+00:00,58.20000076293945,29.6200008392334,7216178.723054751
2024-06-13 03:33:04.312000+00:00,58.20000076293945,28.209999084472656,6872666.759047742
2024-06-13 03:34:03.867000+00:00,58.20000076293945,26.950000762939453,6565699.411940539
2024-06-13 03:35:04.644000+00:00,58.09999847412109,25.790000915527344,6272298.2719330685
2024-06-13 03:36:04.477000+00:00,58.09999847412109,24.729999542236328,6014498.948710207
2024-06-13 03:37:04.239000+00:00,58.09999847412109,23.76000022888184,5778588.719902633
2024-06-13 03:38:03.797000+00:00,58.0,23.040000915527344,5593835.742279053
2024-06-13 03:39:04.496000+00:00,58.0,23.040000915527344,5593835.742279053
2024-06-13 03:40:04.317000+00:00,57.9900016784668,23.040000915527344,5592871.449721204
2024-06-13 03:41:03.757000+00:00,58.0,23.040000915527344,5593835.742279053
2024-06-13 03:42:04.240000+00:00,58.0,23.040000915527344,5593835.742279053
2024-06-13 03:43:04.001000+00:00,57.9900016784668,23.040000915527344,5592871.449721204
2024-06-13 03:44:04.432000+00:00,57.900001525878906,23.040000915527344,5584191.345059881
2024-06-13 03:45:04.053000+00:00,57.900001525878906,23.040000915527344,5584191.345059881
2024-06-13 03:46:03.788000+00:00,57.900001525878906,23.040000915527344,5584191.345059881
2024-06-13 03:47:04.370000+00:00,57.900001525878906,23.040000915527344,5584191.345059881
2024-06-13 03:48:04.375000+00:00,57.900001525878906,23.040000915527344,5584191.345059881
2024-06-13 03:49:04.531000+00:00,57.900001525878906,23.040000915527344,5584191.345059881
2024-06-13 03:50:04.767000+00:00,57.900001525878906,23.040000915527344,5584191.345059881
2024-06-13 03:51:04.486000+00:00,57.900001525878906,23.040000915527344,5584191.345059881
2024-06-13 03:52:03.962000+00:00,57.900001525878906,23.040000915527344,5584191.345059881
2024-06-13 03:53:03.769000+00:00,57.900001525878906,23.040000915527344,5584191.345059881
2024-06-13 03:54:04.281000+00:00,57.90999984741211,23.040000915527344,5585155.637617731
2024-06-13 03:55:04.701000+00:00,57.900001525878906,23.040000915527344,5584191.345059881
2024-06-13 03:56:04.589000+00:00,57.900001525878906,23.040000915527344,5584191.345059881
2024-06-13 03:57:04.303000+00:00,58.0,23.040000915527344,5593835.742279053
2024-06-13 03:58:04.292000+00:00,58.0,23.040000915527344,5593835.742279053
2024-06-13 03:59:04.046000+00:00,58.09999847412109,28.520000457763672,6936252.161164517
2024-06-13 04:00:06.071000+00:00,58.09999847412109,28.520000457763672,6936252.161164517
2024-06-13 04:01:04.295000+00:00,58.09999847412109,28.520000457763672,6936252.161164517
2024-06-13 04:02:03.979000+00:00,58.09999847412109,28.520000457763672,6936252.161164517
2024-06-13 04:03:04.395000+00:00,58.20000076293945,28.520000457763672,6948190.906606081
2024-06-13 04:04:04.490000+00:00,58.20000076293945,28.520000457763672,6948190.906606081
2024-06-13 04:05:04.145000+00:00,58.20000076293945,28.520000457763672,6948190.906606081
2024-06-13 04:06:04.506000+00:00,58.20000076293945,28.520000457763672,6948190.906606081
2024-06-13 04:07:04.453000+00:00,58.20000076293945,28.520000457763672,6948190.906606081
2024-06-13 04:08:03.908000+00:00,58.20000076293945,28.520000457763672,6948190.906606081
2024-06-13 04:09:03.658000+00:00,58.20000076293945,28.520000457763672,6948190.906606081
2024-06-13 04:10:04.222000+00:00,58.20000076293945,28.520000457763672,6948190.906606081
2024-06-13 04:11:04.077000+00:00,58.20000076293945,28.520000457763672,6948190.906606081
2024-06-13 04:12:04.080000+00:00,58.09999847412109,28.520000457763672,6936252.161164517
2024-06-13 04:13:04.376000+00:00,55.560001373291016,28.520000457763672,6633015.313613967
2024-06-13 04:14:04.511000+00:00,55.900001525878906,40.88999938964844,9568153.804357205
2024-06-13 04:15:04.333000+00:00,56.75,40.88999938964844,9713644.25000763
2024-06-13 04:16:04.514000+00:00,57.20000076293945,40.88999938964844,9790668.872446852
2024-06-13 04:17:04.360000+00:00,57.5,40.88999938964844,9842018.40309143
2024-06-13 04:18:04.306000+00:00,57.79999923706055,40.88999938964844,9893367.93373601
2024-06-13 04:19:04.357000+00:00,58.09999847412109,110.30999755859376,26828118.74764763
2024-06-13 04:20:04.523000+00:00,58.29999923706055,110.30999755859376,26920470.629896816
2024-06-13 04:21:03.657000+00:00,58.5,110.30999755859376,27012822.512146
2024-06-13 04:22:04.169000+00:00,58.59999847412109,110.30999755859376,27058997.572537765
2024-06-13 04:23:04.264000+00:00,58.70000076293945,110.30999755859376,27105174.394395184
2024-06-13 04:24:04.269000+00:00,58.70000076293945,110.30999755859376,27105174.394395184
2024-06-13 04:25:03.945000+00:00,58.70000076293945,98.68000030517578,24247472.366138063
2024-06-13 04:26:04.555000+00:00,58.70000076293945,84.8499984741211,20849189.166046213
2024-06-13 04:27:04.787000+00:00,58.540000915527344,74.1500015258789,18170342.484086525
2024-06-13 04:28:04.256000+00:00,56.15999984741211,66.0999984741211,15539168.335067354
2024-06-13 04:29:04.744000+00:00,56.34999847412109,63.75,15037419.717807768
2024-06-13 04:30:04.593000+00:00,56.79999923706055,63.75,15157505.796403885
2024-06-13 04:31:04.926000+00:00,57.20000076293945,63.75,15264249.203596115
2024-06-13 04:32:03.746000+00:00,57.59999847412109,63.75,15370991.592807768
2024-06-13 04:33:03.923000+00:00,57.900001525878906,129.14999389648438,31302007.355618093
2024-06-13 04:34:04.545000+00:00,58.20000076293945,129.16000366210938,31466632.136675853
2024-06-13 04:35:04.149000+00:00,58.5,129.16000366210938,31628830.856781006
2024-06-13 04:36:03.983000+00:00,58.68999862670898,129.16000366210938,31731556.23160492
2024-06-13 04:37:04.171000+00:00,58.79999923706055,129.16000366210938,31791029.57688616
2024-06-13 04:38:04.213000+00:00,58.900001525878906,119.54000091552734,29473233.50526954
2024-06-13 04:39:04.959000+00:00,58.900001525878906,99.9000015258789,24630885.474307872
2024-06-13 04:40:04.271000+00:00,58.900001525878906,85.52999877929688,21087883.607337303
2024-06-13 04:41:04.053000+00:00,59.0,74.88999938964844,18495882.709259033
2024-06-13 04:42:04.089000+00:00,58.900001525878906,66.68000030517578,16440314.573149843
2024-06-13 04:43:04.083000+00:00,58.900001525878906,59.88999938964844,14766203.138051663
2024-06-13 04:44:04.018000+00:00,58.79999923706055,54.52999877929688,13421839.229389517
2024-06-13 04:45:04.015000+00:00,58.709999084472656,49.90999984741211,12265884.365825035
2024-06-13 04:46:03.888000+00:00,58.59999847412109,46.119998931884766,11313216.995408148
2024-06-13 04:47:04.257000+00:00,58.5,42.810001373291016,10483355.946292877
2024-06-13 04:48:04.413000+00:00,58.400001525878906,39.959999084472656,9768717.535425654
2024-06-13 04:49:03.704000+00:00,58.29999923706055,37.5,9151642.38023758
2024-06-13 04:50:04.587000+00:00,58.29999923706055,35.25,8602543.837423325
2024-06-13 04:51:03.876000+00:00,58.20000076293945,33.31999969482422,8117591.696064391
2024-06-13 04:52:04.350000+00:00,58.09999847412109,31.530000686645508,7668304.063604227
2024-06-13 04:53:03.811000+00:00,58.0,29.979999542236328,7278784.128860474
2024-06-13 04:54:04.548000+00:00,57.970001220703125,28.549999237060547,6928012.051749859
2024-06-13 04:55:04.518000+00:00,57.900001525878906,27.25,6604566.324054718
2024-06-13 04:56:04.058000+00:00,57.79999923706055,26.07999992370605,6310076.762249847
2024-06-13 04:57:03.716000+00:00,57.70000076293945,0.0,0.0
2024-06-13 04:58:04.411000+00:00,57.70000076293945,0.0,0.0
2024-06-13 04:59:04.188000+00:00,57.70000076293945,0.0,0.0
2024-06-13 05:00:05.890000+00:00,57.59999847412109,0.0,0.0
2024-06-13 05:01:04.386000+00:00,57.59999847412109,0.0,0.0
2024-06-13 05:02:03.687000+00:00,57.59999847412109,0.0,0.0
2024-06-13 05:03:03.821000+00:00,57.59999847412109,0.0,0.0
2024-06-13 05:04:04.362000+00:00,57.59999847412109,0.0,0.0
2024-06-13 05:05:04.134000+00:00,57.70000076293945,0.0,0.0
2024-06-13 05:06:04.677000+00:00,57.79999923706055,0.0,0.0
2024-06-13 05:07:04.137000+00:00,57.86000061035156,0.0,0.0
2024-06-13 05:08:04.104000+00:00,57.900001525878906,0.0,0.0
2024-06-13 05:09:04.288000+00:00,57.900001525878906,0.0,0.0
2024-06-13 05:10:04.289000+00:00,58.0,0.0,0.0
2024-06-13 05:11:03.719000+00:00,58.040000915527344,0.0,0.0
2024-06-13 05:12:04.230000+00:00,58.09999847412109,0.0,0.0
2024-06-13 05:13:04.588000+00:00,58.09999847412109,0.0,0.0
2024-06-13 05:14:04.259000+00:00,56.290000915527344,0.0,0.0
2024-06-13 05:15:04.967000+00:00,56.54999923706055,0.0,0.0
2024-06-13 05:16:04.276000+00:00,56.70000076293945,0.0,0.0
2024-06-13 05:17:04.623000+00:00,57.06999969482422,0.0,0.0
2024-06-13 05:18:04.008000+00:00,57.5,181.7100067138672,43736690.06599426
2024-06-13 05:19:03.857000+00:00,57.900001525878906,181.7100067138672,44040946.46187758
2024-06-13 05:20:04.301000+00:00,58.29999923706055,181.7100067138672,44345199.95615686
2024-06-13 05:21:04.370000+00:00,58.5,165.85000610351562,40613515.34463501
2024-06-13 05:22:04.218000+00:00,58.59999847412109,133.75999450683594,32811272.29415994
2024-06-13 05:23:04.103000+00:00,58.79999923706055,133.75999450683594,32923256.588745624
2024-06-13 05:24:04.862000+00:00,58.79999923706055,133.75999450683594,32923256.588745624
2024-06-13 05:25:04.561000+00:00,58.79999923706055,133.75999450683594,32923256.588745624
2024-06-13 05:26:03.977000+00:00,58.79999923706055,133.75999450683594,32923256.588745624
2024-06-13 05:27:04.313000+00:00,58.709999084472656,116.91000366210938,28731809.066554617
2024-06-13 05:28:04.019000+00:00,58.70000076293945,98.06999969482422,24097584.112215437
2024-06-13 05:29:04.502000+00:00,58.59999847412109,84.05999755859375,20619883.240205154
2024-06-13 05:30:04.546000+00:00,58.09999847412109,73.79000091552734,17946214.76534127
2024-06-13 05:31:04.740000+00:00,58.09999847412109,65.61000061035156,15956784.75536886
2024-06-13 05:32:04.101000+00:00,58.08000183105469,60.5,14708934.703720093
2024-06-13 05:33:04.227000+00:00,58.0,60.5,14688674.0
2024-06-13 05:34:03.917000+00:00,57.900001525878906,60.5,14663349.08643341
2024-06-13 05:35:04.155000+00:00,57.900001525878906,60.5,14663349.08643341
2024-06-13 05:36:04.811000+00:00,57.900001525878906,60.5,14663349.08643341
2024-06-13 05:37:04.778000+00:00,57.900001525878906,60.5,14663349.08643341
2024-06-13 05:38:04.215000+00:00,57.900001525878906,60.5,14663349.08643341
2024-06-13 05:39:04.701000+00:00,57.900001525878906,60.5,14663349.08643341
2024-06-13 05:40:04.291000+00:00,57.900001525878906,60.5,14663349.08643341
2024-06-13 05:41:04.515000+00:00,57.900001525878906,60.5,14663349.08643341
2024-06-13 05:42:04.629000+00:00,57.900001525878906,58.70000076293945,14227084.339849401
2024-06-13 05:43:04.062000+00:00,57.900001525878906,57.9900016784668,14055002.283210216
2024-06-13 05:44:04.653000+00:00,57.900001525878906,57.9900016784668,14055002.283210216
2024-06-13 05:45:04.649000+00:00,57.900001525878906,57.9900016784668,14055002.283210216
2024-06-13 05:46:03.610000+00:00,57.900001525878906,57.9900016784668,14055002.283210216
2024-06-13 05:47:04.283000+00:00,57.900001525878906,57.9900016784668,14055002.283210216
2024-06-13 05:48:04.454000+00:00,57.900001525878906,57.9900016784668,14055002.283210216
2024-06-13 05:49:03.570000+00:00,58.0,57.9900016784668,14079276.527511597
2024-06-13 05:50:03.671000+00:00,58.0,57.9900016784668,14079276.527511597
2024-06-13 05:51:04.098000+00:00,58.0,68.45999908447266,16621266.257720947
2024-06-13 05:52:04.810000+00:00,58.0,68.45999908447266,16621266.257720947
2024-06-13 05:53:04.592000+00:00,58.0,68.45999908447266,16621266.257720947
2024-06-13 05:54:04.317000+00:00,58.0,68.45999908447266,16621266.257720947
2024-06-13 05:55:04.218000+00:00,55.27999877929688,68.45999908447266,15841785.835123835
2024-06-13 05:56:04.530000+00:00,55.79999923706055,68.45999908447266,15990804.21551395
2024-06-13 05:57:04.307000+00:00,56.400001525878906,100.93000030517578,23828604.788722202
2024-06-13 05:58:03.951000+00:00,57.0,100.93000030517578,24082099.93281555
2024-06-13 05:59:04.004000+00:00,57.29999923706055,100.93000030517578,24208847.504862227
2024-06-13 06:00:06.441000+00:00,57.70000076293945,100.93000030517578,24377845.342046343
2024-06-13 06:01:04.208000+00:00,57.810001373291016,152.75999450683594,36966798.29045014
2024-06-13 06:02:04.260000+00:00,58.0,152.75999450683594,37088293.54632568
2024-06-13 06:03:03.658000+00:00,58.20000076293945,152.75999450683594,37216184.701590985
2024-06-13 06:04:04.325000+00:00,58.29999923706055,152.75999450683594,37280129.05956319
2024-06-13 06:05:04.384000+00:00,58.400001525878906,141.6999969482422,34640322.23904447
2024-06-13 06:06:04.728000+00:00,58.43000030517578,136.63999938964844,33420501.612468272
2024-06-13 06:07:04.282000+00:00,58.4900016784668,136.63999938964844,33454820.900203157
2024-06-13 06:08:03.920000+00:00,58.5,136.63999938964844,33460539.6905365
2024-06-13 06:09:04.289000+00:00,58.59999847412109,136.63999938964844,33517736.321516357
2024-06-13 06:10:04.507000+00:00,58.5,124.04000091552734,30375039.46419525
2024-06-13 06:11:03.829000+00:00,58.5,102.6500015258789,25137035.023658752
2024-06-13 06:12:04.644000+00:00,58.5,101.69000244140624,24901949.487854
2024-06-13 06:13:04.138000+00:00,58.400001525878906,101.69000244140624,24859382.70235954
2024-06-13 06:14:04.223000+00:00,55.400001525878906,101.69000244140624,23582359.65170036
2024-06-13 06:15:04.093000+00:00,55.9900016784668,101.69000244140624,23833507.58328275
2024-06-13 06:16:03.994000+00:00,56.400001525878906,123.4000015258789,29133556.508441783
2024-06-13 06:17:04.209000+00:00,56.790000915527344,123.4000015258789,29335011.631654274
2024-06-13 06:18:03.996000+00:00,57.0,123.4000015258789,29443487.16407776
2024-06-13 06:19:03.779000+00:00,57.29999923706055,123.4000015258789,29598452.491895746
2024-06-13 06:20:04.010000+00:00,57.5,178.42999267578125,42947207.08709717
2024-06-13 06:21:04.214000+00:00,57.70000076293945,178.42999267578125,43096589.246810876
2024-06-13 06:22:04.311000+00:00,57.79999923706055,178.42999267578125,43171278.90205387
2024-06-13 06:23:04.114000+00:00,57.90999984741211,178.2899932861328,43219501.804003306
2024-06-13 06:24:04.151000+00:00,58.09999847412109,178.2899932861328,43361301.94234632
2024-06-13 06:25:03.931000+00:00,58.09999847412109,178.2899932861328,43361301.94234632
2024-06-13 06:26:04.871000+00:00,58.20000076293945,178.25,43426192.469270706
2024-06-13 06:27:05.135000+00:00,58.20000076293945,173.8800048828125,42361551.52089058
2024-06-13 06:28:04.479000+00:00,58.20000076293945,173.8800048828125,42361551.52089058
2024-06-13 06:29:04.244000+00:00,58.09999847412109,173.8800048828125,42288763.684903406
2024-06-13 06:30:04.935000+00:00,58.09999847412109,167.77000427246094,40802771.249488465
2024-06-13 06:31:04.212000+00:00,58.09999847412109,167.77000427246094,40802771.249488465
2024-06-13 06:32:04.021000+00:00,58.08000183105469,167.77000427246094,40788727.902255684
2024-06-13 06:33:04.027000+00:00,58.0,167.77000427246094,40732543.797302246
2024-06-13 06:34:04.148000+00:00,57.900001525878906,168.57000732421875,40856212.609878615
2024-06-13 06:35:04.080000+00:00,57.900001525878906,168.57000732421875,40856212.609878615
2024-06-13 06:36:03.782000+00:00,57.79999923706055,168.57000732421875,40785647.58974453
2024-06-13 06:37:04.439000+00:00,57.709999084472656,177.0399932861328,42768269.282016225
2024-06-13 06:38:04.478000+00:00,57.70000076293945,177.0399932861328,42760859.63179124
2024-06-13 06:39:04.486000+00:00,57.59999847412109,177.0399932861328,42686748.994382605
2024-06-13 06:40:04.224000+00:00,57.5,189.5500030517578,45623737.98454285
2024-06-13 06:41:04.150000+00:00,57.5,189.5500030517578,45623737.98454285
2024-06-13 06:42:04.271000+00:00,57.400001525878906,189.5500030517578,45544393.563983634
2024-06-13 06:43:04.631000+00:00,57.29999923706055,223.4900054931641,53605820.325826146
2024-06-13 06:44:04.602000+00:00,57.20000076293945,223.4900054931641,53512268.837030925
2024-06-13 06:45:04.783000+00:00,57.20000076293945,257.6199951171875,61684326.35761513
2024-06-13 06:46:04.663000+00:00,57.09999847412109,257.6199951171875,61576484.159403525
2024-06-13 06:47:04.516000+00:00,57.0,296.489990234375,70743104.64990234
2024-06-13 06:48:04.316000+00:00,56.90999984741211,296.489990234375,70631404.82160354
2024-06-13 06:49:04.108000+00:00,56.900001525878906,344.5,82054183.50043488
2024-06-13 06:50:04.089000+00:00,56.79999923706055,344.5,81909972.49978256
2024-06-13 06:51:03.851000+00:00,56.70000076293945,387.8500061035156,92054726.35730906
2024-06-13 06:52:04.359000+00:00,56.59999847412109,439.1300048828125,104042015.34000517
2024-06-13 06:53:03.758000+00:00,56.5,485.8299865722656,114903164.29421997
2024-06-13 06:54:03.906000+00:00,56.400001525878906,531.5999755859375,125505654.27157821
2024-06-13 06:55:04.527000+00:00,56.400001525878906,567.1099853515625,133889226.90796265
2024-06-13 06:56:03.940000+00:00,56.29999923706055,607.2899780273438,143121120.30418408
2024-06-13 06:57:04.084000+00:00,56.29999923706055,632.02001953125,148949293.62050492
2024-06-13 06:58:04.005000+00:00,56.29999923706055,677.2000122070312,159596943.67410335
2024-06-13 06:59:04.406000+00:00,56.29999923706055,712.030029296875,167805396.3844622
2024-06-13 07:00:05.632000+00:00,56.400001525878906,728.1599731445312,171911583.97467902
2024-06-13 07:01:04.536000+00:00,56.400001525878906,763.6400146484375,180288081.39197555
2024-06-13 07:02:03.815000+00:00,56.5,791.9000244140625,187291482.8741455
2024-06-13 07:03:04.356000+00:00,56.4900016784668,817.8099975585938,193385196.93207142
2024-06-13 07:04:04.456000+00:00,56.5,856.72998046875,202624350.9506836
2024-06-13 07:05:04.473000+00:00,56.5,877.6199951171875,207565027.4251709
2024-06-13 07:06:04.372000+00:00,56.56999969482422,914.1699829101562,216477297.40866956
2024-06-13 07:07:03.312000+00:00,56.59999847412109,921.6599731445312,218366679.56625265
2024-06-13 07:08:04.461000+00:00,56.59999847412109,977.2000122070312,231525647.3704845
2024-06-13 07:09:04.451000+00:00,56.59999847412109,1008.1500244140624,238858559.28497916
2024-06-13 07:10:04.984000+00:00,56.59999847412109,1016.9500122070312,240943519.21658817
2024-06-13 07:11:04.278000+00:00,56.59999847412109,1053.8599853515625,249688510.33403027
2024-06-13 07:12:04.249000+00:00,56.59999847412109,1068.25,253097901.87673566
2024-06-13 07:13:04.418000+00:00,56.59999847412109,1111.1099853515625,263252615.06835568
2024-06-13 07:14:04.243000+00:00,56.59999847412109,1120.800048828125,265548458.48981166
2024-06-13 07:15:04.372000+00:00,56.59000015258789,1145.77001953125,271416579.67831564
2024-06-13 07:16:03.882000+00:00,56.59999847412109,1182.6500244140625,280202424.3703903
2024-06-13 07:17:04.402000+00:00,56.5,1225.3199462890625,289799195.1768799
2024-06-13 07:18:04.183000+00:00,56.400001525878906,1243.0899658203125,293481615.2065286
2024-06-13 07:19:04.477000+00:00,56.29999923706055,1280.22998046875,301714099.82241005
2024-06-13 07:20:04.401000+00:00,56.09999847412109,1320.6199951171875,310127259.8701121
2024-06-13 07:21:04.374000+00:00,56.0,1347.31005859375,315831034.6953125
2024-06-13 07:22:03.872000+00:00,55.59999847412109,1381.4300537109375,321516232.1651211
2024-06-13 07:23:04.427000+00:00,55.20000076293945,1436.550048828125,331939602.0304371
2024-06-13 07:24:04.878000+00:00,54.20000076293945,1446.93994140625,328283474.8552205
2024-06-13 07:25:03.951000+00:00,54.20000076293945,1446.949951171875,328285745.88288915
2024-06-13 07:26:04.741000+00:00,54.09999847412109,1449.280029296875,328207714.3056179
2024-06-13 07:27:04.564000+00:00,54.0,1450.43994140625,327863246.1152344
2024-06-13 07:28:04.263000+00:00,54.09999847412109,1445.780029296875,327415095.2279736
2024-06-13 07:29:04.189000+00:00,54.20000076293945,1442.31005859375,327233041.4720748
2024-06-13 07:30:04.841000+00:00,54.29999923706055,1453.9599609375,330484803.68564117
2024-06-13 07:31:04.523000+00:00,54.79999923706055,1441.1500244140625,330589434.7178604
2024-06-13 07:32:04.470000+00:00,55.20000076293945,1440.0,332736772.59887695
2024-06-13 07:33:04.404000+00:00,55.59999847412109,1434.260009765625,333811960.32777643
2024-06-13 07:34:04.408000+00:00,56.06999969482422,1425.1800537109375,334502611.9094227
2024-06-13 07:35:04.123000+00:00,56.29999923706055,1441.1500244140625,339638415.7211563
2024-06-13 07:36:04.055000+00:00,56.29999923706055,1438.8499755859375,339096359.0810898
2024-06-13 07:37:04.581000+00:00,56.5,1437.699951171875,340028977.751709
2024-06-13 07:38:04.540000+00:00,56.70000076293945,1437.699951171875,341232624.7423614
2024-06-13 07:39:04.821000+00:00,56.900001525878906,1437.699951171875,342436271.7330139
2024-06-13 07:40:04.319000+00:00,57.20000076293945,1440.0,344792452.59887695
2024-06-13 07:41:04.346000+00:00,57.5,1435.4100341796875,345496018.1768799
2024-06-13 07:42:04.378000+00:00,57.79999923706055,1444.6199951171875,349526958.90096796
2024-06-13 07:43:04.399000+00:00,58.0,1437.699951171875,349056295.7451172
2024-06-13 07:44:04.260000+00:00,58.29999923706055,1441.1500244140625,351703723.72555083
2024-06-13 07:45:04.394000+00:00,58.400001525878906,1442.31005859375,352590587.68047774
2024-06-13 07:46:04.289000+00:00,58.59999847412109,1448.1099853515625,355220790.91318905
2024-06-13 07:47:04.246000+00:00,58.79999923706055,1443.4599609375,355288611.10335433
2024-06-13 07:48:04.256000+00:00,58.900001525878906,1444.6199951171875,356178869.9713795
2024-06-13 07:49:04.284000+00:00,59.0,1444.6199951171875,356783578.67407227
2024-06-13 07:50:04.206000+00:00,59.20000076293945,1445.780029296875,358280488.6134302
2024-06-13 07:51:03.955000+00:00,59.29999923706055,1442.31005859375,358024332.77646035
2024-06-13 07:52:04.708000+00:00,59.5,1441.1500244140625,358942913.1307373
2024-06-13 07:53:04.142000+00:00,59.59999847412109,1438.8499755859375,358972340.2786346
2024-06-13 07:54:04.250000+00:00,59.79999923706055,1441.1500244140625,360752704.7288467
2024-06-13 07:55:04.104000+00:00,59.900001525878906,1439.2099609375,360869529.69212174
2024-06-13 07:56:03.786000+00:00,60.20000076293945,1410.6600341796875,355482383.27036047
2024-06-13 07:57:04.263000+00:00,60.29999923706055,1395.3499755859375,352208375.91122514
2024-06-13 07:58:03.964000+00:00,60.54999923706055,1357.469970703125,344067456.620043
2024-06-13 07:59:03.732000+00:00,60.79999923706055,1299.6400146484375,330769816.409542
2024-06-13 08:00:05.256000+00:00,61.08000183105469,1251.739990234375,320045991.8286467
2024-06-13 08:01:04.507000+00:00,61.0,1201.5999755859375,306823747.3659668
2024-06-13 08:02:04.201000+00:00,60.90999984741211,1162.7900390625,296475715.05242443
2024-06-13 08:03:04.094000+00:00,61.0,1113.1700439453125,284243518.04125977
2024-06-13 08:04:04.440000+00:00,61.09999847412109,1086.300048828125,277837090.5299499
2024-06-13 08:05:04.435000+00:00,61.20000076293945,1014.6599731445312,259938842.07256368
2024-06-13 08:06:04.997000+00:00,61.20000076293945,944.3900146484376,241936859.01674855
2024-06-13 08:07:03.565000+00:00,61.20000076293945,913.7100219726562,234077160.2191087
2024-06-13 08:08:04.756000+00:00,61.20000076293945,841.6799926757812,215624276.58770177
2024-06-13 08:09:04.911000+00:00,61.20000076293945,769.5599975585938,197148345.2242692
2024-06-13 08:10:05.036000+00:00,61.29999923706055,702.2999877929688,180211438.76474324
2024-06-13 08:11:03.717000+00:00,61.29999923706055,621.97998046875,159601180.56585068
2024-06-13 08:12:04.557000+00:00,61.20000076293945,543.47998046875,139230442.26811463
2024-06-13 08:13:04.387000+00:00,61.20000076293945,489.7999877929688,125478529.79702054
2024-06-13 08:14:04.845000+00:00,61.27999877929688,489.7999877929688,125642549.94986483
2024-06-13 08:15:04.589000+00:00,61.29999923706055,399.6400146484375,102548345.83449928
2024-06-13 08:16:04.270000+00:00,61.380001068115234,390.6300048828125,100367178.30953132
2024-06-13 08:17:04.315000+00:00,61.400001525878906,281.4700012207031,72343534.09958714
2024-06-13 08:18:04.306000+00:00,61.400001525878906,281.4700012207031,72343534.09958714
2024-06-13 08:19:04.290000+00:00,61.29999923706055,249.5500030517578,64034979.17610755
2024-06-13 08:20:03.969000+00:00,61.20000076293945,176.8000030517578,45293191.106448986
2024-06-13 08:21:04.268000+00:00,61.09999847412109,138.64999389648438,35461759.343333624
2024-06-13 08:22:03.925000+00:00,61.0,138.64999389648438,35403721.3414917
2024-06-13 08:23:04.285000+00:00,60.79999923706055,138.64999389648438,35287643.123799995
2024-06-13 08:24:04.210000+00:00,60.61000061035156,138.64999389648438,35177370.03469719
2024-06-13 08:25:04.372000+00:00,60.5,138.64999389648438,35113526.90426636
2024-06-13 08:26:04.474000+00:00,60.20000076293945,0.0,0.0
2024-06-13 08:27:04.611000+00:00,60.0,0.0,0.0
2024-06-13 08:28:04.601000+00:00,59.79999923706055,0.0,0.0
2024-06-13 08:29:04.406000+00:00,59.5,0.0,0.0
2024-06-13 08:30:04.275000+00:00,59.220001220703125,0.0,0.0
2024-06-13 08:31:04.649000+00:00,59.0,0.0,0.0
2024-06-13 08:32:04.788000+00:00,58.70000076293945,0.0,0.0
2024-06-13 08:33:04.646000+00:00,58.400001525878906,0.0,0.0
2024-06-13 08:34:04.564000+00:00,58.20000076293945,0.0,0.0
2024-06-13 08:35:04.585000+00:00,57.900001525878906,0.0,0.0
2024-06-13 08:36:04.233000+00:00,57.70000076293945,0.0,0.0
2024-06-13 08:37:04.124000+00:00,57.5,0.0,0.0
2024-06-13 08:38:04.284000+00:00,57.20000076293945,0.0,0.0
2024-06-13 08:39:04.581000+00:00,57.02999877929688,0.0,0.0
2024-06-13 08:40:04.292000+00:00,57.0,0.0,0.0
2024-06-13 08:41:04.342000+00:00,56.900001525878906,0.0,0.0
2024-06-13 08:42:04.830000+00:00,57.0,0.0,0.0
2024-06-13 08:43:04.497000+00:00,57.0,0.0,0.0
2024-06-13 08:44:04.316000+00:00,57.18999862670898,0.0,0.0
2024-06-13 08:45:04.126000+00:00,57.38999938964844,0.0,0.0
2024-06-13 08:46:04.161000+00:00,57.5,0.0,0.0
2024-06-13 08:47:04.088000+00:00,57.70000076293945,0.0,0.0
2024-06-13 08:48:04.268000+00:00,57.900001525878906,0.0,0.0
2024-06-13 08:49:04.480000+00:00,58.09999847412109,0.0,0.0
2024-06-13 08:50:04.094000+00:00,58.20000076293945,0.0,0.0
2024-06-13 08:51:04.430000+00:00,58.38999938964844,0.0,0.0
2024-06-13 08:52:04.728000+00:00,58.400001525878906,0.0,0.0
2024-06-13 08:53:04.545000+00:00,58.59999847412109,0.0,0.0
2024-06-13 08:54:04.943000+00:00,58.59999847412109,0.0,0.0
2024-06-13 08:55:04.048000+00:00,58.70000076293945,0.0,0.0
2024-06-13 08:56:04.495000+00:00,58.70000076293945,0.0,0.0
2024-06-13 08:57:04.577000+00:00,58.70000076293945,0.0,0.0
2024-06-13 08:58:04.030000+00:00,58.70000076293945,0.0,0.0
2024-06-13 08:59:03.730000+00:00,58.630001068115234,0.0,0.0
2024-06-13 09:00:07.083000+00:00,58.59999847412109,0.0,0.0
2024-06-13 09:01:04.491000+00:00,58.5,0.0,0.0
2024-06-13 09:02:04.103000+00:00,58.5,0.0,0.0
2024-06-13 09:03:04.126000+00:00,58.5,0.0,0.0
2024-06-13 09:04:04.612000+00:00,58.400001525878906,0.0,0.0
2024-06-13 09:05:04.343000+00:00,58.400001525878906,0.0,0.0
2024-06-13 09:06:04.469000+00:00,58.29999923706055,0.0,0.0
2024-06-13 09:07:04.147000+00:00,58.29999923706055,0.0,0.0
2024-06-13 09:08:05.248000+00:00,58.29999923706055,0.0,0.0
2024-06-13 09:09:03.691000+00:00,58.29999923706055,0.0,0.0
2024-06-13 09:10:04.151000+00:00,58.29999923706055,0.0,0.0
2024-06-13 09:11:04.246000+00:00,58.29999923706055,0.0,0.0
2024-06-13 09:12:04.767000+00:00,58.20000076293945,0.0,0.0
2024-06-13 09:13:04.545000+00:00,58.290000915527344,0.0,0.0
2024-06-13 09:14:04.715000+00:00,58.29999923706055,0.0,0.0
2024-06-13 09:15:04.225000+00:00,58.29999923706055,0.0,0.0
2024-06-13 09:16:04.218000+00:00,58.29999923706055,0.0,0.0
2024-06-13 09:17:04.109000+00:00,58.29999923706055,0.0,0.0
2024-06-13 09:18:03.871000+00:00,58.400001525878906,0.0,0.0
2024-06-13 09:19:03.921000+00:00,58.400001525878906,0.0,0.0
2024-06-13 09:20:04.659000+00:00,58.400001525878906,0.0,0.0
2024-06-13 09:21:04.245000+00:00,58.4900016784668,0.0,0.0
2024-06-13 09:22:04.016000+00:00,58.400001525878906,0.0,0.0
2024-06-13 09:23:04.964000+00:00,58.400001525878906,0.0,0.0
2024-06-13 09:24:04.039000+00:00,58.400001525878906,0.0,0.0
2024-06-13 09:25:03.741000+00:00,58.31999969482422,0.0,0.0
2024-06-13 09:26:04.521000+00:00,58.29999923706055,0.0,0.0
2024-06-13 09:27:03.908000+00:00,58.29999923706055,0.0,0.0
2024-06-13 09:28:04.439000+00:00,58.29999923706055,0.0,0.0
2024-06-13 09:29:04.137000+00:00,58.29999923706055,0.0,0.0
2024-06-13 09:30:04.776000+00:00,58.29999923706055,0.0,0.0
2024-06-13 09:31:04.983000+00:00,58.29999923706055,0.0,0.0
2024-06-13 09:32:03.814000+00:00,58.20000076293945,0.0,0.0
2024-06-13 09:33:04.203000+00:00,58.20000076293945,0.0,0.0
2024-06-13 09:34:04.452000+00:00,58.20000076293945,0.0,0.0
2024-06-13 09:35:04.207000+00:00,58.20000076293945,0.0,0.0
2024-06-13 09:36:03.943000+00:00,58.20000076293945,0.0,0.0
2024-06-13 09:37:03.766000+00:00,58.20000076293945,0.0,0.0
2024-06-13 09:38:04.927000+00:00,58.20000076293945,0.0,0.0
2024-06-13 09:39:04.642000+00:00,58.20000076293945,0.0,0.0
2024-06-13 09:40:04.555000+00:00,58.20000076293945,0.0,0.0
2024-06-13 09:41:04.039000+00:00,58.20000076293945,0.0,0.0
2024-06-13 09:42:04.607000+00:00,57.79999923706055,0.0,0.0
2024-06-13 09:43:03.779000+00:00,57.900001525878906,0.0,0.0
2024-06-13 09:44:04.499000+00:00,57.959999084472656,0.0,0.0
2024-06-13 09:45:04.361000+00:00,58.0,0.0,0.0
2024-06-13 09:46:03.566000+00:00,58.0,0.0,0.0
2024-06-13 09:47:04.514000+00:00,58.09999847412109,0.0,0.0
2024-06-13 09:48:04.394000+00:00,58.09999847412109,0.0,0.0
2024-06-13 09:49:04.200000+00:00,58.09999847412109,0.0,0.0
2024-06-13 09:50:04.044000+00:00,58.20000076293945,0.0,0.0
2024-06-13 09:51:03.851000+00:00,58.20000076293945,0.0,0.0
2024-06-13 09:52:04.853000+00:00,58.29999923706055,0.0,0.0
2024-06-13 09:53:04.056000+00:00,58.29999923706055,0.0,0.0
2024-06-13 09:54:04.390000+00:00,58.29999923706055,0.0,0.0
2024-06-13 09:55:04.465000+00:00,56.16999816894531,0.0,0.0
2024-06-13 09:56:04.513000+00:00,50.060001373291016,0.0,0.0
2024-06-13 09:57:04.344000+00:00,49.08000183105469,0.0,0.0
2024-06-13 09:58:04.417000+00:00,55.38999938964844,0.0,0.0
2024-06-13 09:59:03.838000+00:00,54.13999938964844,0.0,0.0
2024-06-13 10:00:05.391000+00:00,53.29999923706055,0.0,0.0
2024-06-13 10:01:04.439000+00:00,57.2400016784668,0.0,0.0
2024-06-13 10:02:03.899000+00:00,59.400001525878906,0.0,0.0
2024-06-13 10:03:04.015000+00:00,60.20000076293945,0.0,0.0
2024-06-13 10:04:04.122000+00:00,60.59999847412109,0.0,0.0
2024-06-13 10:05:04.396000+00:00,60.79999923706055,0.0,0.0
2024-06-13 10:06:04.810000+00:00,60.29999923706055,0.0,0.0
2024-06-13 10:07:04.432000+00:00,60.29999923706055,0.0,0.0
2024-06-13 10:08:04.222000+00:00,59.540000915527344,0.0,0.0
2024-06-13 10:09:04.024000+00:00,59.13999938964844,0.0,0.0
2024-06-13 10:10:04.192000+00:00,58.79999923706055,0.0,0.0
2024-06-13 10:11:04.013000+00:00,58.310001373291016,0.0,0.0
2024-06-13 10:12:04.692000+00:00,58.20000076293945,0.0,0.0
2024-06-13 10:13:04.042000+00:00,58.20000076293945,0.0,0.0
2024-06-13 10:14:04.186000+00:00,58.29999923706055,0.0,0.0
2024-06-13 10:15:04.630000+00:00,58.369998931884766,0.0,0.0
2024-06-13 10:16:03.752000+00:00,58.5,0.0,0.0
2024-06-13 10:17:03.848000+00:00,58.560001373291016,0.0,0.0
2024-06-13 10:18:04.499000+00:00,58.59999847412109,0.0,0.0
2024-06-13 10:19:03.811000+00:00,58.70000076293945,0.0,0.0
2024-06-13 10:20:04.107000+00:00,58.70000076293945,0.0,0.0
2024-06-13 10:21:04.334000+00:00,58.70000076293945,0.0,0.0
2024-06-13 10:22:03.975000+00:00,58.70000076293945,0.0,0.0
2024-06-13 10:23:04.273000+00:00,58.59999847412109,0.0,0.0
2024-06-13 10:24:04.131000+00:00,58.59999847412109,0.0,0.0
2024-06-13 10:25:04.484000+00:00,57.4900016784668,0.0,0.0
2024-06-13 10:26:04.257000+00:00,57.4900016784668,0.0,0.0
2024-06-13 10:27:04.537000+00:00,57.5,0.0,0.0
2024-06-13 10:28:04.388000+00:00,57.59999847412109,0.0,0.0
2024-06-13 10:29:04.468000+00:00,57.59999847412109,0.0,0.0
2024-06-13 10:30:04.805000+00:00,56.290000915527344,0.0,0.0
2024-06-13 10:31:04.640000+00:00,56.290000915527344,0.0,0.0
2024-06-13 10:32:03.830000+00:00,56.91999816894531,0.0,0.0
2024-06-13 10:33:03.990000+00:00,57.5,0.0,0.0
2024-06-13 10:34:04.617000+00:00,58.0,0.0,0.0
2024-06-13 10:35:04.532000+00:00,58.400001525878906,0.0,0.0
2024-06-13 10:36:04.203000+00:00,58.70000076293945,0.0,0.0
2024-06-13 10:37:04.155000+00:00,58.900001525878906,0.0,0.0
2024-06-13 10:38:04.487000+00:00,59.0,0.0,0.0
2024-06-13 10:39:04.759000+00:00,59.0,0.0,0.0
2024-06-13 10:40:04.706000+00:00,59.0,0.0,0.0
2024-06-13 10:41:04.588000+00:00,59.0,0.0,0.0
2024-06-13 10:42:04.377000+00:00,58.900001525878906,0.0,0.0
2024-06-13 10:43:04.517000+00:00,58.900001525878906,0.0,0.0
2024-06-13 10:44:04.371000+00:00,58.81999969482422,0.0,0.0
2024-06-13 10:45:04.123000+00:00,58.79999923706055,0.0,0.0
2024-06-13 10:46:04.206000+00:00,58.66999816894531,0.0,0.0
2024-06-13 10:47:03.939000+00:00,58.59999847412109,0.0,0.0
2024-06-13 10:48:03.967000+00:00,58.5,0.0,0.0
2024-06-13 10:49:03.709000+00:00,58.40999984741211,0.0,0.0
2024-06-13 10:50:04.506000+00:00,58.400001525878906,0.0,0.0
2024-06-13 10:51:04.072000+00:00,58.29999923706055,0.0,0.0
2024-06-13 10:52:04.049000+00:00,58.29999923706055,0.0,0.0
2024-06-13 10:53:04.378000+00:00,58.20000076293945,0.0,0.0
2024-06-13 10:54:04.392000+00:00,58.20000076293945,0.0,0.0
2024-06-13 10:55:04.218000+00:00,58.20000076293945,0.0,0.0
2024-06-13 10:56:04.206000+00:00,58.20000076293945,0.0,0.0
2024-06-13 10:57:04.160000+00:00,58.20000076293945,0.0,0.0
2024-06-13 10:58:04.041000+00:00,58.130001068115234,0.0,0.0
2024-06-13 10:59:04.383000+00:00,58.09999847412109,0.0,0.0
2024-06-13 11:00:05.160000+00:00,58.130001068115234,0.0,0.0
2024-06-13 11:01:04.443000+00:00,58.20000076293945,0.0,0.0
2024-06-13 11:02:03.808000+00:00,58.20000076293945,0.0,0.0
2024-06-13 11:03:04.595000+00:00,58.20000076293945,0.0,0.0
2024-06-13 11:04:04.180000+00:00,58.20000076293945,0.0,0.0
2024-06-13 11:05:04.028000+00:00,58.20000076293945,0.0,0.0
2024-06-13 11:06:04.655000+00:00,58.20000076293945,0.0,0.0
2024-06-13 11:07:04.154000+00:00,58.20000076293945,0.0,0.0
2024-06-13 11:08:04.099000+00:00,58.20000076293945,0.0,0.0
2024-06-13 11:09:04.315000+00:00,58.29999923706055,0.0,0.0
2024-06-13 11:10:04.139000+00:00,58.29999923706055,0.0,0.0
2024-06-13 11:11:03.720000+00:00,58.29999923706055,0.0,0.0
2024-06-13 11:12:04.503000+00:00,58.33000183105469,0.0,0.0
2024-06-13 11:13:04.802000+00:00,58.400001525878906,0.0,0.0
2024-06-13 11:14:03.888000+00:00,58.400001525878906,0.0,0.0
2024-06-13 11:15:04.293000+00:00,58.400001525878906,0.0,0.0
2024-06-13 11:16:04.296000+00:00,58.400001525878906,0.0,0.0
2024-06-13 11:17:04.060000+00:00,58.400001525878906,0.0,0.0
2024-06-13 11:18:04.385000+00:00,58.47999954223633,0.0,0.0
2024-06-13 11:19:04.436000+00:00,58.5,0.0,0.0
2024-06-13 11:20:04.620000+00:00,58.5,0.0,0.0
2024-06-13 11:21:04.594000+00:00,58.5,0.0,0.0
2024-06-13 11:22:04.711000+00:00,58.5099983215332,0.0,0.0
2024-06-13 11:23:04.043000+00:00,58.59999847412109,0.0,0.0
2024-06-13 11:24:04.018000+00:00,58.5,0.0,0.0
2024-06-13 11:25:04.050000+00:00,58.5,0.0,0.0
2024-06-13 11:26:03.980000+00:00,58.5,0.0,0.0
2024-06-13 11:27:04.618000+00:00,58.5,0.0,0.0
2024-06-13 11:28:04.185000+00:00,58.41999816894531,0.0,0.0
2024-06-13 11:29:04.094000+00:00,58.5,0.0,0.0
2024-06-13 11:30:04.239000+00:00,58.43000030517578,0.0,0.0
2024-06-13 11:31:04.190000+00:00,58.400001525878906,0.0,0.0
2024-06-13 11:32:03.927000+00:00,58.29999923706055,0.0,0.0
2024-06-13 11:33:04.509000+00:00,58.29999923706055,0.0,0.0
2024-06-13 11:34:03.936000+00:00,58.29999923706055,0.0,0.0
2024-06-13 11:35:04.192000+00:00,58.20000076293945,0.0,0.0
2024-06-13 11:36:03.832000+00:00,58.20000076293945,0.0,0.0
2024-06-13 11:37:04.063000+00:00,58.20000076293945,0.0,0.0
2024-06-13 11:38:03.961000+00:00,58.20000076293945,0.0,0.0
2024-06-13 11:39:04.229000+00:00,58.20000076293945,0.0,0.0
2024-06-13 11:40:04.124000+00:00,58.20000076293945,0.0,0.0
2024-06-13 11:41:04.128000+00:00,58.20000076293945,0.0,0.0
2024-06-13 11:42:04.601000+00:00,58.20000076293945,0.0,0.0
2024-06-13 11:43:04.206000+00:00,58.20000076293945,0.0,0.0
2024-06-13 11:44:04.698000+00:00,58.20000076293945,0.0,0.0
2024-06-13 11:45:04.593000+00:00,58.20000076293945,0.0,0.0
2024-06-13 11:46:03.771000+00:00,58.29999923706055,0.0,0.0
2024-06-13 11:47:04.596000+00:00,58.29999923706055,0.0,0.0
2024-06-13 11:48:04.542000+00:00,58.34000015258789,0.0,0.0
2024-06-13 11:49:04.152000+00:00,58.400001525878906,0.0,0.0
2024-06-13 11:50:04.313000+00:00,58.400001525878906,0.0,0.0
2024-06-13 11:51:04.095000+00:00,58.5,0.0,0.0
2024-06-13 11:52:03.916000+00:00,58.5,0.0,0.0
2024-06-13 11:53:04.176000+00:00,58.59999847412109,0.0,0.0
2024-06-13 11:54:04.494000+00:00,58.59999847412109,0.0,0.0
2024-06-13 11:55:04.290000+00:00,57.56999969482422,0.0,0.0
2024-06-13 11:56:04.354000+00:00,57.70000076293945,0.0,0.0
2024-06-13 11:57:03.959000+00:00,57.72999954223633,0.0,0.0
2024-06-13 11:58:03.935000+00:00,57.81999969482422,0.0,0.0
2024-06-13 11:59:04.529000+00:00,57.900001525878906,0.0,0.0
2024-06-13 12:00:06.126000+00:00,58.0,0.0,0.0
2024-06-13 12:01:04.111000+00:00,58.09999847412109,0.0,0.0
2024-06-13 12:02:03.940000+00:00,58.22999954223633,0.0,0.0
2024-06-13 12:03:04.022000+00:00,58.400001525878906,0.0,0.0
2024-06-13 12:04:04.071000+00:00,58.5,0.0,0.0
2024-06-13 12:05:04.294000+00:00,58.59999847412109,0.0,0.0
2024-06-13 12:06:05.217000+00:00,58.70000076293945,0.0,0.0
2024-06-13 12:07:03.846000+00:00,58.79999923706055,0.0,0.0
2024-06-13 12:08:03.731000+00:00,58.70000076293945,0.0,0.0
2024-06-13 12:09:03.809000+00:00,58.79999923706055,0.0,0.0
2024-06-13 12:10:04.568000+00:00,58.79999923706055,0.0,0.0
2024-06-13 12:11:04.676000+00:00,58.70000076293945,0.0,0.0
2024-06-13 12:12:03.691000+00:00,58.70000076293945,0.0,0.0
2024-06-13 12:13:04.916000+00:00,58.59999847412109,0.0,0.0
2024-06-13 12:14:04.138000+00:00,58.59999847412109,0.0,0.0
2024-06-13 12:15:04.181000+00:00,58.59999847412109,0.0,0.0
2024-06-13 12:16:04.498000+00:00,58.5,0.0,0.0
2024-06-13 12:17:04.161000+00:00,58.400001525878906,0.0,0.0
2024-06-13 12:18:04.272000+00:00,58.29999923706055,0.0,0.0
2024-06-13 12:19:04.253000+00:00,58.2599983215332,0.0,0.0
2024-06-13 12:20:04.279000+00:00,58.20000076293945,0.0,0.0
2024-06-13 12:21:04.459000+00:00,58.20000076293945,0.0,0.0
2024-06-13 12:22:04.218000+00:00,58.09999847412109,0.0,0.0
2024-06-13 12:23:04.580000+00:00,58.09999847412109,0.0,0.0
2024-06-13 12:24:04.387000+00:00,58.09999847412109,0.0,0.0
2024-06-13 12:25:04.603000+00:00,58.09000015258789,0.0,0.0
2024-06-13 12:26:04.689000+00:00,58.09999847412109,0.0,0.0
2024-06-13 12:27:04.635000+00:00,58.0099983215332,0.0,0.0
2024-06-13 12:28:04.722000+00:00,58.09999847412109,0.0,0.0
2024-06-13 12:29:03.931000+00:00,58.150001525878906,0.0,0.0
2024-06-13 12:30:04.279000+00:00,58.20000076293945,0.0,0.0
2024-06-13 12:31:04.361000+00:00,58.20000076293945,0.0,0.0
2024-06-13 12:32:03.941000+00:00,58.29999923706055,0.0,0.0
2024-06-13 12:33:04.188000+00:00,58.29999923706055,0.0,0.0
2024-06-13 12:34:03.815000+00:00,58.400001525878906,0.0,0.0
2024-06-13 12:35:04.408000+00:00,58.400001525878906,0.0,0.0
2024-06-13 12:36:03.880000+00:00,58.5,0.0,0.0
2024-06-13 12:37:04.075000+00:00,58.5,0.0,0.0
2024-06-13 12:38:03.899000+00:00,58.59999847412109,0.0,0.0
2024-06-13 12:39:04.393000+00:00,58.59999847412109,0.0,0.0
2024-06-13 12:40:04.178000+00:00,58.59999847412109,0.0,0.0
2024-06-13 12:41:04.094000+00:00,53.52000045776367,0.0,0.0
2024-06-13 12:42:04.436000+00:00,52.119998931884766,0.0,0.0
2024-06-13 12:43:03.981000+00:00,55.59999847412109,0.0,0.0
2024-06-13 12:44:03.656000+00:00,49.61000061035156,0.0,0.0
2024-06-13 12:45:04.447000+00:00,47.47999954223633,0.0,0.0
2024-06-13 12:46:04.179000+00:00,56.34000015258789,0.0,0.0
2024-06-13 12:47:03.927000+00:00,49.40999984741211,0.0,0.0
2024-06-13 12:48:04.199000+00:00,55.290000915527344,0.0,0.0
2024-06-13 12:49:04.143000+00:00,59.38999938964844,0.0,0.0
2024-06-13 12:50:04.369000+00:00,60.79999923706055,0.0,0.0
2024-06-13 12:51:04.310000+00:00,61.20000076293945,0.0,0.0
2024-06-13 12:52:04.578000+00:00,61.11000061035156,0.0,0.0
2024-06-13 12:53:04.047000+00:00,60.900001525878906,0.0,0.0
2024-06-13 12:54:04.018000+00:00,60.70000076293945,0.0,0.0
2024-06-13 12:55:04.261000+00:00,60.400001525878906,0.0,0.0
2024-06-13 12:56:04.998000+00:00,60.09999847412109,0.0,0.0
2024-06-13 12:57:03.560000+00:00,59.79999923706055,0.0,0.0
2024-06-13 12:58:04.483000+00:00,59.5,0.0,0.0
2024-06-13 12:59:04.144000+00:00,59.29999923706055,0.0,0.0
2024-06-13 13:00:04.610000+00:00,59.0,0.0,0.0
2024-06-13 13:01:04.009000+00:00,58.79999923706055,0.0,0.0
2024-06-13 13:02:04.235000+00:00,58.5,0.0,0.0
2024-06-13 13:03:04.236000+00:00,58.20000076293945,0.0,0.0
2024-06-13 13:04:04.325000+00:00,58.0,0.0,0.0
2024-06-13 13:05:03.981000+00:00,57.79999923706055,0.0,0.0
2024-06-13 13:06:04.639000+00:00,57.52000045776367,0.0,0.0
2024-06-13 13:07:04.144000+00:00,57.400001525878906,0.0,0.0
2024-06-13 13:08:04.683000+00:00,57.29999923706055,0.0,0.0
2024-06-13 13:09:03.850000+00:00,57.29999923706055,0.0,0.0
2024-06-13 13:10:04.019000+00:00,57.29999923706055,0.0,0.0
2024-06-13 13:11:04.135000+00:00,57.5,0.0,0.0
2024-06-13 13:12:04.115000+00:00,57.59999847412109,0.0,0.0
2024-06-13 13:13:04.467000+00:00,57.79999923706055,0.0,0.0
2024-06-13 13:14:04.460000+00:00,57.97999954223633,0.0,0.0
2024-06-13 13:15:04.097000+00:00,58.09999847412109,0.0,0.0
2024-06-13 13:16:04.311000+00:00,58.29999923706055,0.0,0.0
2024-06-13 13:17:04.577000+00:00,58.400001525878906,0.0,0.0
2024-06-13 13:18:04.480000+00:00,58.59000015258789,0.0,0.0
2024-06-13 13:19:04.318000+00:00,58.59999847412109,0.0,0.0
2024-06-13 13:20:04.341000+00:00,58.79999923706055,0.0,0.0
2024-06-13 13:21:04.316000+00:00,58.79999923706055,0.0,0.0
2024-06-13 13:22:04.497000+00:00,58.79999923706055,0.0,0.0
2024-06-13 13:23:04.620000+00:00,58.79999923706055,0.0,0.0
2024-06-13 13:24:03.852000+00:00,58.79999923706055,0.0,0.0
2024-06-13 13:25:03.932000+00:00,58.70000076293945,0.0,0.0
2024-06-13 13:26:04.564000+00:00,58.59999847412109,0.0,0.0
2024-06-13 13:27:04.196000+00:00,58.5,0.0,0.0
2024-06-13 13:28:04.952000+00:00,58.400001525878906,0.0,0.0
2024-06-13 13:29:04.359000+00:00,58.29999923706055,0.0,0.0
2024-06-13 13:30:04.375000+00:00,58.29999923706055,0.0,0.0
2024-06-13 13:31:04.093000+00:00,58.29999923706055,0.0,0.0
2024-06-13 13:32:04.263000+00:00,58.20000076293945,0.0,0.0
2024-06-13 13:33:04.055000+00:00,58.20000076293945,0.0,0.0
2024-06-13 13:34:04.858000+00:00,58.20000076293945,0.0,0.0
2024-06-13 13:35:04.419000+00:00,58.09999847412109,0.0,0.0
2024-06-13 13:36:04.192000+00:00,58.09999847412109,0.0,0.0
2024-06-13 13:37:03.664000+00:00,58.09999847412109,0.0,0.0
2024-06-13 13:38:03.971000+00:00,58.119998931884766,0.0,0.0
2024-06-13 13:39:04.992000+00:00,58.20000076293945,0.0,0.0
2024-06-13 13:40:04.105000+00:00,58.20000076293945,0.0,0.0
2024-06-13 13:41:04.129000+00:00,58.20000076293945,0.0,0.0
2024-06-13 13:42:04.371000+00:00,58.20000076293945,0.0,0.0
2024-06-13 13:43:04.279000+00:00,58.20000076293945,0.0,0.0
2024-06-13 13:44:04.060000+00:00,58.20000076293945,0.0,0.0
2024-06-13 13:45:04.732000+00:00,58.29999923706055,0.0,0.0
2024-06-13 13:46:04.075000+00:00,58.29999923706055,0.0,0.0
2024-06-13 13:47:03.654000+00:00,58.29999923706055,0.0,0.0
2024-06-13 13:48:04.246000+00:00,58.29999923706055,0.0,0.0
2024-06-13 13:49:04.055000+00:00,58.29999923706055,0.0,0.0
2024-06-13 13:50:04.449000+00:00,58.29999923706055,0.0,0.0
2024-06-13 13:51:04.269000+00:00,58.400001525878906,0.0,0.0
2024-06-13 13:52:04.734000+00:00,58.400001525878906,0.0,0.0
2024-06-13 13:53:04.267000+00:00,58.400001525878906,0.0,0.0
2024-06-13 13:54:04.585000+00:00,58.400001525878906,0.0,0.0
2024-06-13 13:55:04.491000+00:00,58.400001525878906,0.0,0.0
2024-06-13 13:56:04.588000+00:00,58.400001525878906,0.0,0.0
2024-06-13 13:57:04.302000+00:00,58.400001525878906,0.0,0.0
2024-06-13 13:58:04.440000+00:00,58.400001525878906,0.0,0.0
2024-06-13 13:59:04.408000+00:00,58.400001525878906,0.0,0.0
2024-06-13 14:00:05.868000+00:00,58.400001525878906,0.0,0.0
2024-06-13 14:01:04.421000+00:00,58.400001525878906,0.0,0.0
2024-06-13 14:02:04.712000+00:00,58.400001525878906,0.0,0.0
2024-06-13 14:03:04.186000+00:00,58.400001525878906,0.0,0.0
2024-06-13 14:04:04.267000+00:00,58.400001525878906,0.0,0.0
2024-06-13 14:05:04.585000+00:00,58.400001525878906,0.0,0.0
2024-06-13 14:06:04.712000+00:00,58.400001525878906,0.0,0.0
2024-06-13 14:07:04.154000+00:00,58.400001525878906,0.0,0.0
2024-06-13 14:08:04.566000+00:00,58.400001525878906,0.0,0.0
2024-06-13 14:09:04.385000+00:00,58.400001525878906,0.0,0.0
2024-06-13 14:10:04.746000+00:00,58.400001525878906,0.0,0.0
2024-06-13 14:11:04.507000+00:00,58.400001525878906,0.0,0.0
2024-06-13 14:12:04.405000+00:00,58.369998931884766,0.0,0.0
2024-06-13 14:13:04.741000+00:00,58.400001525878906,0.0,0.0
2024-06-13 14:14:04.227000+00:00,58.31999969482422,0.0,0.0
2024-06-13 14:15:04.112000+00:00,58.400001525878906,0.0,0.0
2024-06-13 14:16:04.337000+00:00,58.400001525878906,0.0,0.0
2024-06-13 14:17:04.266000+00:00,58.400001525878906,0.0,0.0
2024-06-13 14:18:04.239000+00:00,58.29999923706055,0.0,0.0
2024-06-13 14:19:04.517000+00:00,58.29999923706055,0.0,0.0
2024-06-13 14:20:04.568000+00:00,58.29999923706055,0.0,0.0
2024-06-13 14:21:04.493000+00:00,58.29999923706055,0.0,0.0
2024-06-13 14:22:04.188000+00:00,58.2400016784668,0.0,0.0
2024-06-13 14:23:04.647000+00:00,58.29999923706055,0.0,0.0
2024-06-13 14:24:04.334000+00:00,58.29999923706055,0.0,0.0
2024-06-13 14:25:04.200000+00:00,58.29999923706055,0.0,0.0
2024-06-13 14:26:04.025000+00:00,58.29999923706055,0.0,0.0
2024-06-13 14:27:03.830000+00:00,58.29999923706055,0.0,0.0
2024-06-13 14:28:04.477000+00:00,58.29999923706055,0.0,0.0
2024-06-13 14:29:04.894000+00:00,58.29999923706055,0.0,0.0
2024-06-13 14:30:04.824000+00:00,58.29999923706055,0.0,0.0
2024-06-13 14:31:04.695000+00:00,58.29999923706055,0.0,0.0
2024-06-13 14:32:04.367000+00:00,58.29999923706055,0.0,0.0
2024-06-13 14:33:03.785000+00:00,54.70000076293945,0.0,0.0
2024-06-13 14:34:03.964000+00:00,55.470001220703125,0.0,0.0
2024-06-13 14:35:04.095000+00:00,56.209999084472656,0.0,0.0
2024-06-13 14:36:03.932000+00:00,56.400001525878906,0.0,0.0
2024-06-13 14:37:03.683000+00:00,57.29999923706055,0.0,0.0
2024-06-13 14:38:04.424000+00:00,58.15999984741211,0.0,0.0
2024-06-13 14:39:04.508000+00:00,58.09999847412109,0.0,0.0
2024-06-13 14:40:04.688000+00:00,58.59999847412109,0.0,0.0
2024-06-13 14:41:04.626000+00:00,58.900001525878906,0.0,0.0
2024-06-13 14:42:04.635000+00:00,59.09999847412109,0.0,0.0
2024-06-13 14:43:03.985000+00:00,59.20000076293945,0.0,0.0
2024-06-13 14:44:04.062000+00:00,59.20000076293945,0.0,0.0
2024-06-13 14:45:04.674000+00:00,59.09999847412109,0.0,0.0
2024-06-13 14:46:04.476000+00:00,59.09999847412109,0.0,0.0
2024-06-13 14:47:04.812000+00:00,59.0,0.0,0.0
2024-06-13 14:48:04.352000+00:00,58.900001525878906,0.0,0.0
2024-06-13 14:49:04.586000+00:00,58.709999084472656,0.0,0.0
2024-06-13 14:50:04.315000+00:00,58.59999847412109,0.0,0.0
2024-06-13 14:51:04.073000+00:00,58.400001525878906,0.0,0.0
2024-06-13 14:52:04.065000+00:00,58.29999923706055,0.0,0.0
2024-06-13 14:53:04.329000+00:00,55.27000045776367,0.0,0.0
2024-06-13 14:54:04.628000+00:00,55.47999954223633,0.0,0.0
2024-06-13 14:55:04.732000+00:00,55.18999862670898,0.0,0.0
2024-06-13 14:56:04.391000+00:00,56.34999847412109,0.0,0.0
2024-06-13 14:57:04.250000+00:00,57.41999816894531,0.0,0.0
2024-06-13 14:58:04.443000+00:00,58.09999847412109,0.0,0.0
2024-06-13 14:59:03.972000+00:00,58.43000030517578,0.0,0.0
2024-06-13 15:00:06.390000+00:00,58.900001525878906,0.0,0.0
2024-06-13 15:01:04.575000+00:00,56.970001220703125,0.0,0.0
2024-06-13 15:02:03.928000+00:00,57.650001525878906,0.0,0.0
2024-06-13 15:03:04.461000+00:00,58.36000061035156,0.0,0.0
2024-06-13 15:04:03.981000+00:00,58.88999938964844,0.0,0.0
2024-06-13 15:05:04.609000+00:00,59.09999847412109,0.0,0.0
2024-06-13 15:06:04.132000+00:00,59.20000076293945,0.0,0.0
2024-06-13 15:07:04.008000+00:00,59.20000076293945,0.0,0.0
2024-06-13 15:08:04.187000+00:00,59.20000076293945,0.0,0.0
2024-06-13 15:09:03.950000+00:00,59.09999847412109,0.0,0.0
2024-06-13 15:10:04.454000+00:00,59.08000183105469,0.0,0.0
2024-06-13 15:11:04.313000+00:00,59.0,0.0,0.0
2024-06-13 15:12:04.403000+00:00,58.900001525878906,0.0,0.0
2024-06-13 15:13:04.483000+00:00,51.70000076293945,0.0,0.0
2024-06-13 15:14:04.404000+00:00,48.900001525878906,0.0,0.0
2024-06-13 15:15:04.671000+00:00,48.11000061035156,0.0,0.0
2024-06-13 15:16:04.609000+00:00,49.09999847412109,0.0,0.0
2024-06-13 15:17:04.141000+00:00,54.459999084472656,0.0,0.0
2024-06-13 15:18:04.350000+00:00,58.59999847412109,0.0,0.0
2024-06-13 15:19:04.455000+00:00,60.20000076293945,0.0,0.0
2024-06-13 15:20:04.215000+00:00,60.70000076293945,0.0,0.0
2024-06-13 15:21:04.286000+00:00,60.79999923706055,0.0,0.0
2024-06-13 15:22:04.345000+00:00,60.79999923706055,0.0,0.0
2024-06-13 15:23:04.189000+00:00,60.70000076293945,0.0,0.0
2024-06-13 15:24:04.241000+00:00,60.5,0.0,0.0
2024-06-13 15:25:04.333000+00:00,60.220001220703125,0.0,0.0
2024-06-13 15:26:04.426000+00:00,60.09999847412109,0.0,0.0
2024-06-13 15:27:04.147000+00:00,59.880001068115234,0.0,0.0
2024-06-13 15:28:04.741000+00:00,59.59999847412109,0.0,0.0
2024-06-13 15:29:03.787000+00:00,59.5,0.0,0.0
2024-06-13 15:30:04.496000+00:00,59.29999923706055,0.0,0.0
2024-06-13 15:31:04.194000+00:00,51.29999923706055,0.0,0.0
2024-06-13 15:32:04.027000+00:00,49.7400016784668,0.0,0.0
2024-06-13 15:33:03.805000+00:00,51.0,0.0,0.0
2024-06-13 15:34:04.445000+00:00,52.790000915527344,0.0,0.0
2024-06-13 15:35:04.264000+00:00,53.5,0.0,0.0
2024-06-13 15:36:04.221000+00:00,55.93999862670898,0.0,0.0
2024-06-13 15:37:03.665000+00:00,59.08000183105469,0.0,0.0
2024-06-13 15:38:04.219000+00:00,60.209999084472656,0.0,0.0
2024-06-13 15:39:04.419000+00:00,60.09999847412109,0.0,0.0
2024-06-13 15:40:04.516000+00:00,60.20000076293945,0.0,0.0
2024-06-13 15:41:05.474000+00:00,59.900001525878906,0.0,0.0
2024-06-13 15:42:04.514000+00:00,59.970001220703125,0.0,0.0
2024-06-13 15:43:04.167000+00:00,59.900001525878906,0.0,0.0
2024-06-13 15:44:04.472000+00:00,59.70000076293945,0.0,0.0
2024-06-13 15:45:04.436000+00:00,59.5,0.0,0.0
2024-06-13 15:46:04.454000+00:00,59.29999923706055,0.0,0.0
2024-06-13 15:47:04.309000+00:00,59.20000076293945,0.0,0.0
2024-06-13 15:48:04.184000+00:00,59.0,0.0,0.0
2024-06-13 15:49:04.078000+00:00,58.79999923706055,0.0,0.0
2024-06-13 15:50:04.505000+00:00,58.59999847412109,0.0,0.0
2024-06-13 15:51:04.342000+00:00,58.400001525878906,0.0,0.0
2024-06-13 15:52:03.818000+00:00,58.29999923706055,0.0,0.0
2024-06-13 15:53:04.374000+00:00,58.20000076293945,0.0,0.0
2024-06-13 15:54:04.230000+00:00,58.0,0.0,0.0
2024-06-13 15:55:04.140000+00:00,57.900001525878906,0.0,0.0
2024-06-13 15:56:04.250000+00:00,57.79999923706055,0.0,0.0
2024-06-13 15:57:04.505000+00:00,57.70000076293945,0.0,0.0
2024-06-13 15:58:03.916000+00:00,57.70000076293945,0.0,0.0
2024-06-13 15:59:04.394000+00:00,57.59999847412109,0.0,0.0
2024-06-13 16:00:04.932000+00:00,57.70000076293945,0.0,0.0
2024-06-13 16:01:04.047000+00:00,57.77000045776367,0.0,0.0
2024-06-13 16:02:03.650000+00:00,57.79999923706055,0.0,0.0
2024-06-13 16:03:04.261000+00:00,57.970001220703125,0.0,0.0
2024-06-13 16:04:04.011000+00:00,58.0099983215332,0.0,0.0
2024-06-13 16:05:04.186000+00:00,58.09999847412109,0.0,0.0
2024-06-13 16:06:04.742000+00:00,58.290000915527344,0.0,0.0
2024-06-13 16:07:04.047000+00:00,58.400001525878906,0.0,0.0
2024-06-13 16:08:03.592000+00:00,58.41999816894531,0.0,0.0
2024-06-13 16:09:04.507000+00:00,58.59999847412109,0.0,0.0
2024-06-13 16:10:04.325000+00:00,58.59999847412109,0.0,0.0
2024-06-13 16:11:04.307000+00:00,58.59999847412109,0.0,0.0
2024-06-13 16:12:04.347000+00:00,58.70000076293945,0.0,0.0
2024-06-13 16:13:04.660000+00:00,58.70000076293945,0.0,0.0
2024-06-13 16:14:04.333000+00:00,58.70000076293945,0.0,0.0
2024-06-13 16:15:04.434000+00:00,58.59999847412109,0.0,0.0
2024-06-13 16:16:04.593000+00:00,58.59999847412109,0.0,0.0
2024-06-13 16:17:04.461000+00:00,58.5,0.0,0.0
2024-06-13 16:18:04.479000+00:00,58.5,0.0,0.0
2024-06-13 16:19:04.251000+00:00,58.400001525878906,0.0,0.0
2024-06-13 16:20:04.960000+00:00,58.400001525878906,0.0,0.0
2024-06-13 16:21:03.858000+00:00,58.29999923706055,0.0,0.0
2024-06-13 16:22:03.942000+00:00,58.29999923706055,0.0,0.0
2024-06-13 16:23:04.333000+00:00,58.20000076293945,0.0,0.0
2024-06-13 16:24:04.484000+00:00,58.20000076293945,0.0,0.0
2024-06-13 16:25:04.632000+00:00,58.20000076293945,0.0,0.0
2024-06-13 16:26:04.850000+00:00,58.20000076293945,0.0,0.0
2024-06-13 16:27:04.192000+00:00,58.09999847412109,0.0,0.0
2024-06-13 16:28:04.473000+00:00,57.5,0.0,0.0
2024-06-13 16:29:04.344000+00:00,57.68999862670898,0.0,0.0
2024-06-13 16:30:04.775000+00:00,57.70000076293945,0.0,0.0
2024-06-13 16:31:04.739000+00:00,57.70000076293945,0.0,0.0
2024-06-13 16:32:03.780000+00:00,57.79999923706055,0.0,0.0
2024-06-13 16:33:04.037000+00:00,57.900001525878906,0.0,0.0
2024-06-13 16:34:04.566000+00:00,58.0,0.0,0.0
2024-06-13 16:35:04.152000+00:00,58.09999847412109,0.0,0.0
2024-06-13 16:36:04.657000+00:00,58.20000076293945,0.0,0.0
2024-06-13 16:37:03.882000+00:00,58.29999923706055,0.0,0.0
2024-06-13 16:38:04.389000+00:00,58.29999923706055,0.0,0.0
2024-06-13 16:39:04.567000+00:00,58.400001525878906,0.0,0.0
2024-06-13 16:40:04.436000+00:00,58.5,0.0,0.0
2024-06-13 16:41:03.973000+00:00,58.59999847412109,0.0,0.0
2024-06-13 16:42:04.270000+00:00,58.59999847412109,0.0,0.0
2024-06-13 16:43:03.716000+00:00,58.59999847412109,0.0,0.0
2024-06-13 16:44:04.480000+00:00,58.59999847412109,0.0,0.0
2024-06-13 16:45:04.074000+00:00,58.70000076293945,0.0,0.0
2024-06-13 16:46:04.386000+00:00,58.68999862670898,0.0,0.0
2024-06-13 16:47:04.159000+00:00,58.59999847412109,0.0,0.0
2024-06-13 16:48:04.692000+00:00,58.5,0.0,0.0
2024-06-13 16:49:03.572000+00:00,58.400001525878906,0.0,0.0
2024-06-13 16:50:04.249000+00:00,58.400001525878906,0.0,0.0
2024-06-13 16:51:03.969000+00:00,58.29999923706055,0.0,0.0
2024-06-13 16:52:04.107000+00:00,58.29999923706055,0.0,0.0
2024-06-13 16:53:04.372000+00:00,58.20000076293945,0.0,0.0
2024-06-13 16:54:04.032000+00:00,58.20000076293945,0.0,0.0
2024-06-13 16:55:04.517000+00:00,58.20000076293945,0.0,0.0
2024-06-13 16:56:04.649000+00:00,58.09999847412109,0.0,0.0
2024-06-13 16:57:03.954000+00:00,58.11000061035156,0.0,0.0
2024-06-13 16:58:04.285000+00:00,58.09999847412109,0.0,0.0
2024-06-13 16:59:04.492000+00:00,58.09999847412109,0.0,0.0
2024-06-13 17:00:05.040000+00:00,58.09999847412109,0.0,0.0
2024-06-13 17:01:04.315000+00:00,58.09999847412109,0.0,0.0
2024-06-13 17:02:03.977000+00:00,58.09999847412109,0.0,0.0
2024-06-13 17:03:03.991000+00:00,58.09999847412109,0.0,0.0
2024-06-13 17:04:03.752000+00:00,58.09999847412109,0.0,0.0
2024-06-13 17:05:04.080000+00:00,58.11000061035156,0.0,0.0
2024-06-13 17:06:04.697000+00:00,58.20000076293945,0.0,0.0
2024-06-13 17:07:04.603000+00:00,58.20000076293945,0.0,0.0
2024-06-13 17:08:04.338000+00:00,58.20000076293945,0.0,0.0
2024-06-13 17:09:04.921000+00:00,58.20000076293945,0.0,0.0
2024-06-13 17:10:04.606000+00:00,58.20000076293945,0.0,0.0
2024-06-13 17:11:03.908000+00:00,58.20000076293945,0.0,0.0
2024-06-13 17:12:03.914000+00:00,58.09999847412109,0.0,0.0
2024-06-13 17:13:04.334000+00:00,58.09999847412109,0.0,0.0
2024-06-13 17:14:04.651000+00:00,58.09999847412109,0.0,0.0
2024-06-13 17:15:04.787000+00:00,58.20000076293945,0.0,0.0
2024-06-13 17:16:04.146000+00:00,58.20000076293945,0.0,0.0
2024-06-13 17:17:04.362000+00:00,58.29999923706055,0.0,0.0
2024-06-13 17:18:03.933000+00:00,58.29999923706055,0.0,0.0
2024-06-13 17:19:04.552000+00:00,58.29999923706055,0.0,0.0
2024-06-13 17:20:04.496000+00:00,58.400001525878906,0.0,0.0
2024-06-13 17:21:04.335000+00:00,58.400001525878906,0.0,0.0
2024-06-13 17:22:04.323000+00:00,58.400001525878906,0.0,0.0
2024-06-13 17:23:04.361000+00:00,58.400001525878906,0.0,0.0
2024-06-13 17:24:05.286000+00:00,58.400001525878906,0.0,0.0
2024-06-13 17:25:04.255000+00:00,58.29999923706055,0.0,0.0
2024-06-13 17:26:05.066000+00:00,58.29999923706055,0.0,0.0
2024-06-13 17:27:04.238000+00:00,58.29999923706055,0.0,0.0
2024-06-13 17:28:04.037000+00:00,58.29999923706055,0.0,0.0
2024-06-13 17:29:03.871000+00:00,58.29999923706055,0.0,0.0
2024-06-13 17:30:04.353000+00:00,58.29999923706055,0.0,0.0
2024-06-13 17:31:04.173000+00:00,58.29999923706055,0.0,0.0
2024-06-13 17:32:04.059000+00:00,58.29999923706055,0.0,0.0
2024-06-13 17:33:03.726000+00:00,58.29999923706055,0.0,0.0
2024-06-13 17:34:04.041000+00:00,58.29999923706055,0.0,0.0
2024-06-13 17:35:04.331000+00:00,58.29999923706055,0.0,0.0
2024-06-13 17:36:04.344000+00:00,58.29999923706055,0.0,0.0
2024-06-13 17:37:03.998000+00:00,58.209999084472656,0.0,0.0
2024-06-13 17:38:04.054000+00:00,58.20000076293945,0.0,0.0
2024-06-13 17:39:04.683000+00:00,58.20000076293945,0.0,0.0
2024-06-13 17:40:04.710000+00:00,58.20000076293945,0.0,0.0
2024-06-13 17:41:03.924000+00:00,58.130001068115234,0.0,0.0
2024-06-13 17:42:04.891000+00:00,58.16999816894531,0.0,0.0
2024-06-13 17:43:03.652000+00:00,58.18999862670898,0.0,0.0
2024-06-13 17:44:04.414000+00:00,58.09999847412109,0.0,0.0
2024-06-13 17:45:04.578000+00:00,58.20000076293945,0.0,0.0
2024-06-13 17:46:04.169000+00:00,58.09999847412109,0.0,0.0
2024-06-13 17:47:03.856000+00:00,58.20000076293945,0.0,0.0
2024-06-13 17:48:03.798000+00:00,58.29999923706055,0.0,0.0
2024-06-13 17:49:04.467000+00:00,58.34000015258789,0.0,0.0
2024-06-13 17:50:04.169000+00:00,58.400001525878906,0.0,0.0
2024-06-13 17:51:04.028000+00:00,58.5,0.0,0.0
2024-06-13 17:52:04.308000+00:00,58.5,0.0,0.0
2024-06-13 17:53:04.505000+00:00,58.59999847412109,0.0,0.0
2024-06-13 17:54:04.996000+00:00,58.59000015258789,0.0,0.0
2024-06-13 17:55:04.361000+00:00,58.59999847412109,0.0,0.0
2024-06-13 17:56:04.273000+00:00,58.59999847412109,0.0,0.0
2024-06-13 17:57:04.448000+00:00,58.59999847412109,0.0,0.0
2024-06-13 17:58:04.340000+00:00,58.5,0.0,0.0
2024-06-13 17:59:04.556000+00:00,58.400001525878906,0.0,0.0
2024-06-13 18:00:05.528000+00:00,58.29999923706055,0.0,0.0
2024-06-13 18:01:04.086000+00:00,58.29999923706055,0.0,0.0
2024-06-13 18:02:04.037000+00:00,58.29999923706055,0.0,0.0
2024-06-13 18:03:03.599000+00:00,58.20000076293945,0.0,0.0
2024-06-13 18:04:04.723000+00:00,58.20000076293945,0.0,0.0
2024-06-13 18:05:03.482000+00:00,58.20000076293945,0.0,0.0
2024-06-13 18:06:04.972000+00:00,58.11000061035156,0.0,0.0
2024-06-13 18:07:04.167000+00:00,58.20000076293945,0.0,0.0
2024-06-13 18:08:04.124000+00:00,58.18999862670898,0.0,0.0
2024-06-13 18:09:03.808000+00:00,58.09999847412109,0.0,0.0
2024-06-13 18:10:04.279000+00:00,58.09999847412109,0.0,0.0
2024-06-13 18:11:04.081000+00:00,58.09999847412109,0.0,0.0
2024-06-13 18:12:04.067000+00:00,58.09999847412109,0.0,0.0
2024-06-13 18:13:04.048000+00:00,58.09999847412109,0.0,0.0
2024-06-13 18:14:03.937000+00:00,58.09999847412109,0.0,0.0
2024-06-13 18:15:04.753000+00:00,58.20000076293945,0.0,0.0
2024-06-13 18:16:03.965000+00:00,58.20000076293945,0.0,0.0
2024-06-13 18:17:04.111000+00:00,58.20000076293945,0.0,0.0
2024-06-13 18:18:03.942000+00:00,58.209999084472656,0.0,0.0
2024-06-13 18:19:04.229000+00:00,58.29999923706055,0.0,0.0
2024-06-13 18:20:04.446000+00:00,58.29999923706055,0.0,0.0
2024-06-13 18:21:04.046000+00:00,58.29999923706055,0.0,0.0
2024-06-13 18:22:03.828000+00:00,58.29999923706055,0.0,0.0
2024-06-13 18:23:04.202000+00:00,58.29999923706055,0.0,0.0
2024-06-13 18:24:04.473000+00:00,58.29999923706055,0.0,0.0
2024-06-13 18:25:03.729000+00:00,58.29999923706055,0.0,0.0
2024-06-13 18:26:04.349000+00:00,58.29999923706055,0.0,0.0
2024-06-13 18:27:04.091000+00:00,58.29999923706055,0.0,0.0
2024-06-13 18:28:04.114000+00:00,58.20000076293945,0.0,0.0
2024-06-13 18:29:03.548000+00:00,58.29999923706055,0.0,0.0
2024-06-13 18:30:04.457000+00:00,58.29999923706055,0.0,0.0
2024-06-13 18:31:04.355000+00:00,58.29999923706055,0.0,0.0
2024-06-13 18:32:04.438000+00:00,58.20000076293945,0.0,0.0
2024-06-13 18:33:04.218000+00:00,58.20000076293945,0.0,0.0
2024-06-13 18:34:03.859000+00:00,58.20000076293945,0.0,0.0
2024-06-13 18:35:04.533000+00:00,58.290000915527344,0.0,0.0
2024-06-13 18:36:04.182000+00:00,58.20000076293945,0.0,0.0
2024-06-13 18:37:04.038000+00:00,58.20000076293945,0.0,0.0
2024-06-13 18:38:04.534000+00:00,58.20000076293945,0.0,0.0
2024-06-13 18:39:05.283000+00:00,58.20000076293945,0.0,0.0
2024-06-13 18:40:04.566000+00:00,58.20000076293945,0.0,0.0
2024-06-13 18:41:04.317000+00:00,58.20000076293945,0.0,0.0
2024-06-13 18:42:04.513000+00:00,58.20000076293945,0.0,0.0
2024-06-13 18:43:04.239000+00:00,58.20000076293945,0.0,0.0
2024-06-13 18:44:03.813000+00:00,58.20000076293945,0.0,0.0
2024-06-13 18:45:04.237000+00:00,58.20000076293945,0.0,0.0
2024-06-13 18:46:03.872000+00:00,58.20000076293945,0.0,0.0
2024-06-13 18:47:03.568000+00:00,58.20000076293945,0.0,0.0
2024-06-13 18:48:04.419000+00:00,58.20000076293945,0.0,0.0
2024-06-13 18:49:03.955000+00:00,58.130001068115234,0.0,0.0
2024-06-13 18:50:04.376000+00:00,58.20000076293945,0.0,0.0
2024-06-13 18:51:04.131000+00:00,58.20000076293945,0.0,0.0
2024-06-13 18:52:04.161000+00:00,58.20000076293945,0.0,0.0
2024-06-13 18:53:04.544000+00:00,58.20000076293945,0.0,0.0
2024-06-13 18:54:04.068000+00:00,58.09999847412109,0.0,0.0
2024-06-13 18:55:04.374000+00:00,58.130001068115234,0.0,0.0
2024-06-13 18:56:04.222000+00:00,58.09999847412109,0.0,0.0
2024-06-13 18:57:03.952000+00:00,58.09999847412109,0.0,0.0
2024-06-13 18:58:04.057000+00:00,58.13999938964844,0.0,0.0
2024-06-13 18:59:04.275000+00:00,58.20000076293945,0.0,0.0
2024-06-13 19:00:06.337000+00:00,58.20000076293945,0.0,0.0
2024-06-13 19:01:04.193000+00:00,58.29999923706055,0.0,0.0
2024-06-13 19:02:04.077000+00:00,58.29999923706055,0.0,0.0
2024-06-13 19:03:04.045000+00:00,58.29999923706055,0.0,0.0
2024-06-13 19:04:03.742000+00:00,58.29999923706055,0.0,0.0
2024-06-13 19:05:04.443000+00:00,58.29999923706055,0.0,0.0
2024-06-13 19:06:04.696000+00:00,58.29999923706055,0.0,0.0
2024-06-13 19:07:03.762000+00:00,58.29999923706055,0.0,0.0
2024-06-13 19:08:03.951000+00:00,58.29999923706055,0.0,0.0
2024-06-13 19:09:04.172000+00:00,58.29999923706055,0.0,0.0
2024-06-13 19:10:04.224000+00:00,58.29999923706055,0.0,0.0
2024-06-13 19:11:04.381000+00:00,58.29999923706055,0.0,0.0
2024-06-13 19:12:03.903000+00:00,58.20000076293945,0.0,0.0
2024-06-13 19:13:04.851000+00:00,58.20000076293945,0.0,0.0
2024-06-13 19:14:04.576000+00:00,58.20000076293945,0.0,0.0
2024-06-13 19:15:04.418000+00:00,58.20000076293945,0.0,0.0
2024-06-13 19:16:04.238000+00:00,58.20000076293945,0.0,0.0
2024-06-13 19:17:04.170000+00:00,58.20000076293945,0.0,0.0
2024-06-13 19:18:04.302000+00:00,58.20000076293945,0.0,0.0
2024-06-13 19:19:04.016000+00:00,58.20000076293945,0.0,0.0
2024-06-13 19:20:04.366000+00:00,58.20000076293945,0.0,0.0
2024-06-13 19:21:04.018000+00:00,58.20000076293945,0.0,0.0
2024-06-13 19:22:04.213000+00:00,58.20000076293945,0.0,0.0
2024-06-13 19:23:04.111000+00:00,58.20000076293945,0.0,0.0
2024-06-13 19:24:04.231000+00:00,58.20000076293945,0.0,0.0
2024-06-13 19:25:03.790000+00:00,58.20000076293945,0.0,0.0
2024-06-13 19:26:04.784000+00:00,58.20000076293945,0.0,0.0
2024-06-13 19:27:04.557000+00:00,58.20000076293945,0.0,0.0
2024-06-13 19:28:04.513000+00:00,58.09999847412109,0.0,0.0
2024-06-13 19:29:04.345000+00:00,58.09999847412109,0.0,0.0
2024-06-13 19:30:04.603000+00:00,58.09999847412109,0.0,0.0
2024-06-13 19:31:04.574000+00:00,58.09999847412109,0.0,0.0
2024-06-13 19:32:03.486000+00:00,58.09999847412109,0.0,0.0
2024-06-13 19:33:04.104000+00:00,58.09999847412109,0.0,0.0
2024-06-13 19:34:04.070000+00:00,58.09999847412109,0.0,0.0
2024-06-13 19:35:03.929000+00:00,58.09999847412109,0.0,0.0
2024-06-13 19:36:04.378000+00:00,58.09999847412109,0.0,0.0
2024-06-13 19:37:04.172000+00:00,58.130001068115234,0.0,0.0
2024-06-13 19:38:03.857000+00:00,58.20000076293945,0.0,0.0
2024-06-13 19:39:04.826000+00:00,58.20000076293945,0.0,0.0
2024-06-13 19:40:04.355000+00:00,58.209999084472656,0.0,0.0
2024-06-13 19:41:04.266000+00:00,58.29999923706055,0.0,0.0
2024-06-13 19:42:04.475000+00:00,58.29999923706055,0.0,0.0
2024-06-13 19:43:05.213000+00:00,58.29999923706055,0.0,0.0
2024-06-13 19:44:04.171000+00:00,58.29999923706055,0.0,0.0
2024-06-13 19:45:04.312000+00:00,58.29999923706055,0.0,0.0
2024-06-13 19:46:03.819000+00:00,58.29999923706055,0.0,0.0
2024-06-13 19:47:03.902000+00:00,58.29999923706055,0.0,0.0
2024-06-13 19:48:04.524000+00:00,57.900001525878906,0.0,0.0
2024-06-13 19:49:04.266000+00:00,57.900001525878906,0.0,0.0
2024-06-13 19:50:04.027000+00:00,57.900001525878906,0.0,0.0
2024-06-13 19:51:03.614000+00:00,58.0,0.0,0.0
2024-06-13 19:52:04.694000+00:00,58.0,0.0,0.0
2024-06-13 19:53:04.272000+00:00,58.09999847412109,0.0,0.0
2024-06-13 19:54:04.284000+00:00,58.09999847412109,0.0,0.0
2024-06-13 19:55:04.279000+00:00,58.09999847412109,0.0,0.0
2024-06-13 19:56:04.365000+00:00,58.20000076293945,0.0,0.0
2024-06-13 19:57:04.066000+00:00,58.20000076293945,0.0,0.0
2024-06-13 19:58:03.736000+00:00,58.20000076293945,0.0,0.0
2024-06-13 19:59:03.932000+00:00,58.20000076293945,0.0,0.0
2024-06-13 20:00:05.026000+00:00,58.29999923706055,0.0,0.0
2024-06-13 20:01:04.510000+00:00,58.29999923706055,0.0,0.0
2024-06-13 20:02:04.093000+00:00,58.29999923706055,0.0,0.0
2024-06-13 20:03:04.136000+00:00,58.29999923706055,0.0,0.0
2024-06-13 20:04:04.367000+00:00,58.20000076293945,0.0,0.0
2024-06-13 20:05:03.947000+00:00,58.220001220703125,0.0,0.0
2024-06-13 20:06:04.930000+00:00,58.20000076293945,0.0,0.0
2024-06-13 20:07:04.182000+00:00,58.20000076293945,0.0,0.0
2024-06-13 20:08:04.195000+00:00,58.20000076293945,0.0,0.0
2024-06-13 20:09:03.787000+00:00,58.20000076293945,0.0,0.0
2024-06-13 20:10:04.575000+00:00,58.20000076293945,0.0,0.0
2024-06-13 20:11:03.886000+00:00,58.20000076293945,0.0,0.0
2024-06-13 20:12:04.289000+00:00,58.20000076293945,0.0,0.0
2024-06-13 20:13:04.165000+00:00,58.20000076293945,0.0,0.0
2024-06-13 20:14:04.517000+00:00,58.09999847412109,0.0,0.0
2024-06-13 20:15:04.736000+00:00,58.15999984741211,0.0,0.0
2024-06-13 20:16:04.126000+00:00,58.09999847412109,0.0,0.0
2024-06-13 20:17:04.312000+00:00,58.09999847412109,0.0,0.0
2024-06-13 20:18:04.176000+00:00,58.09999847412109,0.0,0.0
2024-06-13 20:19:04.056000+00:00,58.09999847412109,0.0,0.0
2024-06-13 20:20:03.985000+00:00,58.09999847412109,0.0,0.0
2024-06-13 20:21:03.982000+00:00,58.09999847412109,0.0,0.0
2024-06-13 20:22:03.694000+00:00,58.09999847412109,0.0,0.0
2024-06-13 20:23:03.755000+00:00,58.09999847412109,0.0,0.0
2024-06-13 20:24:04.173000+00:00,58.09999847412109,0.0,0.0
2024-06-13 20:25:04.331000+00:00,58.09999847412109,0.0,0.0
2024-06-13 20:26:04.479000+00:00,58.09999847412109,0.0,0.0
2024-06-13 20:27:03.960000+00:00,58.09999847412109,0.0,0.0
2024-06-13 20:28:04.691000+00:00,58.09999847412109,0.0,0.0
2024-06-13 20:29:04.687000+00:00,58.09999847412109,0.0,0.0
2024-06-13 20:30:04.600000+00:00,58.15999984741211,0.0,0.0
2024-06-13 20:31:04.598000+00:00,58.119998931884766,0.0,0.0
2024-06-13 20:32:04.343000+00:00,58.09999847412109,0.0,0.0
2024-06-13 20:33:04.268000+00:00,57.0,0.0,0.0
2024-06-13 20:34:04.075000+00:00,57.09999847412109,0.0,0.0
2024-06-13 20:35:03.610000+00:00,57.40999984741211,0.0,0.0
2024-06-13 20:36:04.394000+00:00,58.02000045776367,0.0,0.0
2024-06-13 20:37:04.244000+00:00,58.5,0.0,0.0
2024-06-13 20:38:03.802000+00:00,58.79999923706055,0.0,0.0
2024-06-13 20:39:04.785000+00:00,58.900001525878906,0.0,0.0
2024-06-13 20:40:04.402000+00:00,58.79999923706055,0.0,0.0
2024-06-13 20:41:04.187000+00:00,58.130001068115234,0.0,0.0
2024-06-13 20:42:04.506000+00:00,57.70000076293945,0.0,0.0
2024-06-13 20:43:04.139000+00:00,57.70000076293945,0.0,0.0
2024-06-13 20:44:03.749000+00:00,57.79999923706055,0.0,0.0
2024-06-13 20:45:04.005000+00:00,57.79999923706055,0.0,0.0
2024-06-13 20:46:04.457000+00:00,57.900001525878906,0.0,0.0
2024-06-13 20:47:04.347000+00:00,58.0,0.0,0.0
2024-06-13 20:48:04.210000+00:00,58.09999847412109,0.0,0.0
2024-06-13 20:49:03.682000+00:00,58.09999847412109,0.0,0.0
2024-06-13 20:50:04.557000+00:00,58.20000076293945,0.0,0.0
2024-06-13 20:51:04.404000+00:00,58.20000076293945,0.0,0.0
2024-06-13 20:52:04.436000+00:00,58.29999923706055,0.0,0.0
2024-06-13 20:53:03.933000+00:00,58.29999923706055,0.0,0.0
2024-06-13 20:54:03.979000+00:00,58.29999923706055,0.0,0.0
2024-06-13 20:55:04.499000+00:00,58.31999969482422,0.0,0.0
2024-06-13 20:56:04.294000+00:00,58.400001525878906,0.0,0.0
2024-06-13 20:57:03.973000+00:00,58.400001525878906,0.0,0.0
2024-06-13 20:58:04.436000+00:00,58.400001525878906,0.0,0.0
2024-06-13 20:59:04.086000+00:00,58.29999923706055,0.0,0.0
2024-06-13 21:00:05.126000+00:00,58.380001068115234,0.0,0.0
2024-06-13 21:01:04.403000+00:00,58.29999923706055,0.0,0.0
2024-06-13 21:02:03.498000+00:00,58.29999923706055,0.0,0.0
2024-06-13 21:03:03.790000+00:00,58.0,0.0,0.0
2024-06-13 21:04:04.290000+00:00,57.70000076293945,0.0,0.0
2024-06-13 21:05:04.961000+00:00,57.5,0.0,0.0
2024-06-13 21:06:04.674000+00:00,57.310001373291016,0.0,0.0
2024-06-13 21:07:03.910000+00:00,57.09999847412109,0.0,0.0
2024-06-13 21:08:03.883000+00:00,56.900001525878906,0.0,0.0
2024-06-13 21:09:04.482000+00:00,56.70000076293945,0.0,0.0
2024-06-13 21:10:04.421000+00:00,56.40999984741211,0.0,0.0
2024-06-13 21:11:04.110000+00:00,56.29999923706055,0.0,0.0
2024-06-13 21:12:03.715000+00:00,56.09999847412109,0.0,0.0
2024-06-13 21:13:03.936000+00:00,55.79999923706055,0.0,0.0
2024-06-13 21:14:03.915000+00:00,55.70000076293945,0.0,0.0
2024-06-13 21:15:04.020000+00:00,55.52000045776367,0.0,0.0
2024-06-13 21:16:03.741000+00:00,55.29999923706055,0.0,0.0
2024-06-13 21:17:04.189000+00:00,55.20000076293945,0.0,0.0
2024-06-13 21:18:04.352000+00:00,55.0,0.0,0.0
2024-06-13 21:19:04.059000+00:00,54.900001525878906,0.0,0.0
2024-06-13 21:20:04.588000+00:00,54.70000076293945,0.0,0.0
2024-06-13 21:21:04.293000+00:00,54.5,0.0,0.0
2024-06-13 21:22:03.905000+00:00,54.29999923706055,0.0,0.0
2024-06-13 21:23:03.561000+00:00,54.20000076293945,0.0,0.0
2024-06-13 21:24:04.248000+00:00,53.90999984741211,0.0,0.0
2024-06-13 21:25:04.534000+00:00,53.79999923706055,0.0,0.0
2024-06-13 21:26:04.939000+00:00,53.70000076293945,0.0,0.0
2024-06-13 21:27:04.233000+00:00,53.5,0.0,0.0
2024-06-13 21:28:04.468000+00:00,53.400001525878906,0.0,0.0
2024-06-13 21:29:04.021000+00:00,53.31999969482422,0.0,0.0
2024-06-13 21:30:04.608000+00:00,53.400001525878906,0.0,0.0
2024-06-13 21:31:04.673000+00:00,53.5,0.0,0.0
2024-06-13 21:32:04.282000+00:00,53.79999923706055,0.0,0.0
2024-06-13 21:33:04.086000+00:00,54.09999847412109,0.0,0.0
2024-06-13 21:34:03.798000+00:00,54.5,0.0,0.0
2024-06-13 21:35:04.870000+00:00,54.79999923706055,0.0,0.0
2024-06-13 21:36:04.523000+00:00,55.09999847412109,0.0,0.0
2024-06-13 21:37:04.317000+00:00,55.400001525878906,0.0,0.0
2024-06-13 21:38:04.340000+00:00,55.59999847412109,0.0,0.0
2024-06-13 21:39:03.895000+00:00,55.79999923706055,0.0,0.0
2024-06-13 21:40:03.986000+00:00,56.0,0.0,0.0
2024-06-13 21:41:04.387000+00:00,56.0,0.0,0.0
2024-06-13 21:42:04.221000+00:00,56.0,0.0,0.0
2024-06-13 21:43:03.838000+00:00,56.0,0.0,0.0
2024-06-13 21:44:03.557000+00:00,55.900001525878906,0.0,0.0
2024-06-13 21:45:04.364000+00:00,55.79999923706055,0.0,0.0
2024-06-13 21:46:04.126000+00:00,55.70000076293945,0.0,0.0
2024-06-13 21:47:03.980000+00:00,55.59999847412109,0.0,0.0
2024-06-13 21:48:04.233000+00:00,55.400001525878906,0.0,0.0
2024-06-13 21:49:04.062000+00:00,55.29999923706055,0.0,0.0
2024-06-13 21:50:03.924000+00:00,55.20000076293945,0.0,0.0
2024-06-13 21:51:03.902000+00:00,55.09999847412109,0.0,0.0
2024-06-13 21:52:04.369000+00:00,54.93999862670898,0.0,0.0
2024-06-13 21:53:03.904000+00:00,54.810001373291016,0.0,0.0
2024-06-13 21:54:03.932000+00:00,54.70000076293945,0.0,0.0
2024-06-13 21:55:04.056000+00:00,54.70000076293945,0.0,0.0
2024-06-13 21:56:04.364000+00:00,54.59999847412109,0.0,0.0
2024-06-13 21:57:04.235000+00:00,54.59999847412109,0.0,0.0
2024-06-13 21:58:03.937000+00:00,54.65999984741211,0.0,0.0
2024-06-13 21:59:04.372000+00:00,54.70000076293945,0.0,0.0
2024-06-13 22:00:06.136000+00:00,54.70000076293945,0.0,0.0
2024-06-13 22:01:04.280000+00:00,54.88999938964844,0.0,0.0
2024-06-13 22:02:03.949000+00:00,55.0,0.0,0.0
2024-06-13 22:03:03.474000+00:00,55.09999847412109,0.0,0.0
2024-06-13 22:04:04.017000+00:00,55.20000076293945,0.0,0.0
2024-06-13 22:05:03.849000+00:00,55.20000076293945,0.0,0.0
2024-06-13 22:06:04.448000+00:00,55.29999923706055,0.0,0.0
2024-06-13 22:07:04.238000+00:00,55.400001525878906,0.0,0.0
2024-06-13 22:08:04.050000+00:00,55.5,0.0,0.0
2024-06-13 22:09:04.374000+00:00,55.5,0.0,0.0
2024-06-13 22:10:04.273000+00:00,55.59999847412109,0.0,0.0
2024-06-13 22:11:04.271000+00:00,55.59999847412109,0.0,0.0
2024-06-13 22:12:04.070000+00:00,55.59999847412109,0.0,0.0
2024-06-13 22:13:04.086000+00:00,55.59999847412109,0.0,0.0
2024-06-13 22:14:04.598000+00:00,55.52000045776367,0.0,0.0
2024-06-13 22:15:04.522000+00:00,55.59999847412109,0.0,0.0
2024-06-13 22:16:04.483000+00:00,55.59999847412109,0.0,0.0
2024-06-13 22:17:04.579000+00:00,55.5,0.0,0.0
2024-06-13 22:18:04.284000+00:00,55.400001525878906,0.0,0.0
2024-06-13 22:19:04.266000+00:00,55.29999923706055,0.0,0.0
2024-06-13 22:20:04.554000+00:00,55.29999923706055,0.0,0.0
2024-06-13 22:21:04.348000+00:00,55.20000076293945,0.0,0.0
2024-06-13 22:22:04.122000+00:00,55.09999847412109,0.0,0.0
2024-06-13 22:23:03.807000+00:00,55.0,0.0,0.0
2024-06-13 22:24:04.382000+00:00,55.0,0.0,0.0
2024-06-13 22:25:04.308000+00:00,55.0,0.0,0.0
2024-06-13 22:26:04.875000+00:00,55.0,0.0,0.0
2024-06-13 22:27:03.968000+00:00,54.900001525878906,0.0,0.0
2024-06-13 22:28:04.376000+00:00,54.900001525878906,0.0,0.0
2024-06-13 22:29:04.197000+00:00,54.95000076293945,0.0,0.0
2024-06-13 22:30:04.405000+00:00,54.970001220703125,0.0,0.0
2024-06-13 22:31:04.195000+00:00,55.0,0.0,0.0
2024-06-13 22:32:04.626000+00:00,54.900001525878906,0.0,0.0
2024-06-13 22:33:04.271000+00:00,55.0,0.0,0.0
2024-06-13 22:34:03.997000+00:00,55.09999847412109,0.0,0.0
2024-06-13 22:35:03.959000+00:00,55.20000076293945,0.0,0.0
2024-06-13 22:36:03.919000+00:00,55.20000076293945,0.0,0.0
2024-06-13 22:37:04.279000+00:00,55.29999923706055,0.0,0.0
2024-06-13 22:38:04.063000+00:00,55.29999923706055,0.0,0.0
2024-06-13 22:39:04.165000+00:00,55.29999923706055,0.0,0.0
2024-06-13 22:40:04.355000+00:00,55.400001525878906,0.0,0.0
2024-06-13 22:41:04.047000+00:00,55.400001525878906,0.0,0.0
2024-06-13 22:42:04.283000+00:00,55.400001525878906,0.0,0.0
2024-06-13 22:43:04.034000+00:00,55.400001525878906,0.0,0.0
2024-06-13 22:44:04.472000+00:00,55.400001525878906,0.0,0.0
2024-06-13 22:45:03.593000+00:00,55.400001525878906,0.0,0.0
2024-06-13 22:46:04.162000+00:00,55.29999923706055,0.0,0.0
2024-06-13 22:47:03.561000+00:00,55.400001525878906,0.0,0.0
2024-06-13 22:48:04.186000+00:00,55.29999923706055,0.0,0.0
2024-06-13 22:49:03.562000+00:00,55.29999923706055,0.0,0.0
2024-06-13 22:50:04.568000+00:00,55.29999923706055,0.0,0.0
2024-06-13 22:51:04.179000+00:00,55.29999923706055,0.0,0.0
2024-06-13 22:52:04.125000+00:00,55.29999923706055,0.0,0.0
2024-06-13 22:53:03.732000+00:00,55.29999923706055,0.0,0.0
2024-06-13 22:54:04.063000+00:00,55.29999923706055,0.0,0.0
2024-06-13 22:55:04.109000+00:00,55.20000076293945,0.0,0.0
2024-06-13 22:56:04.431000+00:00,55.20000076293945,0.0,0.0
2024-06-13 22:57:04.412000+00:00,55.20000076293945,0.0,0.0
2024-06-13 22:58:04.319000+00:00,55.20000076293945,0.0,0.0
2024-06-13 22:59:04.245000+00:00,55.18000030517578,0.0,0.0
2024-06-13 23:00:05.080000+00:00,55.09999847412109,0.0,0.0
2024-06-14 00:00:06.310000+00:00,55.18000030517578,0.0,0.0
2024-06-14 00:01:04.568000+00:00,55.20000076293945,0.0,0.0
2024-06-14 00:02:04.392000+00:00,55.13999938964844,0.0,0.0
2024-06-14 00:03:04.052000+00:00,55.09999847412109,0.0,0.0
2024-06-14 00:04:03.985000+00:00,55.09999847412109,0.0,0.0
2024-06-14 00:05:03.940000+00:00,55.09999847412109,0.0,0.0
2024-06-14 00:06:04.523000+00:00,55.09999847412109,0.0,0.0
2024-06-14 00:07:04.046000+00:00,55.09999847412109,0.0,0.0
2024-06-14 00:08:03.952000+00:00,55.09999847412109,0.0,0.0
2024-06-14 00:09:04.165000+00:00,55.09999847412109,0.0,0.0
2024-06-14 00:10:05.563000+00:00,55.09999847412109,0.0,0.0
2024-06-14 00:11:04.010000+00:00,55.09999847412109,0.0,0.0
2024-06-14 00:12:04.319000+00:00,55.09999847412109,0.0,0.0
2024-06-14 00:13:04.447000+00:00,55.20000076293945,0.0,0.0
2024-06-14 00:14:04.563000+00:00,55.20000076293945,0.0,0.0
2024-06-14 00:15:04.388000+00:00,55.27999877929688,0.0,0.0
2024-06-14 00:16:04.184000+00:00,55.290000915527344,0.0,0.0
2024-06-14 00:17:04.659000+00:00,55.29999923706055,0.0,0.0
2024-06-14 00:18:04.559000+00:00,55.27000045776367,0.0,0.0
2024-06-14 00:19:04.953000+00:00,55.20000076293945,0.0,0.0
2024-06-14 00:20:04.161000+00:00,55.25,0.0,0.0
2024-06-14 00:21:04.405000+00:00,55.29999923706055,0.0,0.0
2024-06-14 00:22:04.156000+00:00,55.20000076293945,0.0,0.0
2024-06-14 00:23:04.143000+00:00,55.20000076293945,0.0,0.0
2024-06-14 00:24:03.969000+00:00,55.20000076293945,0.0,0.0
2024-06-14 00:25:04.745000+00:00,55.20000076293945,0.0,0.0
2024-06-14 00:26:04.536000+00:00,55.20000076293945,0.0,0.0
2024-06-14 00:27:04.639000+00:00,55.20000076293945,0.0,0.0
2024-06-14 00:28:04.721000+00:00,55.20000076293945,0.0,0.0
2024-06-14 00:29:03.886000+00:00,55.20000076293945,0.0,0.0
2024-06-14 00:30:04.239000+00:00,55.20000076293945,0.0,0.0
2024-06-14 00:31:04.282000+00:00,55.20000076293945,0.0,0.0
2024-06-14 00:32:04.085000+00:00,55.20000076293945,0.0,0.0
2024-06-14 00:33:03.999000+00:00,55.20000076293945,0.0,0.0
2024-06-14 00:34:03.729000+00:00,55.20000076293945,0.0,0.0
2024-06-14 00:35:05.074000+00:00,55.09999847412109,0.0,0.0
2024-06-14 00:36:03.725000+00:00,55.15999984741211,0.0,0.0
2024-06-14 00:37:04.806000+00:00,55.18000030517578,0.0,0.0
2024-06-14 00:38:04.178000+00:00,55.09999847412109,0.0,0.0
2024-06-14 00:39:04.565000+00:00,55.09999847412109,0.0,0.0
2024-06-14 00:40:04.920000+00:00,55.09999847412109,0.0,0.0
2024-06-14 00:41:04.582000+00:00,55.09999847412109,0.0,0.0
2024-06-14 00:42:04.504000+00:00,55.09999847412109,0.0,0.0
2024-06-14 00:43:03.710000+00:00,55.09999847412109,0.0,0.0
2024-06-14 00:44:04.207000+00:00,55.09999847412109,0.0,0.0
2024-06-14 00:45:04.159000+00:00,55.04999923706055,0.0,0.0
2024-06-14 00:46:04.112000+00:00,55.09999847412109,0.0,0.0
2024-06-14 00:47:04.237000+00:00,55.09999847412109,0.0,0.0
2024-06-14 00:48:04.692000+00:00,55.09999847412109,0.0,0.0
2024-06-14 00:49:03.759000+00:00,55.0,0.0,0.0
2024-06-14 00:50:03.992000+00:00,55.02000045776367,0.0,0.0
2024-06-14 00:51:03.564000+00:00,55.09999847412109,0.0,0.0
2024-06-14 00:52:04.258000+00:00,55.11000061035156,0.0,0.0
2024-06-14 00:53:03.449000+00:00,55.20000076293945,0.0,0.0
2024-06-14 00:54:04.099000+00:00,55.20000076293945,0.0,0.0
2024-06-14 00:55:04.157000+00:00,55.20000076293945,0.0,0.0
2024-06-14 00:56:04.743000+00:00,55.20000076293945,0.0,0.0
2024-06-14 00:57:04.286000+00:00,55.20000076293945,0.0,0.0
2024-06-14 00:58:04.301000+00:00,55.20000076293945,0.0,0.0
2024-06-14 00:59:04.217000+00:00,55.20000076293945,0.0,0.0
2024-06-14 01:00:05.352000+00:00,55.20000076293945,0.0,0.0
2024-06-14 01:01:04.020000+00:00,55.20000076293945,0.0,0.0
2024-06-14 01:02:04.157000+00:00,55.20000076293945,0.0,0.0
2024-06-14 01:03:04.502000+00:00,55.20000076293945,0.0,0.0
2024-06-14 01:04:04.382000+00:00,55.20000076293945,0.0,0.0
2024-06-14 01:05:03.615000+00:00,55.20000076293945,0.0,0.0
2024-06-14 01:06:04.404000+00:00,55.20000076293945,0.0,0.0
2024-06-14 01:07:04.174000+00:00,55.09999847412109,0.0,0.0
2024-06-14 01:08:03.895000+00:00,55.09999847412109,0.0,0.0
2024-06-14 01:09:04.135000+00:00,55.09999847412109,0.0,0.0
2024-06-14 01:10:04.194000+00:00,55.09999847412109,0.0,0.0
2024-06-14 01:11:04.263000+00:00,55.09999847412109,0.0,0.0
2024-06-14 01:12:04.503000+00:00,55.09999847412109,0.0,0.0
2024-06-14 01:13:04.141000+00:00,55.0099983215332,0.0,0.0
2024-06-14 01:14:04.682000+00:00,55.0,0.0,0.0
2024-06-14 01:15:04.348000+00:00,55.0,0.0,0.0
2024-06-14 01:16:04.021000+00:00,55.09999847412109,0.0,0.0
2024-06-14 01:17:03.896000+00:00,55.09999847412109,0.0,0.0
2024-06-14 01:18:03.725000+00:00,55.09999847412109,0.0,0.0
2024-06-14 01:19:04.611000+00:00,55.150001525878906,0.0,0.0
2024-06-14 01:20:04.606000+00:00,55.20000076293945,0.0,0.0
2024-06-14 01:21:04.154000+00:00,55.20000076293945,0.0,0.0
2024-06-14 01:22:03.856000+00:00,55.20000076293945,0.0,0.0
2024-06-14 01:23:04.247000+00:00,55.20000076293945,0.0,0.0
2024-06-14 01:24:04.128000+00:00,55.20000076293945,0.0,0.0
2024-06-14 01:25:04.331000+00:00,55.20000076293945,0.0,0.0
2024-06-14 01:26:04.316000+00:00,55.20000076293945,0.0,0.0
2024-06-14 01:27:04.183000+00:00,55.20000076293945,0.0,0.0
2024-06-14 01:28:03.850000+00:00,55.20000076293945,0.0,0.0
2024-06-14 01:29:03.595000+00:00,55.20000076293945,0.0,0.0
2024-06-14 01:30:04.561000+00:00,55.20000076293945,0.0,0.0
2024-06-14 01:31:04.334000+00:00,55.20000076293945,0.0,0.0
2024-06-14 01:32:03.867000+00:00,55.20000076293945,0.0,0.0
2024-06-14 01:33:04.118000+00:00,55.20000076293945,0.0,0.0
2024-06-14 01:34:03.990000+00:00,55.11000061035156,0.0,0.0
2024-06-14 01:35:04.057000+00:00,55.20000076293945,0.0,0.0
2024-06-14 01:36:03.906000+00:00,55.09999847412109,0.0,0.0
2024-06-14 01:37:03.868000+00:00,55.09999847412109,0.0,0.0
2024-06-14 01:38:03.989000+00:00,55.0,0.0,0.0
2024-06-14 01:39:04.158000+00:00,55.09999847412109,0.0,0.0
2024-06-14 01:40:03.960000+00:00,55.0,0.0,0.0
2024-06-14 01:41:04.161000+00:00,55.09999847412109,0.0,0.0
2024-06-14 01:42:04.127000+00:00,55.09999847412109,0.0,0.0
2024-06-14 01:43:04.302000+00:00,55.08000183105469,0.0,0.0
2024-06-14 01:44:04.663000+00:00,55.0,0.0,0.0
2024-06-14 01:45:03.863000+00:00,55.09999847412109,0.0,0.0
2024-06-14 01:46:04.307000+00:00,55.02000045776367,0.0,0.0
2024-06-14 01:47:03.460000+00:00,55.09999847412109,0.0,0.0
2024-06-14 01:48:04.641000+00:00,55.09999847412109,0.0,0.0
2024-06-14 01:49:03.764000+00:00,55.09999847412109,0.0,0.0
2024-06-14 01:50:03.921000+00:00,55.09999847412109,0.0,0.0
2024-06-14 01:51:03.811000+00:00,55.09999847412109,0.0,0.0
2024-06-14 01:52:04.152000+00:00,55.09999847412109,0.0,0.0
2024-06-14 01:53:03.958000+00:00,55.09999847412109,0.0,0.0
2024-06-14 01:54:04.097000+00:00,55.06999969482422,0.0,0.0
2024-06-14 01:55:04.206000+00:00,55.09999847412109,0.0,0.0
2024-06-14 01:56:04.199000+00:00,55.09999847412109,0.0,0.0
2024-06-14 01:57:04.325000+00:00,55.09999847412109,0.0,0.0
2024-06-14 01:58:03.639000+00:00,55.09999847412109,0.0,0.0
2024-06-14 01:59:04.536000+00:00,55.09999847412109,0.0,0.0
2024-06-14 02:00:05.629000+00:00,55.09999847412109,0.0,0.0
2024-06-14 02:01:04.678000+00:00,55.29999923706055,0.0,0.0
2024-06-14 02:02:03.686000+00:00,56.29999923706055,0.0,0.0
2024-06-14 02:03:04.614000+00:00,57.400001525878906,0.0,0.0
2024-06-14 02:04:04.021000+00:00,58.09999847412109,0.0,0.0
2024-06-14 02:05:04.630000+00:00,58.5,0.0,0.0
2024-06-14 02:06:04.157000+00:00,58.79999923706055,0.0,0.0
2024-06-14 02:07:04.035000+00:00,58.86000061035156,0.0,0.0
2024-06-14 02:08:04.667000+00:00,58.900001525878906,0.0,0.0
2024-06-14 02:09:04.491000+00:00,58.84999847412109,0.0,0.0
2024-06-14 02:10:04.470000+00:00,58.720001220703125,0.0,0.0
2024-06-14 02:11:04.360000+00:00,58.650001525878906,0.0,0.0
2024-06-14 02:12:04.321000+00:00,58.59000015258789,0.0,0.0
2024-06-14 02:13:04.635000+00:00,58.400001525878906,0.0,0.0
2024-06-14 02:14:04.200000+00:00,58.400001525878906,0.0,0.0
2024-06-14 02:15:04.476000+00:00,58.29999923706055,0.0,0.0
2024-06-14 02:16:03.945000+00:00,58.20000076293945,0.0,0.0
2024-06-14 02:17:03.969000+00:00,58.09999847412109,0.0,0.0
2024-06-14 02:18:03.831000+00:00,58.0,0.0,0.0
2024-06-14 02:19:04.488000+00:00,58.0,0.0,0.0
2024-06-14 02:20:04.148000+00:00,57.900001525878906,0.0,0.0
2024-06-14 02:21:04.299000+00:00,57.79999923706055,0.0,0.0
2024-06-14 02:22:03.858000+00:00,57.7599983215332,0.0,0.0
2024-06-14 02:23:03.996000+00:00,57.70000076293945,0.0,0.0
2024-06-14 02:24:04.299000+00:00,57.70000076293945,0.0,0.0
2024-06-14 02:25:04.277000+00:00,57.70000076293945,0.0,0.0
2024-06-14 02:26:04.288000+00:00,57.70000076293945,0.0,0.0
2024-06-14 02:27:04.340000+00:00,57.70000076293945,0.0,0.0
2024-06-14 02:28:04.581000+00:00,57.70000076293945,0.0,0.0
2024-06-14 02:29:04.098000+00:00,57.70000076293945,0.0,0.0
2024-06-14 02:30:04.225000+00:00,57.70000076293945,0.0,0.0
2024-06-14 02:31:04.256000+00:00,57.79999923706055,0.0,0.0
2024-06-14 02:32:03.796000+00:00,57.81999969482422,0.0,0.0
2024-06-14 02:33:04.534000+00:00,57.900001525878906,0.0,0.0
2024-06-14 02:34:04.437000+00:00,58.0,0.0,0.0
2024-06-14 02:35:04.082000+00:00,58.09999847412109,0.0,0.0
2024-06-14 02:36:04.155000+00:00,58.09999847412109,0.0,0.0
2024-06-14 02:37:04.310000+00:00,58.09999847412109,0.0,0.0
2024-06-14 02:38:04.332000+00:00,58.20000076293945,0.0,0.0
2024-06-14 02:39:04.778000+00:00,58.20000076293945,0.0,0.0
2024-06-14 02:40:04.537000+00:00,58.20000076293945,0.0,0.0
2024-06-14 02:41:04.411000+00:00,58.20000076293945,0.0,0.0
2024-06-14 02:42:04.168000+00:00,58.20000076293945,0.0,0.0
2024-06-14 02:43:04.424000+00:00,58.09999847412109,0.0,0.0
2024-06-14 02:44:04.163000+00:00,58.0,0.0,0.0
2024-06-14 02:45:04.493000+00:00,57.900001525878906,0.0,0.0
2024-06-14 02:46:03.605000+00:00,57.900001525878906,0.0,0.0
2024-06-14 02:47:04.469000+00:00,57.79999923706055,0.0,0.0
2024-06-14 02:48:03.960000+00:00,57.79999923706055,0.0,0.0
2024-06-14 02:49:04.052000+00:00,57.79999923706055,0.0,0.0
2024-06-14 02:50:04.212000+00:00,57.79999923706055,0.0,0.0
2024-06-14 02:51:04.388000+00:00,57.70000076293945,0.0,0.0
2024-06-14 02:52:04.349000+00:00,57.70000076293945,0.0,0.0
2024-06-14 02:53:04.363000+00:00,57.70000076293945,0.0,0.0
2024-06-14 02:54:04.237000+00:00,57.70000076293945,0.0,0.0
2024-06-14 02:55:04.037000+00:00,57.59999847412109,0.0,0.0
2024-06-14 02:56:04.455000+00:00,57.619998931884766,0.0,0.0
2024-06-14 02:57:04.312000+00:00,57.70000076293945,0.0,0.0
2024-06-14 02:58:04.152000+00:00,57.79999923706055,0.0,0.0
2024-06-14 02:59:04.038000+00:00,57.900001525878906,0.0,0.0
2024-06-14 03:00:05.639000+00:00,58.09999847412109,0.0,0.0
2024-06-14 03:01:03.872000+00:00,58.20000076293945,0.0,0.0
2024-06-14 03:02:03.884000+00:00,58.209999084472656,0.0,0.0
2024-06-14 03:03:03.681000+00:00,58.29999923706055,0.0,0.0
2024-06-14 03:04:04.277000+00:00,58.33000183105469,0.0,0.0
2024-06-14 03:05:04.091000+00:00,58.400001525878906,0.0,0.0
2024-06-14 03:06:04.443000+00:00,58.400001525878906,0.0,0.0
2024-06-14 03:07:04.703000+00:00,58.5,0.0,0.0
2024-06-14 03:08:04.172000+00:00,58.400001525878906,0.0,0.0
2024-06-14 03:09:04.440000+00:00,58.400001525878906,0.0,0.0
2024-06-14 03:10:04.278000+00:00,58.34000015258789,0.0,0.0
2024-06-14 03:11:04.569000+00:00,58.29999923706055,0.0,0.0
2024-06-14 03:12:04.293000+00:00,58.29999923706055,0.0,0.0
2024-06-14 03:13:04.593000+00:00,58.20000076293945,0.0,0.0
2024-06-14 03:14:04.326000+00:00,58.20000076293945,0.0,0.0
2024-06-14 03:15:04.331000+00:00,58.20000076293945,0.0,0.0
2024-06-14 03:16:04.263000+00:00,58.09999847412109,0.0,0.0
2024-06-14 03:17:04.163000+00:00,58.09999847412109,0.0,0.0
2024-06-14 03:18:04.375000+00:00,58.09999847412109,0.0,0.0
2024-06-14 03:19:04.267000+00:00,58.060001373291016,0.0,0.0
2024-06-14 03:20:04.784000+00:00,58.0,0.0,0.0
2024-06-14 03:21:04.457000+00:00,58.0,0.0,0.0
2024-06-14 03:22:04.069000+00:00,57.91999816894531,0.0,0.0
2024-06-14 03:23:03.942000+00:00,57.900001525878906,0.0,0.0
2024-06-14 03:24:03.753000+00:00,57.900001525878906,0.0,0.0
2024-06-14 03:25:03.984000+00:00,57.900001525878906,0.0,0.0
2024-06-14 03:26:03.991000+00:00,57.900001525878906,0.0,0.0
2024-06-14 03:27:03.846000+00:00,58.0,0.0,0.0
2024-06-14 03:28:04.675000+00:00,57.959999084472656,0.0,0.0
2024-06-14 03:29:04.110000+00:00,58.0,0.0,0.0
2024-06-14 03:30:04.712000+00:00,58.0,0.0,0.0
2024-06-14 03:31:04.057000+00:00,57.97999954223633,0.0,0.0
2024-06-14 03:32:03.819000+00:00,58.0,0.0,0.0
2024-06-14 03:33:04.161000+00:00,58.0,0.0,0.0
2024-06-14 03:34:04.144000+00:00,58.0,0.0,0.0
2024-06-14 03:35:03.588000+00:00,58.0,0.0,0.0
2024-06-14 03:36:04.575000+00:00,58.0,0.0,0.0
2024-06-14 03:37:04.252000+00:00,58.0,0.0,0.0
2024-06-14 03:38:04.225000+00:00,58.0,0.0,0.0
2024-06-14 03:39:04.818000+00:00,58.0,0.0,0.0
2024-06-14 03:40:04.154000+00:00,58.09000015258789,0.0,0.0
2024-06-14 03:41:04.604000+00:00,58.09999847412109,0.0,0.0
2024-06-14 03:42:04.844000+00:00,58.09999847412109,0.0,0.0
2024-06-14 03:43:04.538000+00:00,58.09999847412109,0.0,0.0
2024-06-14 03:44:03.512000+00:00,58.09999847412109,0.0,0.0
2024-06-14 03:45:04.332000+00:00,58.09999847412109,0.0,0.0
2024-06-14 03:46:04.592000+00:00,58.09999847412109,0.0,0.0
2024-06-14 03:47:04.463000+00:00,58.09999847412109,0.0,0.0
2024-06-14 03:48:04.331000+00:00,58.09999847412109,0.0,0.0
2024-06-14 03:49:04.233000+00:00,58.09999847412109,0.0,0.0
2024-06-14 03:50:04.232000+00:00,58.09999847412109,0.0,0.0
2024-06-14 03:51:04.435000+00:00,58.09999847412109,0.0,0.0
2024-06-14 03:52:04.096000+00:00,58.09999847412109,0.0,0.0
2024-06-14 03:53:03.745000+00:00,58.09999847412109,0.0,0.0
2024-06-14 03:54:04.122000+00:00,58.09999847412109,0.0,0.0
2024-06-14 03:55:04.096000+00:00,58.09999847412109,0.0,0.0
2024-06-14 03:56:04.256000+00:00,58.09999847412109,0.0,0.0
2024-06-14 03:57:04.411000+00:00,58.09999847412109,0.0,0.0
2024-06-14 03:58:04.061000+00:00,58.09999847412109,0.0,0.0
2024-06-14 03:59:03.689000+00:00,58.09999847412109,0.0,0.0
2024-06-14 04:00:05.187000+00:00,58.09999847412109,0.0,0.0
2024-06-14 04:01:04.382000+00:00,58.09999847412109,0.0,0.0
2024-06-14 04:02:04.320000+00:00,58.20000076293945,0.0,0.0
2024-06-14 04:03:03.594000+00:00,58.20000076293945,0.0,0.0
2024-06-14 04:04:04.289000+00:00,58.20000076293945,0.0,0.0
2024-06-14 04:05:04.518000+00:00,58.20000076293945,0.0,0.0
2024-06-14 04:06:04.352000+00:00,58.20000076293945,0.0,0.0
2024-06-14 04:07:03.893000+00:00,58.20000076293945,0.0,0.0
2024-06-14 04:08:03.673000+00:00,58.20000076293945,0.0,0.0
2024-06-14 04:09:03.904000+00:00,58.209999084472656,0.0,0.0
2024-06-14 04:10:04.490000+00:00,58.20000076293945,0.0,0.0
2024-06-14 04:11:04.208000+00:00,58.20000076293945,0.0,0.0
2024-06-14 04:12:04.228000+00:00,58.20000076293945,0.0,0.0
2024-06-14 04:13:04.210000+00:00,58.20000076293945,0.0,0.0
2024-06-14 04:14:04.139000+00:00,58.20000076293945,0.0,0.0
2024-06-14 04:15:03.990000+00:00,58.20000076293945,0.0,0.0
2024-06-14 04:16:04.156000+00:00,58.29999923706055,0.0,0.0
2024-06-14 04:17:03.855000+00:00,58.29999923706055,0.0,0.0
2024-06-14 04:18:04.040000+00:00,58.29999923706055,0.0,0.0
2024-06-14 04:19:03.821000+00:00,58.29999923706055,0.0,0.0
2024-06-14 04:20:03.985000+00:00,58.29999923706055,0.0,0.0
2024-06-14 04:21:04.009000+00:00,58.29999923706055,0.0,0.0
2024-06-14 04:22:04.369000+00:00,58.29999923706055,0.0,0.0
2024-06-14 04:23:04.403000+00:00,58.209999084472656,0.0,0.0
2024-06-14 04:24:04.010000+00:00,58.20000076293945,0.0,0.0
2024-06-14 04:25:04.425000+00:00,58.20000076293945,0.0,0.0
2024-06-14 04:26:04.952000+00:00,58.18000030517578,0.0,0.0
2024-06-14 04:27:03.880000+00:00,58.09999847412109,0.0,0.0
2024-06-14 04:28:03.914000+00:00,58.09999847412109,0.0,0.0
2024-06-14 04:29:03.846000+00:00,58.0,0.0,0.0
2024-06-14 04:30:04.357000+00:00,58.0,0.0,0.0
2024-06-14 04:31:03.970000+00:00,58.0,0.0,0.0
2024-06-14 04:32:04.538000+00:00,58.0,0.0,0.0
2024-06-14 04:33:03.805000+00:00,58.0,0.0,0.0
2024-06-14 04:34:04.224000+00:00,58.0,0.0,0.0
2024-06-14 04:35:04.022000+00:00,58.0,0.0,0.0
2024-06-14 04:36:04.696000+00:00,58.0,0.0,0.0
2024-06-14 04:37:03.972000+00:00,58.0,0.0,0.0
2024-06-14 04:38:03.845000+00:00,58.0,0.0,0.0
2024-06-14 04:39:04.196000+00:00,58.0,0.0,0.0
2024-06-14 04:40:03.822000+00:00,58.0,0.0,0.0
2024-06-14 04:41:04.469000+00:00,57.900001525878906,0.0,0.0
2024-06-14 04:42:04.640000+00:00,57.970001220703125,0.0,0.0
2024-06-14 04:43:04.659000+00:00,57.900001525878906,0.0,0.0
2024-06-14 04:44:03.531000+00:00,57.900001525878906,0.0,0.0
2024-06-14 04:45:04.301000+00:00,57.900001525878906,0.0,0.0
2024-06-14 04:46:03.874000+00:00,58.0,0.0,0.0
2024-06-14 04:47:04.269000+00:00,58.0,0.0,0.0
2024-06-14 04:48:03.927000+00:00,58.0,0.0,0.0
2024-06-14 04:49:03.775000+00:00,58.02000045776367,0.0,0.0
2024-06-14 04:50:04.237000+00:00,58.09999847412109,0.0,0.0
2024-06-14 04:51:04.319000+00:00,58.09999847412109,0.0,0.0
2024-06-14 04:52:05.056000+00:00,58.09999847412109,0.0,0.0
2024-06-14 04:53:04.149000+00:00,58.09999847412109,0.0,0.0
2024-06-14 04:54:04.371000+00:00,58.20000076293945,0.0,0.0
2024-06-14 04:55:04.106000+00:00,58.20000076293945,0.0,0.0
2024-06-14 04:56:04.358000+00:00,58.20000076293945,0.0,0.0
2024-06-14 04:57:04.244000+00:00,58.20000076293945,0.0,0.0
2024-06-14 04:58:04.539000+00:00,58.20000076293945,0.0,0.0
2024-06-14 04:59:04.852000+00:00,58.20000076293945,0.0,0.0
2024-06-14 05:00:08.224000+00:00,58.20000076293945,0.0,0.0
2024-06-14 05:01:05.500000+00:00,58.20000076293945,0.0,0.0
2024-06-14 05:02:04.937000+00:00,58.20000076293945,0.0,0.0
2024-06-14 05:03:04.865000+00:00,58.20000076293945,0.0,0.0
2024-06-14 05:04:04.898000+00:00,58.20000076293945,0.0,0.0
2024-06-14 05:05:04.653000+00:00,58.18999862670898,0.0,0.0
2024-06-14 05:06:05.623000+00:00,58.09999847412109,0.0,0.0
2024-06-14 05:07:04.535000+00:00,58.09999847412109,0.0,0.0
2024-06-14 05:08:04.879000+00:00,58.09999847412109,0.0,0.0
2024-06-14 05:09:04.180000+00:00,58.09999847412109,0.0,0.0
2024-06-14 05:10:04.603000+00:00,58.09999847412109,0.0,0.0
2024-06-14 05:11:04.685000+00:00,58.09999847412109,0.0,0.0
2024-06-14 05:12:04.396000+00:00,58.09999847412109,0.0,0.0
2024-06-14 05:13:04.778000+00:00,58.09999847412109,0.0,0.0
2024-06-14 05:14:04.935000+00:00,58.09999847412109,0.0,0.0
2024-06-14 05:15:04.494000+00:00,58.09999847412109,0.0,0.0
2024-06-14 05:16:04.331000+00:00,58.09999847412109,0.0,0.0
2024-06-14 05:17:04.822000+00:00,58.09999847412109,0.0,0.0
2024-06-14 05:18:04.636000+00:00,58.09999847412109,0.0,0.0
2024-06-14 05:19:05.216000+00:00,58.09000015258789,0.0,0.0
2024-06-14 05:20:04.606000+00:00,58.09999847412109,0.0,0.0
2024-06-14 05:21:04.902000+00:00,58.09999847412109,0.0,0.0
2024-06-14 05:22:04.486000+00:00,58.09999847412109,0.0,0.0
2024-06-14 05:23:04.470000+00:00,58.09999847412109,0.0,0.0
2024-06-14 05:24:04.554000+00:00,58.0099983215332,0.0,0.0
2024-06-14 05:25:04.640000+00:00,58.09000015258789,0.0,0.0
2024-06-14 05:26:04.935000+00:00,58.09999847412109,0.0,0.0
2024-06-14 05:27:04.191000+00:00,58.0,0.0,0.0
2024-06-14 05:28:04.129000+00:00,58.0,0.0,0.0
2024-06-14 05:29:04.517000+00:00,58.0,0.0,0.0
2024-06-14 05:30:04.913000+00:00,58.0,0.0,0.0
2024-06-14 05:31:04.136000+00:00,58.0,0.0,0.0
2024-06-14 05:32:04.476000+00:00,58.0,0.0,0.0
2024-06-14 05:33:04.239000+00:00,58.0,0.0,0.0
2024-06-14 05:34:04.286000+00:00,58.0,0.0,0.0
2024-06-14 05:35:04.869000+00:00,57.90999984741211,0.0,0.0
2024-06-14 05:36:04.329000+00:00,58.0,0.0,0.0
2024-06-14 05:37:04.283000+00:00,58.0,0.0,0.0
2024-06-14 05:38:04.011000+00:00,58.0,0.0,0.0
2024-06-14 05:39:05.311000+00:00,58.0,0.0,0.0
2024-06-14 05:40:04.813000+00:00,58.0,0.0,0.0
2024-06-14 05:41:04.126000+00:00,58.0,0.0,0.0
2024-06-14 05:42:04.830000+00:00,58.0,0.0,0.0
2024-06-14 05:43:04.571000+00:00,58.0,0.0,0.0
2024-06-14 05:44:04.488000+00:00,58.0,0.0,0.0
2024-06-14 05:45:04.585000+00:00,58.0,0.0,0.0
2024-06-14 05:46:04.817000+00:00,58.0,0.0,0.0
2024-06-14 05:47:04.488000+00:00,58.0,0.0,0.0
2024-06-14 05:48:04.548000+00:00,58.0,0.0,0.0
2024-06-14 05:49:03.973000+00:00,58.040000915527344,0.0,0.0
2024-06-14 05:50:04.933000+00:00,58.0,0.0,0.0
2024-06-14 05:51:04.418000+00:00,58.09999847412109,0.0,0.0
2024-06-14 05:52:04.810000+00:00,58.09999847412109,0.0,0.0
2024-06-14 05:53:04.954000+00:00,58.09999847412109,0.0,0.0
2024-06-14 05:54:04.837000+00:00,58.09999847412109,0.0,0.0
2024-06-14 05:55:04.725000+00:00,55.619998931884766,0.0,0.0
2024-06-14 05:56:04.351000+00:00,55.79999923706055,0.0,0.0
2024-06-14 05:57:04.646000+00:00,56.70000076293945,0.0,0.0
2024-06-14 05:58:04.184000+00:00,57.29999923706055,0.0,0.0
2024-06-14 05:59:04.684000+00:00,57.900001525878906,0.0,0.0
2024-06-14 06:00:06.357000+00:00,58.33000183105469,0.0,0.0
2024-06-14 06:01:04.739000+00:00,58.70000076293945,0.0,0.0
2024-06-14 06:02:03.768000+00:00,58.900001525878906,0.0,0.0
2024-06-14 06:03:04.297000+00:00,59.0,0.0,0.0
2024-06-14 06:04:04.466000+00:00,55.68000030517578,0.0,0.0
2024-06-14 06:05:04.088000+00:00,56.52999877929688,0.0,0.0
2024-06-14 06:06:05.020000+00:00,57.369998931884766,0.0,0.0
2024-06-14 06:07:04.543000+00:00,57.790000915527344,0.0,0.0
2024-06-14 06:08:04.459000+00:00,58.09999847412109,0.0,0.0
2024-06-14 06:09:04.386000+00:00,58.400001525878906,0.0,0.0
2024-06-14 06:10:04.314000+00:00,58.59999847412109,0.0,0.0
2024-06-14 06:11:04.090000+00:00,58.59999847412109,0.0,0.0
2024-06-14 06:12:04.603000+00:00,58.619998931884766,0.0,0.0
2024-06-14 06:13:04.408000+00:00,58.68000030517578,0.0,0.0
2024-06-14 06:14:04.743000+00:00,58.59999847412109,0.0,0.0
2024-06-14 06:15:04.825000+00:00,58.59999847412109,0.0,0.0
2024-06-14 06:16:04.403000+00:00,58.59000015258789,0.0,0.0
2024-06-14 06:17:04.654000+00:00,58.5,0.0,0.0
2024-06-14 06:18:04.274000+00:00,58.400001525878906,0.0,0.0
2024-06-14 06:19:04.384000+00:00,58.29999923706055,0.0,0.0
2024-06-14 06:20:04.750000+00:00,58.29999923706055,0.0,0.0
2024-06-14 06:21:04.386000+00:00,58.20000076293945,0.0,0.0
2024-06-14 06:22:04.349000+00:00,58.11000061035156,0.0,0.0
2024-06-14 06:23:04.649000+00:00,57.59000015258789,0.0,0.0
2024-06-14 06:24:04.542000+00:00,57.59999847412109,0.0,0.0
2024-06-14 06:25:04.254000+00:00,57.70000076293945,0.0,0.0
2024-06-14 06:26:04.517000+00:00,57.70000076293945,0.0,0.0
2024-06-14 06:27:04.439000+00:00,51.56999969482422,0.0,0.0
2024-06-14 06:28:04.961000+00:00,54.47999954223633,0.0,0.0
2024-06-14 06:29:04.334000+00:00,56.650001525878906,0.0,0.0
2024-06-14 06:30:05.087000+00:00,57.70000076293945,0.0,0.0
2024-06-14 06:31:04.357000+00:00,58.29999923706055,0.0,0.0
2024-06-14 06:32:04.142000+00:00,58.77000045776367,0.0,0.0
2024-06-14 06:33:03.822000+00:00,58.90999984741211,0.0,0.0
2024-06-14 06:34:04.147000+00:00,59.0,0.0,0.0
2024-06-14 06:35:04.449000+00:00,59.0,0.0,0.0
2024-06-14 06:36:04.165000+00:00,58.54999923706055,0.0,0.0
2024-06-14 06:37:04.615000+00:00,58.5,0.0,0.0
2024-06-14 06:38:04.453000+00:00,58.400001525878906,0.0,0.0
2024-06-14 06:39:05.086000+00:00,58.29999923706055,0.0,0.0
2024-06-14 06:40:04.347000+00:00,58.20000076293945,0.0,0.0
2024-06-14 06:41:04.123000+00:00,58.20000076293945,0.0,0.0
2024-06-14 06:42:04.726000+00:00,58.20000076293945,0.0,0.0
2024-06-14 06:43:03.924000+00:00,58.20000076293945,0.0,0.0
2024-06-14 06:44:04.342000+00:00,58.20000076293945,0.0,0.0
2024-06-14 06:45:04.242000+00:00,58.29999923706055,0.0,0.0
2024-06-14 06:46:04.221000+00:00,58.29999923706055,0.0,0.0
2024-06-14 06:47:03.799000+00:00,58.29999923706055,0.0,0.0
2024-06-14 06:48:04.708000+00:00,58.29999923706055,0.0,0.0
2024-06-14 06:49:04.558000+00:00,58.29999923706055,0.0,0.0
2024-06-14 06:50:04.637000+00:00,58.29999923706055,0.0,0.0
2024-06-14 06:51:04.428000+00:00,58.29999923706055,0.0,0.0
2024-06-14 06:52:04.851000+00:00,58.29999923706055,0.0,0.0
2024-06-14 06:53:04.165000+00:00,58.20000076293945,0.0,0.0
2024-06-14 06:54:04.013000+00:00,58.09999847412109,0.0,0.0
2024-06-14 06:55:04.914000+00:00,58.09999847412109,0.0,0.0
2024-06-14 06:56:04.768000+00:00,58.0,0.0,0.0
2024-06-14 06:57:04.438000+00:00,58.0,0.0,0.0
2024-06-14 06:58:04.237000+00:00,57.900001525878906,0.0,0.0
2024-06-14 06:59:03.707000+00:00,57.900001525878906,0.0,0.0
2024-06-14 07:00:06.192000+00:00,57.79999923706055,0.0,0.0
2024-06-14 07:01:04.453000+00:00,57.79999923706055,0.0,0.0
2024-06-14 07:02:04.306000+00:00,57.79999923706055,0.0,0.0
2024-06-14 07:03:03.885000+00:00,57.70000076293945,0.0,0.0
2024-06-14 07:04:04.392000+00:00,57.70000076293945,0.0,0.0
2024-06-14 07:05:04.733000+00:00,57.70000076293945,0.0,0.0
2024-06-14 07:06:04.456000+00:00,57.70000076293945,0.0,0.0
2024-06-14 07:07:03.780000+00:00,57.70000076293945,0.0,0.0
2024-06-14 07:08:04.386000+00:00,57.70000076293945,0.0,0.0
2024-06-14 07:09:03.979000+00:00,57.70000076293945,0.0,0.0
2024-06-14 07:10:04.369000+00:00,57.70000076293945,0.0,0.0
2024-06-14 07:11:04.532000+00:00,57.70000076293945,0.0,0.0
2024-06-14 07:12:04.917000+00:00,57.59999847412109,0.0,0.0
2024-06-14 07:13:04.216000+00:00,57.59999847412109,0.0,0.0
2024-06-14 07:14:04.678000+00:00,57.59999847412109,0.0,0.0
2024-06-14 07:15:04.812000+00:00,57.59999847412109,0.0,0.0
2024-06-14 07:16:04.448000+00:00,57.59999847412109,0.0,0.0
2024-06-14 07:17:04.434000+00:00,57.59999847412109,0.0,0.0
2024-06-14 07:18:04.339000+00:00,57.70000076293945,0.0,0.0
2024-06-14 07:19:04.523000+00:00,57.709999084472656,0.0,0.0
2024-06-14 07:20:04.774000+00:00,57.900001525878906,0.0,0.0
2024-06-14 07:21:04.258000+00:00,58.0,0.0,0.0
2024-06-14 07:22:04.328000+00:00,58.08000183105469,0.0,0.0
2024-06-14 07:23:04.147000+00:00,58.09999847412109,0.0,0.0
2024-06-14 07:24:04.303000+00:00,58.20000076293945,0.0,0.0
2024-06-14 07:25:04.051000+00:00,58.29999923706055,0.0,0.0
2024-06-14 07:26:04.727000+00:00,58.400001525878906,0.0,0.0
2024-06-14 07:27:04.809000+00:00,58.5,0.0,0.0
2024-06-14 07:28:04.623000+00:00,58.59999847412109,0.0,0.0
2024-06-14 07:29:04.337000+00:00,58.5,0.0,0.0
2024-06-14 07:30:04.999000+00:00,58.400001525878906,0.0,0.0
2024-06-14 07:31:04.685000+00:00,58.29999923706055,0.0,0.0
2024-06-14 07:32:03.978000+00:00,58.20000076293945,0.0,0.0
2024-06-14 07:33:04.497000+00:00,58.09999847412109,0.0,0.0
2024-06-14 07:34:04.386000+00:00,58.0,0.0,0.0
2024-06-14 07:35:04.602000+00:00,58.0,0.0,0.0
2024-06-14 07:36:04.601000+00:00,57.900001525878906,0.0,0.0
2024-06-14 07:37:04.646000+00:00,57.900001525878906,0.0,0.0
2024-06-14 07:38:04.392000+00:00,57.810001373291016,0.0,0.0
2024-06-14 07:39:04.695000+00:00,57.79999923706055,0.0,0.0
2024-06-14 07:40:04.749000+00:00,52.54999923706055,0.0,0.0
2024-06-14 07:41:03.881000+00:00,47.560001373291016,0.0,0.0
2024-06-14 07:42:04.821000+00:00,51.68999862670898,610.5800170898438,132113844.70502569
2024-06-14 07:43:04.489000+00:00,53.70000076293945,530.969970703125,119355785.66414818
2024-06-14 07:44:04.151000+00:00,54.29999923706055,482.1900024414063,109601689.57697804
2024-06-14 07:45:04.389000+00:00,54.5,478.4599914550781,109154427.07058716
2024-06-14 07:46:04.395000+00:00,54.59999847412109,450.0,102850017.12570189
2024-06-14 07:47:04.312000+00:00,54.70000076293945,448.8800048828125,102781941.44761024
2024-06-14 07:48:04.005000+00:00,54.59999847412109,446.9800109863281,102159781.74397837
2024-06-14 07:49:04.082000+00:00,54.5,446.9800109863281,101972678.76638794
2024-06-14 07:50:04.815000+00:00,54.59999847412109,465.4800109863281,106388060.22581278
2024-06-14 07:51:03.697000+00:00,57.59999847412109,442.1499938964844,106608373.94420184
2024-06-14 07:52:04.825000+00:00,60.2599983215332,376.0199890136719,94850422.91397698
2024-06-14 07:53:04.405000+00:00,61.20000076293945,232.4100036621093,59539539.19241047
2024-06-14 07:54:04.980000+00:00,61.45000076293945,166.58999633789062,42851895.31302927
2024-06-14 07:55:04.076000+00:00,61.40999984741211,130.7899932861328,33621171.17597825
2024-06-14 07:56:04.170000+00:00,61.20000076293945,107.0199966430664,27416725.54579598
2024-06-14 07:57:04.575000+00:00,61.02999877929688,91.0,23247913.315002445
2024-06-14 07:58:04.244000+00:00,60.79999923706055,0.0,0.0
2024-06-14 07:59:04.397000+00:00,60.58000183105469,0.0,0.0
2024-06-14 08:00:07.226000+00:00,60.29999923706055,0.0,0.0
2024-06-14 08:01:04.737000+00:00,60.13999938964844,0.0,0.0
2024-06-14 08:02:03.899000+00:00,59.900001525878906,0.0,0.0
2024-06-14 08:03:04.251000+00:00,59.70000076293945,0.0,0.0
2024-06-14 08:04:04.117000+00:00,59.5,0.0,0.0
2024-06-14 08:05:04.264000+00:00,59.29999923706055,0.0,0.0
2024-06-14 08:06:05.131000+00:00,59.09999847412109,0.0,0.0
2024-06-14 08:07:04.556000+00:00,58.900001525878906,0.0,0.0
2024-06-14 08:08:04.745000+00:00,58.70000076293945,0.0,0.0
2024-06-14 08:09:04.873000+00:00,58.5,0.0,0.0
2024-06-14 08:10:04.758000+00:00,58.369998931884766,0.0,0.0
2024-06-14 08:11:04.174000+00:00,58.20000076293945,0.0,0.0
2024-06-14 08:12:04.847000+00:00,57.959999084472656,0.0,0.0
2024-06-14 08:13:04.568000+00:00,57.79999923706055,0.0,0.0
2024-06-14 08:14:04.432000+00:00,57.59999847412109,0.0,0.0
2024-06-14 08:15:04.919000+00:00,57.400001525878906,0.0,0.0
2024-06-14 08:16:04.063000+00:00,57.220001220703125,0.0,0.0
2024-06-14 08:17:04.483000+00:00,57.09000015258789,0.0,0.0
2024-06-14 08:18:04.498000+00:00,56.91999816894531,0.0,0.0
2024-06-14 08:19:04.412000+00:00,56.79999923706055,0.0,0.0
2024-06-14 08:20:03.936000+00:00,56.59999847412109,0.0,0.0
2024-06-14 08:21:04.056000+00:00,56.400001525878906,0.0,0.0
2024-06-14 08:22:04.204000+00:00,56.29999923706055,0.0,0.0
2024-06-14 08:23:04.196000+00:00,56.20000076293945,0.0,0.0
2024-06-14 08:24:03.848000+00:00,56.20000076293945,0.0,0.0
2024-06-14 08:25:05.349000+00:00,56.400001525878906,0.0,0.0
2024-06-14 08:26:05.234000+00:00,56.5,0.0,0.0
2024-06-14 08:27:04.168000+00:00,56.79999923706055,0.0,0.0
2024-06-14 08:28:04.696000+00:00,57.119998931884766,0.0,0.0
2024-06-14 08:29:04.538000+00:00,57.5,0.0,0.0
2024-06-14 08:30:04.356000+00:00,57.79999923706055,0.0,0.0
2024-06-14 08:31:03.890000+00:00,58.09999847412109,0.0,0.0
2024-06-14 08:32:04.450000+00:00,58.29999923706055,0.0,0.0
2024-06-14 08:33:04.196000+00:00,58.5,0.0,0.0
2024-06-14 08:34:03.863000+00:00,58.70000076293945,0.0,0.0
2024-06-14 08:35:04.116000+00:00,58.79999923706055,0.0,0.0
2024-06-14 08:36:04.660000+00:00,58.900001525878906,0.0,0.0
2024-06-14 08:37:04.629000+00:00,58.900001525878906,0.0,0.0
2024-06-14 08:38:04.917000+00:00,58.79999923706055,0.0,0.0
2024-06-14 08:39:04.860000+00:00,58.79999923706055,0.0,0.0
2024-06-14 08:40:04.792000+00:00,58.70000076293945,0.0,0.0
2024-06-14 08:41:04.186000+00:00,58.59999847412109,0.0,0.0
2024-06-14 08:42:04.774000+00:00,58.52000045776367,0.0,0.0
2024-06-14 08:43:03.831000+00:00,58.400001525878906,0.0,0.0
2024-06-14 08:44:04.587000+00:00,58.33000183105469,0.0,0.0
2024-06-14 08:45:04.207000+00:00,58.29999923706055,0.0,0.0
2024-06-14 08:46:04.261000+00:00,58.20000076293945,0.0,0.0
2024-06-14 08:47:04.107000+00:00,58.09999847412109,0.0,0.0
2024-06-14 08:48:03.844000+00:00,58.09999847412109,0.0,0.0
2024-06-14 08:49:04.580000+00:00,58.0,0.0,0.0
2024-06-14 08:50:04.951000+00:00,58.04999923706055,0.0,0.0
2024-06-14 08:51:03.980000+00:00,58.0,0.0,0.0
2024-06-14 08:52:05.044000+00:00,58.0,0.0,0.0
2024-06-14 08:53:04.132000+00:00,58.0,0.0,0.0
2024-06-14 08:54:04.353000+00:00,58.0,0.0,0.0
2024-06-14 08:55:04.724000+00:00,58.0,0.0,0.0
2024-06-14 08:56:04.660000+00:00,58.0,0.0,0.0
2024-06-14 08:57:04.238000+00:00,58.0,0.0,0.0
2024-06-14 08:58:03.959000+00:00,57.900001525878906,0.0,0.0
2024-06-14 08:59:03.977000+00:00,57.900001525878906,0.0,0.0
2024-06-14 09:00:06.808000+00:00,57.900001525878906,0.0,0.0
2024-06-14 09:01:04.571000+00:00,57.900001525878906,0.0,0.0
2024-06-14 09:02:04.316000+00:00,57.900001525878906,0.0,0.0
2024-06-14 09:03:04.684000+00:00,57.900001525878906,0.0,0.0
2024-06-14 09:04:04.444000+00:00,57.900001525878906,0.0,0.0
2024-06-14 09:05:04.458000+00:00,58.0,0.0,0.0
2024-06-14 09:06:04.891000+00:00,58.09999847412109,0.0,0.0
2024-06-14 09:07:04.275000+00:00,58.09999847412109,0.0,0.0
2024-06-14 09:08:04.318000+00:00,58.20000076293945,0.0,0.0
2024-06-14 09:09:04.422000+00:00,58.20000076293945,0.0,0.0
2024-06-14 09:10:04.581000+00:00,58.20000076293945,0.0,0.0
2024-06-14 09:11:04.507000+00:00,58.29999923706055,0.0,0.0
2024-06-14 09:12:04.404000+00:00,58.29999923706055,0.0,0.0
2024-06-14 09:13:04.639000+00:00,58.29999923706055,0.0,0.0
2024-06-14 09:14:04.760000+00:00,58.29999923706055,0.0,0.0
2024-06-14 09:15:04.595000+00:00,58.0,0.0,0.0
2024-06-14 09:16:04.175000+00:00,57.79999923706055,0.0,0.0
2024-06-14 09:17:04.434000+00:00,57.70000076293945,0.0,0.0
2024-06-14 09:18:04.363000+00:00,57.70000076293945,0.0,0.0
2024-06-14 09:19:04.648000+00:00,57.79999923706055,0.0,0.0
2024-06-14 09:20:04.491000+00:00,57.900001525878906,0.0,0.0
2024-06-14 09:21:04.445000+00:00,58.09999847412109,0.0,0.0
2024-06-14 09:22:04.368000+00:00,58.20000076293945,0.0,0.0
2024-06-14 09:23:04.447000+00:00,58.29999923706055,0.0,0.0
2024-06-14 09:24:04.351000+00:00,58.400001525878906,0.0,0.0
2024-06-14 09:25:04.410000+00:00,58.400001525878906,0.0,0.0
2024-06-14 09:26:04.375000+00:00,58.5,0.0,0.0
2024-06-14 09:27:04.858000+00:00,58.59999847412109,0.0,0.0
2024-06-14 09:28:04.514000+00:00,58.59999847412109,0.0,0.0
2024-06-14 09:29:04.501000+00:00,58.59999847412109,0.0,0.0
2024-06-14 09:30:04.687000+00:00,58.58000183105469,0.0,0.0
2024-06-14 09:31:04.667000+00:00,58.40999984741211,0.0,0.0
2024-06-14 09:32:04.439000+00:00,58.400001525878906,0.0,0.0
2024-06-14 09:33:04.121000+00:00,58.400001525878906,0.0,0.0
2024-06-14 09:34:03.498000+00:00,58.29999923706055,0.0,0.0
2024-06-14 09:35:04.815000+00:00,58.20000076293945,0.0,0.0
2024-06-14 09:36:04.297000+00:00,58.11000061035156,0.0,0.0
2024-06-14 09:37:03.557000+00:00,58.09999847412109,0.0,0.0
2024-06-14 09:38:04.571000+00:00,58.09999847412109,0.0,0.0
2024-06-14 09:39:04.723000+00:00,58.09999847412109,0.0,0.0
2024-06-14 09:40:04.765000+00:00,58.0,0.0,0.0
2024-06-14 09:41:04.263000+00:00,58.0,0.0,0.0
2024-06-14 09:42:04.560000+00:00,57.900001525878906,0.0,0.0
2024-06-14 09:43:04.022000+00:00,57.900001525878906,0.0,0.0
2024-06-14 09:44:04.153000+00:00,57.900001525878906,0.0,0.0
2024-06-14 09:45:04.497000+00:00,57.880001068115234,0.0,0.0
2024-06-14 09:46:04.417000+00:00,57.900001525878906,0.0,0.0
2024-06-14 09:47:04.283000+00:00,57.900001525878906,0.0,0.0
2024-06-14 09:48:04.378000+00:00,57.900001525878906,0.0,0.0
2024-06-14 09:49:04.049000+00:00,57.900001525878906,0.0,0.0
2024-06-14 09:50:04.705000+00:00,58.0,0.0,0.0
2024-06-14 09:51:04.280000+00:00,58.04999923706055,0.0,0.0
2024-06-14 09:52:04.560000+00:00,58.02999877929688,0.0,0.0
2024-06-14 09:53:04.598000+00:00,58.09999847412109,0.0,0.0
2024-06-14 09:54:04.657000+00:00,58.09999847412109,0.0,0.0
2024-06-14 09:55:04.659000+00:00,58.20000076293945,0.0,0.0
2024-06-14 09:56:04.527000+00:00,58.20000076293945,0.0,0.0
2024-06-14 09:57:03.957000+00:00,58.20000076293945,0.0,0.0
2024-06-14 09:58:04.073000+00:00,58.22999954223633,0.0,0.0
2024-06-14 09:59:04.245000+00:00,58.20000076293945,0.0,0.0
2024-06-14 10:00:05.509000+00:00,58.20000076293945,0.0,0.0
2024-06-14 10:01:04.901000+00:00,58.20000076293945,0.0,0.0
2024-06-14 10:02:03.977000+00:00,57.900001525878906,0.0,0.0
2024-06-14 10:03:03.950000+00:00,58.0,0.0,0.0
2024-06-14 10:04:03.766000+00:00,58.0,0.0,0.0
2024-06-14 10:05:03.850000+00:00,58.0,0.0,0.0
2024-06-14 10:06:04.863000+00:00,58.09999847412109,0.0,0.0
2024-06-14 10:07:04.540000+00:00,58.09999847412109,0.0,0.0
2024-06-14 10:08:04.594000+00:00,58.09999847412109,0.0,0.0
2024-06-14 10:09:04.425000+00:00,58.20000076293945,0.0,0.0
2024-06-14 10:10:04.207000+00:00,58.20000076293945,0.0,0.0
2024-06-14 10:11:04.007000+00:00,58.20000076293945,0.0,0.0
2024-06-14 10:12:04.560000+00:00,58.0099983215332,0.0,0.0
2024-06-14 10:13:04.185000+00:00,56.040000915527344,0.0,0.0
2024-06-14 10:14:04.312000+00:00,55.61000061035156,0.0,0.0
2024-06-14 10:15:04.424000+00:00,56.09999847412109,0.0,0.0
2024-06-14 10:16:04.474000+00:00,57.0,0.0,0.0
2024-06-14 10:17:04.536000+00:00,57.79999923706055,0.0,0.0
2024-06-14 10:18:04.146000+00:00,58.31999969482422,0.0,0.0
2024-06-14 10:19:04.007000+00:00,58.70000076293945,0.0,0.0
2024-06-14 10:20:04.352000+00:00,58.900001525878906,0.0,0.0
2024-06-14 10:21:04.764000+00:00,59.0,0.0,0.0
2024-06-14 10:22:04.361000+00:00,59.0,0.0,0.0
2024-06-14 10:23:04.669000+00:00,59.0,0.0,0.0
2024-06-14 10:24:04.833000+00:00,58.900001525878906,0.0,0.0
2024-06-14 10:25:04.079000+00:00,58.79999923706055,0.0,0.0
2024-06-14 10:26:04.738000+00:00,58.79999923706055,0.0,0.0
2024-06-14 10:27:04.231000+00:00,58.59999847412109,0.0,0.0
2024-06-14 10:28:04.943000+00:00,58.470001220703125,0.0,0.0
2024-06-14 10:29:04.382000+00:00,58.310001373291016,0.0,0.0
2024-06-14 10:30:05.325000+00:00,58.20000076293945,0.0,0.0
2024-06-14 10:31:04.131000+00:00,58.20000076293945,0.0,0.0
2024-06-14 10:32:04.435000+00:00,58.09999847412109,0.0,0.0
2024-06-14 10:33:04.567000+00:00,58.0,0.0,0.0
2024-06-14 10:34:03.779000+00:00,57.900001525878906,0.0,0.0
2024-06-14 10:35:03.979000+00:00,57.900001525878906,0.0,0.0
2024-06-14 10:36:03.955000+00:00,57.79999923706055,0.0,0.0
2024-06-14 10:37:03.853000+00:00,57.79999923706055,0.0,0.0
2024-06-14 10:38:03.855000+00:00,57.790000915527344,0.0,0.0
2024-06-14 10:39:04.447000+00:00,57.7400016784668,0.0,0.0
2024-06-14 10:40:04.505000+00:00,57.79999923706055,0.0,0.0
2024-06-14 10:41:04.287000+00:00,57.900001525878906,0.0,0.0
2024-06-14 10:42:04.281000+00:00,57.900001525878906,0.0,0.0
2024-06-14 10:43:03.777000+00:00,57.900001525878906,0.0,0.0
2024-06-14 10:44:04.369000+00:00,58.0,0.0,0.0
2024-06-14 10:45:04.231000+00:00,58.0,0.0,0.0
2024-06-14 10:46:04.636000+00:00,58.09999847412109,0.0,0.0
2024-06-14 10:47:04.761000+00:00,58.09999847412109,0.0,0.0
2024-06-14 10:48:04.299000+00:00,58.20000076293945,0.0,0.0
2024-06-14 10:49:04.063000+00:00,58.20000076293945,0.0,0.0
2024-06-14 10:50:04.401000+00:00,58.20000076293945,0.0,0.0
2024-06-14 10:51:03.445000+00:00,58.29999923706055,0.0,0.0
2024-06-14 10:52:04.246000+00:00,58.40999984741211,0.0,0.0
2024-06-14 10:53:04.048000+00:00,58.5,0.0,0.0
2024-06-14 10:54:04.060000+00:00,58.59999847412109,0.0,0.0
2024-06-14 10:55:04.829000+00:00,58.59999847412109,0.0,0.0
2024-06-14 10:56:04.693000+00:00,58.70000076293945,0.0,0.0
2024-06-14 10:57:04.609000+00:00,58.70000076293945,0.0,0.0
2024-06-14 10:58:04.324000+00:00,58.70000076293945,0.0,0.0
2024-06-14 10:59:04.739000+00:00,58.59999847412109,0.0,0.0
2024-06-14 11:00:06.467000+00:00,58.59999847412109,0.0,0.0
2024-06-14 11:01:04.527000+00:00,58.5099983215332,0.0,0.0
2024-06-14 11:02:03.933000+00:00,58.5,0.0,0.0
2024-06-14 11:03:04.465000+00:00,58.400001525878906,0.0,0.0
2024-06-14 11:04:03.855000+00:00,58.29999923706055,0.0,0.0
2024-06-14 11:05:04.739000+00:00,58.29999923706055,0.0,0.0
2024-06-14 11:06:05.283000+00:00,58.20000076293945,0.0,0.0
2024-06-14 11:07:04.042000+00:00,58.09999847412109,0.0,0.0
2024-06-14 11:08:04.619000+00:00,58.040000915527344,0.0,0.0
2024-06-14 11:09:04.281000+00:00,57.9900016784668,0.0,0.0
2024-06-14 11:10:03.974000+00:00,57.900001525878906,0.0,0.0
2024-06-14 11:11:03.649000+00:00,57.880001068115234,0.0,0.0
2024-06-14 11:12:04.372000+00:00,57.79999923706055,0.0,0.0
2024-06-14 11:13:04.404000+00:00,57.79999923706055,0.0,0.0
2024-06-14 11:14:04.503000+00:00,57.79999923706055,0.0,0.0
2024-06-14 11:15:05.039000+00:00,57.79999923706055,0.0,0.0
2024-06-14 11:16:03.935000+00:00,57.79999923706055,0.0,0.0
2024-06-14 11:17:04.152000+00:00,57.79999923706055,0.0,0.0
2024-06-14 11:18:04.496000+00:00,57.900001525878906,0.0,0.0
2024-06-14 11:19:03.985000+00:00,57.900001525878906,0.0,0.0
2024-06-14 11:20:04.024000+00:00,58.0,0.0,0.0
2024-06-14 11:21:04.821000+00:00,58.09999847412109,0.0,0.0
2024-06-14 11:22:04.277000+00:00,58.09999847412109,0.0,0.0
2024-06-14 11:23:04.124000+00:00,58.20000076293945,0.0,0.0
2024-06-14 11:24:04.103000+00:00,58.29999923706055,0.0,0.0
2024-06-14 11:25:03.915000+00:00,58.29999923706055,0.0,0.0
2024-06-14 11:26:03.879000+00:00,58.29999923706055,0.0,0.0
2024-06-14 11:27:04.835000+00:00,58.29999923706055,0.0,0.0
2024-06-14 11:28:04.751000+00:00,58.29999923706055,0.0,0.0
2024-06-14 11:29:04.537000+00:00,58.29999923706055,0.0,0.0
2024-06-14 11:30:04.139000+00:00,58.29999923706055,0.0,0.0
2024-06-14 11:31:04.011000+00:00,58.29999923706055,0.0,0.0
2024-06-14 11:32:04.213000+00:00,58.209999084472656,0.0,0.0
2024-06-14 11:33:04.365000+00:00,58.20000076293945,0.0,0.0
2024-06-14 11:34:04.696000+00:00,58.20000076293945,0.0,0.0
2024-06-14 11:35:04.841000+00:00,58.09999847412109,0.0,0.0
2024-06-14 11:36:04.140000+00:00,58.09999847412109,0.0,0.0
2024-06-14 11:37:04.333000+00:00,58.0,0.0,0.0
2024-06-14 11:38:04.526000+00:00,58.0,0.0,0.0
2024-06-14 11:39:04.757000+00:00,57.97999954223633,0.0,0.0
2024-06-14 11:40:04.871000+00:00,57.900001525878906,0.0,0.0
2024-06-14 11:41:04.371000+00:00,57.900001525878906,0.0,0.0
2024-06-14 11:42:04.623000+00:00,57.900001525878906,0.0,0.0
2024-06-14 11:43:03.979000+00:00,57.900001525878906,0.0,0.0
2024-06-14 11:44:04.338000+00:00,56.84000015258789,0.0,0.0
2024-06-14 11:45:04.070000+00:00,56.65999984741211,0.0,0.0
2024-06-14 11:46:04.122000+00:00,56.83000183105469,0.0,0.0
2024-06-14 11:47:04.550000+00:00,57.290000915527344,0.0,0.0
2024-06-14 11:48:04.324000+00:00,57.70000076293945,0.0,0.0
2024-06-14 11:49:04.347000+00:00,58.0,0.0,0.0
2024-06-14 11:50:04.500000+00:00,58.29999923706055,0.0,0.0
2024-06-14 11:51:04.208000+00:00,58.59999847412109,0.0,0.0
2024-06-14 11:52:04.791000+00:00,58.79999923706055,0.0,0.0
2024-06-14 11:53:04.753000+00:00,58.84000015258789,0.0,0.0
2024-06-14 11:54:04.723000+00:00,58.900001525878906,0.0,0.0
2024-06-14 11:55:04.318000+00:00,58.900001525878906,0.0,0.0
2024-06-14 11:56:04.464000+00:00,58.79999923706055,0.0,0.0
2024-06-14 11:57:04.364000+00:00,58.79999923706055,0.0,0.0
2024-06-14 11:58:04.311000+00:00,58.70000076293945,0.0,0.0
2024-06-14 11:59:04.736000+00:00,58.59999847412109,0.0,0.0
2024-06-14 12:00:05.088000+00:00,58.5,0.0,0.0
2024-06-14 12:01:04.497000+00:00,58.29999923706055,0.0,0.0
2024-06-14 12:02:04.093000+00:00,58.09999847412109,0.0,0.0
2024-06-14 12:03:04.079000+00:00,58.0,0.0,0.0
2024-06-14 12:04:03.872000+00:00,57.900001525878906,0.0,0.0
2024-06-14 12:05:04.017000+00:00,57.79999923706055,0.0,0.0
2024-06-14 12:06:04.595000+00:00,57.70000076293945,0.0,0.0
2024-06-14 12:07:03.977000+00:00,57.70000076293945,0.0,0.0
2024-06-14 12:08:04.383000+00:00,57.70000076293945,0.0,0.0
2024-06-14 12:09:04.920000+00:00,57.70000076293945,0.0,0.0
2024-06-14 12:10:04.214000+00:00,57.70000076293945,0.0,0.0
2024-06-14 12:11:04.072000+00:00,57.70000076293945,0.0,0.0
2024-06-14 12:12:04.013000+00:00,57.70000076293945,0.0,0.0
2024-06-14 12:13:04.711000+00:00,57.79999923706055,0.0,0.0
2024-06-14 12:14:04.260000+00:00,57.900001525878906,0.0,0.0
2024-06-14 12:15:04.503000+00:00,58.0,0.0,0.0
2024-06-14 12:16:04.232000+00:00,58.09999847412109,0.0,0.0
2024-06-14 12:17:04.056000+00:00,58.20000076293945,0.0,0.0
2024-06-14 12:18:04.306000+00:00,58.29999923706055,0.0,0.0
2024-06-14 12:19:04.239000+00:00,58.29999923706055,0.0,0.0
2024-06-14 12:20:04.468000+00:00,58.400001525878906,0.0,0.0
2024-06-14 12:21:04.010000+00:00,57.900001525878906,0.0,0.0
2024-06-14 12:22:03.792000+00:00,58.04999923706055,0.0,0.0
2024-06-14 12:23:04.223000+00:00,58.09999847412109,0.0,0.0
2024-06-14 12:24:04.324000+00:00,58.20000076293945,0.0,0.0
2024-06-14 12:25:04.177000+00:00,58.29999923706055,0.0,0.0
2024-06-14 12:26:04.683000+00:00,58.29999923706055,0.0,0.0
2024-06-14 12:27:04.666000+00:00,58.29999923706055,0.0,0.0
2024-06-14 12:28:04.685000+00:00,56.5,0.0,0.0
2024-06-14 12:29:03.925000+00:00,57.0,0.0,0.0
2024-06-14 12:30:04.709000+00:00,57.400001525878906,0.0,0.0
2024-06-14 12:31:04.479000+00:00,57.70000076293945,0.0,0.0
2024-06-14 12:32:04.495000+00:00,57.61000061035156,0.0,0.0
2024-06-14 12:33:04.246000+00:00,57.20000076293945,0.0,0.0
2024-06-14 12:34:04.335000+00:00,57.400001525878906,0.0,0.0
2024-06-14 12:35:04.290000+00:00,57.61000061035156,0.0,0.0
2024-06-14 12:36:03.947000+00:00,57.900001525878906,0.0,0.0
2024-06-14 12:37:03.919000+00:00,58.09999847412109,0.0,0.0
2024-06-14 12:38:04.260000+00:00,58.29999923706055,0.0,0.0
2024-06-14 12:39:04.463000+00:00,58.400001525878906,0.0,0.0
2024-06-14 12:40:04.532000+00:00,58.59999847412109,0.0,0.0
2024-06-14 12:41:04.268000+00:00,58.04999923706055,0.0,0.0
2024-06-14 12:42:04.830000+00:00,58.20000076293945,0.0,0.0
2024-06-14 12:43:04.412000+00:00,57.560001373291016,0.0,0.0
2024-06-14 12:44:04.466000+00:00,57.790000915527344,0.0,0.0
2024-06-14 12:45:04.546000+00:00,57.97999954223633,0.0,0.0
2024-06-14 12:46:04.362000+00:00,58.09999847412109,0.0,0.0
2024-06-14 12:47:04.617000+00:00,58.20000076293945,0.0,0.0
2024-06-14 12:48:04.351000+00:00,58.209999084472656,0.0,0.0
2024-06-14 12:49:04.633000+00:00,58.29999923706055,0.0,0.0
2024-06-14 12:50:04.209000+00:00,58.400001525878906,0.0,0.0
2024-06-14 12:51:03.941000+00:00,58.400001525878906,0.0,0.0
2024-06-14 12:52:04.272000+00:00,58.5,0.0,0.0
2024-06-14 12:53:04.328000+00:00,58.4900016784668,0.0,0.0
2024-06-14 12:54:04.465000+00:00,58.5,0.0,0.0
2024-06-14 12:55:04.249000+00:00,58.5,0.0,0.0
2024-06-14 12:56:04.147000+00:00,58.400001525878906,0.0,0.0
2024-06-14 12:57:04.481000+00:00,58.400001525878906,0.0,0.0
2024-06-14 12:58:03.608000+00:00,58.400001525878906,0.0,0.0
2024-06-14 12:59:03.872000+00:00,58.29999923706055,0.0,0.0
2024-06-14 13:00:06.639000+00:00,58.29999923706055,0.0,0.0
2024-06-14 13:01:05.095000+00:00,58.20000076293945,0.0,0.0
2024-06-14 13:02:04.140000+00:00,58.20000076293945,0.0,0.0
2024-06-14 13:03:03.658000+00:00,58.20000076293945,0.0,0.0
2024-06-14 13:04:04.440000+00:00,58.09999847412109,0.0,0.0
2024-06-14 13:05:04.226000+00:00,58.09999847412109,0.0,0.0
2024-06-14 13:06:05.011000+00:00,58.0,0.0,0.0
2024-06-14 13:07:04.160000+00:00,57.900001525878906,0.0,0.0
2024-06-14 13:08:04.416000+00:00,57.900001525878906,0.0,0.0
2024-06-14 13:09:03.990000+00:00,57.810001373291016,0.0,0.0
2024-06-14 13:10:04.697000+00:00,57.79999923706055,0.0,0.0
2024-06-14 13:11:04.238000+00:00,57.77999877929688,0.0,0.0
2024-06-14 13:12:05.718000+00:00,57.70000076293945,0.0,0.0
2024-06-14 13:13:04.193000+00:00,57.70000076293945,0.0,0.0
2024-06-14 13:14:04.390000+00:00,57.70000076293945,0.0,0.0
2024-06-14 13:15:04.926000+00:00,57.70000076293945,0.0,0.0
2024-06-14 13:16:03.743000+00:00,57.70000076293945,14.300000190734863,3453910.551738015
2024-06-14 13:17:04.336000+00:00,57.70000076293945,14.300000190734863,3453910.551738015
2024-06-14 13:18:03.963000+00:00,57.70000076293945,14.300000190734863,3453910.551738015
2024-06-14 13:19:04.003000+00:00,57.70000076293945,14.300000190734863,3453910.551738015
2024-06-14 13:20:04.371000+00:00,57.70000076293945,14.300000190734863,3453910.551738015
2024-06-14 13:21:04.384000+00:00,57.72999954223633,14.300000190734863,3455706.2726909216
2024-06-14 13:22:03.805000+00:00,57.72999954223633,14.300000190734863,3455706.2726909216
2024-06-14 13:23:04.151000+00:00,57.79999923706055,14.300000190734863,3459896.440479049
2024-06-14 13:24:04.708000+00:00,57.900001525878906,14.300000190734863,3465882.557567102
2024-06-14 13:25:04.036000+00:00,57.900001525878906,14.300000190734863,3465882.557567102
2024-06-14 13:26:04.253000+00:00,57.900001525878906,58.970001220703125,14292524.190521888
2024-06-14 13:27:05.019000+00:00,57.900001525878906,58.970001220703125,14292524.190521888
2024-06-14 13:28:04.159000+00:00,57.900001525878906,58.970001220703125,14292524.190521888
2024-06-14 13:29:04.188000+00:00,57.900001525878906,58.970001220703125,14292524.190521888
2024-06-14 13:30:04.498000+00:00,57.900001525878906,58.970001220703125,14292524.190521888
2024-06-14 13:31:04.116000+00:00,57.900001525878906,58.970001220703125,14292524.190521888
2024-06-14 13:32:03.990000+00:00,56.72999954223633,58.970001220703125,14003711.043484302
2024-06-14 13:33:04.696000+00:00,55.59999847412109,85.23999786376953,19838892.94235438
2024-06-14 13:34:04.609000+00:00,56.0,85.23999786376953,19981619.3392334
2024-06-14 13:35:04.198000+00:00,56.56999969482422,85.23999786376953,20185003.570045125
2024-06-14 13:36:04.440000+00:00,57.09999847412109,223.82000732421875,53497591.01302711
2024-06-14 13:37:04.453000+00:00,57.5,223.82000732421875,53872356.66290283
2024-06-14 13:38:04.662000+00:00,57.79999923706055,223.82000732421875,54153429.113294564
2024-06-14 13:39:04.860000+00:00,58.0,205.6000061035156,49917214.281860344
2024-06-14 13:40:03.962000+00:00,58.20000076293945,205.6000061035156,50089343.26358766
2024-06-14 13:41:03.576000+00:00,56.79999923706055,205.6000061035156,48884443.67458371
2024-06-14 13:42:04.712000+00:00,57.20000076293945,209.6199951171875,50191244.60431923
2024-06-14 13:43:03.687000+00:00,57.29999923706055,209.6199951171875,50278990.19536339
2024-06-14 13:44:03.928000+00:00,57.400001525878906,274.42999267578125,65939052.44503777
2024-06-14 13:45:03.940000+00:00,57.59999847412109,274.42999267578125,66168801.72915656
2024-06-14 13:46:03.736000+00:00,57.70000076293945,277.6499938964844,67061414.742525384
2024-06-14 13:47:04.612000+00:00,57.79999923706055,277.6499938964844,67177637.25652857
2024-06-14 13:48:04.673000+00:00,57.900001525878906,265.2099914550781,64278788.19695591
2024-06-14 13:49:04.163000+00:00,57.900001525878906,265.2099914550781,64278788.19695591
2024-06-14 13:50:04.505000+00:00,57.900001525878906,265.2099914550781,64278788.19695591
2024-06-14 13:51:04.253000+00:00,57.900001525878906,264.1600036621094,64024303.27886013
2024-06-14 13:52:04.995000+00:00,57.5,264.1600036621094,63581992.081451416
2024-06-14 13:53:04.889000+00:00,57.0,277.69000244140625,66257389.962524414
2024-06-14 13:54:03.850000+00:00,56.02000045776367,277.69000244140625,65118228.35141831
2024-06-14 13:55:04.842000+00:00,56.09999847412109,345.2900085449219,81086038.83516239
2024-06-14 13:56:04.081000+00:00,56.5,411.7999877929688,97394403.31292726
2024-06-14 13:57:04.111000+00:00,56.70000076293945,438.9200134277344,104175998.69278501
2024-06-14 13:58:04.088000+00:00,56.900001525878906,438.9200134277344,104543463.92979
2024-06-14 13:59:04.433000+00:00,57.0,461.4200134277344,110095738.04388428
2024-06-14 14:00:06.191000+00:00,57.0,485.5700073242188,115857974.88757326
2024-06-14 14:01:04.565000+00:00,57.0,498.3399963378906,118904919.80621338
2024-06-14 14:02:04.721000+00:00,57.0,526.6199951171875,125652584.07495117
2024-06-14 14:03:03.788000+00:00,57.0,547.280029296875,130582109.55029297
2024-06-14 14:04:04.104000+00:00,55.79999923706055,636.9400024414062,148775679.40808803
2024-06-14 14:05:04.388000+00:00,56.20000076293945,701.75,165088935.3411541
2024-06-14 14:06:04.800000+00:00,56.41999816894531,718.8499755859375,169773754.88619262
2024-06-14 14:07:04.473000+00:00,56.66999816894531,724.9299926757812,171968336.76270455
2024-06-14 14:08:03.974000+00:00,56.79999923706055,757.5800170898438,180125858.82790685
2024-06-14 14:09:04.518000+00:00,56.79999923706055,765.9600219726562,182118328.98610485
2024-06-14 14:10:04.742000+00:00,56.900001525878906,796.1099853515625,189620188.17000183
2024-06-14 14:11:03.915000+00:00,56.900001525878906,831.4099731445312,198028059.50796226
2024-06-14 14:12:04.162000+00:00,56.900001525878906,844.6699829101562,201186373.80266806
2024-06-14 14:13:04.485000+00:00,56.959999084472656,895.0999755859375,213422765.40446487
2024-06-14 14:14:04.680000+00:00,56.9900016784668,904.97998046875,215892157.19626772
2024-06-14 14:15:04.711000+00:00,56.900001525878906,935.0599975585938,222715775.39503348
2024-06-14 14:16:04.356000+00:00,56.900001525878906,961.02001953125,228899021.85837066
2024-06-14 14:17:04.245000+00:00,56.900001525878906,994.469970703125,236866245.1719777
2024-06-14 14:18:04.550000+00:00,56.900001525878906,1014.4299926757812,241620391.19699088
2024-06-14 14:19:04.121000+00:00,56.900001525878906,1029.1600341796875,245128842.658618
2024-06-14 14:20:05.063000+00:00,56.900001525878906,1057.5799560546875,251897996.46006727
2024-06-14 14:21:03.925000+00:00,56.900001525878906,1084.989990234375,258426611.77017838
2024-06-14 14:22:04.406000+00:00,56.900001525878906,1113.1700439453125,265138632.95522738
2024-06-14 14:23:04.456000+00:00,56.810001373291016,1138.510009765625,270745269.34376496
2024-06-14 14:24:04.522000+00:00,56.79999923706055,1142.1300048828125,271558308.5373808
2024-06-14 14:25:04.505000+00:00,56.70000076293945,1188.9000244140625,282180906.77153283
2024-06-14 14:26:05.007000+00:00,56.70000076293945,1227.4100341796875,291321111.37435484
2024-06-14 14:27:04.364000+00:00,56.59999847412109,1258.739990234375,298230236.8702673
2024-06-14 14:28:04.352000+00:00,56.59999847412109,1274.7900390625,302032936.3164808
2024-06-14 14:29:04.869000+00:00,56.59999847412109,1297.760009765625,307475156.20052576
2024-06-14 14:30:05.145000+00:00,56.52000045776367,1311.949951171875,310397809.9655779
2024-06-14 14:31:04.203000+00:00,56.5,1331.3599853515625,314878618.7755127
2024-06-14 14:32:03.598000+00:00,56.52000045776367,1351.3499755859375,319719568.9852657
2024-06-14 14:33:03.650000+00:00,56.59999847412109,1365.7099609375,323574374.61777663
2024-06-14 14:34:04.527000+00:00,56.5,1382.489990234375,326971325.1003418
2024-06-14 14:35:04.519000+00:00,56.5,1396.4300537109375,330268275.5731201
2024-06-14 14:36:04.510000+00:00,56.5,1408.449951171875,333111089.501709
2024-06-14 14:37:04.350000+00:00,56.02999877929688,1427.43994140625,334794011.9185064
2024-06-14 14:38:03.785000+00:00,56.400001525878906,1436.550048828125,339155684.8235695
2024-06-14 14:39:04.799000+00:00,56.400001525878906,1437.699951171875,339427165.7352112
2024-06-14 14:40:04.478000+00:00,56.400001525878906,1435.4100341796875,338886538.3019324
2024-06-14 14:41:04.349000+00:00,56.400001525878906,1438.8499755859375,339698675.4664825
2024-06-14 14:42:04.680000+00:00,56.369998931884766,1442.31005859375,340334426.91150737
2024-06-14 14:43:04.287000+00:00,56.29999923706055,1441.2099609375,339652541.06932914
2024-06-14 14:44:04.677000+00:00,56.29999923706055,1444.6199951171875,340456189.95162714
2024-06-14 14:45:04.717000+00:00,56.33000183105469,1444.6199951171875,340637621.01696163
2024-06-14 14:46:03.945000+00:00,56.29999923706055,1450.43994140625,341827787.15088683
2024-06-14 14:47:04.007000+00:00,56.29999923706055,1444.6199951171875,340456189.95162714
2024-06-14 14:48:04.605000+00:00,56.29999923706055,1444.6300048828125,340458548.97107756
2024-06-14 14:49:03.861000+00:00,56.29999923706055,1441.1500244140625,339638415.7211563
2024-06-14 14:50:04.029000+00:00,56.29999923706055,1448.1099853515625,341278682.2209988
2024-06-14 14:51:03.755000+00:00,56.220001220703125,1446.93994140625,340518396.6291926
2024-06-14 14:52:04.577000+00:00,56.20000076293945,1445.780029296875,340124383.00552005
2024-06-14 14:53:03.990000+00:00,56.20000076293945,1450.43994140625,341220642.25585145
2024-06-14 14:54:03.979000+00:00,56.20000076293945,1449.280029296875,340947769.2166979
2024-06-14 14:55:03.961000+00:00,56.20000076293945,1443.4599609375,339578579.4923488
2024-06-14 14:56:05.073000+00:00,56.20000076293945,1449.27001953125,340945414.38727134
2024-06-14 14:57:04.255000+00:00,56.09999847412109,1448.1099853515625,340066319.91648495
2024-06-14 14:58:04.022000+00:00,56.09999847412109,1446.93994140625,339791553.12207854
2024-06-14 14:59:04.454000+00:00,56.09999847412109,1445.780029296875,339519165.633247
2024-06-14 15:00:06.761000+00:00,56.060001373291016,1445.780029296875,339277101.77102
2024-06-14 15:01:04.522000+00:00,56.09999847412109,1446.949951171875,339793903.76132125
2024-06-14 15:02:04.135000+00:00,56.0,1449.280029296875,339734427.34765625
2024-06-14 15:03:04.320000+00:00,56.0,1450.43994140625,340006329.3046875
2024-06-14 15:04:04.443000+00:00,55.970001220703125,1448.1099853515625,339278304.07385546
2024-06-14 15:05:04.390000+00:00,55.900001525878906,1453.9599609375,340222859.85039735
2024-06-14 15:06:04.914000+00:00,55.900001525878906,1451.6099853515625,339672971.6582144
2024-06-14 15:07:04.229000+00:00,55.79999923706055,1456.31005859375,340163151.263292
2024-06-14 15:08:04.303000+00:00,55.70000076293945,1455.1300048828125,339278407.61167467
2024-06-14 15:09:04.610000+00:00,55.70000076293945,1462.22998046875,340933839.3619619
2024-06-14 15:10:04.315000+00:00,55.70000076293945,1456.31005859375,339553549.17469627
2024-06-14 15:11:03.967000+00:00,55.79999923706055,1452.7900390625,339340949.33644783
2024-06-14 15:12:03.816000+00:00,55.900001525878906,1450.43994140625,339399184.4096521
2024-06-14 15:13:04.658000+00:00,56.09999847412109,1451.6099853515625,340888240.9941293
2024-06-14 15:14:03.960000+00:00,56.29999923706055,1449.280029296875,341554428.579933
2024-06-14 15:15:04.456000+00:00,56.5,1445.780029296875,341939988.9489746
2024-06-14 15:16:04.211000+00:00,56.630001068115234,1445.780029296875,342726759.9895884
2024-06-14 15:17:04.253000+00:00,56.70000076293945,1448.1099853515625,343703406.83002657
2024-06-14 15:18:04.463000+00:00,56.869998931884766,1449.27001953125,345010054.9610916
2024-06-14 15:19:03.829000+00:00,56.900001525878906,1444.6199951171875,344084511.3722584
2024-06-14 15:20:04.286000+00:00,57.0,1445.780029296875,344966006.55029297
2024-06-14 15:21:04.380000+00:00,57.09000015258789,1446.93994140625,345787884.97714764
2024-06-14 15:22:03.985000+00:00,57.20000076293945,1445.1700439453125,346030363.8016188
2024-06-14 15:23:04.281000+00:00,57.20000076293945,1446.93994140625,346454146.6394002
2024-06-14 15:24:04.592000+00:00,57.29999923706055,1443.4599609375,346225126.0086278
2024-06-14 15:25:04.712000+00:00,57.400001525878906,1444.6199951171875,347108101.0220387
2024-06-14 15:26:04.645000+00:00,57.400001525878906,1438.8499755859375,345721701.46428525
2024-06-14 15:27:04.565000+00:00,57.400001525878906,1443.469970703125,346831777.2885701
2024-06-14 15:28:04.609000+00:00,57.5,1448.1099853515625,348552832.92419434
2024-06-14 15:29:04.491000+00:00,57.5,1443.4599609375,347433595.29785156
2024-06-14 15:30:04.306000+00:00,57.59999847412109,1441.1500244140625,347480861.321463
2024-06-14 15:31:04.272000+00:00,57.70000076293945,1449.27001953125,350045380.83990806
2024-06-14 15:32:04.652000+00:00,57.70000076293945,1444.6199951171875,348922250.1982752
2024-06-14 15:33:04.176000+00:00,57.70000076293945,1441.1500244140625,348084140.529332
2024-06-14 15:34:04.106000+00:00,57.70000076293945,1444.6199951171875,348922250.1982752
2024-06-14 15:35:04.178000+00:00,57.75,1444.6199951171875,349224604.5496216
2024-06-14 15:36:04.448000+00:00,57.79999923706055,1444.6199951171875,349526958.90096796
2024-06-14 15:37:03.793000+00:00,57.900001525878906,1442.31005859375,349571832.727841
2024-06-14 15:38:03.791000+00:00,57.900001525878906,1446.93994140625,350693974.6767496
2024-06-14 15:39:04.431000+00:00,48.52000045776367,0.0,0.0
2024-06-14 15:40:04.221000+00:00,55.66999816894531,1602.8499755859375,373519522.69216186
2024-06-14 15:41:03.800000+00:00,57.400001525878906,1445.780029296875,347386829.8660205
2024-06-14 15:42:04.797000+00:00,57.70000076293945,1449.27001953125,350045380.83990806
2024-06-14 15:43:04.021000+00:00,57.68999862670898,1446.949951171875,349424427.35354847
2024-06-14 15:44:04.105000+00:00,57.66999816894531,1451.6099853515625,350428248.99567735
2024-06-14 15:45:04.289000+00:00,57.79999923706055,1446.93994140625,350088271.7541545
2024-06-14 15:46:04.276000+00:00,57.79999923706055,1446.949951171875,350090693.62492335
2024-06-14 15:47:04.030000+00:00,57.900001525878906,1444.6199951171875,350131690.671819
2024-06-14 15:48:04.111000+00:00,57.900001525878906,1448.1099853515625,350977557.533222
2024-06-14 15:49:04.156000+00:00,58.0,1445.6099853515625,350976757.12353516
2024-06-14 15:50:04.043000+00:00,58.09999847412109,1446.93994140625,351905334.31153166
2024-06-14 15:51:04.953000+00:00,58.09999847412109,1446.949951171875,351907768.7525322
2024-06-14 15:52:04.039000+00:00,58.20000076293945,1443.4599609375,351663226.28531754
2024-06-14 15:53:03.499000+00:00,58.20000076293945,1448.1099853515625,352796089.428049
2024-06-14 15:54:04.501000+00:00,58.29999923706055,1448.1099853515625,353402259.0183621
2024-06-14 15:55:04.815000+00:00,58.29999923706055,1445.780029296875,352833647.69638425
2024-06-14 15:56:04.316000+00:00,58.400001525878906,1448.1099853515625,354008451.73256284
2024-06-14 15:57:04.707000+00:00,58.400001525878906,1451.6099853515625,354864070.1549185
2024-06-14 15:58:04.209000+00:00,58.5,1450.43994140625,355185183.2915039
2024-06-14 15:59:04.494000+00:00,58.5,1449.27001953125,354898691.65283203
2024-06-14 16:00:06.008000+00:00,58.59999847412109,1450.43994140625,355792328.1865393
2024-06-14 16:01:04.871000+00:00,58.61000061035156,1446.949951171875,354996817.26429474
2024-06-14 16:02:03.938000+00:00,58.619998931884766,1445.780029296875,354770297.11429346
2024-06-14 16:03:04.119000+00:00,58.79999923706055,1448.1099853515625,356433153.2177029
2024-06-14 16:04:04.335000+00:00,58.79999923706055,1448.1099853515625,356433153.2177029
2024-06-14 16:05:04.146000+00:00,58.900001525878906,1452.780029296875,358190770.5146869
2024-06-14 16:06:04.749000+00:00,58.97999954223633,1445.780029296875,356949033.4811118
2024-06-14 16:07:04.102000+00:00,59.0,1446.949951171875,357359017.24072266
2024-06-14 16:08:03.927000+00:00,59.0,1446.93994140625,357356545.0888672
2024-06-14 16:09:04.572000+00:00,59.130001068115234,1446.93994140625,358143947.33563876
2024-06-14 16:10:04.057000+00:00,59.11000061035156,1441.1500244140625,356590181.75192016
2024-06-14 16:11:04.223000+00:00,59.20000076293945,1445.780029296875,358280488.6134302
2024-06-14 16:12:03.961000+00:00,59.20000076293945,1443.4599609375,357705549.6818019
2024-06-14 16:13:03.903000+00:00,59.29999923706055,1443.4599609375,358309772.8015965
2024-06-14 16:14:04.186000+00:00,59.29999923706055,1438.8499755859375,357165437.074498
2024-06-14 16:15:05.109000+00:00,59.400001525878906,1438.8499755859375,357767753.4598907
2024-06-14 16:16:04.362000+00:00,59.5,1426.31005859375,355246767.36376953
2024-06-14 16:17:04.213000+00:00,59.59999847412109,1416.2099609375,353323982.78466964
2024-06-14 16:18:04.287000+00:00,59.5,1404.06005859375,349705026.61376953
2024-06-14 16:19:04.104000+00:00,59.59999847412109,1389.9599609375,346774985.952337
2024-06-14 16:20:04.292000+00:00,59.59999847412109,1359.52001953125,339180659.1010638
2024-06-14 16:21:03.797000+00:00,59.59999847412109,1356.43994140625,338412223.9816748
2024-06-14 16:22:03.667000+00:00,59.5,1341.280029296875,334068593.05688477
2024-06-14 16:23:04.500000+00:00,59.29999923706055,1357.469970703125,336964494.9983389
2024-06-14 16:24:04.498000+00:00,58.70000076293945,1320.6199951171875,324500372.30182135
2024-06-14 16:25:04.301000+00:00,59.20000076293945,1321.5899658203125,327504799.5586057
2024-06-14 16:26:04.902000+00:00,59.20000076293945,1304.3499755859375,323232536.83557814
2024-06-14 16:27:03.895000+00:00,59.20000076293945,1282.969970703125,317934332.10128194
2024-06-14 16:28:04.223000+00:00,59.20000076293945,1267.6099853515625,314127955.6502742
2024-06-14 16:29:03.850000+00:00,59.20000076293945,1265.8199462890625,313684363.91643244
2024-06-14 16:30:04.364000+00:00,59.20000076293945,1248.27001953125,309335295.4506182
2024-06-14 16:31:04.720000+00:00,59.20000076293945,1224.489990234375,303442337.778579
2024-06-14 16:32:04.844000+00:00,59.09999847412109,1204.010009765625,297863159.0515351
2024-06-14 16:33:03.880000+00:00,59.09999847412109,1203.2099609375,297665232.89692855
2024-06-14 16:34:04.180000+00:00,59.09999847412109,1178.780029296875,291621448.74657404
2024-06-14 16:35:04.687000+00:00,59.09999847412109,1168.8299560546875,289159874.32055324
2024-06-14 16:36:04.943000+00:00,59.09000015258789,1149.4300537109375,284312375.0978189
2024-06-14 16:37:04.519000+00:00,59.0,1140.6800537109375,281718315.5852051
2024-06-14 16:38:04.289000+00:00,59.0,1127.8199462890625,278542203.4147949
2024-06-14 16:39:04.200000+00:00,59.0,1103.6199951171875,272565444.67407227
2024-06-14 16:40:04.265000+00:00,59.0,1095.56005859375,270574849.9111328
2024-06-14 16:41:03.994000+00:00,58.9900016784668,1076.1300048828125,265731092.5848795
2024-06-14 16:42:04.360000+00:00,58.900001525878906,1067.6199951171875,263227481.76335648
2024-06-14 16:43:04.364000+00:00,58.900001525878906,1063.8299560546875,262293027.14207792
2024-06-14 16:44:03.763000+00:00,58.900001525878906,1047.1199951171875,258173095.93241623
2024-06-14 16:45:03.967000+00:00,58.900001525878906,1036.260009765625,255495507.8307013
2024-06-14 16:46:04.076000+00:00,58.79999923706055,1021.5700073242188,251445969.31620786
2024-06-14 16:47:03.587000+00:00,58.79999923706055,1007.8400268554688,248066515.9034162
2024-06-14 16:48:04.179000+00:00,58.79999923706055,1010.0999755859376,248622772.44488034
2024-06-14 16:49:04.484000+00:00,58.79999923706055,1000.0,246136796.80633545
2024-06-14 16:50:03.870000+00:00,58.79999923706055,978.260009765625,240785785.24744537
2024-06-14 16:51:04.826000+00:00,58.79999923706055,970.3499755859376,238838834.7718285
2024-06-14 16:52:04.331000+00:00,58.79999923706055,951.8800048828124,234292695.3458544
2024-06-14 16:53:04.691000+00:00,58.70000076293945,940.4400024414062,231083227.61134785
2024-06-14 16:54:04.300000+00:00,58.70000076293945,937.010009765625,230240415.97408745
2024-06-14 16:55:04.264000+00:00,58.70000076293945,928.7899780273438,228220604.54516208
2024-06-14 16:56:04.924000+00:00,58.70000076293945,920.25,226122176.4889698
2024-06-14 16:57:03.731000+00:00,58.70000076293945,893.739990234375,219608184.52271393
2024-06-14 16:58:04.627000+00:00,58.59999847412109,892.4099731445312,218907803.74824804
2024-06-14 16:59:04.406000+00:00,58.59999847412109,885.3900146484375,217185810.78197843
2024-06-14 17:00:06.423000+00:00,58.59999847412109,872.9400024414062,214131827.84712088
2024-06-14 17:01:04.737000+00:00,58.59999847412109,845.469970703125,207393440.22519332
2024-06-14 17:02:04.629000+00:00,58.59999847412109,845.0700073242188,207295329.37088767
2024-06-14 17:03:04.278000+00:00,58.59999847412109,846.260009765625,207587236.4861627
2024-06-14 17:04:04.374000+00:00,58.59999847412109,845.0700073242188,207295329.37088767
2024-06-14 17:05:04.465000+00:00,58.5,845.0700073242188,206941588.463562
2024-06-14 17:06:04.287000+00:00,58.5,815.219970703125,199631881.64575195
2024-06-14 17:07:04.078000+00:00,58.5,813.739990234375,199269462.54858398
2024-06-14 17:08:04.256000+00:00,58.5,813.739990234375,199269462.54858398
2024-06-14 17:09:03.918000+00:00,58.400001525878906,811.1799926757812,198303013.02277747
2024-06-14 17:10:04.809000+00:00,58.400001525878906,782.6099853515625,191318720.28179535
2024-06-14 17:11:04.374000+00:00,58.400001525878906,782.9500122070312,191401844.06511956
2024-06-14 17:12:04.472000+00:00,58.400001525878906,781.9299926757812,191152487.6359481
2024-06-14 17:13:04.761000+00:00,58.400001525878906,781.9299926757812,191152487.6359481
2024-06-14 17:14:04.673000+00:00,54.36000061035156,0.0,0.0
2024-06-14 17:15:04.302000+00:00,54.0099983215332,0.0,0.0
2024-06-14 17:16:03.962000+00:00,51.20000076293945,0.0,0.0
2024-06-14 17:17:04.304000+00:00,52.68999862670898,0.0,0.0
2024-06-14 17:18:03.746000+00:00,56.470001220703125,1038.6600341796875,245522016.4041222
2024-06-14 17:19:04.507000+00:00,57.70000076293945,986.8400268554688,238353645.88609645
2024-06-14 17:20:04.514000+00:00,58.09999847412109,941.4199829101562,228959547.20247793
2024-06-14 17:21:04.260000+00:00,58.20000076293945,938.47998046875,228637375.93488556
2024-06-14 17:22:03.700000+00:00,58.290000915527344,937.5,228751822.34287262
2024-06-14 17:23:04.189000+00:00,58.29999923706055,938.47998046875,229030217.66032928
2024-06-14 17:24:04.043000+00:00,58.20000076293945,939.4600219726562,228876138.74541295
2024-06-14 17:25:04.021000+00:00,58.25,941.9099731445312,229670147.3467102
2024-06-14 17:26:04.835000+00:00,58.29999923706055,927.8400268554688,226433602.98270085
2024-06-14 17:27:04.222000+00:00,58.20000076293945,919.3099975585938,223967084.95317966
2024-06-14 17:28:04.479000+00:00,58.16999816894531,920.25,224080518.25147247
2024-06-14 17:29:04.007000+00:00,58.20000076293945,922.1300048828124,224654109.81055006
2024-06-14 17:30:04.768000+00:00,58.20000076293945,920.25,224196093.2389698
2024-06-14 17:31:04.126000+00:00,58.09999847412109,920.25,223810867.77206036
2024-06-14 17:32:04.576000+00:00,58.09999847412109,921.6599731445312,224153782.53762716
2024-06-14 17:33:04.206000+00:00,58.09999847412109,920.719970703125,223925167.74586514
2024-06-14 17:34:04.362000+00:00,58.09999847412109,921.1900024414062,224039482.5638224
2024-06-14 17:35:04.284000+00:00,58.09999847412109,919.77001953125,223694133.35725507
2024-06-14 17:36:04.151000+00:00,58.09999847412109,919.77001953125,223694133.35725507
2024-06-14 17:37:04.070000+00:00,58.09999847412109,921.6599731445312,224153782.53762716
2024-06-14 17:38:04.782000+00:00,58.09000015258789,919.780029296875,223658072.26866075
2024-06-14 17:39:04.861000+00:00,58.09999847412109,922.5999755859376,224382397.32938918
2024-06-14 17:40:04.837000+00:00,58.0,920.72998046875,223542190.49804688
2024-06-14 17:41:04.930000+00:00,58.0,924.5,224457506.0
2024-06-14 17:42:03.674000+00:00,58.0,919.3099975585938,223197435.68725586
2024-06-14 17:43:04.646000+00:00,58.0,921.6599731445312,223767981.55981445
2024-06-14 17:44:03.850000+00:00,57.900001525878906,921.1900024414062,223268274.0616659
2024-06-14 17:45:04.898000+00:00,57.900001525878906,921.1900024414062,223268274.0616659
2024-06-14 17:46:03.821000+00:00,57.900001525878906,941.4199829101562,228171402.41910407
2024-06-14 17:47:04.493000+00:00,57.900001525878906,938.47998046875,227458835.77260315
2024-06-14 17:48:04.293000+00:00,57.880001068115234,940.4400024414062,227855149.69554764
2024-06-14 17:49:04.439000+00:00,57.79999923706055,940.4400024414062,227540207.9392503
2024-06-14 17:50:04.356000+00:00,57.79999923706055,939.4600219726562,227303100.8839816
2024-06-14 17:51:04.147000+00:00,57.77000045776367,955.9199829101562,231165562.00137743
2024-06-14 17:52:04.391000+00:00,57.75,951.8800048828124,230108900.2003784
2024-06-14 17:53:04.561000+00:00,57.70000076293945,955.9199829101562,230885459.54914021
2024-06-14 17:54:04.244000+00:00,57.70000076293945,954.9099731445312,230641509.6652017
2024-06-14 17:55:04.811000+00:00,57.70000076293945,968.780029296875,233991574.8860971
2024-06-14 17:56:04.105000+00:00,57.70000076293945,977.72998046875,236153276.3111158
2024-06-14 17:57:04.241000+00:00,57.70000076293945,975.6099853515624,235641229.21970168
2024-06-14 17:58:03.940000+00:00,57.70000076293945,978.7899780273438,236409299.85682285
2024-06-14 17:59:03.932000+00:00,57.79999923706055,976.1400146484376,236177854.33873743
2024-06-14 18:00:05.606000+00:00,57.900001525878906,977.2000122070312,236843386.88030893
2024-06-14 18:01:04.726000+00:00,58.0,978.260009765625,237509791.25097656
2024-06-14 18:02:03.891000+00:00,58.09999847412109,977.2000122070312,237661486.24713245
2024-06-14 18:03:03.997000+00:00,58.20000076293945,978.260009765625,238328793.65538666
2024-06-14 18:04:04.023000+00:00,58.29999923706055,977.2000122070312,238479601.21820125
2024-06-14 18:05:03.912000+00:00,58.5,962.0499877929688,235587763.06072998
2024-06-14 18:06:05.375000+00:00,58.59999847412109,956.4299926757812,234611888.52233893
2024-06-14 18:07:04.139000+00:00,58.68999862670898,944.8800048828124,232134655.90705785
2024-06-14 18:08:04.374000+00:00,58.79999923706055,935.5499877929688,230273277.24756756
2024-06-14 18:09:04.240000+00:00,58.900001525878906,908.1699829101562,223914219.2051873
2024-06-14 18:10:04.554000+00:00,58.93999862670898,867.8900146484375,214128284.23255485
2024-06-14 18:11:03.829000+00:00,59.0,862.47998046875,213010130.69628906
2024-06-14 18:12:04.303000+00:00,59.09999847412109,820.7899780273438,203057361.4754717
2024-06-14 18:13:04.866000+00:00,59.20000076293945,798.9400024414062,197986283.28455418
2024-06-14 18:14:04.509000+00:00,59.20000076293945,776.8699951171875,192517088.21504653
2024-06-14 18:15:04.544000+00:00,59.20000076293945,759.0800170898438,188108532.35530162
2024-06-14 18:16:04.263000+00:00,59.29999923706055,689.6599731445312,171194154.99912974
2024-06-14 18:17:04.758000+00:00,59.29999923706055,662.97998046875,164571385.83842605
2024-06-14 18:18:04.336000+00:00,59.31999969482422,641.030029296875,159176422.1815162
2024-06-14 18:19:03.786000+00:00,59.29999923706055,598.2100219726562,148493552.20178592
2024-06-14 18:20:04.648000+00:00,59.400001525878906,576.5499877929688,143358235.66735572
2024-06-14 18:21:04.456000+00:00,59.29999923706055,532.3900146484375,132155065.1579036
2024-06-14 18:22:03.855000+00:00,59.33000183105469,532.3900146484375,132221928.47687854
2024-06-14 18:23:04.849000+00:00,59.400001525878906,524.6300048828125,130448414.65708801
2024-06-14 18:24:04.298000+00:00,59.400001525878906,500.2799987792969,124393824.44392711
2024-06-14 18:25:04.293000+00:00,59.400001525878906,450.0,111891782.8742981
2024-06-14 18:26:04.627000+00:00,59.400001525878906,434.239990234375,107973081.5614267
2024-06-14 18:27:04.194000+00:00,59.33000183105469,422.4400024414063,104915250.57145238
2024-06-14 18:28:04.492000+00:00,59.31999969482422,379.5899963378906,94257327.66253549
2024-06-14 18:29:04.337000+00:00,59.29999923706055,379.5899963378906,94225547.6606722
2024-06-14 18:30:04.811000+00:00,59.29999923706055,347.760009765625,86324396.56149033
2024-06-14 18:31:03.596000+00:00,59.29999923706055,347.760009765625,86324396.56149033
2024-06-14 18:32:04.361000+00:00,59.29999923706055,299.6499938964844,74382057.09794398
2024-06-14 18:33:04.203000+00:00,59.209999084472656,299.6499938964844,74269166.7678471
2024-06-14 18:34:04.478000+00:00,59.29999923706055,265.2099914550781,65833022.289904006
2024-06-14 18:35:04.034000+00:00,59.20000076293945,265.2099914550781,65722007.0814644
2024-06-14 18:36:03.752000+00:00,59.20000076293945,253.7100067138672,62872182.026036136
2024-06-14 18:37:04.361000+00:00,59.27000045776367,221.3800048828125,54925313.85925447
2024-06-14 18:38:04.018000+00:00,59.20000076293945,221.3800048828125,54860445.3730291
2024-06-14 18:39:04.314000+00:00,59.20000076293945,221.3800048828125,54860445.3730291
2024-06-14 18:40:04.299000+00:00,59.20000076293945,179.47999572753906,44477153.69043523
2024-06-14 18:41:04.146000+00:00,59.09999847412109,179.47999572753906,44402021.644626975
2024-06-14 18:42:04.270000+00:00,59.02999877929688,179.47999572753906,44349430.64555846
2024-06-14 18:43:04.005000+00:00,59.0,179.47999572753906,44326892.46481323
2024-06-14 18:44:04.054000+00:00,58.900001525878906,138.6300048828125,34179977.19135925
2024-06-14 18:45:04.665000+00:00,58.900001525878906,130.88999938964844,32271636.99155203
2024-06-14 18:46:04.153000+00:00,58.79999923706055,130.88999938964844,32216845.18375127
2024-06-14 18:47:03.891000+00:00,58.79999923706055,130.88999938964844,32216845.18375127
2024-06-14 18:48:04.344000+00:00,58.79999923706055,130.88999938964844,32216845.18375127
2024-06-14 18:49:03.703000+00:00,58.70000076293945,127.0999984741211,31230783.25097854
2024-06-14 18:50:04.295000+00:00,58.59999847412109,104.5500030517578,25646073.260799687
2024-06-14 18:51:04.298000+00:00,58.59999847412109,94.7699966430664,23247041.66321837
2024-06-14 18:52:04.378000+00:00,58.5,94.7699966430664,23207371.547950745
2024-06-14 18:53:04.421000+00:00,58.400001525878906,0.0,0.0
2024-06-14 18:54:04.073000+00:00,58.29999923706055,0.0,0.0
2024-06-14 18:55:04.258000+00:00,58.29999923706055,0.0,0.0
2024-06-14 18:56:03.957000+00:00,58.29999923706055,0.0,0.0
2024-06-14 18:57:04.154000+00:00,58.29999923706055,0.0,0.0
2024-06-14 18:58:03.693000+00:00,58.20000076293945,0.0,0.0
2024-06-14 18:59:04.672000+00:00,58.20000076293945,0.0,0.0
2024-06-14 19:00:05.787000+00:00,58.09999847412109,0.0,0.0
2024-06-14 19:01:04.989000+00:00,58.09999847412109,0.0,0.0
2024-06-14 19:02:03.556000+00:00,58.09999847412109,0.0,0.0
2024-06-14 19:03:04.182000+00:00,58.09000015258789,0.0,0.0
2024-06-14 19:04:03.898000+00:00,58.0,0.0,0.0
2024-06-14 19:05:04.612000+00:00,58.0,0.0,0.0
2024-06-14 19:06:04.823000+00:00,58.0,0.0,0.0
2024-06-14 19:07:04.118000+00:00,58.0,0.0,0.0
2024-06-14 19:08:04.107000+00:00,58.0,0.0,0.0
2024-06-14 19:09:04.424000+00:00,58.0,0.0,0.0
2024-06-14 19:10:04.311000+00:00,57.959999084472656,0.0,0.0
2024-06-14 19:11:04.905000+00:00,57.91999816894531,0.0,0.0
2024-06-14 19:12:04.587000+00:00,57.900001525878906,0.0,0.0
2024-06-14 19:13:04.425000+00:00,57.900001525878906,0.0,0.0
2024-06-14 19:14:03.919000+00:00,57.900001525878906,0.0,0.0
2024-06-14 19:15:04.487000+00:00,58.0,88.94000244140625,21593565.31274414
2024-06-14 19:16:04.037000+00:00,57.90999984741211,0.0,0.0
2024-06-14 19:17:03.947000+00:00,58.0,88.94000244140625,21593565.31274414
2024-06-14 19:18:04.767000+00:00,57.900001525878906,0.0,0.0
2024-06-14 19:19:03.951000+00:00,57.900001525878906,94.01000213623048,22785148.412229724
2024-06-14 19:20:04.176000+00:00,57.9900016784668,94.01000213623048,22820565.800481807
2024-06-14 19:21:04.413000+00:00,57.900001525878906,94.01000213623048,22785148.412229724
2024-06-14 19:22:04.272000+00:00,58.0,94.01000213623048,22824500.398651127
2024-06-14 19:23:04.261000+00:00,57.900001525878906,94.01000213623048,22785148.412229724
2024-06-14 19:24:04.431000+00:00,58.0,94.01000213623048,22824500.398651127
2024-06-14 19:25:04.520000+00:00,58.0,103.25,25067861.0
2024-06-14 19:26:04.579000+00:00,58.0,103.25,25067861.0
2024-06-14 19:27:03.657000+00:00,58.09999847412109,103.25,25111080.790508267
2024-06-14 19:28:04.591000+00:00,58.09999847412109,103.25,25111080.790508267
2024-06-14 19:29:03.694000+00:00,58.09999847412109,103.25,25111080.790508267
2024-06-14 19:30:04.786000+00:00,58.09999847412109,103.25,25111080.790508267
2024-06-14 19:31:04.313000+00:00,58.09999847412109,107.5999984741211,26169029.101619575
2024-06-14 19:32:03.980000+00:00,58.09999847412109,107.5999984741211,26169029.101619575
2024-06-14 19:33:04.334000+00:00,58.09999847412109,107.5999984741211,26169029.101619575
2024-06-14 19:34:04.107000+00:00,58.09999847412109,107.5999984741211,26169029.101619575
2024-06-14 19:35:04.425000+00:00,58.09999847412109,107.5999984741211,26169029.101619575
2024-06-14 19:36:03.787000+00:00,58.09999847412109,107.58999633789062,26166596.516138114
2024-06-14 19:37:04.671000+00:00,58.09999847412109,107.58999633789062,26166596.516138114
2024-06-14 19:38:03.799000+00:00,58.09999847412109,107.58999633789062,26166596.516138114
2024-06-14 19:39:03.936000+00:00,58.09999847412109,107.58999633789062,26166596.516138114
2024-06-14 19:40:04.288000+00:00,58.09999847412109,107.58999633789062,26166596.516138114
2024-06-14 19:41:04.734000+00:00,58.09999847412109,107.58999633789062,26166596.516138114
2024-06-14 19:42:04.343000+00:00,58.09999847412109,107.95999908447266,26256583.62376166
2024-06-14 19:43:04.273000+00:00,58.09999847412109,107.95999908447266,26256583.62376166
2024-06-14 19:44:04.238000+00:00,58.09999847412109,107.95999908447266,26256583.62376166
2024-06-14 19:45:04.829000+00:00,58.09999847412109,107.95999908447266,26256583.62376166
2024-06-14 19:46:04.311000+00:00,58.09999847412109,107.95999908447266,26256583.62376166
2024-06-14 19:47:03.546000+00:00,58.09999847412109,107.41999816894533,26125251.840548534
2024-06-14 19:48:04.253000+00:00,58.09999847412109,107.41999816894533,26125251.840548534
2024-06-14 19:49:03.861000+00:00,58.09999847412109,107.41999816894533,26125251.840548534
2024-06-14 19:50:04.729000+00:00,58.09999847412109,107.41999816894533,26125251.840548534
2024-06-14 19:51:03.726000+00:00,58.20000076293945,107.41999816894533,26170218.880972378
2024-06-14 19:52:05.060000+00:00,58.20000076293945,120.0199966430664,29239896.069469992
2024-06-14 19:53:04.593000+00:00,58.20000076293945,120.0199966430664,29239896.069469992
2024-06-14 19:54:04.634000+00:00,58.20000076293945,120.0199966430664,29239896.069469992
2024-06-14 19:55:04.286000+00:00,58.20000076293945,120.0199966430664,29239896.069469992
2024-06-14 19:56:04.608000+00:00,58.20000076293945,120.0199966430664,29239896.069469992
2024-06-14 19:57:04.362000+00:00,58.20000076293945,117.04000091552734,28513894.004832033
2024-06-14 19:58:04.706000+00:00,58.20000076293945,115.05999755859376,28031515.284674954
2024-06-14 19:59:03.624000+00:00,58.20000076293945,115.05999755859376,28031515.284674954
2024-06-14 20:00:05.293000+00:00,58.20000076293945,115.05999755859376,28031515.284674954
2024-06-14 20:01:04.449000+00:00,58.20000076293945,115.05999755859376,28031515.284674954
2024-06-14 20:02:04.269000+00:00,58.20000076293945,115.05999755859376,28031515.284674954
2024-06-14 20:03:04.239000+00:00,58.09999847412109,112.8000030517578,27433704.501716893
2024-06-14 20:04:03.985000+00:00,58.20000076293945,112.8000030517578,27480923.663730476
2024-06-14 20:05:03.767000+00:00,58.20000076293945,112.8000030517578,27480923.663730476
2024-06-14 20:06:04.704000+00:00,58.09999847412109,112.8000030517578,27433704.501716893
2024-06-14 20:07:04.100000+00:00,58.119998931884766,112.8000030517578,27443148.33411961
2024-06-14 20:08:03.746000+00:00,58.09999847412109,112.9499969482422,27470184.006343555
2024-06-14 20:09:04.402000+00:00,58.09999847412109,112.9499969482422,27470184.006343555
2024-06-14 20:10:04.453000+00:00,58.09999847412109,112.9499969482422,27470184.006343555
2024-06-14 20:11:04.127000+00:00,58.09999847412109,112.9499969482422,27470184.006343555
2024-06-14 20:12:04.310000+00:00,58.09999847412109,112.9499969482422,27470184.006343555
2024-06-14 20:13:04.078000+00:00,58.09999847412109,112.9499969482422,27470184.006343555
2024-06-14 20:14:04.237000+00:00,58.09999847412109,112.5999984741211,27385062.06968293
2024-06-14 20:15:04.477000+00:00,58.09999847412109,112.5999984741211,27385062.06968293
2024-06-14 20:16:03.705000+00:00,58.09999847412109,112.5999984741211,27385062.06968293
2024-06-14 20:17:04.153000+00:00,58.09999847412109,112.5999984741211,27385062.06968293
2024-06-14 20:18:04+00:00,58.09999847412109,112.5999984741211,27385062.06968293
2024-06-14 20:19:04.510000+00:00,58.09999847412109,112.76000213623048,27423976.015310105
2024-06-14 20:20:03.880000+00:00,58.0099983215332,112.76000213623048,27381494.740081783
2024-06-14 20:21:05.082000+00:00,58.02999877929688,112.76000213623048,27390935.2235312
2024-06-14 20:22:04.249000+00:00,58.09999847412109,112.76000213623048,27423976.015310105
2024-06-14 20:23:03.887000+00:00,58.0099983215332,112.76000213623048,27381494.740081783
2024-06-14 20:24:04.820000+00:00,58.09999847412109,121.08000183105467,29447454.79994676
2024-06-14 20:25:04.046000+00:00,58.09999847412109,121.08000183105467,29447454.79994676
2024-06-14 20:26:04.755000+00:00,58.09999847412109,121.08000183105467,29447454.79994676
2024-06-14 20:27:04.053000+00:00,58.09999847412109,121.08000183105467,29447454.79994676
2024-06-14 20:28:04.024000+00:00,58.09999847412109,121.08000183105467,29447454.79994676
2024-06-14 20:29:04.420000+00:00,58.09999847412109,124.08000183105467,30177074.58078477
2024-06-14 20:30:04.791000+00:00,58.09999847412109,124.08000183105467,30177074.58078477
2024-06-14 20:31:04.505000+00:00,58.09999847412109,124.08000183105467,30177074.58078477
2024-06-14 20:32:04.431000+00:00,58.09999847412109,124.08000183105467,30177074.58078477
2024-06-14 20:33:04.324000+00:00,58.09999847412109,124.01000213623048,30160050.193452653
2024-06-14 20:34:04.205000+00:00,58.09999847412109,124.01000213623048,30160050.193452653
2024-06-14 20:35:04.219000+00:00,58.09999847412109,124.01000213623048,30160050.193452653
2024-06-14 20:36:04.633000+00:00,58.09999847412109,124.01000213623048,30160050.193452653
2024-06-14 20:37:04.530000+00:00,58.09999847412109,124.01000213623048,30160050.193452653
2024-06-14 20:38:04.366000+00:00,58.02999877929688,124.08999633789062,30143144.618540987
2024-06-14 20:39:04.639000+00:00,58.02000045776367,124.08999633789062,30137951.083158292
2024-06-14 20:40:04.531000+00:00,58.09999847412109,124.08999633789062,30179505.31074718
2024-06-14 20:41:03.601000+00:00,58.060001373291016,124.08999633789062,30158729.187707294
2024-06-14 20:42:04.751000+00:00,58.0,124.08999633789062,30127562.03088379
2024-06-14 20:43:04.637000+00:00,58.0,123.87999725341795,30076576.773162838
2024-06-14 20:44:04.348000+00:00,58.0,123.87999725341795,30076576.773162838
2024-06-14 20:45:03.856000+00:00,58.0,123.87999725341795,30076576.773162838
2024-06-14 20:46:04.726000+00:00,58.0,123.87999725341795,30076576.773162838
2024-06-14 20:47:04.316000+00:00,58.09999847412109,123.87999725341795,30128432.148750804
2024-06-14 20:48:04.593000+00:00,58.09999847412109,134.67999267578125,32755062.24645622
2024-06-14 20:49:03.949000+00:00,58.09999847412109,134.67999267578125,32755062.24645622
2024-06-14 20:50:04.393000+00:00,58.09999847412109,134.67999267578125,32755062.24645622
2024-06-14 20:51:04.083000+00:00,58.09999847412109,134.67999267578125,32755062.24645622
2024-06-14 20:52:04.571000+00:00,58.09999847412109,139.89999389648438,34024600.96199741
2024-06-14 20:53:03.626000+00:00,58.09999847412109,139.89999389648438,34024600.96199741
2024-06-14 20:54:04.198000+00:00,58.09999847412109,139.89999389648438,34024600.96199741
2024-06-14 20:55:04.162000+00:00,58.09999847412109,139.89999389648438,34024600.96199741
2024-06-14 20:56:04.103000+00:00,58.09999847412109,139.8300018310547,34007578.43018434
2024-06-14 20:57:04.023000+00:00,58.09999847412109,139.8300018310547,34007578.43018434
2024-06-14 20:58:04.541000+00:00,58.09999847412109,139.8300018310547,34007578.43018434
2024-06-14 20:59:04.515000+00:00,58.09999847412109,139.8300018310547,34007578.43018434
2024-06-14 21:00:05.600000+00:00,58.09999847412109,139.66000366210938,33966233.75459476
2024-06-14 21:01:05.072000+00:00,58.09999847412109,139.63999938964844,33961368.583631836
2024-06-14 21:02:03.747000+00:00,58.09999847412109,139.63999938964844,33961368.583631836
2024-06-14 21:03:04.355000+00:00,57.900001525878906,139.63999938964844,33844463.75999609
2024-06-14 21:04:04.275000+00:00,57.70000076293945,139.63999938964844,33727556.70654376
2024-06-14 21:05:04.401000+00:00,57.5,120.5500030517578,29015782.984542843
2024-06-14 21:06:05.169000+00:00,57.02999877929688,100.16000366210938,23910954.775242586
2024-06-14 21:07:04.066000+00:00,56.88999938964844,85.94000244140625,20465884.309429415
2024-06-14 21:08:03.891000+00:00,56.70000076293945,75.29000091552734,17869795.855747942
2024-06-14 21:09:04.354000+00:00,56.5,66.91000366210938,15824818.056121826
2024-06-14 21:10:04.550000+00:00,56.29999923706055,60.150001525878906,14175658.9375077
2024-06-14 21:11:04.472000+00:00,56.09999847412109,54.7400016784668,12854846.048519671
2024-06-14 21:12:04.624000+00:00,55.79999923706055,50.08000183105469,11697626.57175683
2024-06-14 21:13:04.753000+00:00,55.59999847412109,46.18000030517578,10748006.864060238
2024-06-14 21:14:05.067000+00:00,55.400001525878906,42.900001525878906,9948699.38787446
2024-06-14 21:15:04.013000+00:00,55.20000076293945,0.0,0.0
2024-06-14 21:16:04.209000+00:00,55.0,0.0,0.0
2024-06-14 21:17:04.420000+00:00,54.79999923706055,0.0,0.0
2024-06-14 21:18:04.307000+00:00,54.59999847412109,0.0,0.0
2024-06-14 21:19:04.383000+00:00,54.5,0.0,0.0
2024-06-14 21:20:04.726000+00:00,54.29999923706055,0.0,0.0
2024-06-14 21:21:03.793000+00:00,54.20000076293945,0.0,0.0
2024-06-14 21:22:04.445000+00:00,54.0,0.0,0.0
2024-06-14 21:23:04.622000+00:00,53.900001525878906,0.0,0.0
2024-06-14 21:24:04.805000+00:00,53.81999969482422,0.0,0.0
2024-06-14 21:25:04.770000+00:00,53.900001525878906,0.0,0.0
2024-06-14 21:26:05.117000+00:00,53.900001525878906,0.0,0.0
2024-06-14 21:27:03.979000+00:00,54.0,0.0,0.0
2024-06-14 21:28:04.458000+00:00,54.09999847412109,0.0,0.0
2024-06-14 21:29:04.247000+00:00,54.27000045776367,0.0,0.0
2024-06-14 21:30:04.553000+00:00,54.400001525878906,0.0,0.0
2024-06-14 21:31:04.872000+00:00,54.59999847412109,0.0,0.0
2024-06-14 21:32:04.347000+00:00,54.70000076293945,0.0,0.0
2024-06-14 21:33:03.748000+00:00,54.900001525878906,0.0,0.0
2024-06-14 21:34:04.354000+00:00,55.0,0.0,0.0
2024-06-14 21:35:04.179000+00:00,55.09999847412109,0.0,0.0
2024-06-14 21:36:04.090000+00:00,55.20000076293945,0.0,0.0
2024-06-14 21:37:03.983000+00:00,55.29999923706055,0.0,0.0
2024-06-14 21:38:03.601000+00:00,55.400001525878906,0.0,0.0
2024-06-14 21:39:04.656000+00:00,55.5,0.0,0.0
2024-06-14 21:40:04.579000+00:00,55.5,0.0,0.0
2024-06-14 21:41:03.961000+00:00,55.59999847412109,0.0,0.0
2024-06-14 21:42:04.749000+00:00,55.59999847412109,0.0,0.0
2024-06-14 21:43:04.201000+00:00,55.59999847412109,0.0,0.0
2024-06-14 21:44:04.509000+00:00,55.59999847412109,0.0,0.0
2024-06-14 21:45:04.447000+00:00,55.70000076293945,0.0,0.0
2024-06-14 21:46:04.269000+00:00,55.59999847412109,0.0,0.0
2024-06-14 21:47:04.379000+00:00,55.59999847412109,63.290000915527344,14730215.672827233
2024-06-14 21:48:04.419000+00:00,55.59999847412109,63.290000915527344,14730215.672827233
2024-06-14 21:49:04.151000+00:00,55.5,63.290000915527344,14703722.88269806
2024-06-14 21:50:04.355000+00:00,55.5,63.290000915527344,14703722.88269806
2024-06-14 21:51:03.687000+00:00,55.400001525878906,63.290000915527344,14677230.092568884
2024-06-14 21:52:04.563000+00:00,55.310001373291016,63.290000915527344,14653386.17719856
2024-06-14 21:53:04.223000+00:00,55.29999923706055,63.290000915527344,14650736.291804546
2024-06-14 21:54:04.093000+00:00,55.290000915527344,63.290000915527344,14648087.417045694
2024-06-14 21:55:03.704000+00:00,55.20000076293945,63.290000915527344,14624243.501675373
2024-06-14 21:56:04.189000+00:00,55.20000076293945,63.290000915527344,14624243.501675373
2024-06-14 21:57:03.771000+00:00,55.09999847412109,58.08000183105469,13396070.739354113
2024-06-14 21:58:04.866000+00:00,55.09999847412109,52.86000061035156,12192084.799142512
2024-06-14 21:59:03.889000+00:00,55.18999862670898,48.630001068115234,11234762.251407444
2024-06-14 22:00:06.061000+00:00,55.09999847412109,44.81999969482422,10337669.895331543
2024-06-14 22:01:05.325000+00:00,55.09999847412109,41.83000183105469,9648031.093148211
2024-06-14 22:02:04.193000+00:00,55.09999847412109,39.13999938964844,9027585.813223207
2024-06-14 22:03:04.544000+00:00,55.09999847412109,38.65999984741211,8916874.593871674
2024-06-14 22:04:04.679000+00:00,55.09999847412109,38.65999984741211,8916874.593871674
2024-06-14 22:05:04.184000+00:00,55.09999847412109,38.65999984741211,8916874.593871674
2024-06-14 22:06:04.426000+00:00,55.09999847412109,38.65999984741211,8916874.593871674
2024-06-14 22:07:04.437000+00:00,55.0,38.65999984741211,8900691.76486969
2024-06-14 22:08:04.559000+00:00,52.459999084472656,0.0,0.0
2024-06-14 22:09:04.288000+00:00,52.68999862670898,0.0,0.0
2024-06-14 22:10:04.207000+00:00,53.20000076293945,0.0,0.0
2024-06-14 22:11:03.895000+00:00,53.41999816894531,0.0,0.0
2024-06-14 22:12:04.198000+00:00,54.0,79.3499984741211,17936591.05508423
2024-06-14 22:13:04.795000+00:00,54.59999847412109,199.07000732421875,45498563.694465555
2024-06-14 22:14:04.221000+00:00,55.09999847412109,199.07000732421875,45915217.219795145
2024-06-14 22:15:04.320000+00:00,55.5,199.07000732421875,46248541.31158447
2024-06-14 22:16:04.406000+00:00,48.560001373291016,0.0,0.0
2024-06-14 22:17:04.252000+00:00,46.880001068115234,0.0,0.0
2024-06-14 22:18:04.172000+00:00,45.91999816894531,0.0,0.0
2024-06-14 22:19:04.315000+00:00,51.09000015258789,0.0,0.0
2024-06-14 22:20:04.377000+00:00,54.38999938964844,557.3400268554688,126893247.49399453
2024-06-14 22:21:04.070000+00:00,55.70000076293945,480.0,111916897.53295898
2024-06-14 22:22:04.194000+00:00,56.400001525878906,328.19000244140625,77482511.04865013
2024-06-14 22:23:04.556000+00:00,56.790000915527344,318.1300048828125,75626801.28215717
2024-06-14 22:24:04.089000+00:00,57.0,312.3900146484375,74536882.27514648
2024-06-14 22:25:04.292000+00:00,53.79999923706055,211.63999938964844,47662766.338637516
2024-06-14 22:26:04.750000+00:00,54.900001525878906,211.63999938964844,48637285.90754858
2024-06-14 22:27:04.405000+00:00,55.40999984741211,211.63999938964844,49089106.189649805
2024-06-14 22:28:04.611000+00:00,55.20000076293945,211.2899932861328,48822187.81143487
2024-06-14 22:29:04.173000+00:00,50.119998931884766,0.0,0.0
2024-06-14 22:30:04.266000+00:00,52.20000076293945,0.0,0.0
2024-06-14 22:31:04.286000+00:00,53.09999847412109,282.260009765625,62739793.483782336
2024-06-14 22:32:04.757000+00:00,54.09999847412109,359.07000732421875,81315925.1471633
2024-06-14 22:33:03.941000+00:00,55.09999847412109,359.07000732421875,82818992.19782248
2024-06-14 22:34:04.107000+00:00,55.70000076293945,334.8800048828125,78080689.98397194
2024-06-14 22:35:04.010000+00:00,56.09999847412109,334.8800048828125,78641409.8556645
2024-06-14 22:36:04.465000+00:00,56.400001525878906,246.1999969482422,58125457.33206968
2024-06-14 22:37:03.679000+00:00,56.5,246.1999969482422,58228515.07823181
2024-06-14 22:38:04.232000+00:00,56.59999847412109,246.1999969482422,58331572.824393936
2024-06-14 22:39:04.689000+00:00,56.70000076293945,184.4600067138672,43780882.234614246
2024-06-14 22:40:04.480000+00:00,56.70000076293945,170.10000610351562,40372590.6118886
2024-06-14 22:41:04.569000+00:00,56.59999847412109,170.10000610351562,40301385.119606584
2024-06-14 22:42:04.709000+00:00,56.5,170.10000610351562,40230182.34353638
2024-06-14 22:43:03.972000+00:00,56.459999084472656,162.25999450683594,38348779.60549224
2024-06-14 22:44:04.516000+00:00,56.400001525878906,127.33000183105467,30061391.87759305
2024-06-14 22:45:04.366000+00:00,56.20000076293945,105.19000244140624,24746285.01829021
2024-06-14 22:46:03.791000+00:00,56.09999847412109,93.04000091552734,21849010.80472039
2024-06-14 22:47:03.939000+00:00,54.900001525878906,93.04000091552734,21381653.460675728
2024-06-14 22:48:04.363000+00:00,54.59999847412109,93.04000091552734,21264812.638971794
2024-06-14 22:49:04.506000+00:00,54.5,93.04000091552734,21225866.68886566
2024-06-14 22:50:04.533000+00:00,54.59999847412109,93.04000091552734,21264812.638971794
2024-06-14 22:51:04.271000+00:00,54.79999923706055,93.04000091552734,21342706.02487683
2024-06-14 22:52:04.493000+00:00,54.97999954223633,107.6999969482422,24786753.447274696
2024-06-14 22:53:04.257000+00:00,55.09999847412109,107.6999969482422,24840852.828201007
2024-06-14 22:54:04.014000+00:00,55.20000076293945,107.6999969482422,24885937.078796532
2024-06-14 22:55:04.899000+00:00,55.29999923706055,107.6999969482422,24931019.609603744
2024-06-14 22:56:04.398000+00:00,55.400001525878906,107.6999969482422,24976103.860199265
2024-06-14 22:57:04.887000+00:00,55.5,110.27999877929688,25620580.156402588
2024-06-14 22:58:04.752000+00:00,55.56999969482422,110.27999877929688,25652894.26076597
2024-06-14 22:59:03.802000+00:00,55.59999847412109,110.27999877929688,25666742.65949695
2024-06-14 23:00:06.158000+00:00,55.59999847412109,110.27999877929688,25666742.65949695
2024-06-15 00:00:06.543000+00:00,55.29999923706055,105.04000091552734,24315268.308469053
2024-06-15 00:01:04.462000+00:00,55.29999923706055,105.04000091552734,24315268.308469053
2024-06-15 00:02:04.002000+00:00,55.209999084472656,105.04000091552734,24275695.47143163
2024-06-15 00:03:03.912000+00:00,55.20000076293945,105.04000091552734,24271299.235010866
2024-06-15 00:04:04.735000+00:00,55.20000076293945,96.58000183105467,22316470.907540806
2024-06-15 00:05:04.098000+00:00,55.20000076293945,96.58000183105467,22316470.907540806
2024-06-15 00:06:05.202000+00:00,55.20000076293945,96.58000183105467,22316470.907540806
2024-06-15 00:07:03.800000+00:00,55.20000076293945,96.58000183105467,22316470.907540806
2024-06-15 00:08:04.563000+00:00,55.20000076293945,96.58000183105467,22316470.907540806
2024-06-15 00:09:03.880000+00:00,55.20000076293945,96.58000183105467,22316470.907540806
2024-06-15 00:10:04.289000+00:00,55.20000076293945,96.56999969482422,22314159.74189607
2024-06-15 00:11:04.194000+00:00,55.20000076293945,95.8000030517578,22136238.771114204
2024-06-15 00:12:04.122000+00:00,55.09999847412109,95.8000030517578,22096135.971977513
2024-06-15 00:13:04.513000+00:00,55.20000076293945,95.8000030517578,22136238.771114204
2024-06-15 00:14:04.389000+00:00,55.09999847412109,95.8000030517578,22096135.971977513
2024-06-15 00:15:04.955000+00:00,55.09999847412109,95.8000030517578,22096135.971977513
2024-06-15 00:16:04.199000+00:00,55.09999847412109,95.8000030517578,22096135.971977513
2024-06-15 00:17:04.356000+00:00,55.09999847412109,95.7699966430664,22089215.036013477
2024-06-15 00:18:03.937000+00:00,55.0099983215332,95.7699966430664,22053134.58630672
2024-06-15 00:19:03.921000+00:00,55.0,95.7699966430664,22049126.32713318
2024-06-15 00:20:04.509000+00:00,55.0,95.7699966430664,22049126.32713318
2024-06-15 00:21:04.312000+00:00,55.0,95.7699966430664,22049126.32713318
2024-06-15 00:22:04.689000+00:00,55.0,95.7699966430664,22049126.32713318
2024-06-15 00:23:04.627000+00:00,55.0,98.6999969482422,22723700.297393803
2024-06-15 00:24:03.936000+00:00,55.0,98.6999969482422,22723700.297393803
2024-06-15 00:25:04.626000+00:00,54.900001525878906,98.6999969482422,22682385.109100632
2024-06-15 00:26:04.712000+00:00,54.9900016784668,98.6999969482422,22719569.408993848
2024-06-15 00:27:05.310000+00:00,54.90999984741211,98.6999969482422,22686515.997500584
2024-06-15 00:28:04.175000+00:00,54.959999084472656,107.1999969482422,24662705.319071792
2024-06-15 00:29:04.157000+00:00,55.0,107.1999969482422,24680655.297393803
2024-06-15 00:30:04.627000+00:00,55.0,107.1999969482422,24680655.297393803
2024-06-15 00:31:03.986000+00:00,55.0,107.1999969482422,24680655.297393803
2024-06-15 00:32:04.356000+00:00,55.0,107.1999969482422,24680655.297393803
2024-06-15 00:33:04.786000+00:00,55.0,121.11000061035156,27883155.44052124
2024-06-15 00:34:04.586000+00:00,55.0,121.11000061035156,27883155.44052124
2024-06-15 00:35:03.871000+00:00,55.09999847412109,121.11000061035156,27933851.3132073
2024-06-15 00:36:04.180000+00:00,55.09999847412109,121.11000061035156,27933851.3132073
2024-06-15 00:37:04.328000+00:00,55.09999847412109,121.11000061035156,27933851.3132073
2024-06-15 00:38:04.547000+00:00,55.09999847412109,123.5500030517578,28496634.44472913
2024-06-15 00:39:05.198000+00:00,55.09999847412109,123.5500030517578,28496634.44472913
2024-06-15 00:40:04.048000+00:00,55.20000076293945,123.5500030517578,28548353.659738395
2024-06-15 00:41:04.393000+00:00,55.20000076293945,123.5500030517578,28548353.659738395
2024-06-15 00:42:04.450000+00:00,55.20000076293945,123.5500030517578,28548353.659738395
2024-06-15 00:43:04.554000+00:00,55.20000076293945,123.87999725341795,28624604.496986132
2024-06-15 00:44:04.462000+00:00,55.20000076293945,123.87999725341795,28624604.496986132
2024-06-15 00:45:04.617000+00:00,55.20000076293945,123.87999725341795,28624604.496986132
2024-06-15 00:46:03.814000+00:00,55.20000076293945,123.87999725341795,28624604.496986132
2024-06-15 00:47:04.087000+00:00,55.13999938964844,123.87999725341795,28593490.084739882
2024-06-15 00:48:03.866000+00:00,55.20000076293945,116.66000366210938,26956300.770766277
2024-06-15 00:49:03.549000+00:00,55.09999847412109,116.66000366210938,26907465.77551456
2024-06-15 00:50:04.597000+00:00,55.09999847412109,116.66000366210938,26907465.77551456
2024-06-15 00:51:04.314000+00:00,55.18999862670898,116.66000366210938,26951416.339808807
2024-06-15 00:52:04.773000+00:00,55.09999847412109,116.66000366210938,26907465.77551456
2024-06-15 00:53:04.514000+00:00,55.09999847412109,115.12000274658205,26552266.730185956
2024-06-15 00:54:04.815000+00:00,55.09999847412109,113.44000244140624,26164777.0225283
2024-06-15 00:55:04.810000+00:00,55.09999847412109,113.44000244140624,26164777.0225283
2024-06-15 00:56:04.718000+00:00,55.09999847412109,113.44000244140624,26164777.0225283
2024-06-15 00:57:04.141000+00:00,55.09999847412109,113.44000244140624,26164777.0225283
2024-06-15 00:58:04.325000+00:00,55.09999847412109,113.44000244140624,26164777.0225283
2024-06-15 00:59:04.578000+00:00,55.09999847412109,120.26000213623048,27737800.360578354
2024-06-15 01:00:06.612000+00:00,55.09999847412109,120.26000213623048,27737800.360578354
2024-06-15 01:01:04.596000+00:00,55.09999847412109,120.26000213623048,27737800.360578354
2024-06-15 01:02:04.108000+00:00,55.150001525878906,120.26000213623048,27762972.315305896
2024-06-15 01:03:03.875000+00:00,55.09999847412109,123.88999938964844,28575054.121897064
2024-06-15 01:04:04.479000+00:00,55.20000076293945,123.88999938964844,28626915.66263087
2024-06-15 01:05:04.400000+00:00,55.20000076293945,123.88999938964844,28626915.66263087
2024-06-15 01:06:05.567000+00:00,55.09999847412109,123.88999938964844,28575054.121897064
2024-06-15 01:07:04.487000+00:00,55.20000076293945,123.88999938964844,28626915.66263087
2024-06-15 01:08:04.665000+00:00,55.09999847412109,124.0199966430664,28605037.80557143
2024-06-15 01:09:04.408000+00:00,55.150001525878906,124.0199966430664,28630996.775181893
2024-06-15 01:10:04.528000+00:00,55.09999847412109,124.0199966430664,28605037.80557143
2024-06-15 01:11:04.377000+00:00,55.09999847412109,124.0199966430664,28605037.80557143
2024-06-15 01:12:04.216000+00:00,55.09999847412109,124.0199966430664,28605037.80557143
2024-06-15 01:13:04.260000+00:00,55.09999847412109,123.83999633789062,28563520.988332782
2024-06-15 01:14:04.185000+00:00,55.09999847412109,123.83999633789062,28563520.988332782
2024-06-15 01:15:04.276000+00:00,55.09999847412109,123.83999633789062,28563520.988332782
2024-06-15 01:16:04.401000+00:00,55.09999847412109,123.83999633789062,28563520.988332782
2024-06-15 01:17:04.996000+00:00,55.09999847412109,123.83999633789062,28563520.988332782
2024-06-15 01:18:03.985000+00:00,55.09999847412109,123.7699966430664,28547375.65716826
2024-06-15 01:19:03.753000+00:00,55.09999847412109,123.7699966430664,28547375.65716826
2024-06-15 01:20:04.435000+00:00,55.0,123.7699966430664,28495566.32713318
2024-06-15 01:21:04.348000+00:00,55.060001373291016,123.7699966430664,28526653.110993784
2024-06-15 01:22:04.376000+00:00,55.09999847412109,123.7699966430664,28547375.65716826
2024-06-15 01:23:04.373000+00:00,55.0,127.80999755859376,29425695.737915047
2024-06-15 01:24:04.745000+00:00,55.0,127.80999755859376,29425695.737915047
2024-06-15 01:25:04.718000+00:00,55.0,127.80999755859376,29425695.737915047
2024-06-15 01:26:05.362000+00:00,55.0,127.80999755859376,29425695.737915047
2024-06-15 01:27:04.132000+00:00,55.02999877929688,130.33999633789062,30024544.787593115
2024-06-15 01:28:04.838000+00:00,55.0,130.33999633789062,30008177.35687256
2024-06-15 01:29:04.443000+00:00,55.0,130.33999633789062,30008177.35687256
2024-06-15 01:30:04.809000+00:00,55.0,130.33999633789062,30008177.35687256
2024-06-15 01:31:04.622000+00:00,55.0,130.33999633789062,30008177.35687256
2024-06-15 01:32:04.430000+00:00,55.0,130.61000061035156,30070340.44052124
2024-06-15 01:33:03.976000+00:00,55.0,130.61000061035156,30070340.44052124
2024-06-15 01:34:04.382000+00:00,55.0,130.61000061035156,30070340.44052124
2024-06-15 01:35:04.520000+00:00,55.0,130.61000061035156,30070340.44052124
2024-06-15 01:36:04.161000+00:00,55.0,139.1300048828125,32031901.024169922
2024-06-15 01:37:04.088000+00:00,55.0,139.1300048828125,32031901.024169922
2024-06-15 01:38:03.746000+00:00,55.0,139.1300048828125,32031901.024169922
2024-06-15 01:39:04.425000+00:00,55.0,139.1300048828125,32031901.024169922
2024-06-15 01:40:04.106000+00:00,55.0,149.83999633789062,34497662.35687256
2024-06-15 01:41:04.567000+00:00,55.0,149.83999633789062,34497662.35687256
2024-06-15 01:42:04.832000+00:00,55.0,149.83999633789062,34497662.35687256
2024-06-15 01:43:04.345000+00:00,55.0,149.83999633789062,34497662.35687256
2024-06-15 01:44:03.815000+00:00,55.0,150.33999633789062,34612777.35687256
2024-06-15 01:45:04.568000+00:00,55.0,150.33999633789062,34612777.35687256
2024-06-15 01:46:04.002000+00:00,55.0,150.33999633789062,34612777.35687256
2024-06-15 01:47:03.597000+00:00,55.02999877929688,150.33999633789062,34631656.285395846
2024-06-15 01:48:03.562000+00:00,55.0,166.99000549316406,38446108.96469116
2024-06-15 01:49:04.135000+00:00,55.0,166.99000549316406,38446108.96469116
2024-06-15 01:50:04.746000+00:00,55.09999847412109,166.99000549316406,38516009.91437048
2024-06-15 01:51:04.395000+00:00,55.0099983215332,170.38999938964844,39236020.887682505
2024-06-15 01:52:04.773000+00:00,55.0099983215332,170.38999938964844,39236020.887682505
2024-06-15 01:53:04.571000+00:00,55.0,170.38999938964844,39228889.55947876
2024-06-15 01:54:04+00:00,55.0099983215332,170.38999938964844,39236020.887682505
2024-06-15 01:55:04.320000+00:00,55.0,170.07000732421875,39155217.78625488
2024-06-15 01:56:04.342000+00:00,55.0,170.07000732421875,39155217.78625488
2024-06-15 01:57:04.426000+00:00,55.0,170.07000732421875,39155217.78625488
2024-06-15 01:58:04.551000+00:00,55.0,170.4199981689453,39235796.17843628
2024-06-15 01:59:04.564000+00:00,55.0,170.4199981689453,39235796.17843628
2024-06-15 02:00:05.536000+00:00,55.0,170.4199981689453,39235796.17843628
2024-06-15 02:01:04.602000+00:00,55.0,217.8099975585937,50146395.737915024
2024-06-15 02:02:04.253000+00:00,55.29999923706055,433.7300109863281,100402337.1919908
2024-06-15 02:03:04.624000+00:00,55.5,433.7300109863281,100765457.34237671
2024-06-15 02:04:04.407000+00:00,55.619998931884766,487.4100036621094,113481387.89455812
2024-06-15 02:05:04.651000+00:00,55.79999923706055,535.8699951171875,125167868.70408951
2024-06-15 02:06:05.248000+00:00,55.79999923706055,574.1599731445312,134111595.70145749
2024-06-15 02:07:04.442000+00:00,55.900001525878906,606.469970703125,141912400.19633073
2024-06-15 02:08:04.174000+00:00,55.86000061035156,649.3499755859375,151837480.47630554
2024-06-15 02:09:05.086000+00:00,55.900001525878906,730.219970703125,170869579.2367627
2024-06-15 02:10:05.052000+00:00,55.79999923706055,769.8900146484375,179829983.294794
2024-06-15 02:11:04.262000+00:00,55.79999923706055,808.260009765625,188792400.58773163
2024-06-15 02:12:04.292000+00:00,55.70000076293945,878.9099731445312,204926827.92731717
2024-06-15 02:13:05.089000+00:00,55.59999847412109,915.0999755859376,212981826.63278732
2024-06-15 02:14:03.971000+00:00,55.5,984.6799926757812,228763809.93841553
2024-06-15 02:15:04.297000+00:00,55.400001525878906,1049.56005859375,243397602.35603395
2024-06-15 02:16:04.659000+00:00,55.20000076293945,1108.199951171875,256068663.29664078
2024-06-15 02:17:04.814000+00:00,55.20000076293945,1145.0400390625,264581199.37093627
2024-06-15 02:18:04.736000+00:00,55.09999847412109,1208.050048828125,278635044.7759254
2024-06-15 02:19:04.822000+00:00,55.09999847412109,1285.7099609375,296547194.2840364
2024-06-15 02:20:04.949000+00:00,55.09999847412109,1316.75,303706535.63948435
2024-06-15 02:21:04.832000+00:00,55.08000183105469,1349.3199462890625,311105801.8400048
2024-06-15 02:22:04.671000+00:00,55.09999847412109,1380.3699951171875,318380398.03890866
2024-06-15 02:23:04.746000+00:00,55.0,1418.43994140625,326567427.70996094
2024-06-15 02:24:04.510000+00:00,55.0,1437.699951171875,331001659.7583008
2024-06-15 02:25:04.824000+00:00,55.060001373291016,1452.780029296875,334838434.72862345
2024-06-15 02:26:04.839000+00:00,55.09999847412109,1456.31005859375,335895866.87863475
2024-06-15 02:27:04.432000+00:00,55.09999847412109,1455.1300048828125,335623689.1498196
2024-06-15 02:28:04.777000+00:00,55.0,1453.9599609375,334745201.8066406
2024-06-15 02:29:04.378000+00:00,54.9900016784668,1444.6199951171875,332534399.8328242
2024-06-15 02:30:05.042000+00:00,54.900001525878906,1455.1300048828125,334405472.89852023
2024-06-15 02:31:03.863000+00:00,54.900001525878906,1452.7900390625,333867722.0624559
2024-06-15 02:32:04.435000+00:00,55.0,1459.8499755859375,336101259.8791504
2024-06-15 02:33:04.370000+00:00,55.0,1453.9599609375,334745201.8066406
2024-06-15 02:34:03.972000+00:00,55.09999847412109,1452.780029296875,335081670.585899
2024-06-15 02:35:03.982000+00:00,55.20000076293945,1450.43994140625,335149100.6611249
2024-06-15 02:36:04.592000+00:00,55.20000076293945,1455.1300048828125,336232820.51145494
2024-06-15 02:37:04.908000+00:00,55.20000076293945,1449.06005859375,334830254.9989055
2024-06-15 02:38:04.496000+00:00,55.20000076293945,1451.6099853515625,335419459.44318193
2024-06-15 02:39:05.107000+00:00,55.31999969482422,1449.280029296875,335609078.8784576
2024-06-15 02:40:04.513000+00:00,55.400001525878906,1452.780029296875,336906090.30545837
2024-06-15 02:41:04.856000+00:00,55.400001525878906,1453.9599609375,337179721.65215516
2024-06-15 02:42:04.863000+00:00,55.400001525878906,1452.7900390625,336908411.6142137
2024-06-15 02:43:05.099000+00:00,55.400001525878906,1455.1300048828125,337451059.99873996
2024-06-15 02:44:04.514000+00:00,55.29999923706055,1452.7900390625,336300259.78469
2024-06-15 02:45:04.191000+00:00,55.400001525878906,1456.31005859375,337724719.65408003
2024-06-15 02:46:04.435000+00:00,55.400001525878906,1456.31005859375,337724719.65408003
2024-06-15 02:47:04.274000+00:00,55.400001525878906,1452.7900390625,336908411.6142137
2024-06-15 02:48:04.262000+00:00,55.41999816894531,1452.780029296875,337027696.63486594
2024-06-15 02:49:03.915000+00:00,55.5,1455.1300048828125,338060168.12438965
2024-06-15 02:50:04.296000+00:00,55.59999847412109,1455.1300048828125,338669276.25003934
2024-06-15 02:51:04.297000+00:00,55.70000076293945,1450.43994140625,338184871.45848817
2024-06-15 02:52:04.642000+00:00,55.70000076293945,1453.9599609375,339005599.9276401
2024-06-15 02:53:04.389000+00:00,55.79999923706055,1455.1300048828125,339887515.73732436
2024-06-15 02:54:04.017000+00:00,55.900001525878906,1457.489990234375,341048877.5503374
2024-06-15 02:55:04.608000+00:00,56.0,1452.7900390625,340557229.796875
2024-06-15 02:56:04.664000+00:00,56.09999847412109,1458.6700439453125,342546186.9848742
2024-06-15 02:57:04.085000+00:00,56.09999847412109,1451.6099853515625,340888240.9941293
2024-06-15 02:58:04.315000+00:00,56.29999923706055,1456.31005859375,343211208.21592873
2024-06-15 02:59:04.537000+00:00,56.29999923706055,1455.1300048828125,342933102.8375441
2024-06-15 03:00:05.624000+00:00,56.400001525878906,1452.7900390625,342989790.71772933
2024-06-15 03:01:04.609000+00:00,56.5,1455.43994140625,344224645.1020508
2024-06-15 03:02:04.984000+00:00,56.59999847412109,1453.9599609375,344483234.75409484
2024-06-15 03:03:04.119000+00:00,56.70000076293945,1458.6700439453125,346209796.64275575
2024-06-15 03:04:04.298000+00:00,56.70000076293945,1452.7900390625,344814199.80906
2024-06-15 03:05:04.819000+00:00,56.79999923706055,1449.280029296875,344587771.68125135
2024-06-15 03:06:05.347000+00:00,56.900001525878906,1451.6099853515625,345749411.05689603
2024-06-15 03:07:04.373000+00:00,56.900001525878906,1446.949951171875,344639468.2420967
2024-06-15 03:08:04.475000+00:00,57.0,1453.9599609375,346917754.5996094
2024-06-15 03:09:04.410000+00:00,57.0,1449.280029296875,345801113.55029297
2024-06-15 03:10:04.234000+00:00,57.02999877929688,1450.43994140625,346260009.7357061
2024-06-15 03:11:04.511000+00:00,57.20000076293945,1452.780029296875,347852492.6305124
2024-06-15 03:12:04.819000+00:00,57.20000076293945,1452.780029296875,347852492.6305124
2024-06-15 03:13:04.522000+00:00,57.20000076293945,1447.22998046875,346523593.3614202
2024-06-15 03:14:04.523000+00:00,57.20000076293945,1452.7900390625,347854889.3608178
2024-06-15 03:15:05.120000+00:00,57.29999923706055,1448.1099853515625,347340470.61968046
2024-06-15 03:16:04.053000+00:00,57.400001525878906,1443.4599609375,346829372.17805696
2024-06-15 03:17:04.744000+00:00,57.400001525878906,1448.1099853515625,347946663.3338812
2024-06-15 03:18:04.700000+00:00,57.400001525878906,1449.27001953125,348225392.177863
2024-06-15 03:19:04.187000+00:00,57.5,1448.1099853515625,348552832.92419434
2024-06-15 03:20:04.613000+00:00,57.5,1451.6099853515625,349395265.42419434
2024-06-15 03:21:05.041000+00:00,57.560001373291016,1442.31005859375,347519078.4387972
2024-06-15 03:22:04.059000+00:00,57.59999847412109,1445.780029296875,348597218.4372021
2024-06-15 03:23:04.394000+00:00,57.59999847412109,1446.949951171875,348879302.50472945
2024-06-15 03:24:04.513000+00:00,57.70000076293945,1449.27001953125,350045380.83990806
2024-06-15 03:25:04.452000+00:00,57.70000076293945,1449.280029296875,350047798.52065295
2024-06-15 03:26:04.805000+00:00,57.70000076293945,1448.1099853515625,349765195.2287082
2024-06-15 03:27:04.264000+00:00,57.70000076293945,1443.4599609375,348642064.58707535
2024-06-15 03:28:04.540000+00:00,57.709999084472656,1446.949951171875,349545568.7761043
2024-06-15 03:29:04.658000+00:00,57.79999923706055,1446.93994140625,350088271.7541545
2024-06-15 03:30:04.826000+00:00,57.900001525878906,1445.780029296875,350412847.46733886
2024-06-15 03:31:04.354000+00:00,57.900001525878906,1444.6199951171875,350131690.671819
2024-06-15 03:32:04.259000+00:00,57.900001525878906,1446.93994140625,350693974.6767496
2024-06-15 03:33:04.279000+00:00,57.900001525878906,1442.31005859375,349571832.727841
2024-06-15 03:34:04.458000+00:00,57.900001525878906,1441.1500244140625,349290675.9323212
2024-06-15 03:35:04.515000+00:00,57.900001525878906,1445.780029296875,350412847.46733886
2024-06-15 03:36:04.209000+00:00,58.0,1443.4599609375,350454756.99609375
2024-06-15 03:37:04.440000+00:00,57.93000030517578,1442.31005859375,349752950.65499204
2024-06-15 03:38:04.442000+00:00,58.0,1451.6099853515625,352433485.12353516
2024-06-15 03:39:04.402000+00:00,58.0,1448.1099853515625,351583727.12353516
2024-06-15 03:40:04.306000+00:00,58.09999847412109,1449.27001953125,352472024.6751643
2024-06-15 03:41:04.813000+00:00,58.20000076293945,1448.1099853515625,352796089.428049
2024-06-15 03:42:04.091000+00:00,58.20000076293945,1446.93994140625,352511037.23412675
2024-06-15 03:43:03.799000+00:00,58.20000076293945,1449.27001953125,353078702.99078697
2024-06-15 03:44:04.301000+00:00,58.29999923706055,1450.43994140625,353970870.34033996
2024-06-15 03:45:04.522000+00:00,58.29999923706055,1446.93994140625,353116717.0515178
2024-06-15 03:46:04.462000+00:00,58.400001525878906,1443.4599609375,352871695.57454133
2024-06-15 03:47:04.083000+00:00,58.5,1445.780029296875,354044059.35424805
2024-06-15 03:48:04.569000+00:00,58.5,1448.1099853515625,354614621.322876
2024-06-15 03:49:03.893000+00:00,58.59999847412109,1450.43994140625,355792328.1865393
2024-06-15 03:50:04.926000+00:00,58.59999847412109,1446.93994140625,354933779.60889494
2024-06-15 03:51:04.029000+00:00,58.70000076293945,1449.27001953125,356112025.1416659
2024-06-15 03:52:04.775000+00:00,58.70000076293945,1449.27001953125,356112025.1416659
2024-06-15 03:53:05.027000+00:00,58.79999923706055,1449.280029296875,356721144.0865248
2024-06-15 03:54:04.522000+00:00,58.900001525878906,1449.27001953125,357325358.6304997
2024-06-15 03:55:04.946000+00:00,58.900001525878906,1450.43994140625,357613809.1938318
2024-06-15 03:56:04.365000+00:00,58.900001525878906,1445.780029296875,356464882.6699756
2024-06-15 03:57:04.736000+00:00,59.0,1449.27001953125,357932013.80371094
2024-06-15 03:58:04.249000+00:00,59.09999847412109,1448.1099853515625,358251685.1125299
2024-06-15 03:59:04.511000+00:00,59.0,1442.31005859375,356213084.4111328
2024-06-15 04:00:07.011000+00:00,59.16999816894531,1438.8499755859375,356382437.2614978
2024-06-15 04:01:04.828000+00:00,59.09999847412109,1445.780029296875,357675271.2411572
2024-06-15 04:02:04.265000+00:00,59.20000076293945,1442.31005859375,357420590.998442
2024-06-15 04:03:04.598000+00:00,59.20000076293945,1445.780029296875,358280488.6134302
2024-06-15 04:04:04.355000+00:00,59.29999923706055,1444.6199951171875,358597727.8503088
2024-06-15 04:05:04.625000+00:00,59.20000076293945,1433.1199951171875,355143190.3108889
2024-06-15 04:06:04.950000+00:00,59.02000045776367,1429.7099609375,353220885.9501162
2024-06-15 04:07:04.427000+00:00,59.09000015258789,1436.550048828125,355331718.5422447
2024-06-15 04:08:04.754000+00:00,59.0,1417.3199462890625,350041176.4147949
2024-06-15 04:09:04.651000+00:00,59.20000076293945,1409.550048828125,349302293.5617863
2024-06-15 04:10:04.863000+00:00,59.09999847412109,1401.8699951171875,346812253.9998233
2024-06-15 04:11:04.762000+00:00,59.20000076293945,1387.8199462890625,343917330.7060595
2024-06-15 04:12:03.921000+00:00,59.20000076293945,1362.5999755859375,337667539.4216091
2024-06-15 04:13:04.810000+00:00,59.29999923706055,1359.52001953125,337473378.2023874
2024-06-15 04:14:04.219000+00:00,59.29999923706055,1332.8599853515625,330855563.3351136
2024-06-15 04:15:04.604000+00:00,59.34999847412109,1306.239990234375,324521079.21445215
2024-06-15 04:16:04.427000+00:00,59.40999984741211,1288.47998046875,320432420.5245738
2024-06-15 04:17:04.841000+00:00,59.5,1265.8199462890625,315273976.5623779
2024-06-15 04:18:04.368000+00:00,59.5099983215332,1250.0,311386066.2174225
2024-06-15 04:19:04.616000+00:00,59.59999847412109,1222.0,304871395.3946838
2024-06-15 04:20:04.765000+00:00,59.70000076293945,1204.8199462890625,301089568.6692019
2024-06-15 04:21:04.665000+00:00,59.70000076293945,1170.3499755859375,292475378.10652846
2024-06-15 04:22:04.343000+00:00,59.70000076293945,1144.31005859375,285967893.3993667
2024-06-15 04:23:05.008000+00:00,59.79999923706055,1098.9000244140625,275079727.5218784
2024-06-15 04:24:04.821000+00:00,59.79999923706055,1067.0799560546875,267114439.0155909
2024-06-15 04:25:04.319000+00:00,59.900001525878906,1042.8699951171875,261490689.25483063
2024-06-15 04:26:05.067000+00:00,60.0,999.4400024414062,251019351.0131836
2024-06-15 04:27:04.654000+00:00,60.0,972.969970703125,244371137.84179688
2024-06-15 04:28:05.380000+00:00,60.09999847412109,925.9299926757812,232944165.3411637
2024-06-15 04:29:04.849000+00:00,60.08000183105469,892.719970703125,224514508.74810144
2024-06-15 04:30:05.013000+00:00,60.09999847412109,839.1599731445312,211114685.85974783
2024-06-15 04:31:04.743000+00:00,60.0099983215332,804.2899780273438,202039132.8088366
2024-06-15 04:32:04.869000+00:00,60.0,776.2000122070312,194950395.06591797
2024-06-15 04:33:04.298000+00:00,60.0,699.8400268554688,175771821.14501953
2024-06-15 04:34:04.252000+00:00,60.0,661.52001953125,166147368.10546875
2024-06-15 04:35:04.970000+00:00,59.900001525878906,629.5900268554688,157864288.78117654
2024-06-15 04:36:04.867000+00:00,59.900001525878906,588.6199951171875,147591405.40338638
2024-06-15 04:37:04.176000+00:00,59.79999923706055,550.1199951171875,137707575.756822
2024-06-15 04:38:04.760000+00:00,59.70000076293945,549.7899780273438,137394826.38278568
2024-06-15 04:39:04.947000+00:00,59.63999938964844,527.7000122070312,131741910.907285
2024-06-15 04:40:04.746000+00:00,59.59999847412109,508.0400085449219,126748663.11081621
2024-06-15 04:41:04.210000+00:00,59.5099983215332,473.05999755859375,117843433.3796752
2024-06-15 04:42:04.845000+00:00,59.5,433.8399963378906,108055226.3678894
2024-06-15 04:43:04.820000+00:00,59.400001525878906,433.8399963378906,107873623.71650119
2024-06-15 04:44:04.729000+00:00,59.29999923706055,407.4200134277344,101133787.14800097
2024-06-15 04:45:04.667000+00:00,59.29999923706055,373.2099914550781,92641840.34498823
2024-06-15 04:46:03.905000+00:00,59.20000076293945,373.2099914550781,92485617.02638018
2024-06-15 04:47:03.988000+00:00,59.18999862670898,351.42999267578125,87073575.32125403
2024-06-15 04:48:04.565000+00:00,59.09000015258789,351.42999267578125,86926468.97101897
2024-06-15 04:49:04.926000+00:00,59.0,320.0599975585937,79046497.83703612
2024-06-15 04:50:04.575000+00:00,58.900001525878906,320.0599975585937,78912522.76638663
2024-06-15 04:51:04.299000+00:00,58.83000183105469,294.260009765625,72465172.59914869
2024-06-15 04:52:05.325000+00:00,58.79999923706055,294.260009765625,72428216.23191193
2024-06-15 04:53:04.440000+00:00,58.709999084472656,258.510009765625,63531434.51988748
2024-06-15 04:54:04.840000+00:00,58.68999862670898,258.510009765625,63509791.566513345
2024-06-15 04:55:04.827000+00:00,58.59999847412109,258.510009765625,63412400.34031539
2024-06-15 04:56:04.583000+00:00,58.59999847412109,258.5799865722656,63429565.62254665
2024-06-15 04:57:04.157000+00:00,58.5,258.5799865722656,63321325.69180298
2024-06-15 04:58:04.215000+00:00,58.5,257.0299987792969,62941763.131073
2024-06-15 04:59:04.783000+00:00,58.400001525878906,257.0299987792969,62834172.015319176
2024-06-15 05:00:05.513000+00:00,58.400001525878906,246.2100067138672,60189090.71791243
2024-06-15 05:01:04.565000+00:00,58.380001068115234,235.1100006103516,57455872.65516438
2024-06-15 05:02:04.495000+00:00,58.29999923706055,235.1100006103516,57377137.216090046
2024-06-15 05:03:04.371000+00:00,58.29999923706055,234.67999267578125,57272196.44708065
2024-06-15 05:04:04.369000+00:00,58.29999923706055,234.67999267578125,57272196.44708065
2024-06-15 05:05:03.974000+00:00,58.29999923706055,234.67999267578125,57272196.44708065
2024-06-15 05:06:05.679000+00:00,58.20000076293945,235.4199981689453,57354244.88976144
2024-06-15 05:07:04.259000+00:00,58.20000076293945,235.4199981689453,57354244.88976144
2024-06-15 05:08:04.108000+00:00,58.20000076293945,235.47999572753903,57368861.80716496
2024-06-15 05:09:04.469000+00:00,58.20000076293945,235.47999572753903,57368861.80716496
2024-06-15 05:10:04.546000+00:00,58.20000076293945,235.47999572753903,57368861.80716496
2024-06-15 05:11:04.611000+00:00,58.20000076293945,235.22999572753903,57307955.50636654
2024-06-15 05:12:04.302000+00:00,58.119998931884766,235.22999572753903,57229179.88240763
2024-06-15 05:13:05.046000+00:00,58.18999862670898,234.67999267578125,57164135.098061815
2024-06-15 05:14:04.948000+00:00,58.20000076293945,234.67999267578125,57173960.90112492
2024-06-15 05:15:05.227000+00:00,58.09999847412109,234.67999267578125,57075721.6077233
2024-06-15 05:16:04.475000+00:00,58.09999847412109,234.7100067138672,57083021.21968675
2024-06-15 05:17:04.661000+00:00,58.09999847412109,234.7100067138672,57083021.21968675
2024-06-15 05:18:04.328000+00:00,58.09999847412109,234.9600067138672,57143822.868089914
2024-06-15 05:19:04.933000+00:00,58.09999847412109,234.9600067138672,57143822.868089914
2024-06-15 05:20:04.088000+00:00,58.09999847412109,234.9600067138672,57143822.868089914
2024-06-15 05:21:04.395000+00:00,58.09999847412109,235.9100036621093,57374868.38981431
2024-06-15 05:22:04.342000+00:00,58.09999847412109,235.9100036621093,57374868.38981431
2024-06-15 05:23:04.487000+00:00,58.09999847412109,235.9100036621093,57374868.38981431
2024-06-15 05:24:04.581000+00:00,58.09999847412109,235.38999938964844,57248399.922045074
2024-06-15 05:25:04.816000+00:00,58.09999847412109,235.38999938964844,57248399.922045074
2024-06-15 05:26:05.045000+00:00,58.09999847412109,246.8099975585937,60025818.77577718
2024-06-15 05:27:04.369000+00:00,58.09999847412109,246.8099975585937,60025818.77577718
2024-06-15 05:28:04.327000+00:00,58.09999847412109,246.8500061035156,60035549.11770304
2024-06-15 05:29:04.380000+00:00,58.09999847412109,246.8500061035156,60035549.11770304
2024-06-15 05:30:04.819000+00:00,58.09999847412109,246.8500061035156,60035549.11770304
2024-06-15 05:31:04.119000+00:00,58.09999847412109,246.13999938964844,59862870.80338129
2024-06-15 05:32:04.044000+00:00,58.09999847412109,246.13999938964844,59862870.80338129
2024-06-15 05:33:04.886000+00:00,58.09999847412109,246.4100036621093,59928537.622747354
2024-06-15 05:34:04.687000+00:00,58.09999847412109,246.4100036621093,59928537.622747354
2024-06-15 05:35:04.247000+00:00,58.09999847412109,246.4100036621093,59928537.622747354
2024-06-15 05:36:04.785000+00:00,58.09999847412109,247.4600067138672,60183905.2882483
2024-06-15 05:37:04.434000+00:00,58.09999847412109,247.4600067138672,60183905.2882483
2024-06-15 05:38:04.230000+00:00,58.09999847412109,246.9499969482422,60059867.55044145
2024-06-15 05:39:05.083000+00:00,58.09999847412109,246.9499969482422,60059867.55044145
2024-06-15 05:40:05.103000+00:00,58.09999847412109,246.9499969482422,60059867.55044145
2024-06-15 05:41:05.047000+00:00,58.09999847412109,247.0500030517578,60084189.69421796
2024-06-15 05:42:04.653000+00:00,58.09999847412109,247.0500030517578,60084189.69421796
2024-06-15 05:43:04.585000+00:00,58.09999847412109,245.72999572753903,59763155.209350936
2024-06-15 05:44:04.769000+00:00,58.09999847412109,245.72999572753903,59763155.209350936
2024-06-15 05:45:05.014000+00:00,58.09999847412109,247.0200042724609,60076893.79329262
2024-06-15 05:46:04.899000+00:00,58.09999847412109,247.0200042724609,60076893.79329262
2024-06-15 05:47:04.659000+00:00,58.09999847412109,247.0200042724609,60076893.79329262
2024-06-15 05:48:04.032000+00:00,58.09999847412109,247.3500061035156,60157152.41450938
2024-06-15 05:49:04.487000+00:00,58.09999847412109,247.3500061035156,60157152.41450938
2024-06-15 05:50:05.038000+00:00,58.09999847412109,247.0200042724609,60076893.79329262
2024-06-15 05:51:04.142000+00:00,58.09999847412109,247.0200042724609,60076893.79329262
2024-06-15 05:52:04.896000+00:00,58.09999847412109,247.0200042724609,60076893.79329262
2024-06-15 05:53:04.105000+00:00,58.09999847412109,246.9499969482422,60059867.55044145
2024-06-15 05:54:04.738000+00:00,58.09999847412109,246.9499969482422,60059867.55044145
2024-06-15 05:55:05.100000+00:00,58.09999847412109,251.9199981689453,61268604.617579475
2024-06-15 05:56:04.727000+00:00,58.09999847412109,251.9199981689453,61268604.617579475
2024-06-15 05:57:04.504000+00:00,58.09999847412109,253.1199951171875,61560451.78770705
2024-06-15 05:58:04.299000+00:00,58.09999847412109,254.8500061035156,61981201.8666044
2024-06-15 05:59:04.085000+00:00,58.09999847412109,254.8500061035156,61981201.8666044
2024-06-15 06:00:05.481000+00:00,58.09999847412109,254.6300048828125,61927696.11912658
2024-06-15 06:01:04.975000+00:00,58.09999847412109,254.6300048828125,61927696.11912658
2024-06-15 06:02:04.764000+00:00,58.09999847412109,254.6000061035156,61920400.218201235
2024-06-15 06:03:04.340000+00:00,58.09999847412109,254.6000061035156,61920400.218201235
2024-06-15 06:04:04.371000+00:00,58.09999847412109,267.3399963378906,65018849.84576228
2024-06-15 06:05:04.751000+00:00,58.09999847412109,267.3399963378906,65018849.84576228
2024-06-15 06:06:05.485000+00:00,58.09999847412109,267.3399963378906,65018849.84576228
2024-06-15 06:07:04.910000+00:00,58.09999847412109,272.8500061035156,66358920.551632494
2024-06-15 06:08:04.239000+00:00,58.09999847412109,272.8500061035156,66358920.551632494
2024-06-15 06:09:04.515000+00:00,58.09999847412109,273.2699890136719,66461063.164587125
2024-06-15 06:10:04.755000+00:00,58.09999847412109,273.2699890136719,66461063.164587125
2024-06-15 06:11:04.639000+00:00,58.09999847412109,272.19000244140625,66198403.30919898
2024-06-15 06:12:04.736000+00:00,58.09999847412109,272.19000244140625,66198403.30919898
2024-06-15 06:13:04.962000+00:00,58.09999847412109,272.5199890136719,66278658.21937762
2024-06-15 06:14:05.212000+00:00,58.09999847412109,272.5199890136719,66278658.21937762
2024-06-15 06:15:04.604000+00:00,58.09999847412109,272.2699890136719,66217856.570974454
2024-06-15 06:16:04.587000+00:00,58.04999923706055,272.2699890136719,66160871.33181292
2024-06-15 06:17:04.890000+00:00,58.09999847412109,272.2699890136719,66217856.570974454
2024-06-15 06:18:04.564000+00:00,58.02000045776367,291.9200134277344,70899116.3229937
2024-06-15 06:19:04.437000+00:00,58.09999847412109,291.9200134277344,70996872.07312442
2024-06-15 06:20:04.289000+00:00,58.09999847412109,295.2799987792969,71814042.6650664
2024-06-15 06:21:05.188000+00:00,58.09999847412109,295.2799987792969,71814042.6650664
2024-06-15 06:22:04.857000+00:00,58.09999847412109,294.3599853515625,71590289.33322921
2024-06-15 06:23:04.039000+00:00,58.0099983215332,294.3599853515625,71479391.96433046
2024-06-15 06:24:04.646000+00:00,58.09999847412109,294.5,71624341.81893156
2024-06-15 06:25:04.969000+00:00,58.04999923706055,294.5,71562703.90946579
2024-06-15 06:26:04.869000+00:00,58.0,293.5899963378906,71280128.03088379
2024-06-15 06:27:04.579000+00:00,58.0,293.5899963378906,71280128.03088379
2024-06-15 06:28:04.632000+00:00,58.0,294.260009765625,71442799.25097656
2024-06-15 06:29:04.296000+00:00,58.0,294.260009765625,71442799.25097656
2024-06-15 06:30:04.713000+00:00,58.0,309.2799987792969,75089472.34362793
2024-06-15 06:31:04.328000+00:00,58.0,309.2799987792969,75089472.34362793
2024-06-15 06:32:04.434000+00:00,58.0,319.489990234375,77568335.74902344
2024-06-15 06:33:04.667000+00:00,58.0,319.42999267578125,77553769.06176758
2024-06-15 06:34:04.043000+00:00,58.0,319.42999267578125,77553769.06176758
2024-06-15 06:35:04.600000+00:00,58.0,321.0299987792969,77942231.34362793
2024-06-15 06:36:04.155000+00:00,57.900001525878906,321.0299987792969,77807850.23666316
2024-06-15 06:37:04.591000+00:00,58.0,349.989990234375,84973369.74902344
2024-06-15 06:38:04.572000+00:00,57.97999954223633,349.989990234375,84944067.91639064
2024-06-15 06:39:05.110000+00:00,58.0,349.7200012207031,84907819.65637207
2024-06-15 06:40:04.644000+00:00,57.9900016784668,350.8099975585937,85157775.24557084
2024-06-15 06:41:04.845000+00:00,58.0,350.8099975585937,85172457.68725584
2024-06-15 06:42:04.499000+00:00,57.95000076293945,375.30999755859375,91042212.50338107
2024-06-15 06:43:04.702000+00:00,57.900001525878906,375.30999755859375,90963661.3195063
2024-06-15 06:44:04.443000+00:00,57.9900016784668,381.6799926757813,92651347.61898148
2024-06-15 06:45:04.886000+00:00,57.900001525878906,380.6300048828125,92253068.33665344
2024-06-15 06:46:04.494000+00:00,57.900001525878906,380.6300048828125,92253068.33665344
2024-06-15 06:47:04.295000+00:00,57.900001525878906,380.5499877929688,92233674.64208719
2024-06-15 06:48:05.114000+00:00,57.900001525878906,389.6900024414063,94448934.56680048
2024-06-15 06:49:04.214000+00:00,57.900001525878906,389.6900024414063,94448934.56680048
2024-06-15 06:50:04.637000+00:00,57.900001525878906,413.7000122070313,100268226.38104898
2024-06-15 06:51:03.936000+00:00,57.900001525878906,414.6499938964844,100498472.87920055
2024-06-15 06:52:04.428000+00:00,57.810001373291016,414.6499938964844,100342257.3756494
2024-06-15 06:53:04.901000+00:00,57.900001525878906,443.7900085449219,107561120.93166043
2024-06-15 06:54:04.093000+00:00,57.869998931884766,448.5400085449219,108656043.08727366
2024-06-15 06:55:04.396000+00:00,57.79999923706055,448.2099914550781,108444764.56911695
2024-06-15 06:56:04.745000+00:00,57.79999923706055,448.2099914550781,108444764.56911695
2024-06-15 06:57:04.919000+00:00,57.79999923706055,449.1000061035156,108660104.32247572
2024-06-15 06:58:04.014000+00:00,57.79999923706055,472.0700073242188,114217714.42046735
2024-06-15 06:59:04.152000+00:00,57.79999923706055,474.30999755859375,114759681.84251279
2024-06-15 07:00:07.182000+00:00,57.70000076293945,484.5199890136719,117027180.43784231
2024-06-15 07:01:04.739000+00:00,57.70000076293945,484.5199890136719,117027180.43784231
2024-06-15 07:02:04.788000+00:00,57.70000076293945,509.4800109863281,123055829.53666025
2024-06-15 07:03:04.037000+00:00,57.70000076293945,508.6199951171875,122848108.0090052
2024-06-15 07:04:04.673000+00:00,57.70000076293945,531.1300048828125,128285000.26160751
2024-06-15 07:05:04.695000+00:00,57.70000076293945,542.1699829101562,130951510.47776149
2024-06-15 07:06:05.022000+00:00,57.70000076293945,542.010009765625,130912871.81171104
2024-06-15 07:07:04.235000+00:00,57.70000076293945,552.3200073242188,133403068.2369595
2024-06-15 07:08:04.788000+00:00,57.70000076293945,572.1500244140625,138192655.9540375
2024-06-15 07:09:04.105000+00:00,57.70000076293945,571.6099853515625,138062219.1294612
2024-06-15 07:10:04.292000+00:00,57.70000076293945,600.0,144919321.91619873
2024-06-15 07:11:05.095000+00:00,57.70000076293945,599.5999755859375,144822703.13813895
2024-06-15 07:12:04.520000+00:00,57.68999862670898,605.0399780273438,146111306.52928525
2024-06-15 07:13:04.875000+00:00,57.68999862670898,606.8800048828125,146555655.22964394
2024-06-15 07:14:04.541000+00:00,57.59999847412109,636.489990234375,153466388.84390393
2024-06-15 07:15:05.081000+00:00,57.59999847412109,634.25,152926296.7488365
2024-06-15 07:16:04.605000+00:00,57.59999847412109,650.989990234375,156962535.95128766
2024-06-15 07:17:04.809000+00:00,57.59999847412109,670.6400146484375,161700423.952339
2024-06-15 07:18:04.773000+00:00,57.540000915527344,685.1900024414062,165036538.4775635
2024-06-15 07:19:03.880000+00:00,57.59999847412109,705.3599853515625,170071880.8586961
2024-06-15 07:20:05.019000+00:00,57.59999847412109,705.6099853515625,170132159.25709927
2024-06-15 07:21:04.217000+00:00,57.5,723.760009765625,174205415.5505371
2024-06-15 07:22:04.244000+00:00,57.59999847412109,729.9299926757812,175996043.61972815
2024-06-15 07:23:04.416000+00:00,57.560001373291016,740.4400024414062,178406179.55513805
2024-06-15 07:24:03.975000+00:00,57.5,759.8099975585938,182882467.36236572
2024-06-15 07:25:04.955000+00:00,57.52000045776367,761.4199829101562,183333730.3265613
2024-06-15 07:26:04.598000+00:00,57.5,782.9500122070312,188452153.1881714
2024-06-15 07:27:04.600000+00:00,57.5,796.8099975585938,191788182.36236572
2024-06-15 07:28:04.737000+00:00,57.5,826.4500122070312,198922385.6881714
2024-06-15 07:29:04.626000+00:00,57.5,825.3099975585938,198647989.86236572
2024-06-15 07:30:04.450000+00:00,57.5,856.3300170898438,206114353.46343994
2024-06-15 07:31:04.475000+00:00,57.5,855.510009765625,205916981.8005371
2024-06-15 07:32:04.868000+00:00,57.5,877.1900024414062,211135247.63763428
2024-06-15 07:33:04.156000+00:00,57.5,884.0900268554688,212796049.01397705
2024-06-15 07:34:04.117000+00:00,57.5,906.3400268554688,218151512.76397705
2024-06-15 07:35:04.421000+00:00,57.5,915.0999755859376,220259988.62365726
2024-06-15 07:36:04.641000+00:00,57.43999862670898,919.3099975585938,221042420.67863694
2024-06-15 07:37:04.576000+00:00,57.400001525878906,937.010009765625,225141397.89544052
2024-06-15 07:38:04.196000+00:00,57.43000030517578,949.8699951171876,228350628.78218868
2024-06-15 07:39:04.567000+00:00,57.41999816894531,979.8599853515624,235519256.15187395
2024-06-15 07:40:04.068000+00:00,57.400001525878906,990.6400146484376,238027422.74321765
2024-06-15 07:41:04.488000+00:00,57.29999923706055,1034.47998046875,248128088.9554953
2024-06-15 07:42:04.316000+00:00,57.380001068115234,1036.6800537109375,249002965.0385057
2024-06-15 07:43:04.337000+00:00,57.400001525878906,1044.0799560546875,250867779.8218608
2024-06-15 07:44:04.687000+00:00,57.0,1093.56005859375,260925617.10058594
2024-06-15 07:45:05.234000+00:00,57.20000076293945,1081.0799560546875,258852923.26637626
2024-06-15 07:46:04.614000+00:00,57.20000076293945,1102.27001953125,263926655.18082756
2024-06-15 07:47:04.401000+00:00,55.0099983215332,1282.9599609375,295429567.49644923
2024-06-15 07:48:04.088000+00:00,56.09999847412109,1174.1700439453125,275735745.1020694
2024-06-15 07:49:04.235000+00:00,56.900001525878906,1193.6300048828125,284302860.5291126
2024-06-15 07:50:05.110000+00:00,57.09999847412109,1195.219970703125,285682186.89518005
2024-06-15 07:51:04.295000+00:00,57.20000076293945,1213.760009765625,290621729.6066158
2024-06-15 07:52:04.561000+00:00,57.20000076293945,1217.8599853515625,291603424.4940261
2024-06-15 07:53:04.389000+00:00,57.20000076293945,1237.9599609375,296416146.6325351
2024-06-15 07:54:04.959000+00:00,57.20000076293945,1232.030029296875,294996288.52551097
2024-06-15 07:55:04.718000+00:00,57.20000076293945,1259.6199951171875,301602407.957667
2024-06-15 07:56:04.704000+00:00,57.119998931884766,1278.4100341796875,305673356.187773
2024-06-15 07:57:04.657000+00:00,57.18999862670898,1285.7099609375,307795537.268914
2024-06-15 07:58:04.116000+00:00,57.150001525878906,1296.8299560546875,310240508.987247
2024-06-15 07:59:04.692000+00:00,57.09999847412109,1317.719970703125,314962209.61273223
2024-06-15 08:00:05.609000+00:00,57.09999847412109,1327.4300537109375,317283119.4172878
2024-06-15 08:01:05.119000+00:00,57.09999847412109,1335.31005859375,319166602.86204845
2024-06-15 08:02:04.597000+00:00,57.09999847412109,1353.3800048828125,323485692.15060925
2024-06-15 08:03:04.230000+00:00,57.09999847412109,1375.0699462890625,328670034.82095516
2024-06-15 08:04:04.350000+00:00,57.04999923706055,1371.949951171875,327637146.9927441
2024-06-15 08:05:04.286000+00:00,57.0,1392.1099853515625,332160226.7248535
2024-06-15 08:06:04.979000+00:00,57.0,1405.1500244140625,335271606.12524414
2024-06-15 08:07:04.041000+00:00,56.900001525878906,1415.0999755859375,337053332.5636848
2024-06-15 08:08:04.067000+00:00,56.900001525878906,1424.050048828125,339185091.4959251
2024-06-15 08:09:04.099000+00:00,56.900001525878906,1446.93994140625,344637084.082023
2024-06-15 08:10:04.170000+00:00,56.900001525878906,1445.780029296875,344360812.26470214
2024-06-15 08:11:04.342000+00:00,56.880001068115234,1452.780029296875,345906466.5815455
2024-06-15 08:12:04.133000+00:00,56.79999923706055,1449.280029296875,344587771.68125135
2024-06-15 08:13:04.354000+00:00,56.79999923706055,1444.6199951171875,343479779.6014074
2024-06-15 08:14:04.098000+00:00,56.79999923706055,1452.780029296875,345419948.4700735
2024-06-15 08:15:04.666000+00:00,56.79999923706055,1449.280029296875,344587771.68125135
2024-06-15 08:16:04.834000+00:00,56.79999923706055,1450.43994140625,344863557.9482501
2024-06-15 08:17:04.404000+00:00,56.79999923706055,1448.1099853515625,344309576.42033964
2024-06-15 08:18:04.585000+00:00,56.790000915527344,1459.8499755859375,347039833.7499426
2024-06-15 08:19:03.978000+00:00,56.709999084472656,1451.6099853515625,344594872.7360894
2024-06-15 08:20:04.446000+00:00,56.77000045776367,1453.9599609375,345517913.8144942
2024-06-15 08:21:04.324000+00:00,56.790000915527344,1452.780029296875,345359145.30536973
2024-06-15 08:22:04.099000+00:00,56.70000076293945,1452.780029296875,344811824.02919406
2024-06-15 08:23:04.207000+00:00,56.70000076293945,1450.43994140625,344256413.0532147
2024-06-15 08:24:04.669000+00:00,56.70000076293945,1453.9599609375,345091876.32412446
2024-06-15 08:25:04.484000+00:00,56.70000076293945,1451.6099853515625,344534118.5412044
2024-06-15 08:26:04.738000+00:00,56.70000076293945,1453.9599609375,345091876.32412446
2024-06-15 08:27:04.320000+00:00,56.70000076293945,1457.489990234375,345929715.3749001
2024-06-15 08:28:04.937000+00:00,56.59999847412109,1456.27001953125,345030551.37781626
2024-06-15 08:29:04.059000+00:00,56.70000076293945,1455.1300048828125,345369581.8121141
2024-06-15 08:30:04.835000+00:00,56.59999847412109,1451.6099853515625,343926460.6934701
2024-06-15 08:31:05.134000+00:00,56.59999847412109,1451.6099853515625,343926460.6934701
2024-06-15 08:32:04.119000+00:00,56.59999847412109,1455.1300048828125,344760450.4504788
2024-06-15 08:33:04.744000+00:00,56.58000183105469,1452.780029296875,344082070.06044656
2024-06-15 08:34:04.304000+00:00,56.59000015258789,1451.6099853515625,343865706.4985851
2024-06-15 08:35:04.281000+00:00,56.5,1453.9599609375,343874616.4013672
2024-06-15 08:36:04.458000+00:00,56.5,1455.1300048828125,344151342.3248291
2024-06-15 08:37:04.618000+00:00,56.5,1455.1300048828125,344151342.3248291
2024-06-15 08:38:04.154000+00:00,56.5,1453.9599609375,343874616.4013672
2024-06-15 08:39:04.719000+00:00,56.5,1456.31005859375,344430435.6479492
2024-06-15 08:40:04.800000+00:00,56.5,1453.9599609375,343874616.4013672
2024-06-15 08:41:04.279000+00:00,56.40999984741211,1452.7900390625,343050594.3013716
2024-06-15 08:42:04.557000+00:00,56.400001525878906,1453.9599609375,343265998.04863954
2024-06-15 08:43:04.495000+00:00,56.400001525878906,1452.7900390625,342989790.71772933
2024-06-15 08:44:04.591000+00:00,56.400001525878906,1453.9599609375,343265998.04863954
2024-06-15 08:45:04.306000+00:00,56.400001525878906,1456.31005859375,343820833.5593535
2024-06-15 08:46:04.377000+00:00,56.400001525878906,1457.489990234375,344099404.0998979
2024-06-15 08:47:04.016000+00:00,56.0,1459.9300537109375,342230963.4707031
2024-06-15 08:48:04.238000+00:00,56.29999923706055,1456.31005859375,343211208.21592873
2024-06-15 08:49:04.150000+00:00,56.29999923706055,1453.9599609375,342657356.4786099
2024-06-15 08:50:04.701000+00:00,56.29999923706055,1450.43994140625,341827787.15088683
2024-06-15 08:51:04.150000+00:00,56.29999923706055,1450.43994140625,341827787.15088683
2024-06-15 08:52:04.570000+00:00,56.29999923706055,1453.9599609375,342657356.4786099
2024-06-15 08:53:04.758000+00:00,56.29999923706055,1455.1300048828125,342933102.8375441
2024-06-15 08:54:04.822000+00:00,56.29999923706055,1450.43994140625,341827787.15088683
2024-06-15 08:55:05.246000+00:00,56.209999084472656,1449.280029296875,341008425.8959929
2024-06-15 08:56:04.628000+00:00,56.29999923706055,1452.7900390625,342381638.88820565
2024-06-15 08:57:05.364000+00:00,56.2599983215332,1450.43994140625,341584919.92843544
2024-06-15 08:58:04.788000+00:00,56.20000076293945,1451.6099853515625,341495898.8418636
2024-06-15 08:59:04.819000+00:00,55.59999847412109,1505.02001953125,350280757.76467615
2024-06-15 09:00:08.315000+00:00,56.20000076293945,1452.7900390625,341773510.25730217
2024-06-15 09:01:05.431000+00:00,56.20000076293945,1455.1300048828125,342323994.7118944
2024-06-15 09:02:04.044000+00:00,56.20000076293945,1451.6099853515625,341495898.8418636
2024-06-15 09:03:04.590000+00:00,56.20000076293945,1449.280029296875,340947769.2166979
2024-06-15 09:04:04.971000+00:00,56.11000061035156,1492.5400390625,350562524.59659946
2024-06-15 09:05:04.555000+00:00,53.0,1640.3599853515625,363926985.63012695
2024-06-15 09:06:05.516000+00:00,55.79999923706055,1465.800048828125,342379811.76394117
2024-06-15 09:07:04.193000+00:00,56.0,1463.4200439453125,343049073.0214844
2024-06-15 09:08:04.993000+00:00,56.0,1456.31005859375,341382378.6953125
2024-06-15 09:09:04.195000+00:00,56.09999847412109,1451.6099853515625,340888240.9941293
2024-06-15 09:10:04.817000+00:00,56.0,1521.56005859375,356678022.6953125
2024-06-15 09:11:04.356000+00:00,50.810001373291016,0.0,0.0
2024-06-15 09:12:04.839000+00:00,50.20000076293945,0.0,0.0
2024-06-15 09:13:04.772000+00:00,49.900001525878906,0.0,0.0
2024-06-15 09:14:05.042000+00:00,50.0,0.0,0.0
2024-06-15 09:15:05.265000+00:00,50.27000045776367,0.0,0.0
2024-06-15 09:16:04.695000+00:00,55.59999847412109,1483.9200439453125,345369915.8216166
2024-06-15 09:17:05.218000+00:00,55.79999923706055,1480.260009765625,345757352.041589
2024-06-15 09:18:04.848000+00:00,55.79999923706055,1466.1700439453125,342466234.77823806
2024-06-15 09:19:04.328000+00:00,55.79999923706055,1462.22998046875,341545919.492042
2024-06-15 09:20:04.687000+00:00,55.79999923706055,1458.6700439453125,340714393.80219054
2024-06-15 09:21:04.867000+00:00,55.790000915527344,1451.6099853515625,339004559.61559516
2024-06-15 09:22:04.745000+00:00,55.59999847412109,1453.9599609375,338396958.35761046
2024-06-15 09:23:04.350000+00:00,55.5,1452.780029296875,337514214.7463379
2024-06-15 09:24:04.517000+00:00,55.5,1453.9599609375,337788340.0048828
2024-06-15 09:25:04.562000+00:00,55.5,1452.780029296875,337514214.7463379
2024-06-15 09:26:05.255000+00:00,54.83000183105469,1531.9100341796875,351601521.09244275
2024-06-15 09:27:04.586000+00:00,55.400001525878906,1455.1300048828125,337451059.99873996
2024-06-15 09:28:04.954000+00:00,55.400001525878906,1452.780029296875,336906090.30545837
2024-06-15 09:29:04.224000+00:00,55.400001525878906,1450.43994140625,336363413.61228883
2024-06-15 09:30:05.258000+00:00,55.5,1449.280029296875,336701084.2463379
2024-06-15 09:31:05.064000+00:00,55.5,1450.43994140625,336970558.5073242
2024-06-15 09:32:04.609000+00:00,55.5,1446.949951171875,336159753.5061035
2024-06-15 09:33:04.520000+00:00,55.59999847412109,1450.43994140625,337577703.4023596
2024-06-15 09:34:04.482000+00:00,55.61000061035156,1450.43994140625,337638431.788519
2024-06-15 09:35:04.871000+00:00,55.5,1529.31005859375,355293900.7426758
2024-06-15 09:36:04.655000+00:00,55.70000076293945,1452.7900390625,338732820.70554435
2024-06-15 09:37:04.635000+00:00,55.79999923706055,1452.780029296875,339338611.2674368
2024-06-15 09:38:04.070000+00:00,55.900001525878906,1451.6099853515625,339672971.6582144
2024-06-15 09:39:04.521000+00:00,56.09999847412109,1448.1099853515625,340066319.91648495
2024-06-15 09:40:04.432000+00:00,56.04999923706055,1444.6199951171875,338944395.126737
2024-06-15 09:41:04.726000+00:00,56.09999847412109,1448.1099853515625,340066319.91648495
2024-06-15 09:42:04.882000+00:00,56.29999923706055,1452.780029296875,342379279.86875516
2024-06-15 09:43:04.116000+00:00,56.29999923706055,1446.949951171875,341005294.88151515
2024-06-15 09:44:03.977000+00:00,56.400001525878906,1446.949951171875,341611001.994294
2024-06-15 09:45:04.146000+00:00,56.40999984741211,1444.6199951171875,341121383.3654841
2024-06-15 09:46:04.134000+00:00,56.5,1449.27001953125,342765403.0493164
2024-06-15 09:47:04.244000+00:00,56.540000915527344,1446.949951171875,342458968.84682053
2024-06-15 09:48:04.507000+00:00,56.59999847412109,1449.27001953125,343372058.22252756
2024-06-15 09:49:04.780000+00:00,56.59999847412109,1450.43994140625,343649244.99708617
2024-06-15 09:50:05.015000+00:00,56.59000015258789,1451.6099853515625,343865706.4985851
2024-06-15 09:51:04.095000+00:00,56.400001525878906,1450.43994140625,342434955.2070154
2024-06-15 09:52:04.663000+00:00,56.400001525878906,1449.280029296875,342161111.08573943
2024-06-15 09:53:04.538000+00:00,56.29999923706055,1453.9599609375,342657356.4786099
2024-06-15 09:54:04.670000+00:00,56.209999084472656,1450.43994140625,341281347.48091775
2024-06-15 09:55:04.175000+00:00,56.20000076293945,1450.43994140625,341220642.25585145
2024-06-15 09:56:04.694000+00:00,56.09999847412109,1450.43994140625,340613474.1997229
2024-06-15 09:57:04.853000+00:00,56.09999847412109,1444.6199951171875,339246749.4780833
2024-06-15 09:58:04.523000+00:00,56.09999847412109,1446.93994140625,339791553.12207854
2024-06-15 09:59:04.436000+00:00,56.0099983215332,1445.780029296875,338974481.5415425
2024-06-15 10:00:06.537000+00:00,56.0,1449.280029296875,339734427.34765625
2024-06-15 10:01:04.721000+00:00,56.0,1445.780029296875,338913971.34765625
2024-06-15 10:02:03.907000+00:00,56.0,1445.780029296875,338913971.34765625
2024-06-15 10:03:04.157000+00:00,50.22999954223633,0.0,0.0
2024-06-15 10:04:04.246000+00:00,55.20000076293945,1442.31005859375,333270551.37734824
2024-06-15 10:05:04.013000+00:00,55.70000076293945,1445.780029296875,337098365.4042017
2024-06-15 10:06:05.452000+00:00,55.70000076293945,1463.4100341796875,341208980.9249835
2024-06-15 10:07:04.887000+00:00,55.70000076293945,1449.280029296875,337914426.1153795
2024-06-15 10:08:04.097000+00:00,54.43999862670898,1814.52001953125,413503408.4167524
2024-06-15 10:09:04.158000+00:00,54.400001525878906,1505.02001953125,342720760.42868316
2024-06-15 10:10:04.322000+00:00,55.59999847412109,1456.31005859375,338943923.83127147
2024-06-15 10:11:04.977000+00:00,55.70000076293945,1448.1099853515625,337641618.4313449
2024-06-15 10:12:04.789000+00:00,55.70000076293945,1448.1099853515625,337641618.4313449
2024-06-15 10:13:04.327000+00:00,55.70000076293945,1442.31005859375,336289306.32998496
2024-06-15 10:14:05.096000+00:00,55.70000076293945,1448.1099853515625,337641618.4313449
2024-06-15 10:15:05.204000+00:00,55.70000076293945,1448.1099853515625,337641618.4313449
2024-06-15 10:16:04.469000+00:00,55.70000076293945,1458.6700439453125,340103803.83880067
2024-06-15 10:17:04.393000+00:00,55.70000076293945,1450.43994140625,338184871.45848817
2024-06-15 10:18:04.724000+00:00,54.5099983215332,1493.780029296875,340849013.6803364
2024-06-15 10:19:04.665000+00:00,53.5,1592.9100341796875,356733795.0645752
2024-06-15 10:20:04.391000+00:00,54.70000076293945,1501.25,343747522.5444889
2024-06-15 10:21:04.762000+00:00,55.400001525878906,1450.43994140625,336363413.61228883
2024-06-15 10:22:04.092000+00:00,54.900001525878906,1515.1500244140625,348198757.99839175
2024-06-15 10:23:04.898000+00:00,55.400001525878906,1451.6099853515625,336634751.95887357
2024-06-15 10:24:04.176000+00:00,55.400001525878906,1446.93994140625,335551748.1899332
2024-06-15 10:25:04.373000+00:00,55.400001525878906,1442.31005859375,334478057.9646574
2024-06-15 10:26:04.851000+00:00,55.400001525878906,1444.6199951171875,335013742.4229176
2024-06-15 10:27:04.388000+00:00,55.400001525878906,1450.43994140625,336363413.61228883
2024-06-15 10:28:04.570000+00:00,55.400001525878906,1441.1500244140625,334209040.926828
2024-06-15 10:29:04.417000+00:00,55.400001525878906,1441.1500244140625,334209040.926828
2024-06-15 10:30:04.526000+00:00,55.400001525878906,1441.1500244140625,334209040.926828
2024-06-15 10:31:04.349000+00:00,55.400001525878906,1461.0400390625,338821622.96690917
2024-06-15 10:32:04.541000+00:00,55.29999923706055,1448.1099853515625,335216893.8223172
2024-06-15 10:33:04.396000+00:00,55.29999923706055,1440.0,333339547.40112305
2024-06-15 10:34:04.992000+00:00,55.20000076293945,1446.93994140625,334340365.44994706
2024-06-15 10:35:04.254000+00:00,55.20000076293945,1442.31005859375,333270551.37734824
2024-06-15 10:36:04.634000+00:00,54.79999923706055,1451.6099853515625,332988874.41179854
2024-06-15 10:37:04.572000+00:00,55.09999847412109,1448.1099853515625,334004531.5178033
2024-06-15 10:38:04.837000+00:00,52.13999938964844,0.0,0.0
2024-06-15 10:39:05.055000+00:00,54.900001525878906,1446.949951171875,332525603.2508858
2024-06-15 10:40:04.836000+00:00,55.0,1445.5899658203125,332818177.83081055
2024-06-15 10:41:04.859000+00:00,55.0,1441.1500244140625,331795970.1208496
2024-06-15 10:42:04.552000+00:00,55.0,1438.8499755859375,331266429.8791504
2024-06-15 10:43:04.492000+00:00,55.0,1437.699951171875,331001659.7583008
2024-06-15 10:44:04.014000+00:00,53.77000045776367,1442.31005859375,324636910.3703054
2024-06-15 10:45:04.580000+00:00,53.9900016784668,1518.989990234375,343294999.1040657
2024-06-15 10:46:03.878000+00:00,54.4900016784668,1480.260009765625,337640124.5642902
2024-06-15 10:47:04.098000+00:00,54.900001525878906,1438.8499755859375,330664136.4697784
2024-06-15 10:48:04.631000+00:00,54.9900016784668,1436.550048828125,330676793.849945
2024-06-15 10:49:04.202000+00:00,54.900001525878906,1441.1500244140625,331192713.9257294
2024-06-15 10:50:04.795000+00:00,54.900001525878906,1437.699951171875,330399847.741803
2024-06-15 10:51:04.346000+00:00,55.0,1434.260009765625,330209682.04833984
2024-06-15 10:52:04.580000+00:00,54.90999984741211,1437.699951171875,330460019.76039004
2024-06-15 10:53:04.616000+00:00,54.70000076293945,1441.1500244140625,329986178.5227402
2024-06-15 10:54:04.620000+00:00,54.900001525878906,1435.4100341796875,329873598.69731814
2024-06-15 10:55:04.673000+00:00,54.900001525878906,1445.780029296875,332256741.8594287
2024-06-15 10:56:04.544000+00:00,54.79999923706055,1438.8499755859375,330061820.0843857
2024-06-15 10:57:04.870000+00:00,54.79999923706055,1438.8499755859375,330061820.0843857
2024-06-15 10:58:04.762000+00:00,54.79999923706055,1445.780029296875,331651524.48715574
2024-06-15 10:59:03.931000+00:00,54.70000076293945,1438.8499755859375,329459526.6750137
2024-06-15 11:00:07.046000+00:00,54.70000076293945,1442.31005859375,330251796.4247115
2024-06-15 11:01:05.190000+00:00,54.70000076293945,1436.550048828125,328932902.77823985
2024-06-15 11:02:04.938000+00:00,54.70000076293945,1441.1500244140625,329986178.5227402
2024-06-15 11:03:04.508000+00:00,54.70000076293945,1444.6199951171875,330780712.29959357
2024-06-15 11:04:04.420000+00:00,54.70000076293945,1445.780029296875,331046330.20156497
2024-06-15 11:05:04.618000+00:00,54.70000076293945,1442.31005859375,330251796.4247115
2024-06-15 11:06:05.229000+00:00,54.68000030517578,1444.6199951171875,330659765.94542336
2024-06-15 11:07:04.468000+00:00,54.59999847412109,1445.780029296875,330441112.82929194
2024-06-15 11:08:04.170000+00:00,54.59999847412109,1443.4599609375,329910848.22819304
2024-06-15 11:09:03.996000+00:00,54.59999847412109,1444.6199951171875,330175980.5287425
2024-06-15 11:10:05.073000+00:00,54.59999847412109,1446.93994140625,330706217.2299887
2024-06-15 11:11:04.187000+00:00,54.119998931884766,1449.27001953125,328326783.1312576
2024-06-15 11:12:04.745000+00:00,54.400001525878906,1445.260009765625,329112306.2391638
2024-06-15 11:13:05.092000+00:00,54.470001220703125,1444.6199951171875,329389863.82887363
2024-06-15 11:14:05.044000+00:00,54.400001525878906,1442.31005859375,328440548.059384
2024-06-15 11:15:04.717000+00:00,54.400001525878906,1443.4599609375,328702401.98860383
2024-06-15 11:16:04.453000+00:00,50.0099983215332,0.0,0.0
2024-06-15 11:17:04.840000+00:00,54.29999923706055,1437.699951171875,326788906.7698456
2024-06-15 11:18:04.669000+00:00,54.400001525878906,1443.4599609375,328702401.98860383
2024-06-15 11:19:04.524000+00:00,54.29999923706055,1441.1500244140625,327573107.71676177
2024-06-15 11:20:05.002000+00:00,54.29999923706055,1444.6199951171875,328361831.35250604
2024-06-15 11:21:04.018000+00:00,53.900001525878906,1534.530029296875,346228961.47366744
2024-06-15 11:22:04.403000+00:00,50.70000076293945,0.0,0.0
2024-06-15 11:23:04.916000+00:00,54.5,1436.550048828125,327730218.48950195
2024-06-15 11:24:04.727000+00:00,54.59000015258789,1442.31005859375,329587666.6501278
2024-06-15 11:25:04.659000+00:00,54.59999847412109,1445.780029296875,330441112.82929194
2024-06-15 11:26:05.080000+00:00,55.0,1445.780029296875,332861936.14501953
2024-06-15 11:27:04.431000+00:00,55.9900016784668,1464.6099853515625,343266716.04262567
2024-06-15 11:28:04.751000+00:00,56.5,1444.6199951171875,341665630.4251709
2024-06-15 11:29:04.322000+00:00,54.9900016784668,1534.530029296875,353230623.9996963
2024-06-15 11:30:04.973000+00:00,56.29999923706055,1542.3499755859375,363488390.0505455
2024-06-15 11:31:04.479000+00:00,56.5,1437.699951171875,340028977.751709
2024-06-15 11:32:03.960000+00:00,57.20000076293945,1438.8499755859375,344517091.66952056
2024-06-15 11:33:04.288000+00:00,57.70000076293945,1442.31005859375,348364326.14053184
2024-06-15 11:34:04.151000+00:00,57.79999923706055,1436.550048828125,347574428.9661449
2024-06-15 11:35:04.067000+00:00,57.70000076293945,1438.8499755859375,347528604.6684219
2024-06-15 11:36:04.175000+00:00,57.59999847412109,1436.550048828125,346371744.677407
2024-06-15 11:37:04.507000+00:00,57.70000076293945,1435.4100341796875,346697748.04171324
2024-06-15 11:38:05.027000+00:00,57.900001525878906,1438.8499755859375,348733214.4631866
2024-06-15 11:39:05.397000+00:00,57.900001525878906,1429.7099609375,346517954.53847337
2024-06-15 11:40:04.540000+00:00,57.70000076293945,1433.1199951171875,346144629.86154807
2024-06-15 11:41:04.440000+00:00,57.70000076293945,1431.97998046875,345869279.6118379
2024-06-15 11:42:05.139000+00:00,57.59999847412109,1434.260009765625,345819585.12953424
2024-06-15 11:43:04.315000+00:00,57.70000076293945,1436.550048828125,346973098.29142344
2024-06-15 11:44:04.156000+00:00,58.0,1435.4100341796875,348500331.37841797
2024-06-15 11:45:04.734000+00:00,58.29999923706055,1433.1199951171875,349744044.8874754
2024-06-15 11:46:04.042000+00:00,58.790000915527344,1440.0,354376719.11865234
2024-06-15 11:47:04.651000+00:00,59.0,1443.4599609375,356497080.3925781
2024-06-15 11:48:04.458000+00:00,59.29999923706055,1437.699951171875,356879966.74787295
2024-06-15 11:49:04.244000+00:00,59.5,1449.27001953125,360965335.95458984
2024-06-15 11:50:04.736000+00:00,59.59999847412109,1442.31005859375,359835581.1417878
2024-06-15 11:51:04.595000+00:00,59.59999847412109,1437.699951171875,358685425.7550232
2024-06-15 11:52:04.653000+00:00,59.59999847412109,1444.6199951171875,360411877.0265452
2024-06-15 11:53:04.671000+00:00,59.70000076293945,1440.0,359862052.59887695
2024-06-15 11:54:04.435000+00:00,59.70000076293945,1443.4599609375,360726711.3800441
2024-06-15 11:55:04.522000+00:00,59.70000076293945,1436.550048828125,358999895.3002125
2024-06-15 11:56:04.161000+00:00,59.709999084472656,1429.7099609375,357350366.1998652
2024-06-15 11:57:04.643000+00:00,59.70000076293945,1419.56005859375,354754025.32842284
2024-06-15 11:58:04.485000+00:00,59.70000076293945,1405.1500244140625,351152897.2187546
2024-06-15 11:59:04.514000+00:00,59.59999847412109,1381.4300537109375,344646896.984457
2024-06-15 12:00:07.339000+00:00,59.70000076293945,1366.739990234375,341554068.2324383
2024-06-15 12:01:04.635000+00:00,59.7599983215332,1358.489990234375,339833543.01864165
2024-06-15 12:02:04.264000+00:00,60.0,1315.7900390625,330473826.2109375
2024-06-15 12:03:04.144000+00:00,60.18999862670898,1264.050048828125,318484152.5629935
2024-06-15 12:04:04.671000+00:00,60.5,1200.0,303903600.0
2024-06-15 12:05:05.144000+00:00,61.0,1136.3599853515625,290164976.8195801
2024-06-15 12:06:05.382000+00:00,61.09999847412109,1096.8900146484375,280545628.8343542
2024-06-15 12:07:04.564000+00:00,61.29999923706055,1029.1600341796875,264084313.9717774
2024-06-15 12:08:04.239000+00:00,61.20000076293945,963.0800170898438,246724923.70988536
2024-06-15 12:09:04.239000+00:00,61.20000076293945,932.6400146484376,238926706.379223
2024-06-15 12:10:04.518000+00:00,61.09999847412109,853.489990234375,218292520.50477734
2024-06-15 12:11:04.717000+00:00,61.02000045776367,825.6900024414062,210905767.71259385
2024-06-15 12:12:04.664000+00:00,60.9900016784668,781.5900268554688,199543175.13041234
2024-06-15 12:13:05.365000+00:00,60.900001525878906,729.0399780273438,185852270.75118613
2024-06-15 12:14:04.854000+00:00,60.79999923706055,682.7100219726562,173755706.25988758
2024-06-15 12:15:05.497000+00:00,60.59999847412109,637.6699829101562,161758760.76378393
2024-06-15 12:16:04.945000+00:00,60.59999847412109,578.4099731445312,146726179.6490354
2024-06-15 12:17:04.595000+00:00,60.5,530.0399780273438,134234214.5553589
2024-06-15 12:18:05.062000+00:00,60.400001525878906,496.4100036621094,125509528.6006413
2024-06-15 12:19:04.195000+00:00,60.29999923706055,434.989990234375,109798344.98778984
2024-06-15 12:20:04.491000+00:00,60.20000076293945,434.989990234375,109616260.95630196
2024-06-15 12:21:04.658000+00:00,60.16999816894531,383.4700012207031,96585207.48964156
2024-06-15 12:22:04.498000+00:00,60.20000076293945,375.80999755859375,94703068.31698352
2024-06-15 12:23:04.481000+00:00,60.20000076293945,322.70001220703125,81319500.54673329
2024-06-15 12:24:04.895000+00:00,60.18999862670898,322.70001220703125,81305989.43855464
2024-06-15 12:25:04.202000+00:00,60.09999847412109,249.33999633789065,62728605.610075034
2024-06-15 12:26:04.957000+00:00,60.0,249.33999633789065,62624233.48022462
2024-06-15 12:27:04.883000+00:00,59.900001525878906,249.33999633789065,62519861.35037419
2024-06-15 12:28:04.921000+00:00,59.900001525878906,179.77000427246094,45075783.69753302
2024-06-15 12:29:04.051000+00:00,59.79999923706055,179.77000427246094,45000530.2513693
2024-06-15 12:30:04.964000+00:00,59.59999847412109,179.77000427246094,44850026.2296673
2024-06-15 12:31:04.273000+00:00,59.5,179.77000427246094,44774775.65412903
2024-06-15 12:32:04.771000+00:00,59.4900016784668,150.58999633789062,37500695.97869735
2024-06-15 12:33:04.645000+00:00,59.29999923706055,120.72000122070312,29966301.373475704
2024-06-15 12:34:04.221000+00:00,59.18999862670898,0.0,0.0
2024-06-15 12:35:04.246000+00:00,59.0,0.0,0.0
2024-06-15 12:36:04.493000+00:00,58.900001525878906,0.0,0.0
2024-06-15 12:37:04.454000+00:00,58.70000076293945,0.0,0.0
2024-06-15 12:38:04.413000+00:00,58.59999847412109,0.0,0.0
2024-06-15 12:39:05.231000+00:00,58.59999847412109,0.0,0.0
2024-06-15 12:40:04.623000+00:00,58.5,0.0,0.0
2024-06-15 12:41:05.003000+00:00,58.5,0.0,0.0
2024-06-15 12:42:04.313000+00:00,58.5,0.0,0.0
2024-06-15 12:43:04.370000+00:00,58.5,0.0,0.0
2024-06-15 12:44:04.634000+00:00,54.18999862670898,0.0,0.0
2024-06-15 12:45:04.204000+00:00,54.81999969482422,0.0,0.0
2024-06-15 12:46:03.989000+00:00,55.22999954223633,0.0,0.0
2024-06-15 12:47:04.010000+00:00,56.59999847412109,0.0,0.0
2024-06-15 12:48:04.299000+00:00,57.70000076293945,0.0,0.0
2024-06-15 12:49:04.369000+00:00,58.4900016784668,0.0,0.0
2024-06-15 12:50:04.650000+00:00,59.0,0.0,0.0
2024-06-15 12:51:03.956000+00:00,59.20000076293945,0.0,0.0
2024-06-15 12:52:05.198000+00:00,59.400001525878906,0.0,0.0
2024-06-15 12:53:04.550000+00:00,59.40999984741211,0.0,0.0
2024-06-15 12:54:04.686000+00:00,59.400001525878906,0.0,0.0
2024-06-15 12:55:05.055000+00:00,59.29999923706055,0.0,0.0
2024-06-15 12:56:04.540000+00:00,59.20000076293945,0.0,0.0
2024-06-15 12:57:04.788000+00:00,59.09999847412109,0.0,0.0
2024-06-15 12:58:04.238000+00:00,59.0,0.0,0.0
2024-06-15 12:59:05.015000+00:00,58.900001525878906,0.0,0.0
2024-06-15 13:00:06.810000+00:00,58.79999923706055,0.0,0.0
2024-06-15 13:01:04.627000+00:00,58.59999847412109,0.0,0.0
2024-06-15 13:02:04.226000+00:00,58.5,0.0,0.0
2024-06-15 13:03:04.354000+00:00,58.29999923706055,0.0,0.0
2024-06-15 13:04:04.545000+00:00,58.20000076293945,0.0,0.0
2024-06-15 13:05:04.236000+00:00,58.09999847412109,0.0,0.0
2024-06-15 13:06:05.762000+00:00,58.09999847412109,0.0,0.0
2024-06-15 13:07:04.408000+00:00,57.900001525878906,0.0,0.0
2024-06-15 13:08:04.325000+00:00,57.900001525878906,0.0,0.0
2024-06-15 13:09:04.685000+00:00,57.79999923706055,0.0,0.0
2024-06-15 13:10:04.813000+00:00,57.70000076293945,0.0,0.0
2024-06-15 13:11:04.622000+00:00,57.59999847412109,0.0,0.0
2024-06-15 13:12:05.005000+00:00,57.59999847412109,0.0,0.0
2024-06-15 13:13:04.564000+00:00,57.59999847412109,0.0,0.0
2024-06-15 13:14:04.691000+00:00,57.70000076293945,0.0,0.0
2024-06-15 13:15:05.654000+00:00,57.79999923706055,0.0,0.0
2024-06-15 13:16:04.540000+00:00,57.86000061035156,0.0,0.0
2024-06-15 13:17:04.818000+00:00,57.91999816894531,0.0,0.0
2024-06-15 13:18:05.172000+00:00,58.09999847412109,0.0,0.0
2024-06-15 13:19:04.031000+00:00,58.20000076293945,0.0,0.0
2024-06-15 13:20:04.932000+00:00,58.29999923706055,0.0,0.0
2024-06-15 13:21:04.853000+00:00,58.29999923706055,0.0,0.0
2024-06-15 13:22:04.698000+00:00,58.29999923706055,0.0,0.0
2024-06-15 13:23:04.303000+00:00,58.400001525878906,0.0,0.0
2024-06-15 13:24:04.383000+00:00,58.5,0.0,0.0
2024-06-15 13:25:04.455000+00:00,58.59999847412109,0.0,0.0
2024-06-15 13:26:04.401000+00:00,58.59999847412109,0.0,0.0
2024-06-15 13:27:04.646000+00:00,58.70000076293945,0.0,0.0
2024-06-15 13:28:04.877000+00:00,58.70000076293945,0.0,0.0
2024-06-15 13:29:04.620000+00:00,58.59999847412109,0.0,0.0
2024-06-15 13:30:05.708000+00:00,58.59999847412109,0.0,0.0
2024-06-15 13:31:04.876000+00:00,48.79999923706055,0.0,0.0
2024-06-15 13:32:05.060000+00:00,40.20000076293945,0.0,0.0
2024-06-15 13:33:04.251000+00:00,49.18000030517578,0.0,0.0
2024-06-15 13:34:04.323000+00:00,55.90999984741211,0.0,0.0
2024-06-15 13:35:04.679000+00:00,51.18000030517578,0.0,0.0
2024-06-15 13:36:04.721000+00:00,49.09999847412109,0.0,0.0
2024-06-15 13:37:04.156000+00:00,49.060001373291016,0.0,0.0
2024-06-15 13:38:04.514000+00:00,52.290000915527344,0.0,0.0
2024-06-15 13:39:04.767000+00:00,57.88999938964844,0.0,0.0
2024-06-15 13:40:04.598000+00:00,56.459999084472656,0.0,0.0
2024-06-15 13:41:04.575000+00:00,54.060001373291016,0.0,0.0
2024-06-15 13:42:05.273000+00:00,53.0,0.0,0.0
2024-06-15 13:43:04.560000+00:00,56.27999877929688,0.0,0.0
2024-06-15 13:44:04.497000+00:00,59.20000076293945,0.0,0.0
2024-06-15 13:45:04.960000+00:00,56.27999877929688,0.0,0.0
2024-06-15 13:46:04+00:00,58.0,0.0,0.0
2024-06-15 13:47:04.079000+00:00,56.18999862670898,0.0,0.0
2024-06-15 13:48:04.320000+00:00,55.220001220703125,0.0,0.0
2024-06-15 13:49:04.521000+00:00,55.59999847412109,0.0,0.0
2024-06-15 13:50:04.969000+00:00,58.0,0.0,0.0
2024-06-15 13:51:04.807000+00:00,59.70000076293945,0.0,0.0
2024-06-15 13:52:04.744000+00:00,60.400001525878906,0.0,0.0
2024-06-15 13:53:04.634000+00:00,60.79999923706055,0.0,0.0
2024-06-15 13:54:04.719000+00:00,60.900001525878906,0.0,0.0
2024-06-15 13:55:04.633000+00:00,60.459999084472656,0.0,0.0
2024-06-15 13:56:04.828000+00:00,60.5,0.0,0.0
2024-06-15 13:57:04.138000+00:00,60.29999923706055,0.0,0.0
2024-06-15 13:58:04.107000+00:00,60.20000076293945,0.0,0.0
2024-06-15 13:59:04.378000+00:00,60.20000076293945,0.0,0.0
2024-06-15 14:00:05.586000+00:00,60.0,0.0,0.0
2024-06-15 14:01:04.641000+00:00,59.900001525878906,0.0,0.0
2024-06-15 14:02:04.880000+00:00,59.79999923706055,0.0,0.0
2024-06-15 14:03:04.804000+00:00,59.68999862670898,0.0,0.0
2024-06-15 14:04:04.550000+00:00,59.5,0.0,0.0
2024-06-15 14:05:05.144000+00:00,59.29999923706055,0.0,0.0
2024-06-15 14:06:05.033000+00:00,59.20000076293945,0.0,0.0
2024-06-15 14:07:04.309000+00:00,59.0,0.0,0.0
2024-06-15 14:08:04.493000+00:00,58.79999923706055,0.0,0.0
2024-06-15 14:09:04.509000+00:00,58.70000076293945,0.0,0.0
2024-06-15 14:10:04.986000+00:00,58.29999923706055,0.0,0.0
2024-06-15 14:11:04.370000+00:00,58.09999847412109,0.0,0.0
2024-06-15 14:12:04.965000+00:00,58.0,0.0,0.0
2024-06-15 14:13:04.898000+00:00,57.79999923706055,0.0,0.0
2024-06-15 14:14:04.727000+00:00,57.70000076293945,0.0,0.0
2024-06-15 14:15:05.171000+00:00,56.900001525878906,0.0,0.0
2024-06-15 14:16:04.412000+00:00,56.900001525878906,0.0,0.0
2024-06-15 14:17:04.319000+00:00,57.0,0.0,0.0
2024-06-15 14:18:04.480000+00:00,57.0,0.0,0.0
2024-06-15 14:19:04.856000+00:00,57.09999847412109,0.0,0.0
2024-06-15 14:20:04.448000+00:00,57.29999923706055,0.0,0.0
2024-06-15 14:21:04.796000+00:00,57.5,0.0,0.0
2024-06-15 14:22:04.470000+00:00,57.70000076293945,0.0,0.0
2024-06-15 14:23:04.546000+00:00,58.0,0.0,0.0
2024-06-15 14:24:04.853000+00:00,58.09999847412109,0.0,0.0
2024-06-15 14:25:04.689000+00:00,58.29999923706055,0.0,0.0
2024-06-15 14:26:05.169000+00:00,58.400001525878906,0.0,0.0
2024-06-15 14:27:04.505000+00:00,58.5,0.0,0.0
2024-06-15 14:28:04.296000+00:00,58.59999847412109,0.0,0.0
2024-06-15 14:29:04.823000+00:00,58.59999847412109,0.0,0.0
2024-06-15 14:30:04.788000+00:00,58.47999954223633,0.0,0.0
2024-06-15 14:31:04.731000+00:00,58.5,0.0,0.0
2024-06-15 14:32:04.595000+00:00,58.5,0.0,0.0
2024-06-15 14:33:05.214000+00:00,58.5099983215332,0.0,0.0
2024-06-15 14:34:04.272000+00:00,58.58000183105469,0.0,0.0
2024-06-15 14:35:04.793000+00:00,58.5,0.0,0.0
2024-06-15 14:36:04.565000+00:00,58.41999816894531,0.0,0.0
2024-06-15 14:37:04.894000+00:00,58.400001525878906,0.0,0.0
2024-06-15 14:38:04.153000+00:00,58.400001525878906,0.0,0.0
2024-06-15 14:39:04.992000+00:00,58.29999923706055,0.0,0.0
2024-06-15 14:40:04.920000+00:00,58.29999923706055,0.0,0.0
2024-06-15 14:41:04.980000+00:00,58.0,0.0,0.0
2024-06-15 14:42:05.059000+00:00,57.93000030517578,0.0,0.0
2024-06-15 14:43:04.237000+00:00,57.86000061035156,0.0,0.0
2024-06-15 14:44:04.587000+00:00,57.70000076293945,0.0,0.0
2024-06-15 14:45:04.734000+00:00,57.70000076293945,0.0,0.0
2024-06-15 14:46:04.199000+00:00,57.59999847412109,0.0,0.0
2024-06-15 14:47:04.269000+00:00,57.59999847412109,0.0,0.0
2024-06-15 14:48:05.275000+00:00,57.5099983215332,0.0,0.0
2024-06-15 14:49:04.380000+00:00,57.5,0.0,0.0
2024-06-15 14:50:05.156000+00:00,57.59999847412109,0.0,0.0
2024-06-15 14:51:04.227000+00:00,57.70000076293945,0.0,0.0
2024-06-15 14:52:04.968000+00:00,57.70000076293945,0.0,0.0
2024-06-15 14:53:04.296000+00:00,57.79999923706055,0.0,0.0
2024-06-15 14:54:04.526000+00:00,57.900001525878906,0.0,0.0
2024-06-15 14:55:05.138000+00:00,57.900001525878906,0.0,0.0
2024-06-15 14:56:04.777000+00:00,57.9900016784668,0.0,0.0
2024-06-15 14:57:04.726000+00:00,58.0,0.0,0.0
2024-06-15 14:58:04.655000+00:00,58.02000045776367,0.0,0.0
2024-06-15 14:59:04.876000+00:00,58.0,0.0,0.0
2024-06-15 15:00:07.738000+00:00,58.09999847412109,0.0,0.0
2024-06-15 15:01:05.169000+00:00,58.0,0.0,0.0
2024-06-15 15:02:03.930000+00:00,57.900001525878906,0.0,0.0
2024-06-15 15:03:04.868000+00:00,57.900001525878906,0.0,0.0
2024-06-15 15:04:04.636000+00:00,57.70000076293945,0.0,0.0
2024-06-15 15:05:04.900000+00:00,57.5,0.0,0.0
2024-06-15 15:06:05.170000+00:00,57.5,0.0,0.0
2024-06-15 15:07:04.807000+00:00,57.5,0.0,0.0
2024-06-15 15:08:04.468000+00:00,57.5,0.0,0.0
2024-06-15 15:09:04.668000+00:00,57.70000076293945,0.0,0.0
2024-06-15 15:10:04.652000+00:00,57.79999923706055,0.0,0.0
2024-06-15 15:11:05.214000+00:00,58.09999847412109,0.0,0.0
2024-06-15 15:12:04.465000+00:00,58.29999923706055,0.0,0.0
2024-06-15 15:13:05.084000+00:00,58.70000076293945,0.0,0.0
2024-06-15 15:14:04.832000+00:00,58.400001525878906,0.0,0.0
2024-06-15 15:15:04.886000+00:00,58.59999847412109,0.0,0.0
2024-06-15 15:16:04.410000+00:00,58.70000076293945,0.0,0.0
2024-06-15 15:17:04.802000+00:00,58.79999923706055,0.0,0.0
2024-06-15 15:18:04.430000+00:00,58.900001525878906,0.0,0.0
2024-06-15 15:19:04.378000+00:00,59.0,0.0,0.0
2024-06-15 15:20:04.405000+00:00,59.0,0.0,0.0
2024-06-15 15:21:04.765000+00:00,59.0,0.0,0.0
2024-06-15 15:22:04.880000+00:00,59.0,0.0,0.0
2024-06-15 15:23:04.861000+00:00,58.900001525878906,0.0,0.0
2024-06-15 15:24:04.986000+00:00,58.900001525878906,0.0,0.0
2024-06-15 15:25:04.314000+00:00,58.79999923706055,0.0,0.0
2024-06-15 15:26:04.879000+00:00,58.79999923706055,0.0,0.0
2024-06-15 15:27:04.646000+00:00,58.70000076293945,0.0,0.0
2024-06-15 15:28:04.922000+00:00,56.0,0.0,0.0
2024-06-15 15:29:04.269000+00:00,55.4900016784668,0.0,0.0
2024-06-15 15:30:05.337000+00:00,55.79999923706055,0.0,0.0
2024-06-15 15:31:04.202000+00:00,56.33000183105469,0.0,0.0
2024-06-15 15:32:04.366000+00:00,57.0,0.0,0.0
2024-06-15 15:33:04.675000+00:00,57.59999847412109,0.0,0.0
2024-06-15 15:34:03.933000+00:00,58.09999847412109,0.0,0.0
2024-06-15 15:35:04.353000+00:00,58.59999847412109,0.0,0.0
2024-06-15 15:36:04.596000+00:00,58.79999923706055,0.0,0.0
2024-06-15 15:37:04.353000+00:00,59.0,0.0,0.0
2024-06-15 15:38:04.314000+00:00,59.09999847412109,0.0,0.0
2024-06-15 15:39:04.729000+00:00,59.09999847412109,0.0,0.0
2024-06-15 15:40:04.596000+00:00,59.20000076293945,0.0,0.0
2024-06-15 15:41:05.602000+00:00,58.81999969482422,0.0,0.0
2024-06-15 15:42:04.658000+00:00,58.79999923706055,0.0,0.0
2024-06-15 15:43:04.717000+00:00,58.70000076293945,0.0,0.0
2024-06-15 15:44:04.402000+00:00,58.70000076293945,0.0,0.0
2024-06-15 15:45:04.393000+00:00,58.59999847412109,0.0,0.0
2024-06-15 15:46:04.010000+00:00,56.459999084472656,0.0,0.0
2024-06-15 15:47:04.503000+00:00,56.59999847412109,0.0,0.0
2024-06-15 15:48:04.148000+00:00,56.900001525878906,0.0,0.0
2024-06-15 15:49:04.058000+00:00,57.29999923706055,0.0,0.0
2024-06-15 15:50:04.504000+00:00,57.59999847412109,0.0,0.0
2024-06-15 15:51:04.482000+00:00,57.790000915527344,0.0,0.0
2024-06-15 15:52:04.671000+00:00,58.0,0.0,0.0
2024-06-15 15:53:04.517000+00:00,58.09999847412109,0.0,0.0
2024-06-15 15:54:04.347000+00:00,58.20000076293945,0.0,0.0
2024-06-15 15:55:04.650000+00:00,58.29999923706055,0.0,0.0
2024-06-15 15:56:04.457000+00:00,58.400001525878906,0.0,0.0
2024-06-15 15:57:04.688000+00:00,58.5,0.0,0.0
2024-06-15 15:58:04.292000+00:00,58.5,0.0,0.0
2024-06-15 15:59:04.321000+00:00,58.59999847412109,0.0,0.0
2024-06-15 16:00:07.323000+00:00,58.59999847412109,0.0,0.0
2024-06-15 16:01:04.922000+00:00,58.59999847412109,0.0,0.0
2024-06-15 16:02:04.830000+00:00,58.59999847412109,0.0,0.0
2024-06-15 16:03:04.634000+00:00,58.59999847412109,0.0,0.0
2024-06-15 16:04:04.773000+00:00,58.59000015258789,0.0,0.0
2024-06-15 16:05:04.294000+00:00,58.5,0.0,0.0
2024-06-15 16:06:05.216000+00:00,58.47999954223633,0.0,0.0
2024-06-15 16:07:04.586000+00:00,58.400001525878906,0.0,0.0
2024-06-15 16:08:04.522000+00:00,58.29999923706055,0.0,0.0
2024-06-15 16:09:04.081000+00:00,58.29999923706055,0.0,0.0
2024-06-15 16:10:04.691000+00:00,58.209999084472656,0.0,0.0
2024-06-15 16:11:04.652000+00:00,58.20000076293945,0.0,0.0
2024-06-15 16:12:04.709000+00:00,58.20000076293945,0.0,0.0
2024-06-15 16:13:04.761000+00:00,58.09999847412109,0.0,0.0
2024-06-15 16:14:04.620000+00:00,58.09999847412109,0.0,0.0
2024-06-15 16:15:04.537000+00:00,58.09999847412109,0.0,0.0
2024-06-15 16:16:04.598000+00:00,58.09999847412109,0.0,0.0
2024-06-15 16:17:04.744000+00:00,58.09999847412109,0.0,0.0
2024-06-15 16:18:04.728000+00:00,58.09999847412109,0.0,0.0
2024-06-15 16:19:03.848000+00:00,58.09999847412109,0.0,0.0
2024-06-15 16:20:04.401000+00:00,58.09999847412109,0.0,0.0
2024-06-15 16:21:04.899000+00:00,58.09999847412109,0.0,0.0
2024-06-15 16:22:04.168000+00:00,58.09999847412109,0.0,0.0
2024-06-15 16:23:04.301000+00:00,58.09999847412109,0.0,0.0
2024-06-15 16:24:04.202000+00:00,58.09999847412109,0.0,0.0
2024-06-15 16:25:04.307000+00:00,58.20000076293945,0.0,0.0
2024-06-15 16:26:04.762000+00:00,58.09999847412109,0.0,0.0
2024-06-15 16:27:03.972000+00:00,58.130001068115234,0.0,0.0
2024-06-15 16:28:04.077000+00:00,58.20000076293945,0.0,0.0
2024-06-15 16:29:04.546000+00:00,58.20000076293945,0.0,0.0
2024-06-15 16:30:04.934000+00:00,58.20000076293945,0.0,0.0
2024-06-15 16:31:04.235000+00:00,58.20000076293945,0.0,0.0
2024-06-15 16:32:04.594000+00:00,58.20000076293945,0.0,0.0
2024-06-15 16:33:04.606000+00:00,58.20000076293945,0.0,0.0
2024-06-15 16:34:04.710000+00:00,58.20000076293945,0.0,0.0
2024-06-15 16:35:04.730000+00:00,58.20000076293945,0.0,0.0
2024-06-15 16:36:05.082000+00:00,58.220001220703125,0.0,0.0
2024-06-15 16:37:03.932000+00:00,58.290000915527344,0.0,0.0
2024-06-15 16:38:04.382000+00:00,58.29999923706055,0.0,0.0
2024-06-15 16:39:05.056000+00:00,58.29999923706055,0.0,0.0
2024-06-15 16:40:04.390000+00:00,58.29999923706055,0.0,0.0
2024-06-15 16:41:04.756000+00:00,58.29999923706055,0.0,0.0
2024-06-15 16:42:04.935000+00:00,58.29999923706055,0.0,0.0
2024-06-15 16:43:03.982000+00:00,58.29999923706055,0.0,0.0
2024-06-15 16:44:04.628000+00:00,58.29999923706055,0.0,0.0
2024-06-15 16:45:04.670000+00:00,58.29999923706055,0.0,0.0
2024-06-15 16:46:04.621000+00:00,58.29999923706055,0.0,0.0
2024-06-15 16:47:04.551000+00:00,58.29999923706055,0.0,0.0
2024-06-15 16:48:04.184000+00:00,58.29999923706055,0.0,0.0
2024-06-15 16:49:04.917000+00:00,58.29999923706055,0.0,0.0
2024-06-15 16:50:04.054000+00:00,58.29999923706055,0.0,0.0
2024-06-15 16:51:04.338000+00:00,58.29999923706055,0.0,0.0
2024-06-15 16:52:05.283000+00:00,58.29999923706055,0.0,0.0
2024-06-15 16:53:03.601000+00:00,58.29999923706055,0.0,0.0
2024-06-15 16:54:04.701000+00:00,58.29999923706055,0.0,0.0
2024-06-15 16:55:04.936000+00:00,58.29999923706055,0.0,0.0
2024-06-15 16:56:04.463000+00:00,58.29999923706055,0.0,0.0
2024-06-15 16:57:04.919000+00:00,58.20000076293945,0.0,0.0
2024-06-15 16:58:04.283000+00:00,58.20000076293945,0.0,0.0
2024-06-15 16:59:04.576000+00:00,58.20000076293945,0.0,0.0
2024-06-15 17:00:06.447000+00:00,58.20000076293945,0.0,0.0
2024-06-15 17:01:04.898000+00:00,58.20000076293945,0.0,0.0
2024-06-15 17:02:04.514000+00:00,58.20000076293945,0.0,0.0
2024-06-15 17:03:04.387000+00:00,58.20000076293945,0.0,0.0
2024-06-15 17:04:04.231000+00:00,58.130001068115234,0.0,0.0
2024-06-15 17:05:04.614000+00:00,58.09999847412109,0.0,0.0
2024-06-15 17:06:05.648000+00:00,58.09999847412109,0.0,0.0
2024-06-15 17:07:04.375000+00:00,58.09999847412109,0.0,0.0
2024-06-15 17:08:04.752000+00:00,58.09999847412109,0.0,0.0
2024-06-15 17:09:04.246000+00:00,58.0,0.0,0.0
2024-06-15 17:10:04.539000+00:00,57.900001525878906,0.0,0.0
2024-06-15 17:11:04.427000+00:00,57.900001525878906,0.0,0.0
2024-06-15 17:12:05.187000+00:00,57.900001525878906,0.0,0.0
2024-06-15 17:13:04.508000+00:00,57.86000061035156,0.0,0.0
2024-06-15 17:14:04.236000+00:00,57.79999923706055,0.0,0.0
2024-06-15 17:15:05.092000+00:00,57.84999847412109,0.0,0.0
2024-06-15 17:16:04.726000+00:00,57.900001525878906,0.0,0.0
2024-06-15 17:17:04.634000+00:00,57.900001525878906,0.0,0.0
2024-06-15 17:18:04.527000+00:00,58.0,0.0,0.0
2024-06-15 17:19:04.520000+00:00,58.0,0.0,0.0
2024-06-15 17:20:04.915000+00:00,58.0,0.0,0.0
2024-06-15 17:21:04.678000+00:00,58.0,0.0,0.0
2024-06-15 17:22:04.056000+00:00,58.09999847412109,0.0,0.0
2024-06-15 17:23:04.903000+00:00,58.09999847412109,0.0,0.0
2024-06-15 17:24:04.456000+00:00,58.11000061035156,0.0,0.0
2024-06-15 17:25:05.149000+00:00,58.20000076293945,0.0,0.0
2024-06-15 17:26:05.032000+00:00,58.22999954223633,0.0,0.0
2024-06-15 17:27:04.371000+00:00,58.29999923706055,0.0,0.0
2024-06-15 17:28:04.355000+00:00,58.29999923706055,0.0,0.0
2024-06-15 17:29:04.524000+00:00,58.29999923706055,0.0,0.0
2024-06-15 17:30:05.245000+00:00,58.38999938964844,0.0,0.0
2024-06-15 17:31:04.662000+00:00,58.29999923706055,0.0,0.0
2024-06-15 17:32:04.633000+00:00,58.29999923706055,0.0,0.0
2024-06-15 17:33:04.091000+00:00,58.29999923706055,0.0,0.0
2024-06-15 17:34:04.373000+00:00,58.310001373291016,0.0,0.0
2024-06-15 17:35:04.692000+00:00,58.400001525878906,0.0,0.0
2024-06-15 17:36:04.706000+00:00,58.29999923706055,0.0,0.0
2024-06-15 17:37:04.604000+00:00,58.29999923706055,0.0,0.0
2024-06-15 17:38:04.718000+00:00,58.29999923706055,0.0,0.0
2024-06-15 17:39:05.519000+00:00,58.29999923706055,0.0,0.0
2024-06-15 17:40:04.789000+00:00,58.29999923706055,0.0,0.0
2024-06-15 17:41:04.686000+00:00,58.20000076293945,0.0,0.0
2024-06-15 17:42:04.772000+00:00,58.209999084472656,0.0,0.0
2024-06-15 17:43:04.557000+00:00,58.20000076293945,0.0,0.0
2024-06-15 17:44:04.582000+00:00,58.20000076293945,0.0,0.0
2024-06-15 17:45:04.803000+00:00,58.20000076293945,0.0,0.0
2024-06-15 17:46:04.168000+00:00,58.20000076293945,0.0,0.0
2024-06-15 17:47:04.438000+00:00,58.20000076293945,0.0,0.0
2024-06-15 17:48:04.602000+00:00,58.13999938964844,0.0,0.0
2024-06-15 17:49:04.023000+00:00,58.18999862670898,0.0,0.0
2024-06-15 17:50:04.951000+00:00,58.09999847412109,0.0,0.0
2024-06-15 17:51:04.337000+00:00,58.09999847412109,0.0,0.0
2024-06-15 17:52:04.698000+00:00,58.09999847412109,0.0,0.0
2024-06-15 17:53:04.361000+00:00,58.09999847412109,0.0,0.0
2024-06-15 17:54:04.674000+00:00,58.09999847412109,0.0,0.0
2024-06-15 17:55:04.835000+00:00,58.09999847412109,0.0,0.0
2024-06-15 17:56:04.205000+00:00,58.09999847412109,0.0,0.0
2024-06-15 17:57:04.679000+00:00,58.09999847412109,0.0,0.0
2024-06-15 17:58:04.566000+00:00,58.09999847412109,0.0,0.0
2024-06-15 17:59:04.255000+00:00,58.09999847412109,0.0,0.0
2024-06-15 18:00:07.606000+00:00,58.06999969482422,0.0,0.0
2024-06-15 18:01:05.229000+00:00,58.06999969482422,0.0,0.0
2024-06-15 18:02:03.951000+00:00,58.09999847412109,0.0,0.0
2024-06-15 18:03:04.515000+00:00,58.09999847412109,0.0,0.0
2024-06-15 18:04:04.883000+00:00,58.0099983215332,0.0,0.0
2024-06-15 18:05:05.172000+00:00,58.09999847412109,0.0,0.0
2024-06-15 18:06:05.435000+00:00,58.09999847412109,0.0,0.0
2024-06-15 18:07:04.417000+00:00,58.09999847412109,0.0,0.0
2024-06-15 18:08:04.619000+00:00,58.09999847412109,0.0,0.0
2024-06-15 18:09:04.947000+00:00,58.20000076293945,0.0,0.0
2024-06-15 18:10:04.638000+00:00,58.130001068115234,0.0,0.0
2024-06-15 18:11:04.233000+00:00,58.20000076293945,0.0,0.0
2024-06-15 18:12:04.924000+00:00,58.20000076293945,0.0,0.0
2024-06-15 18:13:04.790000+00:00,58.20000076293945,0.0,0.0
2024-06-15 18:14:04.420000+00:00,58.20000076293945,0.0,0.0
2024-06-15 18:15:04.780000+00:00,58.20000076293945,0.0,0.0
2024-06-15 18:16:04.761000+00:00,58.20000076293945,0.0,0.0
2024-06-15 18:17:04.742000+00:00,58.20000076293945,0.0,0.0
2024-06-15 18:18:04.548000+00:00,58.29999923706055,0.0,0.0
2024-06-15 18:19:04.263000+00:00,58.29999923706055,0.0,0.0
2024-06-15 18:20:05.086000+00:00,58.29999923706055,0.0,0.0
2024-06-15 18:21:04.884000+00:00,58.29999923706055,0.0,0.0
2024-06-15 18:22:04.553000+00:00,58.29999923706055,0.0,0.0
2024-06-15 18:23:04.338000+00:00,58.290000915527344,0.0,0.0
2024-06-15 18:24:04.900000+00:00,58.220001220703125,0.0,0.0
2024-06-15 18:25:04.440000+00:00,58.20000076293945,0.0,0.0
2024-06-15 18:26:04.859000+00:00,58.20000076293945,0.0,0.0
2024-06-15 18:27:04.771000+00:00,58.20000076293945,0.0,0.0
2024-06-15 18:28:04.693000+00:00,58.20000076293945,0.0,0.0
2024-06-15 18:29:04.552000+00:00,58.20000076293945,0.0,0.0
2024-06-15 18:30:05.457000+00:00,58.20000076293945,0.0,0.0
2024-06-15 18:31:04.663000+00:00,58.20000076293945,0.0,0.0
2024-06-15 18:32:04.278000+00:00,58.20000076293945,0.0,0.0
2024-06-15 18:33:04.669000+00:00,58.20000076293945,0.0,0.0
2024-06-15 18:34:04.225000+00:00,58.20000076293945,0.0,0.0
2024-06-15 18:35:04.641000+00:00,58.20000076293945,0.0,0.0
2024-06-15 18:36:04.217000+00:00,58.20000076293945,0.0,0.0
2024-06-15 18:37:04.325000+00:00,58.20000076293945,0.0,0.0
2024-06-15 18:38:04.494000+00:00,58.20000076293945,0.0,0.0
2024-06-15 18:39:05.041000+00:00,58.20000076293945,0.0,0.0
2024-06-15 18:40:05.157000+00:00,58.20000076293945,0.0,0.0
2024-06-15 18:41:04.486000+00:00,55.18000030517578,0.0,0.0
2024-06-15 18:42:04.963000+00:00,53.720001220703125,0.0,0.0
2024-06-15 18:43:04.108000+00:00,54.18999862670898,0.0,0.0
2024-06-15 18:44:04.304000+00:00,55.0,0.0,0.0
2024-06-15 18:45:04.798000+00:00,56.29999923706055,0.0,0.0
2024-06-15 18:46:04.437000+00:00,57.29999923706055,0.0,0.0
2024-06-15 18:47:04.654000+00:00,58.09999847412109,0.0,0.0
2024-06-15 18:48:04.824000+00:00,55.22999954223633,0.0,0.0
2024-06-15 18:49:04.359000+00:00,56.38999938964844,0.0,0.0
2024-06-15 18:50:04.499000+00:00,57.5,0.0,0.0
2024-06-15 18:51:04.573000+00:00,56.68999862670898,0.0,0.0
2024-06-15 18:52:04.642000+00:00,57.20000076293945,0.0,0.0
2024-06-15 18:53:04.094000+00:00,58.0,0.0,0.0
2024-06-15 18:54:04.721000+00:00,58.59999847412109,0.0,0.0
2024-06-15 18:55:04.072000+00:00,59.09999847412109,175.33999633789062,43377816.45806697
2024-06-15 18:56:04.175000+00:00,59.34999847412109,175.33999633789062,43561309.76423457
2024-06-15 18:57:04.143000+00:00,59.5,175.33999633789062,43671406.867889404
2024-06-15 18:58:04.134000+00:00,59.5,175.33999633789062,43671406.867889404
2024-06-15 18:59:04.504000+00:00,59.5,145.0399932861328,36124676.00779724
2024-06-15 19:00:07.172000+00:00,59.400001525878906,115.58999633789062,28741268.383733712
2024-06-15 19:01:04.938000+00:00,59.29999923706055,97.68000030517578,24247086.627796568
2024-06-15 19:02:04.615000+00:00,59.11000061035156,83.77999877929688,20730058.970808152
2024-06-15 19:03:04.095000+00:00,59.0,73.62999725341797,18184694.94166565
2024-06-15 19:04:04.148000+00:00,58.900001525878906,65.68000030517578,16193759.166762514
2024-06-15 19:05:04.856000+00:00,58.79999923706055,59.09000015258789,14544223.360843856
2024-06-15 19:06:05.001000+00:00,58.59999847412109,0.0,0.0
2024-06-15 19:07:04.357000+00:00,58.5,0.0,0.0
2024-06-15 19:08:04.715000+00:00,58.400001525878906,0.0,0.0
2024-06-15 19:09:04.234000+00:00,58.29999923706055,0.0,0.0
2024-06-15 19:10:04.675000+00:00,58.20000076293945,0.0,0.0
2024-06-15 19:11:04.941000+00:00,58.09999847412109,0.0,0.0
2024-06-15 19:12:04.871000+00:00,58.0,0.0,0.0
2024-06-15 19:13:04.852000+00:00,57.900001525878906,0.0,0.0
2024-06-15 19:14:04.951000+00:00,57.900001525878906,0.0,0.0
2024-06-15 19:15:05.171000+00:00,57.900001525878906,0.0,0.0
2024-06-15 19:16:04.557000+00:00,57.88999938964844,0.0,0.0
2024-06-15 19:17:04.903000+00:00,57.79999923706055,0.0,0.0
2024-06-15 19:18:04.806000+00:00,57.79999923706055,0.0,0.0
2024-06-15 19:19:04.547000+00:00,57.79999923706055,0.0,0.0
2024-06-15 19:20:05.113000+00:00,57.84999847412109,0.0,0.0
2024-06-15 19:21:04.570000+00:00,57.900001525878906,0.0,0.0
2024-06-15 19:22:04.468000+00:00,57.900001525878906,0.0,0.0
2024-06-15 19:23:04.828000+00:00,57.900001525878906,0.0,0.0
2024-06-15 19:24:05.439000+00:00,57.97999954223633,0.0,0.0
2024-06-15 19:25:04.197000+00:00,58.0,0.0,0.0
2024-06-15 19:26:04.838000+00:00,58.09999847412109,0.0,0.0
2024-06-15 19:27:04.715000+00:00,58.11000061035156,0.0,0.0
2024-06-15 19:28:05.088000+00:00,58.20000076293945,0.0,0.0
2024-06-15 19:29:04.600000+00:00,58.20000076293945,0.0,0.0
2024-06-15 19:30:04.770000+00:00,58.20000076293945,0.0,0.0
2024-06-15 19:31:04.400000+00:00,58.27000045776367,0.0,0.0
2024-06-15 19:32:04.582000+00:00,58.27999877929688,0.0,0.0
2024-06-15 19:33:04.413000+00:00,58.29999923706055,0.0,0.0
2024-06-15 19:34:04.266000+00:00,58.29999923706055,0.0,0.0
2024-06-15 19:35:04.656000+00:00,58.29999923706055,0.0,0.0
2024-06-15 19:36:04.365000+00:00,58.29999923706055,0.0,0.0
2024-06-15 19:37:04.543000+00:00,58.29999923706055,0.0,0.0
2024-06-15 19:38:04.733000+00:00,58.29999923706055,0.0,0.0
2024-06-15 19:39:05.348000+00:00,58.29999923706055,0.0,0.0
2024-06-15 19:40:04.926000+00:00,58.29999923706055,0.0,0.0
2024-06-15 19:41:04.606000+00:00,58.29999923706055,0.0,0.0
2024-06-15 19:42:04.503000+00:00,58.29999923706055,0.0,0.0
2024-06-15 19:43:04.582000+00:00,58.29999923706055,0.0,0.0
2024-06-15 19:44:04.307000+00:00,58.29999923706055,0.0,0.0
2024-06-15 19:45:04.850000+00:00,58.29999923706055,0.0,0.0
2024-06-15 19:46:04.100000+00:00,58.29999923706055,0.0,0.0
2024-06-15 19:47:04.522000+00:00,58.29999923706055,0.0,0.0
2024-06-15 19:48:04.814000+00:00,58.20000076293945,0.0,0.0
2024-06-15 19:49:04.497000+00:00,58.20000076293945,0.0,0.0
2024-06-15 19:50:04.521000+00:00,58.20000076293945,0.0,0.0
2024-06-15 19:51:04.227000+00:00,58.09999847412109,0.0,0.0
2024-06-15 19:52:04.811000+00:00,58.09999847412109,0.0,0.0
2024-06-15 19:53:04.141000+00:00,58.09999847412109,0.0,0.0
2024-06-15 19:54:04.664000+00:00,58.0,0.0,0.0
2024-06-15 19:55:04.413000+00:00,58.09000015258789,0.0,0.0
2024-06-15 19:56:04.541000+00:00,58.0,0.0,0.0
2024-06-15 19:57:04.318000+00:00,58.0,0.0,0.0
2024-06-15 19:58:04.224000+00:00,58.0,0.0,0.0
2024-06-15 19:59:04.937000+00:00,57.900001525878906,0.0,0.0
2024-06-15 20:00:06.307000+00:00,57.90999984741211,0.0,0.0
2024-06-15 20:01:05.196000+00:00,57.91999816894531,0.0,0.0
2024-06-15 20:02:04.795000+00:00,57.900001525878906,0.0,0.0
2024-06-15 20:03:04.640000+00:00,57.900001525878906,0.0,0.0
2024-06-15 20:04:04.413000+00:00,57.900001525878906,0.0,0.0
2024-06-15 20:05:04.515000+00:00,58.0,0.0,0.0
2024-06-15 20:06:05.687000+00:00,58.0,0.0,0.0
2024-06-15 20:07:04.094000+00:00,57.90999984741211,0.0,0.0
2024-06-15 20:08:04.076000+00:00,58.0,0.0,0.0
2024-06-15 20:09:04.118000+00:00,58.0,0.0,0.0
2024-06-15 20:10:04.672000+00:00,58.0,0.0,0.0
2024-06-15 20:11:04.076000+00:00,58.09000015258789,0.0,0.0
2024-06-15 20:12:04.750000+00:00,58.0,0.0,0.0
2024-06-15 20:13:04.368000+00:00,58.09999847412109,0.0,0.0
2024-06-15 20:14:04.920000+00:00,58.0,0.0,0.0
2024-06-15 20:15:04.984000+00:00,58.02000045776367,0.0,0.0
2024-06-15 20:16:04.648000+00:00,58.09999847412109,0.0,0.0
2024-06-15 20:17:04.935000+00:00,58.18999862670898,0.0,0.0
2024-06-15 20:18:04.964000+00:00,58.20000076293945,0.0,0.0
2024-06-15 20:19:04.424000+00:00,58.20000076293945,0.0,0.0
2024-06-15 20:20:04.241000+00:00,58.20000076293945,0.0,0.0
2024-06-15 20:21:04.822000+00:00,58.20000076293945,0.0,0.0
2024-06-15 20:22:04.366000+00:00,58.20000076293945,0.0,0.0
2024-06-15 20:23:04.655000+00:00,58.18999862670898,0.0,0.0
2024-06-15 20:24:05.071000+00:00,58.09999847412109,0.0,0.0
2024-06-15 20:25:04.414000+00:00,58.150001525878906,0.0,0.0
2024-06-15 20:26:05.250000+00:00,58.09999847412109,0.0,0.0
2024-06-15 20:27:04.850000+00:00,58.09999847412109,0.0,0.0
2024-06-15 20:28:04.360000+00:00,58.09999847412109,0.0,0.0
2024-06-15 20:29:04.289000+00:00,58.09999847412109,0.0,0.0
2024-06-15 20:30:05.153000+00:00,58.09999847412109,0.0,0.0
2024-06-15 20:31:04.752000+00:00,58.09999847412109,0.0,0.0
2024-06-15 20:32:04.715000+00:00,58.09999847412109,0.0,0.0
2024-06-15 20:33:04.220000+00:00,58.0,0.0,0.0
2024-06-15 20:34:04.445000+00:00,58.09999847412109,0.0,0.0
2024-06-15 20:35:04.291000+00:00,58.0,0.0,0.0
2024-06-15 20:36:04.603000+00:00,58.0,0.0,0.0
2024-06-15 20:37:04.157000+00:00,56.38999938964844,0.0,0.0
2024-06-15 20:38:04.421000+00:00,56.79999923706055,0.0,0.0
2024-06-15 20:39:05.313000+00:00,57.20000076293945,0.0,0.0
2024-06-15 20:40:04.613000+00:00,57.36000061035156,0.0,0.0
2024-06-15 20:41:04.388000+00:00,53.400001525878906,0.0,0.0
2024-06-15 20:42:04.805000+00:00,49.27000045776367,0.0,0.0
2024-06-15 20:43:04.128000+00:00,47.08000183105469,0.0,0.0
2024-06-15 20:44:04.053000+00:00,51.93000030517578,0.0,0.0
2024-06-15 20:45:04.627000+00:00,56.68000030517578,0.0,0.0
2024-06-15 20:46:04.767000+00:00,58.59999847412109,372.75,91435423.51912306
2024-06-15 20:47:04.690000+00:00,59.45000076293945,372.75,92761708.86543846
2024-06-15 20:48:04.752000+00:00,59.79999923706055,269.989990234375,67584649.46518394
2024-06-15 20:49:04.269000+00:00,59.59999847412109,185.9900054931641,46401826.926485956
2024-06-15 20:50:04.642000+00:00,59.79999923706055,141.89999389648438,35520803.3389699
2024-06-15 20:51:05.020000+00:00,59.900001525878906,125.51000213623048,31470554.451315116
2024-06-15 20:52:04.815000+00:00,59.900001525878906,125.51000213623048,31470554.451315116
2024-06-15 20:53:04.644000+00:00,59.900001525878906,125.51000213623048,31470554.451315116
2024-06-15 20:54:04.634000+00:00,59.79999923706055,125.51000213623048,31418014.761910357
2024-06-15 20:55:04.205000+00:00,59.77999877929688,125.51000213623048,31407506.824029405
2024-06-15 20:56:04.508000+00:00,59.59999847412109,109.97000122070312,27435931.03413326
2024-06-15 20:57:04.391000+00:00,58.59999847412109,93.08999633789062,22834938.27108959
2024-06-15 20:58:04.160000+00:00,58.0,80.7300033569336,19600276.055023193
2024-06-15 20:59:04.636000+00:00,57.27000045776367,71.12000274658203,17049756.281124268
2024-06-15 21:00:05.900000+00:00,57.400001525878906,63.34999847412109,15221509.978004595
2024-06-15 21:01:06.379000+00:00,57.630001068115234,57.369998931884766,13839891.7554375
2024-06-15 21:02:04.343000+00:00,57.70000076293945,52.43000030517578,12663533.487153612
2024-06-15 21:03:04.613000+00:00,57.59999847412109,48.15999984741211,11612030.631595215
2024-06-15 21:04:04.242000+00:00,57.400001525878906,44.61000061035156,10718730.635591831
2024-06-15 21:05:04.645000+00:00,57.20000076293945,41.560001373291016,9951093.613548405
2024-06-15 21:06:05.667000+00:00,57.02000045776367,38.81999969482422,9265779.651945733
2024-06-15 21:07:04.281000+00:00,56.900001525878906,36.4900016784668,8691312.898856578
2024-06-15 21:08:04.409000+00:00,56.79999923706055,34.43000030517578,8186242.026602187
2024-06-15 21:09:04.327000+00:00,56.59999847412109,32.52000045776367,7704885.452740902
2024-06-15 21:10:04.784000+00:00,56.41999816894531,30.82999992370605,7281247.865275717
2024-06-15 21:11:04.999000+00:00,56.29999923706055,29.34000015258789,6914610.554258544
2024-06-15 21:12:05.007000+00:00,56.09999847412109,27.979999542236328,6570671.821783785
2024-06-15 21:13:04.755000+00:00,56.0,26.739999771118164,6268283.786346436
2024-06-15 21:14:04.360000+00:00,55.79999923706055,25.600000381469727,5979617.287345427
2024-06-15 21:15:04.623000+00:00,55.63999938964844,0.0,0.0
2024-06-15 21:16:05.454000+00:00,55.5,0.0,0.0
2024-06-15 21:17:04.643000+00:00,55.29999923706055,0.0,0.0
2024-06-15 21:18:04.247000+00:00,55.20000076293945,0.0,0.0
2024-06-15 21:19:04.691000+00:00,55.0,0.0,0.0
2024-06-15 21:20:04.726000+00:00,54.900001525878906,0.0,0.0
2024-06-15 21:21:04.629000+00:00,54.70000076293945,0.0,0.0
2024-06-15 21:22:05.187000+00:00,54.560001373291016,0.0,0.0
2024-06-15 21:23:04.306000+00:00,54.400001525878906,0.0,0.0
2024-06-15 21:24:04.556000+00:00,54.20000076293945,0.0,0.0
2024-06-15 21:25:04.941000+00:00,54.09999847412109,0.0,0.0
2024-06-15 21:26:05.016000+00:00,53.900001525878906,0.0,0.0
2024-06-15 21:27:04.413000+00:00,53.79999923706055,0.0,0.0
2024-06-15 21:28:04.843000+00:00,53.66999816894531,0.0,0.0
2024-06-15 21:29:04.594000+00:00,53.5,0.0,0.0
2024-06-15 21:30:04.816000+00:00,53.5,0.0,0.0
2024-06-15 21:31:05.527000+00:00,53.4900016784668,0.0,0.0
2024-06-15 21:32:04.374000+00:00,53.59000015258789,0.0,0.0
2024-06-15 21:33:04.503000+00:00,53.70000076293945,0.0,0.0
2024-06-15 21:34:04.765000+00:00,54.09999847412109,0.0,0.0
2024-06-15 21:35:04.559000+00:00,54.29999923706055,0.0,0.0
2024-06-15 21:36:04.617000+00:00,54.59999847412109,0.0,0.0
2024-06-15 21:37:04.769000+00:00,54.900001525878906,0.0,0.0
2024-06-15 21:38:04.911000+00:00,55.09999847412109,0.0,0.0
2024-06-15 21:39:04.729000+00:00,55.29999923706055,0.0,0.0
2024-06-15 21:40:04.675000+00:00,55.5,0.0,0.0
2024-06-15 21:41:04.191000+00:00,55.59999847412109,0.0,0.0
2024-06-15 21:42:04.913000+00:00,55.70000076293945,0.0,0.0
2024-06-15 21:43:04.095000+00:00,55.79999923706055,0.0,0.0
2024-06-15 21:44:03.930000+00:00,55.88999938964844,0.0,0.0
2024-06-15 21:45:04.170000+00:00,55.900001525878906,0.0,0.0
2024-06-15 21:46:05.084000+00:00,55.900001525878906,0.0,0.0
2024-06-15 21:47:04.148000+00:00,55.900001525878906,0.0,0.0
2024-06-15 21:48:04.668000+00:00,55.79999923706055,0.0,0.0
2024-06-15 21:49:04.295000+00:00,55.79999923706055,0.0,0.0
2024-06-15 21:50:04.683000+00:00,55.79999923706055,0.0,0.0
2024-06-15 21:51:04.331000+00:00,55.70000076293945,0.0,0.0
2024-06-15 21:52:05.052000+00:00,55.59999847412109,0.0,0.0
2024-06-15 21:53:04.049000+00:00,55.5,0.0,0.0
2024-06-15 21:54:03.666000+00:00,55.400001525878906,0.0,0.0
2024-06-15 21:55:04.927000+00:00,55.29999923706055,0.0,0.0
2024-06-15 21:56:04.287000+00:00,55.290000915527344,0.0,0.0
2024-06-15 21:57:04.080000+00:00,55.20000076293945,0.0,0.0
2024-06-15 21:58:04.933000+00:00,55.09999847412109,0.0,0.0
2024-06-15 21:59:04.109000+00:00,55.0,0.0,0.0
2024-06-15 22:00:06.856000+00:00,55.0,0.0,0.0
2024-06-15 22:01:04.995000+00:00,54.900001525878906,0.0,0.0
2024-06-15 22:02:04.082000+00:00,54.900001525878906,0.0,0.0
2024-06-15 22:03:04.641000+00:00,54.79999923706055,0.0,0.0
2024-06-15 22:04:04.612000+00:00,54.790000915527344,0.0,0.0
2024-06-15 22:05:04.615000+00:00,54.70000076293945,0.0,0.0
2024-06-15 22:06:04.991000+00:00,54.70000076293945,0.0,0.0
2024-06-15 22:07:04.441000+00:00,54.70000076293945,0.0,0.0
2024-06-15 22:08:04.387000+00:00,54.70000076293945,0.0,0.0
2024-06-15 22:09:04.605000+00:00,47.18999862670898,0.0,0.0
2024-06-15 22:10:04.822000+00:00,50.220001220703125,0.0,0.0
2024-06-15 22:11:04.738000+00:00,51.79999923706055,0.0,0.0
2024-06-15 22:12:04.254000+00:00,53.11000061035156,0.0,0.0
2024-06-15 22:13:04.659000+00:00,54.33000183105469,0.0,0.0
2024-06-15 22:14:05.049000+00:00,55.0,0.0,0.0
2024-06-15 22:15:04.429000+00:00,54.59999847412109,0.0,0.0
2024-06-15 22:16:04.236000+00:00,54.70000076293945,129.44000244140625,29638421.42040699
2024-06-15 22:17:04.540000+00:00,55.0099983215332,129.44000244140625,29806389.211133674
2024-06-15 22:18:04.471000+00:00,55.43999862670898,129.44000244140625,30039378.79208333
2024-06-15 22:19:04.562000+00:00,55.79999923706055,129.44000244140625,30234440.028872795
2024-06-15 22:20:04.678000+00:00,56.0,125.7300033569336,29473124.466918945
2024-06-15 22:21:04.144000+00:00,56.20000076293945,104.04000091552734,24475743.4756496
2024-06-15 22:22:04.666000+00:00,56.209999084472656,88.5199966430664,20828317.5820863
2024-06-15 22:23:04.584000+00:00,56.29999923706055,77.27999877929688,18212716.169508304
2024-06-15 22:24:04.689000+00:00,56.20000076293945,68.30999755859375,16070145.735810585
2024-06-15 22:25:04.793000+00:00,56.09999847412109,61.2599983215332,14385966.81055015
2024-06-15 22:26:05.555000+00:00,56.0,55.61000061035156,13035873.903076172
2024-06-15 22:27:04.477000+00:00,55.900001525878906,50.95000076293945,11922168.033960272
2024-06-15 22:28:04.614000+00:00,54.08000183105469,47.0,10639807.720245361
2024-06-15 22:29:04.165000+00:00,54.29999923706055,43.560001373291016,9901179.46103274
2024-06-15 22:30:04.745000+00:00,54.470001220703125,40.630001068115234,9264104.445756221
2024-06-15 22:31:04.548000+00:00,54.59999847412109,38.0,8685112.557281492
2024-06-15 22:32:04.489000+00:00,54.79999923706055,35.77000045776367,8205380.446770308
2024-06-15 22:33:04.468000+00:00,55.0,33.72999954223633,7765657.79460907
2024-06-15 22:34:04.332000+00:00,55.09999847412109,31.950000762939453,7369222.741895746
2024-06-15 22:35:04.675000+00:00,55.29999923706055,30.36000061035156,7027908.932328061
2024-06-15 22:36:04.690000+00:00,55.400001525878906,29.84000015258789,6920027.5219837045
2024-06-15 22:37:04.870000+00:00,55.59999847412109,29.84000015258789,6945009.188915648
2024-06-15 22:38:04.644000+00:00,55.70000076293945,29.84000015258789,6957500.498876374
2024-06-15 22:39:04.902000+00:00,55.7599983215332,29.84000015258789,6964994.808358056
2024-06-15 22:40:04.449000+00:00,55.70000076293945,29.84000015258789,6957500.498876374
2024-06-15 22:41:04.642000+00:00,55.79999923706055,29.84000015258789,6969991.332342345
2024-06-15 22:42:04.844000+00:00,55.79999923706055,29.84000015258789,6969991.332342345
2024-06-15 22:43:04.636000+00:00,55.7400016784668,29.84000015258789,6962497.022860664
2024-06-15 22:44:04.240000+00:00,55.70000076293945,29.84000015258789,6957500.498876374
2024-06-15 22:45:04.811000+00:00,55.70000076293945,29.84000015258789,6957500.498876374
2024-06-15 22:46:05.012000+00:00,55.59999847412109,29.84000015258789,6945009.188915648
2024-06-15 22:47:04.221000+00:00,55.5,29.84000015258789,6932518.3554496765
2024-06-15 22:48:04.577000+00:00,55.5,29.84000015258789,6932518.3554496765
2024-06-15 22:49:04.309000+00:00,55.400001525878906,29.84000015258789,6920027.5219837045
2024-06-15 22:50:04.664000+00:00,55.29999923706055,29.84000015258789,6907536.212022979
2024-06-15 22:51:04.065000+00:00,55.20000076293945,29.84000015258789,6895045.378557008
2024-06-15 22:52:04.967000+00:00,55.20000076293945,29.84000015258789,6895045.378557008
2024-06-15 22:53:04.572000+00:00,55.09999847412109,29.84000015258789,6882554.068596281
2024-06-15 22:54:04.768000+00:00,55.0,29.84000015258789,6870063.23513031
2024-06-15 22:55:05.003000+00:00,55.0,29.84000015258789,6870063.23513031
2024-06-15 22:56:04.561000+00:00,54.900001525878906,29.049999237060547,6676021.180219722
2024-06-15 22:57:04.824000+00:00,54.900001525878906,27.68000030517578,6361179.798934145
2024-06-15 22:58:04.634000+00:00,54.79999923706055,26.479999542236328,6074321.154424074
2024-06-15 22:59:04.175000+00:00,54.79999923706055,25.34000015258789,5812813.506075103
2024-06-15 23:00:06.975000+00:00,54.75,24.290000915527344,5566867.424823761
2024-06-16 00:00:08.482000+00:00,55.59999847412109,8.34000015258789,1941064.926243224
2024-06-16 00:01:05.041000+00:00,55.52999877929688,8.34000015258789,1938621.1500525782
2024-06-16 00:02:03.927000+00:00,55.5,8.34000015258789,1937573.8554496765
2024-06-16 00:03:04.226000+00:00,55.400001525878906,8.34000015258789,1934082.7846561288
2024-06-16 00:04:04.099000+00:00,55.400001525878906,8.34000015258789,1934082.7846561288
2024-06-16 00:05:04.516000+00:00,55.29999923706055,8.34000015258789,1930591.5806867671
2024-06-16 00:06:04.936000+00:00,55.20000076293945,8.34000015258789,1927100.5098932195
2024-06-16 00:07:04.621000+00:00,55.20000076293945,8.34000015258789,1927100.5098932195
2024-06-16 00:08:04.164000+00:00,55.20000076293945,8.34000015258789,1927100.5098932195
2024-06-16 00:09:03.868000+00:00,55.09999847412109,8.34000015258789,1923609.3059238575
2024-06-16 00:10:04.525000+00:00,55.09999847412109,8.34000015258789,1923609.3059238575
2024-06-16 00:11:04.792000+00:00,55.0,8.34000015258789,1920118.23513031
2024-06-16 00:12:04.621000+00:00,55.0,8.34000015258789,1920118.23513031
2024-06-16 00:13:04.871000+00:00,54.900001525878906,8.34000015258789,1916627.1643367624
2024-06-16 00:14:04.412000+00:00,54.900001525878906,8.34000015258789,1916627.1643367624
2024-06-16 00:15:04.731000+00:00,54.900001525878906,8.34000015258789,1916627.1643367624
2024-06-16 00:16:04.076000+00:00,54.84999847412109,8.34000015258789,1914881.4957641743
2024-06-16 00:17:04.171000+00:00,54.900001525878906,8.34000015258789,1916627.1643367624
2024-06-16 00:18:04.384000+00:00,54.810001373291016,8.34000015258789,1913485.147352244
2024-06-16 00:19:04.669000+00:00,54.900001525878906,8.34000015258789,1916627.1643367624
2024-06-16 00:20:04.394000+00:00,54.900001525878906,8.34000015258789,1916627.1643367624
2024-06-16 00:21:04.453000+00:00,54.900001525878906,8.34000015258789,1916627.1643367624
2024-06-16 00:22:04.175000+00:00,54.900001525878906,8.34000015258789,1916627.1643367624
2024-06-16 00:23:04.786000+00:00,54.900001525878906,8.34000015258789,1916627.1643367624
2024-06-16 00:24:04.145000+00:00,54.79999923706055,8.34000015258789,1913135.9603674007
2024-06-16 00:25:04.428000+00:00,54.900001525878906,8.34000015258789,1916627.1643367624
2024-06-16 00:26:04.475000+00:00,54.900001525878906,8.34000015258789,1916627.1643367624
2024-06-16 00:27:04.465000+00:00,55.0,8.34000015258789,1920118.23513031
2024-06-16 00:28:04.745000+00:00,55.0,8.34000015258789,1920118.23513031
2024-06-16 00:29:04.526000+00:00,55.09999847412109,8.34000015258789,1923609.3059238575
2024-06-16 00:30:04.916000+00:00,55.09999847412109,8.34000015258789,1923609.3059238575
2024-06-16 00:31:04.173000+00:00,55.20000076293945,8.34000015258789,1927100.5098932195
2024-06-16 00:32:04.599000+00:00,55.20000076293945,8.34000015258789,1927100.5098932195
2024-06-16 00:33:04.324000+00:00,55.29999923706055,8.34000015258789,1930591.5806867671
2024-06-16 00:34:04.320000+00:00,55.29999923706055,8.34000015258789,1930591.5806867671
2024-06-16 00:35:04.129000+00:00,55.29999923706055,8.34000015258789,1930591.5806867671
2024-06-16 00:36:04.901000+00:00,55.29999923706055,8.34000015258789,1930591.5806867671
2024-06-16 00:37:04.609000+00:00,55.29999923706055,8.34000015258789,1930591.5806867671
2024-06-16 00:38:04.727000+00:00,55.29999923706055,8.34000015258789,1930591.5806867671
2024-06-16 00:39:05.147000+00:00,55.400001525878906,8.34000015258789,1934082.7846561288
2024-06-16 00:40:04.538000+00:00,55.310001373291016,8.34000015258789,1930940.7676716105
2024-06-16 00:41:04.683000+00:00,55.29999923706055,8.34000015258789,1930591.5806867671
2024-06-16 00:42:04.439000+00:00,55.29999923706055,8.34000015258789,1930591.5806867671
2024-06-16 00:43:04.981000+00:00,55.29999923706055,8.34000015258789,1930591.5806867671
2024-06-16 00:44:04.109000+00:00,55.29999923706055,8.34000015258789,1930591.5806867671
2024-06-16 00:45:04.708000+00:00,55.29999923706055,8.34000015258789,1930591.5806867671
2024-06-16 00:46:04.081000+00:00,55.29999923706055,8.34000015258789,1930591.5806867671
2024-06-16 00:47:04.709000+00:00,55.29999923706055,8.34000015258789,1930591.5806867671
2024-06-16 00:48:04.683000+00:00,55.22999954223633,8.34000015258789,1928147.804496121
2024-06-16 00:49:04.761000+00:00,55.20000076293945,8.34000015258789,1927100.5098932195
2024-06-16 00:50:04.782000+00:00,55.20000076293945,8.34000015258789,1927100.5098932195
2024-06-16 00:51:04.571000+00:00,55.20000076293945,8.34000015258789,1927100.5098932195
2024-06-16 00:52:05.219000+00:00,55.09999847412109,8.34000015258789,1923609.3059238575
2024-06-16 00:53:04.302000+00:00,55.0,8.34000015258789,1920118.23513031
2024-06-16 00:54:04.491000+00:00,55.0,8.34000015258789,1920118.23513031
2024-06-16 00:55:04.654000+00:00,55.0,8.34000015258789,1920118.23513031
2024-06-16 00:56:04.770000+00:00,55.0,8.34000015258789,1920118.23513031
2024-06-16 00:57:04.423000+00:00,55.0,8.34000015258789,1920118.23513031
2024-06-16 00:58:04.042000+00:00,54.900001525878906,8.34000015258789,1916627.1643367624
2024-06-16 00:59:04.398000+00:00,54.900001525878906,8.34000015258789,1916627.1643367624
2024-06-16 01:00:07.434000+00:00,54.970001220703125,8.34000015258789,1919070.9405274086
2024-06-16 01:01:04.942000+00:00,55.0,8.34000015258789,1920118.23513031
2024-06-16 01:02:03.707000+00:00,55.0,8.34000015258789,1920118.23513031
2024-06-16 01:03:04.093000+00:00,54.970001220703125,8.34000015258789,1919070.9405274086
2024-06-16 01:04:03.994000+00:00,55.0,8.34000015258789,1920118.23513031
2024-06-16 01:05:04.499000+00:00,54.93000030517578,8.34000015258789,1917674.4589396638
2024-06-16 01:06:05.650000+00:00,55.0,8.34000015258789,1920118.23513031
2024-06-16 01:07:04.633000+00:00,55.0,8.34000015258789,1920118.23513031
2024-06-16 01:08:04.465000+00:00,55.0,8.34000015258789,1920118.23513031
2024-06-16 01:09:04.028000+00:00,55.0,8.34000015258789,1920118.23513031
2024-06-16 01:10:04.885000+00:00,55.0,8.34000015258789,1920118.23513031
2024-06-16 01:11:04.420000+00:00,55.0,8.34000015258789,1920118.23513031
2024-06-16 01:12:04.363000+00:00,55.0,8.34000015258789,1920118.23513031
2024-06-16 01:13:04.694000+00:00,55.08000183105469,8.34000015258789,1922911.1983057996
2024-06-16 01:14:04.525000+00:00,55.0,8.34000015258789,1920118.23513031
2024-06-16 01:15:04.672000+00:00,55.0099983215332,8.34000015258789,1920467.288939339
2024-06-16 01:16:04.256000+00:00,55.09000015258789,8.34000015258789,1923260.2521148287
2024-06-16 01:17:04.788000+00:00,55.09999847412109,8.34000015258789,1923609.3059238575
2024-06-16 01:18:04.656000+00:00,55.09999847412109,8.34000015258789,1923609.3059238575
2024-06-16 01:19:04.623000+00:00,55.09999847412109,8.34000015258789,1923609.3059238575
2024-06-16 01:20:05.243000+00:00,55.09999847412109,8.34000015258789,1923609.3059238575
2024-06-16 01:21:04.727000+00:00,55.20000076293945,8.34000015258789,1927100.5098932195
2024-06-16 01:22:04.571000+00:00,55.20000076293945,8.34000015258789,1927100.5098932195
2024-06-16 01:23:04.502000+00:00,55.20000076293945,8.34000015258789,1927100.5098932195
2024-06-16 01:24:05.015000+00:00,55.29999923706055,8.34000015258789,1930591.5806867671
2024-06-16 01:25:04.491000+00:00,55.29999923706055,8.34000015258789,1930591.5806867671
2024-06-16 01:26:04.838000+00:00,55.29999923706055,8.34000015258789,1930591.5806867671
2024-06-16 01:27:05.197000+00:00,55.29999923706055,8.34000015258789,1930591.5806867671
2024-06-16 01:28:04.566000+00:00,55.29999923706055,8.34000015258789,1930591.5806867671
2024-06-16 01:29:04.472000+00:00,55.29999923706055,8.34000015258789,1930591.5806867671
2024-06-16 01:30:04.947000+00:00,55.29999923706055,8.34000015258789,1930591.5806867671
2024-06-16 01:31:04.269000+00:00,55.29999923706055,8.34000015258789,1930591.5806867671
2024-06-16 01:32:04.463000+00:00,55.29999923706055,8.34000015258789,1930591.5806867671
2024-06-16 01:33:04.605000+00:00,55.29999923706055,8.34000015258789,1930591.5806867671
2024-06-16 01:34:04.112000+00:00,55.29999923706055,8.34000015258789,1930591.5806867671
2024-06-16 01:35:05.028000+00:00,55.29999923706055,8.34000015258789,1930591.5806867671
2024-06-16 01:36:04.280000+00:00,55.29999923706055,8.34000015258789,1930591.5806867671
2024-06-16 01:37:04.074000+00:00,55.209999084472656,8.34000015258789,1927449.5637022485
2024-06-16 01:38:04.222000+00:00,55.27000045776367,8.34000015258789,1929544.2860838657
2024-06-16 01:39:04.653000+00:00,55.20000076293945,8.34000015258789,1927100.5098932195
2024-06-16 01:40:04.829000+00:00,55.20000076293945,8.34000015258789,1927100.5098932195
2024-06-16 01:41:04.874000+00:00,55.09999847412109,8.34000015258789,1923609.3059238575
2024-06-16 01:42:04.359000+00:00,55.04999923706055,8.34000015258789,1921863.770527084
2024-06-16 01:43:04.193000+00:00,55.0,8.34000015258789,1920118.23513031
2024-06-16 01:44:04.530000+00:00,55.0,8.34000015258789,1920118.23513031
2024-06-16 01:45:04.017000+00:00,55.0,8.34000015258789,1920118.23513031
2024-06-16 01:46:04.375000+00:00,55.0,8.34000015258789,1920118.23513031
2024-06-16 01:47:04.162000+00:00,55.0,8.34000015258789,1920118.23513031
2024-06-16 01:48:04.308000+00:00,54.900001525878906,8.34000015258789,1916627.1643367624
2024-06-16 01:49:04.141000+00:00,54.900001525878906,8.34000015258789,1916627.1643367624
2024-06-16 01:50:04.806000+00:00,54.79999923706055,8.34000015258789,1913135.9603674007
2024-06-16 01:51:04.257000+00:00,54.79999923706055,8.34000015258789,1913135.9603674007
2024-06-16 01:52:04.706000+00:00,54.70000076293945,8.34000015258789,1909644.889573853
2024-06-16 01:53:04.080000+00:00,54.77999877929688,8.34000015258789,1912437.7195735285
2024-06-16 01:54:04.382000+00:00,54.70000076293945,8.34000015258789,1909644.889573853
2024-06-16 01:55:05.173000+00:00,54.70000076293945,8.34000015258789,1909644.889573853
2024-06-16 01:56:04.867000+00:00,54.790000915527344,8.34000015258789,1912786.9065583716
2024-06-16 01:57:04.352000+00:00,54.79999923706055,8.34000015258789,1913135.9603674007
2024-06-16 01:58:04.645000+00:00,54.79999923706055,8.34000015258789,1913135.9603674007
2024-06-16 01:59:04.169000+00:00,54.79999923706055,8.34000015258789,1913135.9603674007
2024-06-16 02:00:06.035000+00:00,54.900001525878906,8.34000015258789,1916627.1643367624
2024-06-16 02:01:04.657000+00:00,55.0,4.489999771118164,1033732.6473045349
2024-06-16 02:02:05.021000+00:00,55.79999923706055,4.489999771118164,1048768.7441985023
2024-06-16 02:03:05.066000+00:00,56.59000015258789,4.489999771118164,1063616.9212490676
2024-06-16 02:04:04.096000+00:00,57.09999847412109,4.489999771118164,1073202.41061342
2024-06-16 02:05:04.525000+00:00,57.59999847412109,159.52999877929688,38464851.29470126
2024-06-16 02:06:05.358000+00:00,58.0,159.52999877929688,38731969.34362793
2024-06-16 02:07:03.915000+00:00,58.290000915527344,159.52999877929688,38925629.801728435
2024-06-16 02:08:04.738000+00:00,58.400001525878906,159.52999877929688,38999087.39255459
2024-06-16 02:09:04.847000+00:00,58.0,136.14999389648438,33055584.71813965
2024-06-16 02:10:04.084000+00:00,58.09999847412109,111.12000274658205,27025117.35022685
2024-06-16 02:11:04.675000+00:00,58.20000076293945,104.08999633789062,25358946.508246403
2024-06-16 02:12:04.735000+00:00,58.29999923706055,104.08999633789062,25402517.91585638
2024-06-16 02:13:04.629000+00:00,58.400001525878906,104.08999633789062,25446090.985609017
2024-06-16 02:14:04.696000+00:00,58.4900016784668,104.08999633789062,25485305.91731506
2024-06-16 02:15:04.689000+00:00,58.5,104.08999633789062,25489662.393218994
2024-06-16 02:16:04.194000+00:00,58.560001373291016,104.08999633789062,25515806.235070575
2024-06-16 02:17:04.794000+00:00,58.5,90.23999786376952,22098060.916877743
2024-06-16 02:18:04.873000+00:00,58.5,78.30000305175781,19174183.047317505
2024-06-16 02:19:04.759000+00:00,58.5,69.33999633789062,16980047.643218994
2024-06-16 02:20:04.811000+00:00,58.29999923706055,62.22999954223633,15186845.36354387
2024-06-16 02:21:05.227000+00:00,58.29999923706055,56.27999877929688,13734784.586355535
2024-06-16 02:22:04.193000+00:00,58.20000076293945,51.540000915527344,12556443.195647007
2024-06-16 02:23:04.853000+00:00,58.09999847412109,47.4900016784668,11549881.538879931
2024-06-16 02:24:04.572000+00:00,58.09999847412109,43.95000076293945,10688929.97482879
2024-06-16 02:25:04.593000+00:00,58.0,40.9900016784668,9951880.527511597
2024-06-16 02:26:05.419000+00:00,57.900001525878906,38.31999969482422,9287595.578797178
2024-06-16 02:27:04.513000+00:00,57.900001525878906,36.04999923706055,8737416.915350031
2024-06-16 02:28:05.113000+00:00,57.900001525878906,34.0099983215332,8242983.104424061
2024-06-16 02:29:04.207000+00:00,57.900001525878906,32.91999816894531,7978800.414479236
2024-06-16 02:30:05.360000+00:00,57.900001525878906,32.91999816894531,7978800.414479236
2024-06-16 02:31:05.006000+00:00,57.79999923706055,32.91999816894531,7965019.787839422
2024-06-16 02:32:04.799000+00:00,57.79999923706055,32.91999816894531,7965019.787839422
2024-06-16 02:33:04.794000+00:00,57.79999923706055,32.91999816894531,7965019.787839422
2024-06-16 02:34:04.785000+00:00,57.70000076293945,32.91999816894531,7951239.6868767645
2024-06-16 02:35:04.133000+00:00,57.79999923706055,32.91999816894531,7965019.787839422
2024-06-16 02:36:04.490000+00:00,57.79999923706055,32.91999816894531,7965019.787839422
2024-06-16 02:37:04.742000+00:00,57.79999923706055,32.91999816894531,7965019.787839422
2024-06-16 02:38:04.448000+00:00,57.79999923706055,32.91999816894531,7965019.787839422
2024-06-16 02:39:04.816000+00:00,57.79999923706055,32.91999816894531,7965019.787839422
2024-06-16 02:40:05.058000+00:00,57.79999923706055,32.91999816894531,7965019.787839422
2024-06-16 02:41:04.364000+00:00,57.79999923706055,32.91999816894531,7965019.787839422
2024-06-16 02:42:04.773000+00:00,57.79999923706055,32.91999816894531,7965019.787839422
2024-06-16 02:43:04.371000+00:00,57.79999923706055,44.06999969482422,10662771.54141768
2024-06-16 02:44:04.712000+00:00,57.84999847412109,44.06999969482422,10671995.251609009
2024-06-16 02:45:04.477000+00:00,57.900001525878906,44.06999969482422,10681219.66552432
2024-06-16 02:46:04.054000+00:00,57.900001525878906,44.06999969482422,10681219.66552432
2024-06-16 02:47:04.720000+00:00,58.0,44.06999969482422,10699667.085906982
2024-06-16 02:48:04.618000+00:00,58.0,44.06999969482422,10699667.085906982
2024-06-16 02:49:04.741000+00:00,58.060001373291016,44.06999969482422,10710735.960370967
2024-06-16 02:50:04.439000+00:00,58.09999847412109,44.06999969482422,10718114.506289642
2024-06-16 02:51:04.636000+00:00,58.09999847412109,44.06999969482422,10718114.506289642
2024-06-16 02:52:04.889000+00:00,58.09999847412109,44.06999969482422,10718114.506289642
2024-06-16 02:53:04.540000+00:00,58.09999847412109,60.5099983215332,14716430.571288522
2024-06-16 02:54:04.481000+00:00,58.09999847412109,60.5099983215332,14716430.571288522
2024-06-16 02:55:04.343000+00:00,58.09999847412109,60.5099983215332,14716430.571288522
2024-06-16 02:56:05.031000+00:00,58.09999847412109,60.5099983215332,14716430.571288522
2024-06-16 02:57:04.370000+00:00,58.09999847412109,60.5099983215332,14716430.571288522
2024-06-16 02:58:04.464000+00:00,58.0,60.5099983215332,14691101.472488403
2024-06-16 02:59:04.274000+00:00,58.09999847412109,60.5099983215332,14716430.571288522
2024-06-16 03:00:07.206000+00:00,58.0,60.5099983215332,14691101.472488403
2024-06-16 03:01:04.909000+00:00,58.0,60.5099983215332,14691101.472488403
2024-06-16 03:02:04.290000+00:00,58.0,60.5099983215332,14691101.472488403
2024-06-16 03:03:04.395000+00:00,58.0,55.060001373291016,13367907.61341858
2024-06-16 03:04:04.211000+00:00,58.0,53.93999862670898,13095984.386581419
2024-06-16 03:05:03.871000+00:00,57.959999084472656,53.93999862670898,13086952.46649185
2024-06-16 03:06:05.046000+00:00,58.0,53.93999862670898,13095984.386581419
2024-06-16 03:07:04.239000+00:00,58.0,53.93999862670898,13095984.386581419
2024-06-16 03:08:04.053000+00:00,57.900001525878906,53.93999862670898,13073405.447688801
2024-06-16 03:09:04.356000+00:00,58.0,53.93999862670898,13095984.386581419
2024-06-16 03:10:04.710000+00:00,57.900001525878906,53.93999862670898,13073405.447688801
2024-06-16 03:11:04.603000+00:00,57.900001525878906,53.93999862670898,13073405.447688801
2024-06-16 03:12:04.810000+00:00,57.900001525878906,53.93999862670898,13073405.447688801
2024-06-16 03:13:04.637000+00:00,57.900001525878906,53.93999862670898,13073405.447688801
2024-06-16 03:14:04.338000+00:00,57.900001525878906,53.93999862670898,13073405.447688801
2024-06-16 03:15:04.763000+00:00,57.900001525878906,55.52000045776367,13456349.553572422
2024-06-16 03:16:04.387000+00:00,58.0,55.52000045776367,13479589.871139526
2024-06-16 03:17:04.594000+00:00,58.09000015258789,55.52000045776367,13500506.511574436
2024-06-16 03:18:04.698000+00:00,58.09999847412109,55.52000045776367,13502830.18870663
2024-06-16 03:19:04.167000+00:00,58.20000076293945,55.52000045776367,13526071.392835023
2024-06-16 03:20:04.700000+00:00,58.20000076293945,55.52000045776367,13526071.392835023
2024-06-16 03:21:04.682000+00:00,58.290000915527344,55.52000045776367,13546988.033269932
2024-06-16 03:22:04.666000+00:00,58.29999923706055,77.94999694824219,19023213.216291286
2024-06-16 03:23:04.456000+00:00,58.29999923706055,77.94999694824219,19023213.216291286
2024-06-16 03:24:04.754000+00:00,58.29999923706055,77.94999694824219,19023213.216291286
2024-06-16 03:25:04.491000+00:00,58.29999923706055,77.94999694824219,19023213.216291286
2024-06-16 03:26:05.271000+00:00,58.380001068115234,77.94999694824219,19049317.70874005
2024-06-16 03:27:04.022000+00:00,58.29999923706055,77.94999694824219,19023213.216291286
2024-06-16 03:28:05.115000+00:00,58.29999923706055,77.94999694824219,19023213.216291286
2024-06-16 03:29:04.164000+00:00,58.29999923706055,77.94999694824219,19023213.216291286
2024-06-16 03:30:05.329000+00:00,58.29999923706055,72.54000091552734,17702937.243760344
2024-06-16 03:31:04.864000+00:00,58.29999923706055,64.79000091552734,15811597.818511242
2024-06-16 03:32:05.022000+00:00,58.2400016784668,63.630001068115234,15512526.390666965
2024-06-16 03:33:04.346000+00:00,58.20000076293945,63.630001068115234,15501871.939432666
2024-06-16 03:34:04.041000+00:00,58.20000076293945,63.630001068115234,15501871.939432666
2024-06-16 03:35:04.681000+00:00,58.09999847412109,63.630001068115234,15475235.811346915
2024-06-16 03:36:04.558000+00:00,58.09999847412109,63.630001068115234,15475235.811346915
2024-06-16 03:37:04.394000+00:00,58.0,63.630001068115234,15448600.699325562
2024-06-16 03:38:04.578000+00:00,57.93999862670898,63.630001068115234,15432619.02247411
2024-06-16 03:39:05.036000+00:00,58.0,63.630001068115234,15448600.699325562
2024-06-16 03:40:05.512000+00:00,57.900001525878906,63.630001068115234,15421965.587304207
2024-06-16 03:41:04.954000+00:00,57.900001525878906,60.9900016784668,14782110.502372203
2024-06-16 03:42:04.256000+00:00,57.900001525878906,55.43000030517578,13434536.270014925
2024-06-16 03:43:04.767000+00:00,57.79999923706055,50.66999816894531,12259646.431151876
2024-06-16 03:44:04.762000+00:00,57.79999923706055,47.959999084472656,11603959.993319279
2024-06-16 03:45:04.767000+00:00,57.79999923706055,47.959999084472656,11603959.993319279
2024-06-16 03:46:04.636000+00:00,57.79999923706055,47.959999084472656,11603959.993319279
2024-06-16 03:47:04.803000+00:00,57.70000076293945,47.959999084472656,11583884.244038815
2024-06-16 03:48:04.376000+00:00,57.70000076293945,47.959999084472656,11583884.244038815
2024-06-16 03:49:03.874000+00:00,57.70000076293945,47.959999084472656,11583884.244038815
2024-06-16 03:50:04.330000+00:00,57.70000076293945,47.959999084472656,11583884.244038815
2024-06-16 03:51:04.613000+00:00,57.70000076293945,47.959999084472656,11583884.244038815
2024-06-16 03:52:04.738000+00:00,57.70000076293945,47.959999084472656,11583884.244038815
2024-06-16 03:53:04.068000+00:00,57.70000076293945,47.959999084472656,11583884.244038815
2024-06-16 03:54:04.326000+00:00,57.70000076293945,60.33000183105469,14571638.260932455
2024-06-16 03:55:04.666000+00:00,57.70000076293945,60.33000183105469,14571638.260932455
2024-06-16 03:56:04.171000+00:00,57.7400016784668,60.33000183105469,14581740.147647593
2024-06-16 03:57:04.320000+00:00,57.790000915527344,60.33000183105469,14594367.024357045
2024-06-16 03:58:04.194000+00:00,57.79999923706055,60.33000183105469,14596892.014351359
2024-06-16 03:59:04.313000+00:00,57.900001525878906,60.33000183105469,14622146.731139202
2024-06-16 04:00:05.917000+00:00,57.900001525878906,60.33000183105469,14622146.731139202
2024-06-16 04:01:04.610000+00:00,57.900001525878906,60.33000183105469,14622146.731139202
2024-06-16 04:02:04.754000+00:00,57.90999984741211,81.11000061035156,19661977.394748464
2024-06-16 04:03:04.270000+00:00,57.900001525878906,81.11000061035156,19658582.70000681
2024-06-16 04:04:04.462000+00:00,57.90999984741211,81.11000061035156,19661977.394748464
2024-06-16 04:05:04.176000+00:00,58.0,81.11000061035156,19692534.828186035
2024-06-16 04:06:04.935000+00:00,58.0,81.11000061035156,19692534.828186035
2024-06-16 04:07:04.010000+00:00,58.0,81.11000061035156,19692534.828186035
2024-06-16 04:08:04.785000+00:00,58.0,85.44999694824219,20746233.859069824
2024-06-16 04:09:04.462000+00:00,58.0,85.77999877929688,20826354.34362793
2024-06-16 04:10:04.821000+00:00,58.0,85.77999877929688,20826354.34362793
2024-06-16 04:11:04.277000+00:00,57.900001525878906,85.77999877929688,20790447.384044
2024-06-16 04:12:04.294000+00:00,58.0,85.77999877929688,20826354.34362793
2024-06-16 04:13:04.757000+00:00,57.900001525878906,85.77999877929688,20790447.384044
2024-06-16 04:14:04.816000+00:00,57.900001525878906,85.77999877929688,20790447.384044
2024-06-16 04:15:04.575000+00:00,57.900001525878906,86.0199966430664,20848615.523820046
2024-06-16 04:16:03.794000+00:00,57.900001525878906,86.02999877929688,20851039.73564083
2024-06-16 04:17:04.840000+00:00,57.900001525878906,86.02999877929688,20851039.73564083
2024-06-16 04:18:04.520000+00:00,57.79999923706055,86.02999877929688,20815026.753898945
2024-06-16 04:19:04.788000+00:00,57.79999923706055,86.02999877929688,20815026.753898945
2024-06-16 04:20:04.927000+00:00,57.79999923706055,86.02999877929688,20815026.753898945
2024-06-16 04:21:04.591000+00:00,57.79999923706055,86.02999877929688,20815026.753898945
2024-06-16 04:22:04.109000+00:00,57.79999923706055,92.37999725341795,22351413.944431555
2024-06-16 04:23:04.265000+00:00,57.79999923706055,92.37999725341795,22351413.944431555
2024-06-16 04:24:04.701000+00:00,57.79999923706055,92.37999725341795,22351413.944431555
2024-06-16 04:25:04.500000+00:00,57.7400016784668,92.37999725341795,22328212.7284197
2024-06-16 04:26:04.721000+00:00,57.79999923706055,92.37999725341795,22351413.944431555
2024-06-16 04:27:04.740000+00:00,57.79999923706055,110.63999938964844,26769436.01097791
2024-06-16 04:28:04.869000+00:00,57.79999923706055,110.63999938964844,26769436.01097791
2024-06-16 04:29:04.765000+00:00,57.79999923706055,110.63999938964844,26769436.01097791
2024-06-16 04:30:04.486000+00:00,57.79999923706055,110.63999938964844,26769436.01097791
2024-06-16 04:31:03.991000+00:00,57.88999938964844,110.63999938964844,26811118.595017374
2024-06-16 04:32:04.036000+00:00,57.79999923706055,120.44000244140624,29140554.558055226
2024-06-16 04:33:04.069000+00:00,57.79999923706055,120.44000244140624,29140554.558055226
2024-06-16 04:34:04.430000+00:00,57.79999923706055,120.44000244140624,29140554.558055226
2024-06-16 04:35:04.214000+00:00,57.79999923706055,120.44000244140624,29140554.558055226
2024-06-16 04:36:04.157000+00:00,57.7400016784668,120.44000244140624,29110306.077905934
2024-06-16 04:37:04.479000+00:00,57.79999923706055,128.3699951171875,31059222.604628906
2024-06-16 04:38:04.473000+00:00,57.790000915527344,128.3699951171875,31053849.938568845
2024-06-16 04:39:04.425000+00:00,57.79999923706055,128.3699951171875,31059222.604628906
2024-06-16 04:40:04.739000+00:00,57.70000076293945,128.3699951171875,31005487.74461426
2024-06-16 04:41:04.509000+00:00,57.70000076293945,143.32000732421875,34616397.13075069
2024-06-16 04:42:04.685000+00:00,57.70000076293945,143.32000732421875,34616397.13075069
2024-06-16 04:43:04.509000+00:00,57.70000076293945,143.32000732421875,34616397.13075069
2024-06-16 04:44:04.560000+00:00,57.70000076293945,143.32000732421875,34616397.13075069
2024-06-16 04:45:04.594000+00:00,57.70000076293945,160.0,38645152.51098633
2024-06-16 04:46:04.524000+00:00,57.70000076293945,160.0,38645152.51098633
2024-06-16 04:47:04.627000+00:00,57.70000076293945,160.0,38645152.51098633
2024-06-16 04:48:04.162000+00:00,57.70000076293945,178.83999633789062,43195618.33463762
2024-06-16 04:49:03.889000+00:00,57.66999816894531,178.83999633789062,43173157.66597066
2024-06-16 04:50:04.494000+00:00,57.59999847412109,178.83999633789062,43120754.1987057
2024-06-16 04:51:04.688000+00:00,57.59999847412109,178.83999633789062,43120754.1987057
2024-06-16 04:52:05.116000+00:00,57.59000015258789,189.509994506836,45685504.24419966
2024-06-16 04:53:03.869000+00:00,57.5,189.509994506836,45614108.12782289
2024-06-16 04:54:05.120000+00:00,57.5,211.0200042724609,50791459.92835998
2024-06-16 04:55:04.219000+00:00,57.43999862670898,211.0200042724609,50738458.93101811
2024-06-16 04:56:04.097000+00:00,57.400001525878906,211.0200042724609,50703128.30242574
2024-06-16 04:57:04.447000+00:00,57.29999923706055,221.83999633789065,53210052.76513197
2024-06-16 04:58:04.740000+00:00,57.29999923706055,221.83999633789065,53210052.76513197
2024-06-16 04:59:04.499000+00:00,57.20000076293945,253.9100036621093,60796008.95975589
2024-06-16 05:00:05.924000+00:00,57.20000076293945,253.9100036621093,60796008.95975589
2024-06-16 05:01:04.805000+00:00,57.09999847412109,305.5,73020791.34867094
2024-06-16 05:02:04.519000+00:00,57.09999847412109,305.5,73020791.34867094
2024-06-16 05:03:04.269000+00:00,57.0,356.510009765625,85064001.35009766
2024-06-16 05:04:04.193000+00:00,56.97999954223633,356.510009765625,85034153.64893605
2024-06-16 05:05:04.286000+00:00,56.900001525878906,392.5799865722656,93506038.48127414
2024-06-16 05:06:05.161000+00:00,56.79999923706055,434.1499938964844,103225585.08226939
2024-06-16 05:07:04.604000+00:00,56.68999862670898,481.7999877929688,114333225.34554493
2024-06-16 05:08:04.676000+00:00,56.59999847412109,522.9500122070312,123901287.97192878
2024-06-16 05:09:04.625000+00:00,56.5,561.0999755859375,132705194.12585449
2024-06-16 05:10:04.733000+00:00,56.5,596.219970703125,141011389.0510254
2024-06-16 05:11:04.294000+00:00,56.400001525878906,624.5700073242188,147454986.84651193
2024-06-16 05:12:04.446000+00:00,56.400001525878906,668.4000244140625,157802833.3932167
2024-06-16 05:13:05.126000+00:00,56.400001525878906,710.0599975585938,167638353.3829943
2024-06-16 05:14:04.840000+00:00,56.400001525878906,725.219970703125,171217477.6035077
2024-06-16 05:15:05.139000+00:00,56.400001525878906,750.9400024414062,177289730.34889352
2024-06-16 05:16:04.341000+00:00,56.400001525878906,788.4400024414062,186143120.58841836
2024-06-16 05:17:05.120000+00:00,56.400001525878906,821.5399780273438,193957707.275913
2024-06-16 05:18:04.453000+00:00,56.400001525878906,857.4099731445312,202426269.0002413
2024-06-16 05:19:04.584000+00:00,56.400001525878906,885.8300170898438,209135968.7248359
2024-06-16 05:20:04.655000+00:00,56.41999816894531,917.4299926757812,216673214.14989632
2024-06-16 05:21:04.076000+00:00,56.5,945.3800048828124,223590879.57482907
2024-06-16 05:22:04.431000+00:00,56.5,986.2999877929688,233268823.81292725
2024-06-16 05:23:04.233000+00:00,56.5,1008.4000244140624,238495681.37414545
2024-06-16 05:24:04.801000+00:00,56.5,1035.6700439453125,244945286.4234619
2024-06-16 05:25:04.311000+00:00,56.5,1061.949951171875,251160721.00170898
2024-06-16 05:26:04.670000+00:00,56.5,1092.9000244140625,258480691.8741455
2024-06-16 05:27:04.109000+00:00,56.5,1120.0999755859375,264913725.1258545
2024-06-16 05:28:04.988000+00:00,56.5,1143.5799560546875,270466951.8265381
2024-06-16 05:29:04.402000+00:00,56.43999862670898,1165.050048828125,275252201.33062506
2024-06-16 05:30:04.634000+00:00,56.5,1200.0,283810800.0
2024-06-16 05:31:04.599000+00:00,56.400001525878906,1227.800048828125,289871812.4902145
2024-06-16 05:32:03.876000+00:00,56.400001525878906,1276.5999755859375,301393007.0301384
2024-06-16 05:33:04.094000+00:00,56.29999923706055,1291.25,304311207.62618065
2024-06-16 05:34:04.176000+00:00,56.20000076293945,1319.6500244140625,310451895.33800584
2024-06-16 05:35:04.373000+00:00,56.09999847412109,1334.3199462890625,313344482.3360728
2024-06-16 05:36:04.220000+00:00,56.09999847412109,1370.9100341796875,321937100.75611967
2024-06-16 05:37:04.264000+00:00,56.09999847412109,1391.030029296875,326661971.6329533
2024-06-16 05:38:03.916000+00:00,56.09999847412109,1406.25,330236147.2678184
2024-06-16 05:39:04.736000+00:00,56.09999847412109,1422.9300537109375,334153200.9024639
2024-06-16 05:40:04.623000+00:00,56.09999847412109,1448.1099853515625,340066319.91648495
2024-06-16 05:41:04.672000+00:00,56.09999847412109,1449.280029296875,340341086.71089137
2024-06-16 05:42:05.206000+00:00,56.09999847412109,1456.31005859375,341991980.7839082
2024-06-16 05:43:04.464000+00:00,56.09999847412109,1452.780029296875,341163007.7885357
2024-06-16 05:44:04.090000+00:00,56.09999847412109,1453.9300537109375,341433073.3044567
2024-06-16 05:45:04.061000+00:00,56.09999847412109,1459.8499755859375,342823275.7521911
2024-06-16 05:46:04.433000+00:00,56.09999847412109,1455.1300048828125,341714863.35025907
2024-06-16 05:47:04.606000+00:00,56.0,1453.9599609375,340831478.203125
2024-06-16 05:48:04.467000+00:00,56.0,1453.9599609375,340831478.203125
2024-06-16 05:49:04.259000+00:00,56.0,1449.280029296875,339734427.34765625
2024-06-16 05:50:04.717000+00:00,55.93999862670898,1452.7900390625,340192338.69916075
2024-06-16 05:51:04.416000+00:00,55.900001525878906,1455.1300048828125,340496647.0989597
2024-06-16 05:52:04.770000+00:00,55.900001525878906,1450.43994140625,339399184.4096521
2024-06-16 05:53:04.520000+00:00,55.79999923706055,1456.31005859375,340163151.263292
2024-06-16 05:54:04.802000+00:00,55.79999923706055,1450.43994140625,338792016.35352355
2024-06-16 05:55:04.122000+00:00,55.79999923706055,1453.9599609375,339614218.28036773
2024-06-16 05:56:04.560000+00:00,55.79999923706055,1452.780029296875,339338611.2674368
2024-06-16 05:57:04.521000+00:00,55.79999923706055,1453.9599609375,339614218.28036773
2024-06-16 05:58:04.302000+00:00,55.79999923706055,1456.31005859375,340163151.263292
2024-06-16 05:59:04.109000+00:00,55.79999923706055,1452.780029296875,339338611.2674368
2024-06-16 06:00:06.218000+00:00,55.79999923706055,1453.9599609375,339614218.28036773
2024-06-16 06:01:04.780000+00:00,55.70000076293945,1452.780029296875,338730486.82655734
2024-06-16 06:02:04.106000+00:00,55.70000076293945,1453.9599609375,339005599.9276401
2024-06-16 06:03:04.441000+00:00,55.59999847412109,1452.52001953125,338061824.10001093
2024-06-16 06:04:04.074000+00:00,55.59999847412109,1450.43994140625,337577703.4023596
2024-06-16 06:05:04.494000+00:00,55.59999847412109,1449.280029296875,337307743.609573
2024-06-16 06:06:05.026000+00:00,55.59999847412109,1452.780029296875,338122339.18721735
2024-06-16 06:07:05.049000+00:00,55.5,1451.6099853515625,337242386.62683105
2024-06-16 06:08:04.011000+00:00,55.29999923706055,1456.2900390625,337110460.0735122
2024-06-16 06:09:04.273000+00:00,55.29999923706055,1450.43994140625,335756245.5561603
2024-06-16 06:10:04.621000+00:00,55.29999923706055,1446.949951171875,334948362.3859097
2024-06-16 06:11:04.371000+00:00,55.29999923706055,1453.9599609375,336571080.08212554
2024-06-16 06:12:04.249000+00:00,55.20000076293945,1449.280029296875,334881083.01406115
2024-06-16 06:13:04.814000+00:00,55.09999847412109,1451.6099853515625,334811801.59544766
2024-06-16 06:14:04.437000+00:00,55.0,1449.280029296875,333667741.14501953
2024-06-16 06:15:04.840000+00:00,54.79999923706055,1449.27001953125,332452103.10784584
2024-06-16 06:16:04.807000+00:00,54.810001373291016,1446.949951171875,331980478.4020667
2024-06-16 06:17:04.037000+00:00,54.900001525878906,1446.949951171875,332525603.2508858
2024-06-16 06:18:04.331000+00:00,55.0,1446.949951171875,333131287.2583008
2024-06-16 06:19:04.296000+00:00,55.11000061035156,1443.4599609375,332992446.06819546
2024-06-16 06:20:04.307000+00:00,55.20000076293945,1445.780029296875,334072347.8028833
2024-06-16 06:21:04.296000+00:00,55.29999923706055,1442.31005859375,333874293.1553666
2024-06-16 06:22:04.215000+00:00,55.20000076293945,1440.0,332736772.59887695
2024-06-16 06:23:04.872000+00:00,55.09999847412109,1443.4599609375,332932009.92643523
2024-06-16 06:24:04.754000+00:00,55.20000076293945,1442.31005859375,333270551.37734824
2024-06-16 06:25:04.284000+00:00,55.400001525878906,1443.3599853515625,334721540.6061781
2024-06-16 06:26:04.566000+00:00,55.59999847412109,1449.27001953125,337305413.92076975
2024-06-16 06:27:04.759000+00:00,55.79999923706055,1444.6199951171875,337432600.30184686
2024-06-16 06:28:04.866000+00:00,55.900001525878906,1446.949951171875,338582535.74649125
2024-06-16 06:29:04.099000+00:00,56.0,1446.949951171875,339188219.75390625
2024-06-16 06:30:04.537000+00:00,55.81999969482422,1435.4100341796875,335401523.9860247
2024-06-16 06:31:04.498000+00:00,56.0,1438.8499755859375,337289455.8769531
2024-06-16 06:32:04.214000+00:00,56.09999847412109,1437.699951171875,337621683.77040404
2024-06-16 06:33:04.368000+00:00,56.209999084472656,1443.4599609375,339638992.58447444
2024-06-16 06:34:04.439000+00:00,56.400001525878906,1449.27001953125,342158747.8761052
2024-06-16 06:35:04.794000+00:00,56.5,1443.4599609375,341391271.9013672
2024-06-16 06:36:04.788000+00:00,56.70000076293945,1442.31005859375,342326816.2352584
2024-06-16 06:37:04.080000+00:00,56.70000076293945,1437.699951171875,341232624.7423614
2024-06-16 06:38:04.557000+00:00,56.70000076293945,1440.0,341778532.59887695
2024-06-16 06:39:05.022000+00:00,56.810001373291016,1440.0,342441598.6779785
2024-06-16 06:40:04.397000+00:00,56.900001525878906,1438.5899658203125,342648258.45371336
2024-06-16 06:41:04.423000+00:00,57.0,1441.1500244140625,343861278.12524414
2024-06-16 06:42:04.981000+00:00,57.09000015258789,1441.1500244140625,344404217.90595186
2024-06-16 06:43:04.711000+00:00,57.20000076293945,1435.4100341796875,343693434.84017515
2024-06-16 06:44:03.789000+00:00,57.20000076293945,1437.699951171875,344241730.74016416
2024-06-16 06:45:04.567000+00:00,57.2400016784668,1440.0,345033571.7175293
2024-06-16 06:46:04.099000+00:00,57.20000076293945,1437.699951171875,344241730.74016416
2024-06-16 06:47:04.071000+00:00,57.400001525878906,1442.31005859375,346553077.7752043
2024-06-16 06:48:04.716000+00:00,57.400001525878906,1437.699951171875,345445377.73081666
2024-06-16 06:49:04.832000+00:00,57.59999847412109,1438.8499755859375,346926288.28302914
2024-06-16 06:50:05.124000+00:00,57.70000076293945,1437.699951171875,347250836.7379669
2024-06-16 06:51:04.769000+00:00,57.5,1440.0,346600800.0
2024-06-16 06:52:04.868000+00:00,57.70000076293945,1438.8499755859375,347528604.6684219
2024-06-16 06:53:04.308000+00:00,57.79999923706055,1436.550048828125,347574428.9661449
2024-06-16 06:54:04.663000+00:00,57.900001525878906,1438.8499755859375,348733214.4631866
2024-06-16 06:55:04.357000+00:00,58.0,1433.1199951171875,347944337.3745117
2024-06-16 06:56:04.620000+00:00,58.20000076293945,1436.550048828125,349979797.5436207
2024-06-16 06:57:04.523000+00:00,58.09999847412109,1437.699951171875,349658107.761615
2024-06-16 06:58:04.557000+00:00,58.20000076293945,1445.780029296875,352228453.4107935
2024-06-16 06:59:04.504000+00:00,58.400001525878906,1440.0,352025865.1977539
2024-06-16 07:00:06.774000+00:00,58.5,1440.0,352628640.0
2024-06-16 07:01:04.460000+00:00,58.70000076293945,1438.8499755859375,353551630.66622466
2024-06-16 07:02:03.797000+00:00,58.900001525878906,1438.8499755859375,354756240.46098936
2024-06-16 07:03:04.409000+00:00,58.900001525878906,1437.699951171875,354472695.72422487
2024-06-16 07:04:04.132000+00:00,59.09999847412109,1434.260009765625,354825303.7308526
2024-06-16 07:05:04.963000+00:00,59.29999923706055,1440.0,357450907.40112305
2024-06-16 07:06:04.670000+00:00,59.400001525878906,1446.949951171875,359781799.4811104
2024-06-16 07:07:04.379000+00:00,59.59999847412109,1438.8499755859375,358972340.2786346
2024-06-16 07:08:04.551000+00:00,59.79999923706055,1436.550048828125,359601225.974934
2024-06-16 07:09:04.192000+00:00,59.900001525878906,1437.699951171875,360490907.71983033
2024-06-16 07:10:05.011000+00:00,60.0,1431.97998046875,359656091.89453125
2024-06-16 07:11:04.811000+00:00,60.20000076293945,1405.1500244140625,354093876.2198532
2024-06-16 07:12:04.636000+00:00,60.20000076293945,1393.18994140625,351079968.7519204
2024-06-16 07:13:05.073000+00:00,60.400001525878906,1350.3399658203125,341412403.67926496
2024-06-16 07:14:04.506000+00:00,60.58000183105469,1319.6500244140625,334647262.14795715
2024-06-16 07:15:04.956000+00:00,60.70000076293945,1267.6099853515625,322087278.7482967
2024-06-16 07:16:04.715000+00:00,60.79999923706055,1224.489990234375,311643474.11595225
2024-06-16 07:17:04.349000+00:00,60.880001068115234,1179.550048828125,300600880.4614611
2024-06-16 07:18:05.197000+00:00,61.0,1121.1600341796875,286283730.0876465
2024-06-16 07:19:04.414000+00:00,61.09999847412109,1085.6500244140625,277670837.2998489
2024-06-16 07:20:04.417000+00:00,61.290000915527344,1017.52001953125,261054879.05927747
2024-06-16 07:21:04.510000+00:00,61.29999923706055,937.5,240564184.50593948
2024-06-16 07:22:04.926000+00:00,61.29999923706055,894.1900024414062,229450761.31272632
2024-06-16 07:23:04.104000+00:00,61.400001525878906,851.0599975585938,218739786.43250906
2024-06-16 07:24:04.747000+00:00,61.5,726.97998046875,187152999.19189453
2024-06-16 07:25:04.513000+00:00,61.5,643.5499877929688,165674865.30743408
2024-06-16 07:26:04.998000+00:00,61.59999847412109,544.4600219726562,140393151.08417106
2024-06-16 07:27:04.223000+00:00,61.59999847412109,544.4600219726562,140393151.08417106
2024-06-16 07:28:04.561000+00:00,61.59999847412109,477.9599914550781,123245613.23973918
2024-06-16 07:29:04.146000+00:00,61.59999847412109,369.5299987792969,95286116.2529227
2024-06-16 07:30:04.768000+00:00,61.5,369.5299987792969,95131433.35574341
2024-06-16 07:31:04.487000+00:00,61.5,281.2200012207031,72396995.89425659
2024-06-16 07:32:04.492000+00:00,60.619998931884766,250.07000732421875,63456593.61286387
2024-06-16 07:33:04.305000+00:00,59.81999969482422,250.07000732421875,62619159.97097624
2024-06-16 07:34:04.042000+00:00,59.52000045776367,221.72999572753903,55244188.50599201
2024-06-16 07:35:04.590000+00:00,59.400001525878906,0.0,0.0
2024-06-16 07:36:04.631000+00:00,59.5,0.0,0.0
2024-06-16 07:37:04.818000+00:00,59.29999923706055,0.0,0.0
2024-06-16 07:38:04.666000+00:00,59.29999923706055,0.0,0.0
2024-06-16 07:39:04.331000+00:00,55.5099983215332,0.0,0.0
2024-06-16 07:40:04.697000+00:00,55.79999923706055,0.0,0.0
2024-06-16 07:41:04.424000+00:00,56.72999954223633,0.0,0.0
2024-06-16 07:42:04.531000+00:00,55.790000915527344,0.0,0.0
2024-06-16 07:43:03.529000+00:00,56.93999862670898,0.0,0.0
2024-06-16 07:44:04.030000+00:00,57.97999954223633,0.0,0.0
2024-06-16 07:45:04.337000+00:00,58.70000076293945,0.0,0.0
2024-06-16 07:46:04.179000+00:00,59.09999847412109,0.0,0.0
2024-06-16 07:47:04.257000+00:00,59.400001525878906,0.0,0.0
2024-06-16 07:48:04.244000+00:00,59.540000915527344,0.0,0.0
2024-06-16 07:49:04.388000+00:00,59.59999847412109,0.0,0.0
2024-06-16 07:50:04.802000+00:00,59.70000076293945,0.0,0.0
2024-06-16 07:51:04.466000+00:00,59.59999847412109,0.0,0.0
2024-06-16 07:52:04.108000+00:00,59.59999847412109,0.0,0.0
2024-06-16 07:53:04.330000+00:00,59.540000915527344,0.0,0.0
2024-06-16 07:54:04.300000+00:00,59.400001525878906,0.0,0.0
2024-06-16 07:55:04.247000+00:00,59.29999923706055,0.0,0.0
2024-06-16 07:56:04.677000+00:00,59.20000076293945,0.0,0.0
2024-06-16 07:57:04.975000+00:00,59.09999847412109,0.0,0.0
2024-06-16 07:58:03.824000+00:00,59.0,0.0,0.0
2024-06-16 07:59:04.616000+00:00,58.720001220703125,0.0,0.0
2024-06-16 08:00:05.124000+00:00,58.59999847412109,0.0,0.0
2024-06-16 08:01:05.181000+00:00,58.400001525878906,0.0,0.0
2024-06-16 08:02:04.465000+00:00,58.29999923706055,0.0,0.0
2024-06-16 08:03:04.711000+00:00,58.29999923706055,0.0,0.0
2024-06-16 08:04:05.036000+00:00,58.20000076293945,0.0,0.0
2024-06-16 08:05:04.383000+00:00,58.20000076293945,0.0,0.0
2024-06-16 08:06:05.729000+00:00,58.09999847412109,0.0,0.0
2024-06-16 08:07:04.251000+00:00,58.09999847412109,0.0,0.0
2024-06-16 08:08:04.361000+00:00,58.09999847412109,0.0,0.0
2024-06-16 08:09:04.565000+00:00,58.09999847412109,0.0,0.0
2024-06-16 08:10:04.815000+00:00,58.09999847412109,0.0,0.0
2024-06-16 08:11:04.663000+00:00,58.150001525878906,0.0,0.0
2024-06-16 08:12:04.611000+00:00,58.130001068115234,0.0,0.0
2024-06-16 08:13:04.683000+00:00,58.20000076293945,0.0,0.0
2024-06-16 08:14:04.341000+00:00,58.20000076293945,0.0,0.0
2024-06-16 08:15:05.256000+00:00,57.7599983215332,0.0,0.0
2024-06-16 08:16:04.660000+00:00,56.70000076293945,0.0,0.0
2024-06-16 08:17:05.042000+00:00,56.900001525878906,0.0,0.0
2024-06-16 08:18:04.637000+00:00,56.79999923706055,0.0,0.0
2024-06-16 08:19:04.301000+00:00,56.09999847412109,0.0,0.0
2024-06-16 08:20:04.091000+00:00,56.869998931884766,0.0,0.0
2024-06-16 08:21:04.813000+00:00,57.5,0.0,0.0
2024-06-16 08:22:03.874000+00:00,58.09999847412109,0.0,0.0
2024-06-16 08:23:04.634000+00:00,58.5,0.0,0.0
2024-06-16 08:24:04.710000+00:00,58.900001525878906,0.0,0.0
2024-06-16 08:25:05.023000+00:00,59.09999847412109,0.0,0.0
2024-06-16 08:26:05.012000+00:00,59.20000076293945,0.0,0.0
2024-06-16 08:27:04.188000+00:00,59.29999923706055,0.0,0.0
2024-06-16 08:28:04.481000+00:00,59.29999923706055,0.0,0.0
2024-06-16 08:29:04.304000+00:00,59.29999923706055,0.0,0.0
2024-06-16 08:30:04.454000+00:00,59.29999923706055,0.0,0.0
2024-06-16 08:31:03.952000+00:00,53.08000183105469,0.0,0.0
2024-06-16 08:32:04.328000+00:00,53.93000030517578,0.0,0.0
2024-06-16 08:33:04.335000+00:00,55.11000061035156,0.0,0.0
2024-06-16 08:34:04.667000+00:00,52.84999847412109,0.0,0.0
2024-06-16 08:35:04.270000+00:00,54.790000915527344,0.0,0.0
2024-06-16 08:36:05.038000+00:00,56.900001525878906,0.0,0.0
2024-06-16 08:37:04.718000+00:00,58.29999923706055,0.0,0.0
2024-06-16 08:38:04.558000+00:00,59.09999847412109,0.0,0.0
2024-06-16 08:39:04.768000+00:00,59.5,0.0,0.0
2024-06-16 08:40:04.887000+00:00,59.70000076293945,0.0,0.0
2024-06-16 08:41:04.467000+00:00,59.79999923706055,0.0,0.0
2024-06-16 08:42:03.884000+00:00,59.79999923706055,0.0,0.0
2024-06-16 08:43:03.727000+00:00,59.79999923706055,0.0,0.0
2024-06-16 08:44:04.242000+00:00,59.70000076293945,0.0,0.0
2024-06-16 08:45:04.310000+00:00,59.52000045776367,0.0,0.0
2024-06-16 08:46:04.436000+00:00,59.060001373291016,0.0,0.0
2024-06-16 08:47:04.374000+00:00,58.900001525878906,0.0,0.0
2024-06-16 08:48:04.378000+00:00,58.79999923706055,0.0,0.0
2024-06-16 08:49:04.202000+00:00,58.70000076293945,0.0,0.0
2024-06-16 08:50:04.638000+00:00,58.59999847412109,0.0,0.0
2024-06-16 08:51:04.354000+00:00,58.400001525878906,0.0,0.0
2024-06-16 08:52:05.142000+00:00,58.29999923706055,0.0,0.0
2024-06-16 08:53:03.941000+00:00,58.20000076293945,0.0,0.0
2024-06-16 08:54:04.777000+00:00,58.09999847412109,0.0,0.0
2024-06-16 08:55:05.144000+00:00,57.93999862670898,0.0,0.0
2024-06-16 08:56:04.758000+00:00,57.79999923706055,0.0,0.0
2024-06-16 08:57:04.497000+00:00,57.70000076293945,0.0,0.0
2024-06-16 08:58:04.462000+00:00,57.70000076293945,0.0,0.0
2024-06-16 08:59:04.597000+00:00,57.70000076293945,0.0,0.0
2024-06-16 09:00:06.851000+00:00,57.70000076293945,0.0,0.0
2024-06-16 09:01:05.046000+00:00,57.70000076293945,0.0,0.0
2024-06-16 09:02:04.596000+00:00,57.79999923706055,0.0,0.0
2024-06-16 09:03:04.691000+00:00,56.58000183105469,0.0,0.0
2024-06-16 09:04:04.078000+00:00,52.0,0.0,0.0
2024-06-16 09:05:04.301000+00:00,53.88999938964844,0.0,0.0
2024-06-16 09:06:05.605000+00:00,55.790000915527344,0.0,0.0
2024-06-16 09:07:04.612000+00:00,57.540000915527344,0.0,0.0
2024-06-16 09:08:04.282000+00:00,58.70000076293945,0.0,0.0
2024-06-16 09:09:04.441000+00:00,59.20000076293945,0.0,0.0
2024-06-16 09:10:05.059000+00:00,59.5,0.0,0.0
2024-06-16 09:11:04.725000+00:00,59.59999847412109,0.0,0.0
2024-06-16 09:12:04.941000+00:00,59.59999847412109,0.0,0.0
2024-06-16 09:13:04.653000+00:00,59.59999847412109,0.0,0.0
2024-06-16 09:14:04.475000+00:00,59.5,0.0,0.0
2024-06-16 09:15:04.990000+00:00,59.400001525878906,0.0,0.0
2024-06-16 09:16:04.603000+00:00,58.709999084472656,0.0,0.0
2024-06-16 09:17:04.572000+00:00,56.869998931884766,0.0,0.0
2024-06-16 09:18:04.528000+00:00,56.70000076293945,0.0,0.0
2024-06-16 09:19:04.857000+00:00,57.0,0.0,0.0
2024-06-16 09:20:04.453000+00:00,57.29999923706055,0.0,0.0
2024-06-16 09:21:04.124000+00:00,57.70000076293945,0.0,0.0
2024-06-16 09:22:04.641000+00:00,58.09000015258789,0.0,0.0
2024-06-16 09:23:04.417000+00:00,58.29999923706055,0.0,0.0
2024-06-16 09:24:04.707000+00:00,58.59999847412109,0.0,0.0
2024-06-16 09:25:04.525000+00:00,58.79999923706055,0.0,0.0
2024-06-16 09:26:04.924000+00:00,58.79999923706055,0.0,0.0
2024-06-16 09:27:04.441000+00:00,58.900001525878906,0.0,0.0
2024-06-16 09:28:04.469000+00:00,58.79999923706055,0.0,0.0
2024-06-16 09:29:04.561000+00:00,58.70000076293945,0.0,0.0
2024-06-16 09:30:04.765000+00:00,58.59999847412109,0.0,0.0
2024-06-16 09:31:03.951000+00:00,58.5,0.0,0.0
2024-06-16 09:32:04.706000+00:00,58.400001525878906,0.0,0.0
2024-06-16 09:33:04.759000+00:00,58.29999923706055,0.0,0.0
2024-06-16 09:34:04.437000+00:00,58.20000076293945,0.0,0.0
2024-06-16 09:35:04.602000+00:00,58.09999847412109,0.0,0.0
2024-06-16 09:36:04.638000+00:00,57.900001525878906,0.0,0.0
2024-06-16 09:37:04.455000+00:00,57.70000076293945,0.0,0.0
2024-06-16 09:38:04.242000+00:00,57.61000061035156,0.0,0.0
2024-06-16 09:39:05.171000+00:00,57.5,0.0,0.0
2024-06-16 09:40:04.888000+00:00,57.59999847412109,0.0,0.0
2024-06-16 09:41:04.475000+00:00,57.70000076293945,0.0,0.0
2024-06-16 09:42:04.690000+00:00,57.7400016784668,0.0,0.0
2024-06-16 09:43:04.437000+00:00,57.900001525878906,0.0,0.0
2024-06-16 09:44:04.209000+00:00,58.09000015258789,0.0,0.0
2024-06-16 09:45:04.495000+00:00,58.20000076293945,0.0,0.0
2024-06-16 09:46:03.780000+00:00,58.29999923706055,0.0,0.0
2024-06-16 09:47:04.071000+00:00,58.29999923706055,0.0,0.0
2024-06-16 09:48:04.139000+00:00,58.20000076293945,0.0,0.0
2024-06-16 09:49:04.499000+00:00,58.29999923706055,0.0,0.0
2024-06-16 09:50:04.746000+00:00,58.400001525878906,0.0,0.0
2024-06-16 09:51:04.646000+00:00,58.5,0.0,0.0
2024-06-16 09:52:05.037000+00:00,58.59999847412109,0.0,0.0
2024-06-16 09:53:04.645000+00:00,58.70000076293945,0.0,0.0
2024-06-16 09:54:04.670000+00:00,58.79999923706055,0.0,0.0
2024-06-16 09:55:04.729000+00:00,58.79999923706055,0.0,0.0
2024-06-16 09:56:04.843000+00:00,58.79999923706055,0.0,0.0
2024-06-16 09:57:05.269000+00:00,58.79999923706055,0.0,0.0
2024-06-16 09:58:04.249000+00:00,58.70000076293945,0.0,0.0
2024-06-16 09:59:04.811000+00:00,58.59999847412109,0.0,0.0
2024-06-16 10:00:05.692000+00:00,58.59999847412109,0.0,0.0
2024-06-16 10:01:05.456000+00:00,58.5,0.0,0.0
2024-06-16 10:02:04.731000+00:00,58.5,0.0,0.0
2024-06-16 10:03:05.083000+00:00,58.5,0.0,0.0
2024-06-16 10:04:04.560000+00:00,58.400001525878906,0.0,0.0
2024-06-16 10:05:05.162000+00:00,58.400001525878906,0.0,0.0
2024-06-16 10:06:05.676000+00:00,58.400001525878906,0.0,0.0
2024-06-16 10:07:04.323000+00:00,58.29999923706055,0.0,0.0
2024-06-16 10:08:04.228000+00:00,58.29999923706055,0.0,0.0
2024-06-16 10:09:04.390000+00:00,58.29999923706055,0.0,0.0
2024-06-16 10:10:04.831000+00:00,58.20000076293945,0.0,0.0
2024-06-16 10:11:04.961000+00:00,58.20000076293945,0.0,0.0
2024-06-16 10:12:05.006000+00:00,58.20000076293945,0.0,0.0
2024-06-16 10:13:04.183000+00:00,58.20000076293945,0.0,0.0
2024-06-16 10:14:04.756000+00:00,58.20000076293945,0.0,0.0
2024-06-16 10:15:04.852000+00:00,58.20000076293945,0.0,0.0
2024-06-16 10:16:04.589000+00:00,58.20000076293945,0.0,0.0
2024-06-16 10:17:04.833000+00:00,58.09999847412109,0.0,0.0
2024-06-16 10:18:04.615000+00:00,58.18999862670898,0.0,0.0
2024-06-16 10:19:04.404000+00:00,58.09999847412109,0.0,0.0
2024-06-16 10:20:04.249000+00:00,58.09999847412109,0.0,0.0
2024-06-16 10:21:04.505000+00:00,58.09999847412109,0.0,0.0
2024-06-16 10:22:04.368000+00:00,58.09999847412109,0.0,0.0
2024-06-16 10:23:04.736000+00:00,58.20000076293945,0.0,0.0
2024-06-16 10:24:04.592000+00:00,58.29999923706055,0.0,0.0
2024-06-16 10:25:04.660000+00:00,58.29999923706055,0.0,0.0
2024-06-16 10:26:04.952000+00:00,58.400001525878906,0.0,0.0
2024-06-16 10:27:05.017000+00:00,58.29999923706055,0.0,0.0
2024-06-16 10:28:04.575000+00:00,58.400001525878906,0.0,0.0
2024-06-16 10:29:04.404000+00:00,58.400001525878906,0.0,0.0
2024-06-16 10:30:04.972000+00:00,58.400001525878906,0.0,0.0
2024-06-16 10:31:04.241000+00:00,58.400001525878906,0.0,0.0
2024-06-16 10:32:04.074000+00:00,58.400001525878906,0.0,0.0
2024-06-16 10:33:04.524000+00:00,58.400001525878906,0.0,0.0
2024-06-16 10:34:04.778000+00:00,58.400001525878906,0.0,0.0
2024-06-16 10:35:04.851000+00:00,58.400001525878906,0.0,0.0
2024-06-16 10:36:04.412000+00:00,58.400001525878906,0.0,0.0
2024-06-16 10:37:04.054000+00:00,58.400001525878906,0.0,0.0
2024-06-16 10:38:04.587000+00:00,58.5,0.0,0.0
2024-06-16 10:39:05.438000+00:00,58.400001525878906,0.0,0.0
2024-06-16 10:40:05.169000+00:00,58.29999923706055,0.0,0.0
2024-06-16 10:41:04.782000+00:00,58.20000076293945,0.0,0.0
2024-06-16 10:42:04.551000+00:00,58.20000076293945,0.0,0.0
2024-06-16 10:43:04.736000+00:00,58.09999847412109,0.0,0.0
2024-06-16 10:44:04.883000+00:00,58.060001373291016,0.0,0.0
2024-06-16 10:45:04.665000+00:00,57.900001525878906,0.0,0.0
2024-06-16 10:46:04.098000+00:00,57.900001525878906,0.0,0.0
2024-06-16 10:47:04.132000+00:00,57.79999923706055,0.0,0.0
2024-06-16 10:48:04.389000+00:00,57.900001525878906,0.0,0.0
2024-06-16 10:49:03.935000+00:00,58.0,0.0,0.0
2024-06-16 10:50:04.640000+00:00,58.09999847412109,0.0,0.0
2024-06-16 10:51:04.358000+00:00,58.20000076293945,0.0,0.0
2024-06-16 10:52:05.005000+00:00,58.29999923706055,0.0,0.0
2024-06-16 10:53:03.620000+00:00,58.400001525878906,0.0,0.0
2024-06-16 10:54:04.449000+00:00,58.400001525878906,0.0,0.0
2024-06-16 10:55:03.992000+00:00,58.5,0.0,0.0
2024-06-16 10:56:05.025000+00:00,58.5,0.0,0.0
2024-06-16 10:57:03.925000+00:00,58.5,0.0,0.0
2024-06-16 10:58:04.182000+00:00,58.5,0.0,0.0
2024-06-16 10:59:04.403000+00:00,58.5,0.0,0.0
2024-06-16 11:00:06.085000+00:00,58.5099983215332,0.0,0.0
2024-06-16 11:01:04.757000+00:00,58.5,0.0,0.0
2024-06-16 11:02:04.195000+00:00,58.5,0.0,0.0
2024-06-16 11:03:04.199000+00:00,58.400001525878906,0.0,0.0
2024-06-16 11:04:04.614000+00:00,55.52999877929688,0.0,0.0
2024-06-16 11:05:04.253000+00:00,51.59999847412109,0.0,0.0
2024-06-16 11:06:05.346000+00:00,50.20000076293945,0.0,0.0
2024-06-16 11:07:04.124000+00:00,52.880001068115234,0.0,0.0
2024-06-16 11:08:04.427000+00:00,56.88999938964844,0.0,0.0
2024-06-16 11:09:04.726000+00:00,59.09999847412109,0.0,0.0
2024-06-16 11:10:05.170000+00:00,60.06999969482422,0.0,0.0
2024-06-16 11:11:04.675000+00:00,60.20000076293945,0.0,0.0
2024-06-16 11:12:04.921000+00:00,60.11000061035156,0.0,0.0
2024-06-16 11:13:04.330000+00:00,60.0,0.0,0.0
2024-06-16 11:14:04.415000+00:00,59.70000076293945,0.0,0.0
2024-06-16 11:15:04.442000+00:00,59.5,0.0,0.0
2024-06-16 11:16:04.280000+00:00,59.290000915527344,0.0,0.0
2024-06-16 11:17:04.346000+00:00,59.0,0.0,0.0
2024-06-16 11:18:05.267000+00:00,58.79999923706055,0.0,0.0
2024-06-16 11:19:04.186000+00:00,58.59999847412109,0.0,0.0
2024-06-16 11:20:04.231000+00:00,58.29999923706055,0.0,0.0
2024-06-16 11:21:04.662000+00:00,58.09999847412109,0.0,0.0
2024-06-16 11:22:04.877000+00:00,57.93999862670898,0.0,0.0
2024-06-16 11:23:04.827000+00:00,57.70000076293945,0.0,0.0
2024-06-16 11:24:04.115000+00:00,57.59999847412109,0.0,0.0
2024-06-16 11:25:04.399000+00:00,57.59999847412109,0.0,0.0
2024-06-16 11:26:04.877000+00:00,57.59999847412109,0.0,0.0
2024-06-16 11:27:03.995000+00:00,57.70000076293945,0.0,0.0
2024-06-16 11:28:04.851000+00:00,57.79999923706055,0.0,0.0
2024-06-16 11:29:04.444000+00:00,57.900001525878906,0.0,0.0
2024-06-16 11:30:04.947000+00:00,58.09999847412109,0.0,0.0
2024-06-16 11:31:04.483000+00:00,58.20000076293945,0.0,0.0
2024-06-16 11:32:04.669000+00:00,58.400001525878906,0.0,0.0
2024-06-16 11:33:04.224000+00:00,58.5,0.0,0.0
2024-06-16 11:34:04.209000+00:00,58.59999847412109,0.0,0.0
2024-06-16 11:35:04.448000+00:00,58.70000076293945,0.0,0.0
2024-06-16 11:36:04.560000+00:00,58.70000076293945,0.0,0.0
2024-06-16 11:37:04.562000+00:00,58.79999923706055,0.0,0.0
2024-06-16 11:38:04.016000+00:00,58.79999923706055,0.0,0.0
2024-06-16 11:39:04.921000+00:00,58.70000076293945,0.0,0.0
2024-06-16 11:40:04.655000+00:00,58.59999847412109,0.0,0.0
2024-06-16 11:41:04.928000+00:00,58.400001525878906,0.0,0.0
2024-06-16 11:42:04.559000+00:00,58.20000076293945,0.0,0.0
2024-06-16 11:43:04.710000+00:00,58.0,0.0,0.0
2024-06-16 11:44:04.323000+00:00,57.900001525878906,0.0,0.0
2024-06-16 11:45:04.562000+00:00,57.79999923706055,0.0,0.0
2024-06-16 11:46:04.114000+00:00,57.70000076293945,0.0,0.0
2024-06-16 11:47:04.515000+00:00,57.70000076293945,0.0,0.0
2024-06-16 11:48:04.646000+00:00,57.70000076293945,0.0,0.0
2024-06-16 11:49:04.059000+00:00,57.79999923706055,0.0,0.0
2024-06-16 11:50:05.029000+00:00,57.900001525878906,0.0,0.0
2024-06-16 11:51:04.808000+00:00,58.09999847412109,0.0,0.0
2024-06-16 11:52:04.934000+00:00,58.20000076293945,0.0,0.0
2024-06-16 11:53:04.297000+00:00,58.29999923706055,0.0,0.0
2024-06-16 11:54:04.871000+00:00,58.20000076293945,0.0,0.0
2024-06-16 11:55:04.655000+00:00,58.29999923706055,0.0,0.0
2024-06-16 11:56:04.742000+00:00,58.400001525878906,0.0,0.0
2024-06-16 11:57:04.934000+00:00,58.5,0.0,0.0
2024-06-16 11:58:04.591000+00:00,58.5,0.0,0.0
2024-06-16 11:59:04.693000+00:00,58.54999923706055,0.0,0.0
2024-06-16 12:00:05.627000+00:00,58.59999847412109,0.0,0.0
2024-06-16 12:01:04.607000+00:00,58.59999847412109,0.0,0.0
2024-06-16 12:02:04.852000+00:00,58.59000015258789,0.0,0.0
2024-06-16 12:03:04.699000+00:00,58.5,0.0,0.0
2024-06-16 12:04:04.622000+00:00,58.5,0.0,0.0
2024-06-16 12:05:04.216000+00:00,58.5,0.0,0.0
2024-06-16 12:06:05.952000+00:00,58.5,0.0,0.0
2024-06-16 12:07:04.472000+00:00,58.400001525878906,0.0,0.0
2024-06-16 12:08:04.572000+00:00,56.900001525878906,0.0,0.0
2024-06-16 12:09:04.773000+00:00,57.43000030517578,0.0,0.0
2024-06-16 12:10:05.248000+00:00,57.91999816894531,0.0,0.0
2024-06-16 12:11:04.366000+00:00,58.380001068115234,0.0,0.0
2024-06-16 12:12:04.565000+00:00,58.59999847412109,0.0,0.0
2024-06-16 12:13:04.515000+00:00,58.70000076293945,0.0,0.0
2024-06-16 12:14:04.256000+00:00,58.70000076293945,0.0,0.0
2024-06-16 12:15:04.961000+00:00,56.52999877929688,0.0,0.0
2024-06-16 12:16:04.345000+00:00,57.0,0.0,0.0
2024-06-16 12:17:04.445000+00:00,57.5,0.0,0.0
2024-06-16 12:18:05.434000+00:00,57.95000076293945,0.0,0.0
2024-06-16 12:19:04.406000+00:00,58.09999847412109,0.0,0.0
2024-06-16 12:20:04.754000+00:00,58.13999938964844,0.0,0.0
2024-06-16 12:21:05.064000+00:00,58.29999923706055,0.0,0.0
2024-06-16 12:22:04.095000+00:00,58.400001525878906,0.0,0.0
2024-06-16 12:23:05.142000+00:00,58.5,0.0,0.0
2024-06-16 12:24:04.872000+00:00,58.59999847412109,0.0,0.0
2024-06-16 12:25:04.556000+00:00,58.70000076293945,0.0,0.0
2024-06-16 12:26:04.417000+00:00,58.77000045776367,0.0,0.0
2024-06-16 12:27:04.436000+00:00,58.79999923706055,0.0,0.0
2024-06-16 12:28:04.993000+00:00,58.79999923706055,0.0,0.0
2024-06-16 12:29:04.540000+00:00,58.79999923706055,0.0,0.0
2024-06-16 12:30:05.003000+00:00,58.70000076293945,0.0,0.0
2024-06-16 12:31:04.125000+00:00,58.59999847412109,0.0,0.0
2024-06-16 12:32:04.517000+00:00,58.5,0.0,0.0
2024-06-16 12:33:05.082000+00:00,58.38999938964844,0.0,0.0
2024-06-16 12:34:04.328000+00:00,58.29999923706055,0.0,0.0
2024-06-16 12:35:04.899000+00:00,58.25,0.0,0.0
2024-06-16 12:36:04.604000+00:00,58.20000076293945,0.0,0.0
2024-06-16 12:37:04.577000+00:00,58.20000076293945,0.0,0.0
2024-06-16 12:38:04.508000+00:00,58.09999847412109,0.0,0.0
2024-06-16 12:39:04.886000+00:00,58.09999847412109,0.0,0.0
2024-06-16 12:40:04.211000+00:00,58.09999847412109,0.0,0.0
2024-06-16 12:41:04.972000+00:00,58.09999847412109,0.0,0.0
2024-06-16 12:42:04.851000+00:00,58.09999847412109,0.0,0.0
2024-06-16 12:43:04.715000+00:00,58.20000076293945,0.0,0.0
2024-06-16 12:44:04.228000+00:00,58.20000076293945,0.0,0.0
2024-06-16 12:45:04.404000+00:00,58.20000076293945,0.0,0.0
2024-06-16 12:46:04.178000+00:00,58.29999923706055,0.0,0.0
2024-06-16 12:47:04.314000+00:00,58.29999923706055,0.0,0.0
2024-06-16 12:48:04.333000+00:00,58.38999938964844,0.0,0.0
2024-06-16 12:49:04.289000+00:00,58.400001525878906,0.0,0.0
2024-06-16 12:50:04.816000+00:00,58.4900016784668,0.0,0.0
2024-06-16 12:51:04.423000+00:00,58.5,0.0,0.0
2024-06-16 12:52:04.841000+00:00,58.5,0.0,0.0
2024-06-16 12:53:04.406000+00:00,58.5,0.0,0.0
2024-06-16 12:54:04.744000+00:00,58.5,0.0,0.0
2024-06-16 12:55:04.229000+00:00,58.5,0.0,0.0
2024-06-16 12:56:04.411000+00:00,58.400001525878906,0.0,0.0
2024-06-16 12:57:03.851000+00:00,58.400001525878906,0.0,0.0
2024-06-16 12:58:04.157000+00:00,58.400001525878906,0.0,0.0
2024-06-16 12:59:04.075000+00:00,58.400001525878906,0.0,0.0
2024-06-16 13:00:06.679000+00:00,58.400001525878906,0.0,0.0
2024-06-16 13:01:04.633000+00:00,58.400001525878906,0.0,0.0
2024-06-16 13:02:04.427000+00:00,58.400001525878906,0.0,0.0
2024-06-16 13:03:03.811000+00:00,58.400001525878906,0.0,0.0
2024-06-16 13:04:04.172000+00:00,58.41999816894531,0.0,0.0
2024-06-16 13:05:04.431000+00:00,58.400001525878906,0.0,0.0
2024-06-16 13:06:04.708000+00:00,58.5,0.0,0.0
2024-06-16 13:07:04.886000+00:00,58.5,0.0,0.0
2024-06-16 13:08:04.445000+00:00,58.5,0.0,0.0
2024-06-16 13:09:04.141000+00:00,58.5,0.0,0.0
2024-06-16 13:10:04.936000+00:00,58.5,0.0,0.0
2024-06-16 13:11:04.170000+00:00,58.5,0.0,0.0
2024-06-16 13:12:04.481000+00:00,58.5,0.0,0.0
2024-06-16 13:13:05.084000+00:00,58.400001525878906,0.0,0.0
2024-06-16 13:14:04.472000+00:00,58.400001525878906,0.0,0.0
2024-06-16 13:15:04.886000+00:00,58.310001373291016,0.0,0.0
2024-06-16 13:16:04.525000+00:00,58.29999923706055,0.0,0.0
2024-06-16 13:17:04.486000+00:00,58.29999923706055,0.0,0.0
2024-06-16 13:18:04.736000+00:00,58.290000915527344,0.0,0.0
2024-06-16 13:19:04.864000+00:00,58.25,0.0,0.0
2024-06-16 13:20:05.060000+00:00,58.20000076293945,0.0,0.0
2024-06-16 13:21:04.376000+00:00,58.29999923706055,0.0,0.0
2024-06-16 13:22:04.652000+00:00,58.29999923706055,0.0,0.0
2024-06-16 13:23:03.924000+00:00,58.29999923706055,0.0,0.0
2024-06-16 13:24:04.372000+00:00,58.29999923706055,0.0,0.0
2024-06-16 13:25:04.389000+00:00,58.29999923706055,0.0,0.0
2024-06-16 13:26:04.865000+00:00,58.29999923706055,0.0,0.0
2024-06-16 13:27:04.421000+00:00,58.29999923706055,0.0,0.0
2024-06-16 13:28:04.852000+00:00,58.29999923706055,0.0,0.0
2024-06-16 13:29:04.102000+00:00,58.38999938964844,0.0,0.0
2024-06-16 13:30:04.750000+00:00,58.400001525878906,0.0,0.0
2024-06-16 13:31:04.542000+00:00,58.400001525878906,0.0,0.0
2024-06-16 13:32:04.874000+00:00,58.400001525878906,0.0,0.0
2024-06-16 13:33:03.972000+00:00,58.400001525878906,0.0,0.0
2024-06-16 13:34:04.476000+00:00,58.400001525878906,0.0,0.0
2024-06-16 13:35:04.054000+00:00,58.400001525878906,0.0,0.0
2024-06-16 13:36:04.733000+00:00,58.400001525878906,0.0,0.0
2024-06-16 13:37:04.278000+00:00,58.400001525878906,0.0,0.0
2024-06-16 13:38:04.271000+00:00,58.400001525878906,0.0,0.0
2024-06-16 13:39:04.544000+00:00,58.400001525878906,0.0,0.0
2024-06-16 13:40:04.601000+00:00,58.400001525878906,0.0,0.0
2024-06-16 13:41:04.304000+00:00,58.47999954223633,0.0,0.0
2024-06-16 13:42:05.024000+00:00,58.400001525878906,0.0,0.0
2024-06-16 13:43:04.167000+00:00,58.47999954223633,0.0,0.0
2024-06-16 13:44:03.968000+00:00,58.4900016784668,0.0,0.0
2024-06-16 13:45:04.759000+00:00,58.5,0.0,0.0
2024-06-16 13:46:04.508000+00:00,58.400001525878906,0.0,0.0
2024-06-16 13:47:04.714000+00:00,58.400001525878906,0.0,0.0
2024-06-16 13:48:04.066000+00:00,58.400001525878906,0.0,0.0
2024-06-16 13:49:03.803000+00:00,58.400001525878906,0.0,0.0
2024-06-16 13:50:04.506000+00:00,58.45000076293945,0.0,0.0
2024-06-16 13:51:04.169000+00:00,58.400001525878906,0.0,0.0
2024-06-16 13:52:04.686000+00:00,58.400001525878906,0.0,0.0
2024-06-16 13:53:03.797000+00:00,58.400001525878906,0.0,0.0
2024-06-16 13:54:04.625000+00:00,58.400001525878906,0.0,0.0
2024-06-16 13:55:04.153000+00:00,58.400001525878906,0.0,0.0
2024-06-16 13:56:04.618000+00:00,58.400001525878906,0.0,0.0
2024-06-16 13:57:04.301000+00:00,58.400001525878906,0.0,0.0
2024-06-16 13:58:04.111000+00:00,58.400001525878906,0.0,0.0
2024-06-16 13:59:04.937000+00:00,58.29999923706055,0.0,0.0
2024-06-16 14:00:06.267000+00:00,58.119998931884766,0.0,0.0
2024-06-16 14:01:05.006000+00:00,58.09999847412109,0.0,0.0
2024-06-16 14:02:04.037000+00:00,58.09999847412109,0.0,0.0
2024-06-16 14:03:04.426000+00:00,58.09999847412109,0.0,0.0
2024-06-16 14:04:04.257000+00:00,58.20000076293945,0.0,0.0
2024-06-16 14:05:04.316000+00:00,58.20000076293945,0.0,0.0
2024-06-16 14:06:05.108000+00:00,58.20000076293945,0.0,0.0
2024-06-16 14:07:04.328000+00:00,58.20000076293945,0.0,0.0
2024-06-16 14:08:04.072000+00:00,58.29999923706055,0.0,0.0
2024-06-16 14:09:04.167000+00:00,58.29999923706055,0.0,0.0
2024-06-16 14:10:04.299000+00:00,58.29999923706055,0.0,0.0
2024-06-16 14:11:04.239000+00:00,58.400001525878906,0.0,0.0
2024-06-16 14:12:04.346000+00:00,58.400001525878906,0.0,0.0
2024-06-16 14:13:04.392000+00:00,58.400001525878906,0.0,0.0
2024-06-16 14:14:04.424000+00:00,58.400001525878906,0.0,0.0
2024-06-16 14:15:05.103000+00:00,58.09000015258789,0.0,0.0
2024-06-16 14:16:04.795000+00:00,58.09999847412109,0.0,0.0
2024-06-16 14:17:04.433000+00:00,58.20000076293945,0.0,0.0
2024-06-16 14:18:04.263000+00:00,58.400001525878906,0.0,0.0
2024-06-16 14:19:04.448000+00:00,58.43999862670898,0.0,0.0
2024-06-16 14:20:04.269000+00:00,58.5,0.0,0.0
2024-06-16 14:21:04.634000+00:00,58.59999847412109,0.0,0.0
2024-06-16 14:22:03.896000+00:00,58.59999847412109,0.0,0.0
2024-06-16 14:23:04.559000+00:00,58.59999847412109,0.0,0.0
2024-06-16 14:24:04.577000+00:00,58.59999847412109,0.0,0.0
2024-06-16 14:25:03.764000+00:00,58.59999847412109,0.0,0.0
2024-06-16 14:26:04.402000+00:00,58.59999847412109,0.0,0.0
2024-06-16 14:27:04.584000+00:00,58.59999847412109,0.0,0.0
2024-06-16 14:28:04.653000+00:00,58.59999847412109,0.0,0.0
2024-06-16 14:29:04.345000+00:00,58.29999923706055,0.0,0.0
2024-06-16 14:30:04.786000+00:00,58.09999847412109,0.0,0.0
2024-06-16 14:31:03.685000+00:00,58.040000915527344,0.0,0.0
2024-06-16 14:32:04.570000+00:00,58.09999847412109,0.0,0.0
2024-06-16 14:33:04.452000+00:00,57.38999938964844,0.0,0.0
2024-06-16 14:34:04.289000+00:00,57.70000076293945,0.0,0.0
2024-06-16 14:35:04.544000+00:00,57.88999938964844,0.0,0.0
2024-06-16 14:36:04.452000+00:00,58.18999862670898,0.0,0.0
2024-06-16 14:37:04.314000+00:00,58.36000061035156,0.0,0.0
2024-06-16 14:38:04.235000+00:00,58.59999847412109,0.0,0.0
2024-06-16 14:39:04.743000+00:00,58.68999862670898,0.0,0.0
2024-06-16 14:40:04.470000+00:00,58.79999923706055,0.0,0.0
2024-06-16 14:41:04.184000+00:00,58.79999923706055,0.0,0.0
2024-06-16 14:42:04.808000+00:00,58.79999923706055,0.0,0.0
2024-06-16 14:43:03.956000+00:00,58.59999847412109,0.0,0.0
2024-06-16 14:44:04.669000+00:00,58.59999847412109,0.0,0.0
2024-06-16 14:45:04.159000+00:00,58.59999847412109,0.0,0.0
2024-06-16 14:46:04.243000+00:00,58.20000076293945,0.0,0.0
2024-06-16 14:47:04.084000+00:00,58.20000076293945,0.0,0.0
2024-06-16 14:48:04.416000+00:00,58.20000076293945,0.0,0.0
2024-06-16 14:49:04.568000+00:00,58.27000045776367,0.0,0.0
2024-06-16 14:50:04.926000+00:00,58.29999923706055,0.0,0.0
2024-06-16 14:51:04.053000+00:00,58.29999923706055,0.0,0.0
2024-06-16 14:52:04.825000+00:00,58.29999923706055,0.0,0.0
2024-06-16 14:53:04.727000+00:00,57.900001525878906,0.0,0.0
2024-06-16 14:54:04.510000+00:00,57.709999084472656,0.0,0.0
2024-06-16 14:55:04.662000+00:00,57.79999923706055,0.0,0.0
2024-06-16 14:56:04.903000+00:00,58.0,0.0,0.0
2024-06-16 14:57:04.230000+00:00,58.09999847412109,0.0,0.0
2024-06-16 14:58:04.377000+00:00,58.20000076293945,0.0,0.0
2024-06-16 14:59:04.549000+00:00,58.29999923706055,0.0,0.0
2024-06-16 15:00:06.452000+00:00,58.400001525878906,0.0,0.0
2024-06-16 15:01:04.466000+00:00,58.43999862670898,0.0,0.0
2024-06-16 15:02:04.769000+00:00,58.59999847412109,0.0,0.0
2024-06-16 15:03:04.539000+00:00,58.59999847412109,0.0,0.0
2024-06-16 15:04:03.848000+00:00,58.70000076293945,0.0,0.0
2024-06-16 15:05:04.298000+00:00,58.18000030517578,0.0,0.0
2024-06-16 15:06:05.385000+00:00,58.290000915527344,0.0,0.0
2024-06-16 15:07:04.283000+00:00,58.29999923706055,0.0,0.0
2024-06-16 15:08:04.418000+00:00,58.400001525878906,0.0,0.0
2024-06-16 15:09:04.271000+00:00,58.400001525878906,0.0,0.0
2024-06-16 15:10:04.831000+00:00,58.5,0.0,0.0
2024-06-16 15:11:04.754000+00:00,58.58000183105469,0.0,0.0
2024-06-16 15:12:04.818000+00:00,58.59999847412109,0.0,0.0
2024-06-16 15:13:05.184000+00:00,58.59999847412109,0.0,0.0
2024-06-16 15:14:04.399000+00:00,58.70000076293945,0.0,0.0
2024-06-16 15:15:04.785000+00:00,58.70000076293945,0.0,0.0
2024-06-16 15:16:03.977000+00:00,58.70000076293945,0.0,0.0
2024-06-16 15:17:04.386000+00:00,58.70000076293945,0.0,0.0
2024-06-16 15:18:04.817000+00:00,58.70000076293945,0.0,0.0
2024-06-16 15:19:04.750000+00:00,58.59999847412109,0.0,0.0
2024-06-16 15:20:04.547000+00:00,56.84999847412109,0.0,0.0
2024-06-16 15:21:04.413000+00:00,57.09999847412109,0.0,0.0
2024-06-16 15:22:04.370000+00:00,57.400001525878906,0.0,0.0
2024-06-16 15:23:05.023000+00:00,57.790000915527344,0.0,0.0
2024-06-16 15:24:04.245000+00:00,58.0,0.0,0.0
2024-06-16 15:25:04.777000+00:00,58.20000076293945,0.0,0.0
2024-06-16 15:26:04.536000+00:00,58.29999923706055,0.0,0.0
2024-06-16 15:27:04.347000+00:00,58.400001525878906,0.0,0.0
2024-06-16 15:28:04.820000+00:00,58.5,0.0,0.0
2024-06-16 15:29:04.626000+00:00,58.59999847412109,0.0,0.0
2024-06-16 15:30:04.600000+00:00,58.59999847412109,0.0,0.0
2024-06-16 15:31:04.634000+00:00,58.61000061035156,0.0,0.0
2024-06-16 15:32:04.740000+00:00,58.59999847412109,0.0,0.0
2024-06-16 15:33:04.512000+00:00,58.59999847412109,0.0,0.0
2024-06-16 15:34:04.387000+00:00,58.59999847412109,0.0,0.0
2024-06-16 15:35:04.537000+00:00,58.5,0.0,0.0
2024-06-16 15:36:04.097000+00:00,58.5,0.0,0.0
2024-06-16 15:37:04.503000+00:00,58.400001525878906,0.0,0.0
2024-06-16 15:38:04.437000+00:00,58.31999969482422,0.0,0.0
2024-06-16 15:39:05.035000+00:00,58.29999923706055,0.0,0.0
2024-06-16 15:40:05.256000+00:00,58.27000045776367,0.0,0.0
2024-06-16 15:41:04.346000+00:00,58.20000076293945,0.0,0.0
2024-06-16 15:42:04.464000+00:00,58.09999847412109,0.0,0.0
2024-06-16 15:43:04.563000+00:00,58.09999847412109,0.0,0.0
2024-06-16 15:44:04.365000+00:00,58.09999847412109,0.0,0.0
2024-06-16 15:45:04.405000+00:00,58.09999847412109,0.0,0.0
2024-06-16 15:46:04.085000+00:00,58.09999847412109,0.0,0.0
2024-06-16 15:47:04.020000+00:00,58.09999847412109,0.0,0.0
2024-06-16 15:48:04.838000+00:00,58.09999847412109,0.0,0.0
2024-06-16 15:49:03.849000+00:00,58.20000076293945,0.0,0.0
2024-06-16 15:50:04.423000+00:00,58.20000076293945,0.0,0.0
2024-06-16 15:51:04.503000+00:00,58.20000076293945,0.0,0.0
2024-06-16 15:52:05.040000+00:00,58.20000076293945,0.0,0.0
2024-06-16 15:53:04.719000+00:00,58.29999923706055,0.0,0.0
2024-06-16 15:54:04.662000+00:00,58.29999923706055,0.0,0.0
2024-06-16 15:55:04.789000+00:00,58.38999938964844,0.0,0.0
2024-06-16 15:56:04.428000+00:00,58.400001525878906,0.0,0.0
2024-06-16 15:57:04.503000+00:00,58.400001525878906,0.0,0.0
2024-06-16 15:58:04.835000+00:00,58.400001525878906,0.0,0.0
2024-06-16 15:59:04.760000+00:00,58.400001525878906,0.0,0.0
2024-06-16 16:00:06.170000+00:00,58.400001525878906,0.0,0.0
2024-06-16 16:01:04.570000+00:00,58.400001525878906,0.0,0.0
2024-06-16 16:02:04.099000+00:00,58.400001525878906,0.0,0.0
2024-06-16 16:03:04.147000+00:00,58.38999938964844,0.0,0.0
2024-06-16 16:04:04.694000+00:00,58.29999923706055,0.0,0.0
2024-06-16 16:05:04.440000+00:00,58.29999923706055,0.0,0.0
2024-06-16 16:06:04.595000+00:00,58.29999923706055,0.0,0.0
2024-06-16 16:07:04.273000+00:00,58.29999923706055,0.0,0.0
2024-06-16 16:08:03.807000+00:00,58.29999923706055,0.0,0.0
2024-06-16 16:09:03.812000+00:00,58.20000076293945,0.0,0.0
2024-06-16 16:10:04.924000+00:00,58.20000076293945,0.0,0.0
2024-06-16 16:11:04.612000+00:00,58.119998931884766,0.0,0.0
2024-06-16 16:12:04.716000+00:00,58.09999847412109,0.0,0.0
2024-06-16 16:13:04.769000+00:00,58.09999847412109,0.0,0.0
2024-06-16 16:14:04.831000+00:00,58.09999847412109,0.0,0.0
2024-06-16 16:15:05.008000+00:00,58.09999847412109,0.0,0.0
2024-06-16 16:16:04.614000+00:00,58.09999847412109,0.0,0.0
2024-06-16 16:17:04.657000+00:00,58.09999847412109,0.0,0.0
2024-06-16 16:18:04.038000+00:00,58.09999847412109,0.0,0.0
2024-06-16 16:19:04.564000+00:00,58.20000076293945,0.0,0.0
2024-06-16 16:20:05.047000+00:00,58.29999923706055,0.0,0.0
2024-06-16 16:21:04.681000+00:00,58.29999923706055,0.0,0.0
2024-06-16 16:22:04.478000+00:00,58.29999923706055,0.0,0.0
2024-06-16 16:23:04.756000+00:00,58.400001525878906,0.0,0.0
2024-06-16 16:24:05.087000+00:00,58.400001525878906,0.0,0.0
2024-06-16 16:25:04.637000+00:00,58.400001525878906,0.0,0.0
2024-06-16 16:26:04.359000+00:00,58.40999984741211,0.0,0.0
2024-06-16 16:27:04.303000+00:00,58.400001525878906,0.0,0.0
2024-06-16 16:28:04.940000+00:00,58.400001525878906,0.0,0.0
2024-06-16 16:29:04.331000+00:00,58.400001525878906,0.0,0.0
2024-06-16 16:30:04.716000+00:00,58.34999847412109,0.0,0.0
2024-06-16 16:31:04.460000+00:00,58.400001525878906,0.0,0.0
2024-06-16 16:32:04.264000+00:00,58.400001525878906,0.0,0.0
2024-06-16 16:33:04.546000+00:00,58.400001525878906,0.0,0.0
2024-06-16 16:34:04.180000+00:00,58.400001525878906,0.0,0.0
2024-06-16 16:35:04.488000+00:00,58.400001525878906,0.0,0.0
2024-06-16 16:36:04.763000+00:00,58.400001525878906,0.0,0.0
2024-06-16 16:37:04.539000+00:00,58.400001525878906,0.0,0.0
2024-06-16 16:38:04.526000+00:00,58.400001525878906,0.0,0.0
2024-06-16 16:39:04.827000+00:00,58.400001525878906,0.0,0.0
2024-06-16 16:40:04.775000+00:00,58.400001525878906,0.0,0.0
2024-06-16 16:41:04.652000+00:00,58.400001525878906,0.0,0.0
2024-06-16 16:42:05.353000+00:00,58.29999923706055,0.0,0.0
2024-06-16 16:43:04.290000+00:00,58.29999923706055,0.0,0.0
2024-06-16 16:44:04.444000+00:00,58.20000076293945,0.0,0.0
2024-06-16 16:45:04.469000+00:00,58.09999847412109,0.0,0.0
2024-06-16 16:46:04.847000+00:00,58.09999847412109,0.0,0.0
2024-06-16 16:47:03.888000+00:00,58.09999847412109,0.0,0.0
2024-06-16 16:48:04.909000+00:00,58.09999847412109,0.0,0.0
2024-06-16 16:49:04.631000+00:00,58.09999847412109,0.0,0.0
2024-06-16 16:50:04.664000+00:00,58.09999847412109,0.0,0.0
2024-06-16 16:51:04.775000+00:00,58.09999847412109,0.0,0.0
2024-06-16 16:52:04.633000+00:00,58.18000030517578,0.0,0.0
2024-06-16 16:53:04.838000+00:00,58.20000076293945,0.0,0.0
2024-06-16 16:54:04.085000+00:00,58.27999877929688,0.0,0.0
2024-06-16 16:55:04.663000+00:00,58.29999923706055,0.0,0.0
2024-06-16 16:56:04.842000+00:00,58.29999923706055,0.0,0.0
2024-06-16 16:57:04.169000+00:00,58.400001525878906,0.0,0.0
2024-06-16 16:58:04.859000+00:00,58.400001525878906,0.0,0.0
2024-06-16 16:59:04.279000+00:00,58.400001525878906,0.0,0.0
2024-06-16 17:00:06.867000+00:00,58.400001525878906,0.0,0.0
2024-06-16 17:01:05.166000+00:00,58.5,0.0,0.0
2024-06-16 17:02:04.363000+00:00,58.5,0.0,0.0
2024-06-16 17:03:05.101000+00:00,58.5,0.0,0.0
2024-06-16 17:04:04.980000+00:00,58.5,0.0,0.0
2024-06-16 17:05:04.352000+00:00,58.5,0.0,0.0
2024-06-16 17:06:05.272000+00:00,58.5,0.0,0.0
2024-06-16 17:07:04.341000+00:00,58.5,0.0,0.0
2024-06-16 17:08:04.280000+00:00,58.400001525878906,0.0,0.0
2024-06-16 17:09:04.600000+00:00,58.400001525878906,0.0,0.0
2024-06-16 17:10:04.579000+00:00,58.400001525878906,0.0,0.0
2024-06-16 17:11:04.101000+00:00,58.36000061035156,0.0,0.0
2024-06-16 17:12:04.421000+00:00,58.29999923706055,0.0,0.0
2024-06-16 17:13:05.246000+00:00,58.29999923706055,0.0,0.0
2024-06-16 17:14:04.871000+00:00,58.20000076293945,0.0,0.0
2024-06-16 17:15:05.038000+00:00,58.20000076293945,0.0,0.0
2024-06-16 17:16:04.248000+00:00,58.119998931884766,0.0,0.0
2024-06-16 17:17:04.525000+00:00,58.15999984741211,0.0,0.0
2024-06-16 17:18:04.786000+00:00,58.18000030517578,0.0,0.0
2024-06-16 17:19:03.645000+00:00,58.09999847412109,0.0,0.0
2024-06-16 17:20:04.441000+00:00,58.13999938964844,0.0,0.0
2024-06-16 17:21:03.974000+00:00,58.20000076293945,0.0,0.0
2024-06-16 17:22:04.097000+00:00,58.20000076293945,0.0,0.0
2024-06-16 17:23:04.285000+00:00,58.20000076293945,0.0,0.0
2024-06-16 17:24:04.831000+00:00,58.20000076293945,0.0,0.0
2024-06-16 17:25:04.569000+00:00,58.29999923706055,0.0,0.0
2024-06-16 17:26:04.901000+00:00,58.29999923706055,0.0,0.0
2024-06-16 17:27:04.542000+00:00,58.29999923706055,0.0,0.0
2024-06-16 17:28:04.725000+00:00,58.400001525878906,0.0,0.0
2024-06-16 17:29:04.460000+00:00,58.400001525878906,0.0,0.0
2024-06-16 17:30:05.090000+00:00,58.400001525878906,0.0,0.0
2024-06-16 17:31:04.646000+00:00,58.400001525878906,0.0,0.0
2024-06-16 17:32:04.542000+00:00,58.400001525878906,0.0,0.0
2024-06-16 17:33:04.243000+00:00,58.400001525878906,0.0,0.0
2024-06-16 17:34:04.684000+00:00,58.400001525878906,0.0,0.0
2024-06-16 17:35:04.386000+00:00,58.400001525878906,0.0,0.0
2024-06-16 17:36:04.325000+00:00,52.09999847412109,0.0,0.0
2024-06-16 17:37:04.671000+00:00,53.4900016784668,0.0,0.0
2024-06-16 17:38:04.358000+00:00,51.09999847412109,0.0,0.0
2024-06-16 17:39:05.002000+00:00,47.59999847412109,0.0,0.0
2024-06-16 17:40:04.309000+00:00,53.84999847412109,0.0,0.0
2024-06-16 17:41:04.920000+00:00,58.400001525878906,0.0,0.0
2024-06-16 17:42:04.723000+00:00,60.09999847412109,0.0,0.0
2024-06-16 17:43:04.061000+00:00,60.59999847412109,0.0,0.0
2024-06-16 17:44:04.223000+00:00,60.79999923706055,0.0,0.0
2024-06-16 17:45:04.228000+00:00,60.59999847412109,0.0,0.0
2024-06-16 17:46:03.815000+00:00,60.5,0.0,0.0
2024-06-16 17:47:04.654000+00:00,60.20000076293945,0.0,0.0
2024-06-16 17:48:04.701000+00:00,59.900001525878906,0.0,0.0
2024-06-16 17:49:04.197000+00:00,56.91999816894531,0.0,0.0
2024-06-16 17:50:04.533000+00:00,56.18000030517578,0.0,0.0
2024-06-16 17:51:04.523000+00:00,56.5,0.0,0.0
2024-06-16 17:52:04.525000+00:00,57.16999816894531,0.0,0.0
2024-06-16 17:53:04.450000+00:00,57.70000076293945,0.0,0.0
2024-06-16 17:54:04.876000+00:00,58.20000076293945,0.0,0.0
2024-06-16 17:55:04.464000+00:00,58.5,0.0,0.0
2024-06-16 17:56:04.644000+00:00,58.70000076293945,0.0,0.0
2024-06-16 17:57:04.567000+00:00,58.79999923706055,0.0,0.0
2024-06-16 17:58:03.966000+00:00,58.79999923706055,0.0,0.0
2024-06-16 17:59:04.618000+00:00,58.79999923706055,0.0,0.0
2024-06-16 18:00:07.419000+00:00,58.70000076293945,0.0,0.0
2024-06-16 18:01:05.454000+00:00,58.59999847412109,0.0,0.0
2024-06-16 18:02:04.083000+00:00,58.59999847412109,0.0,0.0
2024-06-16 18:03:04.394000+00:00,58.5,0.0,0.0
2024-06-16 18:04:04.885000+00:00,58.40999984741211,0.0,0.0
2024-06-16 18:05:04.268000+00:00,58.400001525878906,0.0,0.0
2024-06-16 18:06:05.101000+00:00,58.09999847412109,0.0,0.0
2024-06-16 18:07:04.889000+00:00,58.0,0.0,0.0
2024-06-16 18:08:04.672000+00:00,57.900001525878906,0.0,0.0
2024-06-16 18:09:04.935000+00:00,57.900001525878906,0.0,0.0
2024-06-16 18:10:04.580000+00:00,57.900001525878906,0.0,0.0
2024-06-16 18:11:04.423000+00:00,57.93000030517578,0.0,0.0
2024-06-16 18:12:04.761000+00:00,58.0,0.0,0.0
2024-06-16 18:13:04.862000+00:00,58.0,0.0,0.0
2024-06-16 18:14:05.012000+00:00,58.09999847412109,0.0,0.0
2024-06-16 18:15:05.014000+00:00,58.09999847412109,0.0,0.0
2024-06-16 18:16:04.477000+00:00,58.20000076293945,0.0,0.0
2024-06-16 18:17:04.304000+00:00,58.150001525878906,0.0,0.0
2024-06-16 18:18:04.586000+00:00,57.5099983215332,0.0,0.0
2024-06-16 18:19:04.657000+00:00,57.400001525878906,0.0,0.0
2024-06-16 18:20:04.688000+00:00,57.70000076293945,0.0,0.0
2024-06-16 18:21:04.788000+00:00,58.0,0.0,0.0
2024-06-16 18:22:04.459000+00:00,58.29999923706055,0.0,0.0
2024-06-16 18:23:04.659000+00:00,58.5,0.0,0.0
2024-06-16 18:24:04.629000+00:00,58.68000030517578,0.0,0.0
2024-06-16 18:25:05.127000+00:00,58.79999923706055,0.0,0.0
2024-06-16 18:26:04.637000+00:00,58.79999923706055,0.0,0.0
2024-06-16 18:27:04.757000+00:00,58.79999923706055,0.0,0.0
2024-06-16 18:28:05.341000+00:00,58.79999923706055,0.0,0.0
2024-06-16 18:29:04.350000+00:00,58.70000076293945,0.0,0.0
2024-06-16 18:30:05.112000+00:00,58.59999847412109,0.0,0.0
2024-06-16 18:31:03.677000+00:00,57.81999969482422,0.0,0.0
2024-06-16 18:32:04.200000+00:00,57.4900016784668,0.0,0.0
2024-06-16 18:33:04.564000+00:00,57.5099983215332,0.0,0.0
2024-06-16 18:34:04.414000+00:00,57.81999969482422,0.0,0.0
2024-06-16 18:35:04.356000+00:00,58.0,0.0,0.0
2024-06-16 18:36:04.308000+00:00,58.400001525878906,0.0,0.0
2024-06-16 18:37:04.260000+00:00,58.59999847412109,0.0,0.0
2024-06-16 18:38:04.379000+00:00,58.77999877929688,0.0,0.0
2024-06-16 18:39:05.083000+00:00,58.77000045776367,0.0,0.0
2024-06-16 18:40:04.565000+00:00,58.70000076293945,0.0,0.0
2024-06-16 18:41:04.269000+00:00,58.59999847412109,0.0,0.0
2024-06-16 18:42:04.861000+00:00,58.5,0.0,0.0
2024-06-16 18:43:04.344000+00:00,58.400001525878906,0.0,0.0
2024-06-16 18:44:04.665000+00:00,58.310001373291016,0.0,0.0
2024-06-16 18:45:04.689000+00:00,58.29999923706055,0.0,0.0
2024-06-16 18:46:04.305000+00:00,58.20000076293945,0.0,0.0
2024-06-16 18:47:04.233000+00:00,58.18000030517578,0.0,0.0
2024-06-16 18:48:05.005000+00:00,58.09999847412109,0.0,0.0
2024-06-16 18:49:04.701000+00:00,58.09999847412109,0.0,0.0
2024-06-16 18:50:05.249000+00:00,58.09999847412109,0.0,0.0
2024-06-16 18:51:04.628000+00:00,58.08000183105469,0.0,0.0
2024-06-16 18:52:04.897000+00:00,58.0,0.0,0.0
2024-06-16 18:53:04.595000+00:00,58.0,0.0,0.0
2024-06-16 18:54:04.891000+00:00,58.0,0.0,0.0
2024-06-16 18:55:04.459000+00:00,58.08000183105469,0.0,0.0
2024-06-16 18:56:04.780000+00:00,58.09999847412109,0.0,0.0
2024-06-16 18:57:04.728000+00:00,58.09999847412109,0.0,0.0
2024-06-16 18:58:04.831000+00:00,58.09999847412109,0.0,0.0
2024-06-16 18:59:04.579000+00:00,58.09999847412109,0.0,0.0
2024-06-16 19:00:07.935000+00:00,58.20000076293945,0.0,0.0
2024-06-16 19:01:04.969000+00:00,58.20000076293945,0.0,0.0
2024-06-16 19:02:04.657000+00:00,58.20000076293945,0.0,0.0
2024-06-16 19:03:04.462000+00:00,58.20000076293945,0.0,0.0
2024-06-16 19:04:04.660000+00:00,58.20000076293945,0.0,0.0
2024-06-16 19:05:04.487000+00:00,58.20000076293945,0.0,0.0
2024-06-16 19:06:05.187000+00:00,58.29999923706055,0.0,0.0
2024-06-16 19:07:04.319000+00:00,58.29999923706055,0.0,0.0
2024-06-16 19:08:04.146000+00:00,58.29999923706055,0.0,0.0
2024-06-16 19:09:04.231000+00:00,58.29999923706055,0.0,0.0
2024-06-16 19:10:04.844000+00:00,58.400001525878906,0.0,0.0
2024-06-16 19:11:04.798000+00:00,58.400001525878906,0.0,0.0
2024-06-16 19:12:04.187000+00:00,58.400001525878906,0.0,0.0
2024-06-16 19:13:04.474000+00:00,58.400001525878906,0.0,0.0
2024-06-16 19:14:04.219000+00:00,58.400001525878906,0.0,0.0
2024-06-16 19:15:05.130000+00:00,58.400001525878906,0.0,0.0
2024-06-16 19:16:04.241000+00:00,58.400001525878906,0.0,0.0
2024-06-16 19:17:04.389000+00:00,58.400001525878906,0.0,0.0
2024-06-16 19:18:04.954000+00:00,58.400001525878906,0.0,0.0
2024-06-16 19:19:05.159000+00:00,58.400001525878906,0.0,0.0
2024-06-16 19:20:04.594000+00:00,55.47999954223633,0.0,0.0
2024-06-16 19:21:04.630000+00:00,52.060001373291016,0.0,0.0
2024-06-16 19:22:04.629000+00:00,53.5099983215332,0.0,0.0
2024-06-16 19:23:04.434000+00:00,56.119998931884766,0.0,0.0
2024-06-16 19:24:04.513000+00:00,57.5099983215332,0.0,0.0
2024-06-16 19:25:04.456000+00:00,58.70000076293945,0.0,0.0
2024-06-16 19:26:05.491000+00:00,57.75,0.0,0.0
2024-06-16 19:27:04.668000+00:00,58.20000076293945,0.0,0.0
2024-06-16 19:28:04.968000+00:00,58.59999847412109,0.0,0.0
2024-06-16 19:29:04.026000+00:00,58.79999923706055,0.0,0.0
2024-06-16 19:30:04.778000+00:00,59.0,0.0,0.0
2024-06-16 19:31:05.027000+00:00,59.130001068115234,0.0,0.0
2024-06-16 19:32:03.941000+00:00,59.20000076293945,0.0,0.0
2024-06-16 19:33:04.474000+00:00,59.09999847412109,0.0,0.0
2024-06-16 19:34:05.009000+00:00,59.0,0.0,0.0
2024-06-16 19:35:04.793000+00:00,58.900001525878906,0.0,0.0
2024-06-16 19:36:04.628000+00:00,58.79999923706055,0.0,0.0
2024-06-16 19:37:04.338000+00:00,58.59999847412109,0.0,0.0
2024-06-16 19:38:04.652000+00:00,58.400001525878906,0.0,0.0
2024-06-16 19:39:05.092000+00:00,58.29999923706055,0.0,0.0
2024-06-16 19:40:04.772000+00:00,58.20000076293945,0.0,0.0
2024-06-16 19:41:04.513000+00:00,58.20000076293945,0.0,0.0
2024-06-16 19:42:05.157000+00:00,58.09999847412109,0.0,0.0
2024-06-16 19:43:04.080000+00:00,58.0,0.0,0.0
2024-06-16 19:44:03.751000+00:00,57.900001525878906,0.0,0.0
2024-06-16 19:45:04.596000+00:00,57.900001525878906,0.0,0.0
2024-06-16 19:46:04.082000+00:00,57.900001525878906,0.0,0.0
2024-06-16 19:47:04.060000+00:00,57.900001525878906,0.0,0.0
2024-06-16 19:48:05.282000+00:00,57.900001525878906,0.0,0.0
2024-06-16 19:49:05.295000+00:00,58.0,0.0,0.0
2024-06-16 19:50:04.862000+00:00,58.09999847412109,0.0,0.0
2024-06-16 19:51:05.070000+00:00,57.79999923706055,0.0,0.0
2024-06-16 19:52:05.203000+00:00,57.61000061035156,0.0,0.0
2024-06-16 19:53:03.895000+00:00,57.70000076293945,0.0,0.0
2024-06-16 19:54:04.571000+00:00,50.220001220703125,0.0,0.0
2024-06-16 19:55:05.263000+00:00,47.0,0.0,0.0
2024-06-16 19:56:04.738000+00:00,50.959999084472656,0.0,0.0
2024-06-16 19:57:04.110000+00:00,52.0,0.0,0.0
2024-06-16 19:58:04.980000+00:00,50.709999084472656,0.0,0.0
2024-06-16 19:59:04.497000+00:00,49.900001525878906,0.0,0.0
2024-06-16 20:00:07.783000+00:00,57.18000030517578,0.0,0.0
2024-06-16 20:01:05.050000+00:00,60.470001220703125,0.0,0.0
2024-06-16 20:02:03.895000+00:00,61.400001525878906,0.0,0.0
2024-06-16 20:03:04.574000+00:00,61.59999847412109,0.0,0.0
2024-06-16 20:04:05.187000+00:00,61.400001525878906,0.0,0.0
2024-06-16 20:05:04.137000+00:00,61.20000076293945,0.0,0.0
2024-06-16 20:06:05.239000+00:00,60.900001525878906,0.0,0.0
2024-06-16 20:07:04.918000+00:00,60.59999847412109,0.0,0.0
2024-06-16 20:08:04.015000+00:00,60.400001525878906,0.0,0.0
2024-06-16 20:09:04.359000+00:00,60.20000076293945,0.0,0.0
2024-06-16 20:10:04.698000+00:00,60.0,0.0,0.0
2024-06-16 20:11:04.164000+00:00,59.79999923706055,0.0,0.0
2024-06-16 20:12:04.580000+00:00,59.59999847412109,0.0,0.0
2024-06-16 20:13:04.319000+00:00,59.5,0.0,0.0
2024-06-16 20:14:04.461000+00:00,59.29999923706055,0.0,0.0
2024-06-16 20:15:04.991000+00:00,59.09999847412109,0.0,0.0
2024-06-16 20:16:04.037000+00:00,59.0,0.0,0.0
2024-06-16 20:17:04.174000+00:00,58.79999923706055,0.0,0.0
2024-06-16 20:18:04.330000+00:00,58.59999847412109,0.0,0.0
2024-06-16 20:19:04.469000+00:00,58.400001525878906,0.0,0.0
2024-06-16 20:20:04.764000+00:00,58.29999923706055,0.0,0.0
2024-06-16 20:21:04.828000+00:00,58.09999847412109,0.0,0.0
2024-06-16 20:22:04.382000+00:00,56.93999862670898,0.0,0.0
2024-06-16 20:23:04.492000+00:00,56.29999923706055,0.0,0.0
2024-06-16 20:24:05.014000+00:00,56.0,0.0,0.0
2024-06-16 20:25:04.414000+00:00,55.79999923706055,0.0,0.0
2024-06-16 20:26:04.491000+00:00,55.79999923706055,0.0,0.0
2024-06-16 20:27:04.312000+00:00,55.900001525878906,0.0,0.0
2024-06-16 20:28:04.866000+00:00,56.29999923706055,0.0,0.0
2024-06-16 20:29:03.549000+00:00,56.70000076293945,0.0,0.0
2024-06-16 20:30:05.105000+00:00,57.09999847412109,0.0,0.0
2024-06-16 20:31:04.930000+00:00,57.5,0.0,0.0
2024-06-16 20:32:03.992000+00:00,57.900001525878906,0.0,0.0
2024-06-16 20:33:04.160000+00:00,58.29999923706055,0.0,0.0
2024-06-16 20:34:04.370000+00:00,58.59999847412109,0.0,0.0
2024-06-16 20:35:04.687000+00:00,58.79999923706055,0.0,0.0
2024-06-16 20:36:04.911000+00:00,58.900001525878906,0.0,0.0
2024-06-16 20:37:04.304000+00:00,58.970001220703125,0.0,0.0
2024-06-16 20:38:04.554000+00:00,58.900001525878906,0.0,0.0
2024-06-16 20:39:04.777000+00:00,58.900001525878906,0.0,0.0
2024-06-16 20:40:04.550000+00:00,58.79999923706055,0.0,0.0
2024-06-16 20:41:04.738000+00:00,58.59999847412109,0.0,0.0
2024-06-16 20:42:04.525000+00:00,58.5,0.0,0.0
2024-06-16 20:43:04.562000+00:00,58.29999923706055,0.0,0.0
2024-06-16 20:44:04.366000+00:00,58.20000076293945,0.0,0.0
2024-06-16 20:45:04.472000+00:00,58.09999847412109,0.0,0.0
2024-06-16 20:46:04.399000+00:00,58.09999847412109,0.0,0.0
2024-06-16 20:47:04.395000+00:00,58.0,0.0,0.0
2024-06-16 20:48:04.796000+00:00,57.900001525878906,0.0,0.0
2024-06-16 20:49:04.793000+00:00,57.79999923706055,0.0,0.0
2024-06-16 20:50:04.450000+00:00,57.79999923706055,0.0,0.0
2024-06-16 20:51:04.662000+00:00,57.79999923706055,0.0,0.0
2024-06-16 20:52:04.994000+00:00,57.79999923706055,0.0,0.0
2024-06-16 20:53:04.393000+00:00,57.900001525878906,0.0,0.0
2024-06-16 20:54:04.536000+00:00,58.0,0.0,0.0
2024-06-16 20:55:04.520000+00:00,58.09999847412109,0.0,0.0
2024-06-16 20:56:04.731000+00:00,58.20000076293945,0.0,0.0
2024-06-16 20:57:04.916000+00:00,58.27000045776367,0.0,0.0
2024-06-16 20:58:04.558000+00:00,58.29999923706055,0.0,0.0
2024-06-16 20:59:03.993000+00:00,58.29999923706055,0.0,0.0
2024-06-16 21:00:07.010000+00:00,58.380001068115234,0.0,0.0
2024-06-16 21:01:04.649000+00:00,58.400001525878906,0.0,0.0
2024-06-16 21:02:04.037000+00:00,58.400001525878906,0.0,0.0
2024-06-16 21:03:04.377000+00:00,58.11000061035156,0.0,0.0
2024-06-16 21:04:04.464000+00:00,57.900001525878906,0.0,0.0
2024-06-16 21:05:04.693000+00:00,57.70000076293945,0.0,0.0
2024-06-16 21:06:05.320000+00:00,57.5,0.0,0.0
2024-06-16 21:07:04.409000+00:00,57.20000076293945,0.0,0.0
2024-06-16 21:08:04.731000+00:00,57.0,0.0,0.0
2024-06-16 21:09:04.591000+00:00,56.79999923706055,0.0,0.0
2024-06-16 21:10:04.340000+00:00,56.59999847412109,0.0,0.0
2024-06-16 21:11:04.518000+00:00,56.400001525878906,0.0,0.0
2024-06-16 21:12:04.526000+00:00,56.09999847412109,0.0,0.0
2024-06-16 21:13:04.784000+00:00,55.900001525878906,0.0,0.0
2024-06-16 21:14:04.889000+00:00,55.70000076293945,0.0,0.0
2024-06-16 21:15:04.614000+00:00,55.5,0.0,0.0
2024-06-16 21:16:04.551000+00:00,55.20000076293945,0.0,0.0
2024-06-16 21:17:05.069000+00:00,55.0,0.0,0.0
2024-06-16 21:18:04.185000+00:00,54.79999923706055,0.0,0.0
2024-06-16 21:19:04.107000+00:00,54.59999847412109,0.0,0.0
2024-06-16 21:20:04.404000+00:00,54.400001525878906,0.0,0.0
2024-06-16 21:21:04.737000+00:00,54.20000076293945,0.0,0.0
2024-06-16 21:22:04.403000+00:00,54.0,0.0,0.0
2024-06-16 21:23:04.868000+00:00,53.79999923706055,0.0,0.0
2024-06-16 21:24:04.189000+00:00,53.59999847412109,0.0,0.0
2024-06-16 21:25:04.175000+00:00,53.400001525878906,0.0,0.0
2024-06-16 21:26:05.291000+00:00,53.20000076293945,0.0,0.0
2024-06-16 21:27:04.345000+00:00,53.20000076293945,0.0,0.0
2024-06-16 21:28:04.558000+00:00,53.29999923706055,0.0,0.0
2024-06-16 21:29:04.338000+00:00,53.59999847412109,0.0,0.0
2024-06-16 21:30:05.415000+00:00,54.0,0.0,0.0
2024-06-16 21:31:04.512000+00:00,54.5,0.0,0.0
2024-06-16 21:32:04.676000+00:00,54.900001525878906,0.0,0.0
2024-06-16 21:33:04.763000+00:00,55.29999923706055,0.0,0.0
2024-06-16 21:34:03.892000+00:00,55.59999847412109,0.0,0.0
2024-06-16 21:35:04.604000+00:00,55.79999923706055,0.0,0.0
2024-06-16 21:36:04.788000+00:00,55.900001525878906,0.0,0.0
2024-06-16 21:37:04.706000+00:00,55.900001525878906,0.0,0.0
2024-06-16 21:38:04.444000+00:00,55.900001525878906,0.0,0.0
2024-06-16 21:39:04.888000+00:00,55.79999923706055,0.0,0.0
2024-06-16 21:40:04.930000+00:00,55.70000076293945,0.0,0.0
2024-06-16 21:41:05.069000+00:00,55.70000076293945,0.0,0.0
2024-06-16 21:42:04.971000+00:00,55.59999847412109,0.0,0.0
2024-06-16 21:43:04.242000+00:00,55.5,0.0,0.0
2024-06-16 21:44:04.364000+00:00,55.400001525878906,0.0,0.0
2024-06-16 21:45:04.848000+00:00,55.29999923706055,0.0,0.0
2024-06-16 21:46:04.782000+00:00,55.29999923706055,0.0,0.0
2024-06-16 21:47:04.305000+00:00,55.20000076293945,0.0,0.0
2024-06-16 21:48:04.354000+00:00,55.09999847412109,0.0,0.0
2024-06-16 21:49:04.580000+00:00,54.04999923706055,0.0,0.0
2024-06-16 21:50:04.628000+00:00,53.65999984741211,0.0,0.0
2024-06-16 21:51:04.435000+00:00,51.900001525878906,0.0,0.0
2024-06-16 21:52:04.190000+00:00,52.38999938964844,0.0,0.0
2024-06-16 21:53:04.682000+00:00,52.11000061035156,0.0,0.0
2024-06-16 21:54:05.320000+00:00,53.29999923706055,0.0,0.0
2024-06-16 21:55:04.422000+00:00,54.619998931884766,0.0,0.0
2024-06-16 21:56:05.208000+00:00,55.70000076293945,0.0,0.0
2024-06-16 21:57:04.236000+00:00,56.20000076293945,0.0,0.0
2024-06-16 21:58:04.263000+00:00,56.38999938964844,0.0,0.0
2024-06-16 21:59:04.416000+00:00,56.400001525878906,0.0,0.0
2024-06-16 22:00:07.328000+00:00,56.29999923706055,0.0,0.0
2024-06-16 22:01:04.828000+00:00,56.20000076293945,0.0,0.0
2024-06-16 22:02:04.822000+00:00,56.0,0.0,0.0
2024-06-16 22:03:04.347000+00:00,55.79999923706055,0.0,0.0
2024-06-16 22:04:04.147000+00:00,55.70000076293945,0.0,0.0
2024-06-16 22:05:04.626000+00:00,55.59999847412109,0.0,0.0
2024-06-16 22:06:05.626000+00:00,55.400001525878906,0.0,0.0
2024-06-16 22:07:04.804000+00:00,55.22999954223633,0.0,0.0
2024-06-16 22:08:04.642000+00:00,55.20000076293945,0.0,0.0
2024-06-16 22:09:04.901000+00:00,55.0099983215332,0.0,0.0
2024-06-16 22:10:04.314000+00:00,55.0,0.0,0.0
2024-06-16 22:11:04.769000+00:00,54.900001525878906,0.0,0.0
2024-06-16 22:12:04.707000+00:00,54.900001525878906,0.0,0.0
2024-06-16 22:13:04.783000+00:00,54.79999923706055,0.0,0.0
2024-06-16 22:14:05.029000+00:00,54.900001525878906,0.0,0.0
2024-06-16 22:15:04.743000+00:00,54.90999984741211,0.0,0.0
2024-06-16 22:16:04.657000+00:00,55.0,0.0,0.0
2024-06-16 22:17:04.551000+00:00,55.0,0.0,0.0
2024-06-16 22:18:04.608000+00:00,55.09999847412109,0.0,0.0
2024-06-16 22:19:04.902000+00:00,55.15999984741211,0.0,0.0
2024-06-16 22:20:05.150000+00:00,55.20000076293945,0.0,0.0
2024-06-16 22:21:04.586000+00:00,55.20000076293945,0.0,0.0
2024-06-16 22:22:03.645000+00:00,55.29999923706055,0.0,0.0
2024-06-16 22:23:04.594000+00:00,55.380001068115234,0.0,0.0
2024-06-16 22:24:04.598000+00:00,55.400001525878906,0.0,0.0
2024-06-16 22:25:04.871000+00:00,55.5,0.0,0.0
2024-06-16 22:26:04.821000+00:00,55.5,0.0,0.0
2024-06-16 22:27:04.442000+00:00,55.5,0.0,0.0
2024-06-16 22:28:04.652000+00:00,55.5,0.0,0.0
2024-06-16 22:29:04.281000+00:00,55.52000045776367,0.0,0.0
2024-06-16 22:30:05.255000+00:00,55.5,0.0,0.0
2024-06-16 22:31:04.373000+00:00,55.5,0.0,0.0
2024-06-16 22:32:04.882000+00:00,55.58000183105469,0.0,0.0
2024-06-16 22:33:04.772000+00:00,55.5,0.0,0.0
2024-06-16 22:34:04.591000+00:00,55.5,0.0,0.0
2024-06-16 22:35:04.484000+00:00,55.400001525878906,0.0,0.0
2024-06-16 22:36:04.645000+00:00,55.400001525878906,0.0,0.0
2024-06-16 22:37:04.242000+00:00,55.31999969482422,0.0,0.0
2024-06-16 22:38:04.291000+00:00,55.29999923706055,0.0,0.0
2024-06-16 22:39:04.779000+00:00,55.29999923706055,0.0,0.0
2024-06-16 22:40:04.977000+00:00,55.20000076293945,0.0,0.0
2024-06-16 22:41:04.417000+00:00,55.20000076293945,0.0,0.0
2024-06-16 22:42:04.862000+00:00,55.11000061035156,0.0,0.0
2024-06-16 22:43:04.490000+00:00,55.09999847412109,0.0,0.0
2024-06-16 22:44:04.039000+00:00,55.09999847412109,0.0,0.0
2024-06-16 22:45:04.519000+00:00,55.09999847412109,0.0,0.0
2024-06-16 22:46:04.450000+00:00,55.0,0.0,0.0
2024-06-16 22:47:04.221000+00:00,55.0,0.0,0.0
2024-06-16 22:48:04.466000+00:00,55.0,0.0,0.0
2024-06-16 22:49:04.405000+00:00,55.0,0.0,0.0
2024-06-16 22:50:05.165000+00:00,55.09999847412109,0.0,0.0
2024-06-16 22:51:04.287000+00:00,55.09999847412109,0.0,0.0
2024-06-16 22:52:05.037000+00:00,55.20000076293945,0.0,0.0
2024-06-16 22:53:04.480000+00:00,55.20000076293945,0.0,0.0
2024-06-16 22:54:04.080000+00:00,55.20000076293945,0.0,0.0
2024-06-16 22:55:04.889000+00:00,55.29999923706055,0.0,0.0
2024-06-16 22:56:04.563000+00:00,55.29999923706055,0.0,0.0
2024-06-16 22:57:03.872000+00:00,55.310001373291016,0.0,0.0
2024-06-16 22:58:04.139000+00:00,55.29999923706055,0.0,0.0
2024-06-16 22:59:04.203000+00:00,55.369998931884766,0.0,0.0
2024-06-16 23:00:05.927000+00:00,55.29999923706055,0.0,0.0
2024-06-17 00:00:07.219000+00:00,55.09999847412109,0.0,0.0
2024-06-17 00:01:05.632000+00:00,55.20000076293945,0.0,0.0
2024-06-17 00:02:04.371000+00:00,55.209999084472656,0.0,0.0
2024-06-17 00:03:04.770000+00:00,55.29999923706055,0.0,0.0
2024-06-17 00:04:04.709000+00:00,55.29999923706055,0.0,0.0
2024-06-17 00:05:05.278000+00:00,55.29999923706055,0.0,0.0
2024-06-17 00:06:05.784000+00:00,55.34999847412109,0.0,0.0
2024-06-17 00:07:03.993000+00:00,55.29999923706055,0.0,0.0
2024-06-17 00:08:04.071000+00:00,55.380001068115234,0.0,0.0
2024-06-17 00:09:04.758000+00:00,55.380001068115234,0.0,0.0
2024-06-17 00:10:04.606000+00:00,55.29999923706055,0.0,0.0
2024-06-17 00:11:04.182000+00:00,55.380001068115234,0.0,0.0
2024-06-17 00:12:05.017000+00:00,55.29999923706055,0.0,0.0
2024-06-17 00:13:05.106000+00:00,55.29999923706055,0.0,0.0
2024-06-17 00:14:04.399000+00:00,55.400001525878906,0.0,0.0
2024-06-17 00:15:05.133000+00:00,55.29999923706055,0.0,0.0
2024-06-17 00:16:04.218000+00:00,55.29999923706055,0.0,0.0
2024-06-17 00:17:04.390000+00:00,55.29999923706055,0.0,0.0
2024-06-17 00:18:04.452000+00:00,55.29999923706055,0.0,0.0
2024-06-17 00:19:04.716000+00:00,55.29999923706055,0.0,0.0
2024-06-17 00:20:04.772000+00:00,55.29999923706055,0.0,0.0
2024-06-17 00:21:04.902000+00:00,55.29999923706055,0.0,0.0
2024-06-17 00:22:04.353000+00:00,55.29999923706055,0.0,0.0
2024-06-17 00:23:04.386000+00:00,55.29999923706055,0.0,0.0
2024-06-17 00:24:04.741000+00:00,55.29999923706055,0.0,0.0
2024-06-17 00:25:04.697000+00:00,55.29999923706055,0.0,0.0
2024-06-17 00:26:05.222000+00:00,55.29999923706055,0.0,0.0
2024-06-17 00:27:04.801000+00:00,55.29999923706055,0.0,0.0
2024-06-17 00:28:04.968000+00:00,55.29999923706055,0.0,0.0
2024-06-17 00:29:04.265000+00:00,55.29999923706055,0.0,0.0
2024-06-17 00:30:04.991000+00:00,55.29999923706055,0.0,0.0
2024-06-17 00:31:04.761000+00:00,55.29999923706055,0.0,0.0
2024-06-17 00:32:04.766000+00:00,55.29999923706055,0.0,0.0
2024-06-17 00:33:04.192000+00:00,55.29999923706055,0.0,0.0
2024-06-17 00:34:04.355000+00:00,55.29999923706055,0.0,0.0
2024-06-17 00:35:04.568000+00:00,55.29999923706055,0.0,0.0
2024-06-17 00:36:04.676000+00:00,55.29999923706055,0.0,0.0
2024-06-17 00:37:04.429000+00:00,55.29999923706055,0.0,0.0
2024-06-17 00:38:04.437000+00:00,55.22999954223633,0.0,0.0
2024-06-17 00:39:05.356000+00:00,55.29999923706055,0.0,0.0
2024-06-17 00:40:04.490000+00:00,55.20000076293945,0.0,0.0
2024-06-17 00:41:04.847000+00:00,55.27999877929688,0.0,0.0
2024-06-17 00:42:04.819000+00:00,55.29999923706055,0.0,0.0
2024-06-17 00:43:04.653000+00:00,55.20000076293945,0.0,0.0
2024-06-17 00:44:04.728000+00:00,55.2599983215332,0.0,0.0
2024-06-17 00:45:04.408000+00:00,55.20000076293945,0.0,0.0
2024-06-17 00:46:04.598000+00:00,55.20000076293945,0.0,0.0
2024-06-17 00:47:04.468000+00:00,55.20000076293945,0.0,0.0
2024-06-17 00:48:04.555000+00:00,55.20000076293945,0.0,0.0
2024-06-17 00:49:04.759000+00:00,55.20000076293945,0.0,0.0
2024-06-17 00:50:04.946000+00:00,55.20000076293945,0.0,0.0
2024-06-17 00:51:04.379000+00:00,55.20000076293945,0.0,0.0
2024-06-17 00:52:04.821000+00:00,55.20000076293945,0.0,0.0
2024-06-17 00:53:04.794000+00:00,55.20000076293945,0.0,0.0
2024-06-17 00:54:04.861000+00:00,55.20000076293945,0.0,0.0
2024-06-17 00:55:04.271000+00:00,55.20000076293945,0.0,0.0
2024-06-17 00:56:04.691000+00:00,55.20000076293945,0.0,0.0
2024-06-17 00:57:04.552000+00:00,55.20000076293945,0.0,0.0
2024-06-17 00:58:04.181000+00:00,55.20000076293945,0.0,0.0
2024-06-17 00:59:04.564000+00:00,55.20000076293945,0.0,0.0
2024-06-17 01:00:07.491000+00:00,55.20000076293945,0.0,0.0
2024-06-17 01:01:05.121000+00:00,55.20000076293945,0.0,0.0
2024-06-17 01:02:04.070000+00:00,55.20000076293945,0.0,0.0
2024-06-17 01:03:04.105000+00:00,55.20000076293945,0.0,0.0
2024-06-17 01:04:04.552000+00:00,55.20000076293945,0.0,0.0
2024-06-17 01:05:04.928000+00:00,55.20000076293945,0.0,0.0
2024-06-17 01:06:05.041000+00:00,55.20000076293945,0.0,0.0
2024-06-17 01:07:03.980000+00:00,55.20000076293945,0.0,0.0
2024-06-17 01:08:04.157000+00:00,55.20000076293945,0.0,0.0
2024-06-17 01:09:04.246000+00:00,55.20000076293945,0.0,0.0
2024-06-17 01:10:04.503000+00:00,55.20000076293945,0.0,0.0
2024-06-17 01:11:04.593000+00:00,55.18000030517578,0.0,0.0
2024-06-17 01:12:04.873000+00:00,55.20000076293945,0.0,0.0
2024-06-17 01:13:05.131000+00:00,55.20000076293945,0.0,0.0
2024-06-17 01:14:04.505000+00:00,55.20000076293945,0.0,0.0
2024-06-17 01:15:05.017000+00:00,55.20000076293945,0.0,0.0
2024-06-17 01:16:04.211000+00:00,55.20000076293945,0.0,0.0
2024-06-17 01:17:04.731000+00:00,55.20000076293945,0.0,0.0
2024-06-17 01:18:04.385000+00:00,55.20000076293945,0.0,0.0
2024-06-17 01:19:04.189000+00:00,55.29999923706055,0.0,0.0
2024-06-17 01:20:04.722000+00:00,55.29999923706055,0.0,0.0
2024-06-17 01:21:04.690000+00:00,55.29999923706055,0.0,0.0
2024-06-17 01:22:04.658000+00:00,55.29999923706055,0.0,0.0
2024-06-17 01:23:04.578000+00:00,55.29999923706055,0.0,0.0
2024-06-17 01:24:04.590000+00:00,55.29999923706055,0.0,0.0
2024-06-17 01:25:05.067000+00:00,55.29999923706055,0.0,0.0
2024-06-17 01:26:04.559000+00:00,55.29999923706055,0.0,0.0
2024-06-17 01:27:04.872000+00:00,55.29999923706055,0.0,0.0
2024-06-17 01:28:05.057000+00:00,55.29999923706055,0.0,0.0
2024-06-17 01:29:03.923000+00:00,55.29999923706055,0.0,0.0
2024-06-17 01:30:04.524000+00:00,55.29999923706055,0.0,0.0
2024-06-17 01:31:04.560000+00:00,55.29999923706055,0.0,0.0
2024-06-17 01:32:04.666000+00:00,55.29999923706055,0.0,0.0
2024-06-17 01:33:04.741000+00:00,55.29999923706055,0.0,0.0
2024-06-17 01:34:04.477000+00:00,55.29999923706055,0.0,0.0
2024-06-17 01:35:04.387000+00:00,55.29999923706055,0.0,0.0
2024-06-17 01:36:04.837000+00:00,55.29999923706055,0.0,0.0
2024-06-17 01:37:05.295000+00:00,55.29999923706055,0.0,0.0
2024-06-17 01:38:04.698000+00:00,55.220001220703125,0.0,0.0
2024-06-17 01:39:04.926000+00:00,55.2400016784668,0.0,0.0
2024-06-17 01:40:04.946000+00:00,55.290000915527344,0.0,0.0
2024-06-17 01:41:04.744000+00:00,55.29999923706055,0.0,0.0
2024-06-17 01:42:04.967000+00:00,55.20000076293945,0.0,0.0
2024-06-17 01:43:03.804000+00:00,55.20000076293945,0.0,0.0
2024-06-17 01:44:04.484000+00:00,55.27999877929688,0.0,0.0
2024-06-17 01:45:04.574000+00:00,55.20000076293945,0.0,0.0
2024-06-17 01:46:04.281000+00:00,55.20000076293945,0.0,0.0
2024-06-17 01:47:04.288000+00:00,55.20000076293945,0.0,0.0
2024-06-17 01:48:04.291000+00:00,55.20000076293945,0.0,0.0
2024-06-17 01:49:04.766000+00:00,55.20000076293945,0.0,0.0
2024-06-17 01:50:04.708000+00:00,55.20000076293945,0.0,0.0
2024-06-17 01:51:04.745000+00:00,55.20000076293945,0.0,0.0
2024-06-17 01:52:04.470000+00:00,55.20000076293945,0.0,0.0
2024-06-17 01:53:04.658000+00:00,55.20000076293945,0.0,0.0
2024-06-17 01:54:04.489000+00:00,55.20000076293945,0.0,0.0
2024-06-17 01:55:04.289000+00:00,55.20000076293945,0.0,0.0
2024-06-17 01:56:05.039000+00:00,55.20000076293945,0.0,0.0
2024-06-17 01:57:04.305000+00:00,55.11000061035156,0.0,0.0
2024-06-17 01:58:04.186000+00:00,55.20000076293945,0.0,0.0
2024-06-17 01:59:04.283000+00:00,55.20000076293945,0.0,0.0
2024-06-17 02:00:07.524000+00:00,55.20000076293945,0.0,0.0
2024-06-17 02:01:04.374000+00:00,55.38999938964844,0.0,0.0
2024-06-17 02:02:04.535000+00:00,56.79999923706055,0.0,0.0
2024-06-17 02:03:03.967000+00:00,57.900001525878906,0.0,0.0
2024-06-17 02:04:04.359000+00:00,58.5,0.0,0.0
2024-06-17 02:05:04.664000+00:00,58.900001525878906,0.0,0.0
2024-06-17 02:06:05.012000+00:00,59.0,0.0,0.0
2024-06-17 02:07:03.941000+00:00,59.0,0.0,0.0
2024-06-17 02:08:04.742000+00:00,58.900001525878906,0.0,0.0
2024-06-17 02:09:04.205000+00:00,58.79999923706055,0.0,0.0
2024-06-17 02:10:04.887000+00:00,58.70000076293945,0.0,0.0
2024-06-17 02:11:04.530000+00:00,58.59999847412109,0.0,0.0
2024-06-17 02:12:05.192000+00:00,58.5,0.0,0.0
2024-06-17 02:13:04.931000+00:00,58.400001525878906,0.0,0.0
2024-06-17 02:14:04.403000+00:00,58.20000076293945,0.0,0.0
2024-06-17 02:15:05.155000+00:00,58.09999847412109,0.0,0.0
2024-06-17 02:16:04.029000+00:00,57.970001220703125,0.0,0.0
2024-06-17 02:17:04.625000+00:00,57.79999923706055,0.0,0.0
2024-06-17 02:18:04.808000+00:00,57.70000076293945,0.0,0.0
2024-06-17 02:19:04.999000+00:00,57.68999862670898,0.0,0.0
2024-06-17 02:20:04.592000+00:00,57.59999847412109,0.0,0.0
2024-06-17 02:21:04.722000+00:00,57.59999847412109,0.0,0.0
2024-06-17 02:22:04.464000+00:00,57.70000076293945,0.0,0.0
2024-06-17 02:23:04.810000+00:00,57.70000076293945,0.0,0.0
2024-06-17 02:24:05.015000+00:00,57.79999923706055,0.0,0.0
2024-06-17 02:25:04.283000+00:00,57.900001525878906,0.0,0.0
2024-06-17 02:26:04.900000+00:00,58.0,0.0,0.0
2024-06-17 02:27:04.352000+00:00,58.09999847412109,0.0,0.0
2024-06-17 02:28:04.248000+00:00,58.130001068115234,0.0,0.0
2024-06-17 02:29:04.920000+00:00,58.20000076293945,0.0,0.0
2024-06-17 02:30:04.632000+00:00,58.29999923706055,0.0,0.0
2024-06-17 02:31:04.662000+00:00,58.29999923706055,0.0,0.0
2024-06-17 02:32:04.522000+00:00,58.29999923706055,0.0,0.0
2024-06-17 02:33:04.597000+00:00,58.29999923706055,0.0,0.0
2024-06-17 02:34:04.317000+00:00,58.29999923706055,0.0,0.0
2024-06-17 02:35:04.669000+00:00,58.29999923706055,0.0,0.0
2024-06-17 02:36:05.011000+00:00,58.29999923706055,0.0,0.0
2024-06-17 02:37:04.193000+00:00,58.20000076293945,0.0,0.0
2024-06-17 02:38:04.696000+00:00,58.20000076293945,0.0,0.0
2024-06-17 02:39:04.911000+00:00,58.20000076293945,0.0,0.0
2024-06-17 02:40:04.495000+00:00,58.20000076293945,0.0,0.0
2024-06-17 02:41:04.459000+00:00,58.20000076293945,0.0,0.0
2024-06-17 02:42:04.871000+00:00,58.130001068115234,0.0,0.0
2024-06-17 02:43:04.726000+00:00,58.09999847412109,0.0,0.0
2024-06-17 02:44:04.751000+00:00,58.09999847412109,0.0,0.0
2024-06-17 02:45:04.691000+00:00,58.09999847412109,0.0,0.0
2024-06-17 02:46:04.234000+00:00,58.09999847412109,0.0,0.0
2024-06-17 02:47:04.140000+00:00,58.04999923706055,0.0,0.0
2024-06-17 02:48:04.340000+00:00,58.0,0.0,0.0
2024-06-17 02:49:04.608000+00:00,58.0,0.0,0.0
2024-06-17 02:50:05.961000+00:00,58.0,0.0,0.0
2024-06-17 02:51:04.665000+00:00,58.0,0.0,0.0
2024-06-17 02:52:04.623000+00:00,58.0,0.0,0.0
2024-06-17 02:53:03.897000+00:00,58.02000045776367,0.0,0.0
2024-06-17 02:54:04.910000+00:00,58.09999847412109,0.0,0.0
2024-06-17 02:55:04.619000+00:00,58.02000045776367,0.0,0.0
2024-06-17 02:56:04.080000+00:00,58.09999847412109,0.0,0.0
2024-06-17 02:57:04.342000+00:00,58.09999847412109,0.0,0.0
2024-06-17 02:58:04.714000+00:00,58.09999847412109,0.0,0.0
2024-06-17 02:59:03.904000+00:00,58.09999847412109,0.0,0.0
2024-06-17 03:00:05.565000+00:00,58.09999847412109,0.0,0.0
2024-06-17 03:01:04.652000+00:00,58.09999847412109,0.0,0.0
2024-06-17 03:02:04.319000+00:00,58.09999847412109,0.0,0.0
2024-06-17 03:03:04.875000+00:00,58.09999847412109,0.0,0.0
2024-06-17 03:04:03.990000+00:00,58.09999847412109,0.0,0.0
2024-06-17 03:05:04.742000+00:00,58.09999847412109,0.0,0.0
2024-06-17 03:06:04.992000+00:00,58.20000076293945,0.0,0.0
2024-06-17 03:07:04.008000+00:00,58.130001068115234,0.0,0.0
2024-06-17 03:08:04.844000+00:00,58.20000076293945,0.0,0.0
2024-06-17 03:09:04.363000+00:00,58.20000076293945,0.0,0.0
2024-06-17 03:10:05.083000+00:00,58.18999862670898,0.0,0.0
2024-06-17 03:11:04.410000+00:00,58.20000076293945,0.0,0.0
2024-06-17 03:12:04.784000+00:00,58.20000076293945,0.0,0.0
2024-06-17 03:13:04.878000+00:00,58.20000076293945,0.0,0.0
2024-06-17 03:14:04.453000+00:00,58.20000076293945,0.0,0.0
2024-06-17 03:15:04.217000+00:00,58.20000076293945,0.0,0.0
2024-06-17 03:16:04.231000+00:00,58.20000076293945,0.0,0.0
2024-06-17 03:17:04.665000+00:00,58.20000076293945,0.0,0.0
2024-06-17 03:18:04.430000+00:00,58.20000076293945,0.0,0.0
2024-06-17 03:19:04.385000+00:00,58.18999862670898,0.0,0.0
2024-06-17 03:20:05.462000+00:00,58.09999847412109,0.0,0.0
2024-06-17 03:21:04.328000+00:00,58.09999847412109,0.0,0.0
2024-06-17 03:22:04.556000+00:00,58.09999847412109,0.0,0.0
2024-06-17 03:23:04.666000+00:00,58.0,0.0,0.0
2024-06-17 03:24:04.352000+00:00,58.08000183105469,0.0,0.0
2024-06-17 03:25:04.856000+00:00,58.09999847412109,0.0,0.0
2024-06-17 03:26:04.889000+00:00,58.09999847412109,0.0,0.0
2024-06-17 03:27:04.089000+00:00,58.09999847412109,0.0,0.0
2024-06-17 03:28:04.617000+00:00,58.09999847412109,0.0,0.0
2024-06-17 03:29:04.462000+00:00,58.09999847412109,0.0,0.0
2024-06-17 03:30:04.570000+00:00,58.20000076293945,0.0,0.0
2024-06-17 03:31:04.202000+00:00,58.20000076293945,0.0,0.0
2024-06-17 03:32:04.388000+00:00,58.20000076293945,0.0,0.0
2024-06-17 03:33:04.456000+00:00,58.20000076293945,0.0,0.0
2024-06-17 03:34:04.165000+00:00,58.20000076293945,0.0,0.0
2024-06-17 03:35:04.565000+00:00,58.20000076293945,0.0,0.0
2024-06-17 03:36:04.212000+00:00,58.20000076293945,0.0,0.0
2024-06-17 03:37:04.725000+00:00,58.20000076293945,0.0,0.0
2024-06-17 03:38:04.276000+00:00,58.09999847412109,0.0,0.0
2024-06-17 03:39:04.680000+00:00,58.09999847412109,0.0,0.0
2024-06-17 03:40:04.793000+00:00,58.09999847412109,0.0,0.0
2024-06-17 03:41:04.297000+00:00,58.09999847412109,0.0,0.0
2024-06-17 03:42:04.581000+00:00,58.09999847412109,0.0,0.0
2024-06-17 03:43:04.393000+00:00,58.09999847412109,0.0,0.0
2024-06-17 03:44:04.392000+00:00,58.0099983215332,0.0,0.0
2024-06-17 03:45:04.422000+00:00,58.040000915527344,0.0,0.0
2024-06-17 03:46:04.119000+00:00,58.09999847412109,0.0,0.0
2024-06-17 03:47:03.917000+00:00,58.09999847412109,0.0,0.0
2024-06-17 03:48:04.551000+00:00,58.09999847412109,0.0,0.0
2024-06-17 03:49:04.548000+00:00,58.09999847412109,0.0,0.0
2024-06-17 03:50:04.537000+00:00,58.09999847412109,0.0,0.0
2024-06-17 03:51:04.512000+00:00,58.20000076293945,0.0,0.0
2024-06-17 03:52:04.991000+00:00,58.20000076293945,0.0,0.0
2024-06-17 03:53:04.143000+00:00,58.20000076293945,0.0,0.0
2024-06-17 03:54:04.629000+00:00,58.20000076293945,0.0,0.0
2024-06-17 03:55:04.679000+00:00,58.20000076293945,0.0,0.0
2024-06-17 03:56:04.028000+00:00,58.20000076293945,0.0,0.0
2024-06-17 03:57:04.549000+00:00,58.09999847412109,0.0,0.0
2024-06-17 03:58:04.137000+00:00,58.09999847412109,0.0,0.0
2024-06-17 03:59:04.125000+00:00,58.09999847412109,0.0,0.0
2024-06-17 04:00:06.105000+00:00,58.09999847412109,0.0,0.0
2024-06-17 04:01:04.208000+00:00,58.0,0.0,0.0
2024-06-17 04:02:04.333000+00:00,57.900001525878906,0.0,0.0
2024-06-17 04:03:04.306000+00:00,57.900001525878906,0.0,0.0
2024-06-17 04:04:03.989000+00:00,54.09999847412109,0.0,0.0
2024-06-17 04:05:03.956000+00:00,55.33000183105469,0.0,0.0
2024-06-17 04:06:04.390000+00:00,54.880001068115234,0.0,0.0
2024-06-17 04:07:04.229000+00:00,56.09999847412109,0.0,0.0
2024-06-17 04:08:04.357000+00:00,57.400001525878906,0.0,0.0
2024-06-17 04:09:03.834000+00:00,58.29999923706055,0.0,0.0
2024-06-17 04:10:04.024000+00:00,59.0,0.0,0.0
2024-06-17 04:11:04.047000+00:00,59.20000076293945,0.0,0.0
2024-06-17 04:12:04.990000+00:00,59.20000076293945,0.0,0.0
2024-06-17 04:13:04.800000+00:00,59.20000076293945,0.0,0.0
2024-06-17 04:14:04.287000+00:00,59.09999847412109,0.0,0.0
2024-06-17 04:15:04.418000+00:00,59.0,0.0,0.0
2024-06-17 04:16:04.238000+00:00,58.81999969482422,0.0,0.0
2024-06-17 04:17:04.219000+00:00,58.59999847412109,0.0,0.0
2024-06-17 04:18:04.168000+00:00,58.40999984741211,0.0,0.0
2024-06-17 04:19:04.470000+00:00,58.29999923706055,0.0,0.0
2024-06-17 04:20:04.860000+00:00,58.09999847412109,0.0,0.0
2024-06-17 04:21:04.441000+00:00,57.869998931884766,0.0,0.0
2024-06-17 04:22:04.148000+00:00,57.70000076293945,0.0,0.0
2024-06-17 04:23:03.913000+00:00,57.65999984741211,0.0,0.0
2024-06-17 04:24:04.732000+00:00,57.59999847412109,0.0,0.0
2024-06-17 04:25:04.629000+00:00,57.59000015258789,0.0,0.0
2024-06-17 04:26:04.854000+00:00,57.59999847412109,0.0,0.0
2024-06-17 04:27:03.969000+00:00,57.70000076293945,0.0,0.0
2024-06-17 04:28:04.860000+00:00,57.790000915527344,0.0,0.0
2024-06-17 04:29:04.174000+00:00,57.79999923706055,0.0,0.0
2024-06-17 04:30:04.584000+00:00,55.79999923706055,0.0,0.0
2024-06-17 04:31:04.468000+00:00,56.400001525878906,0.0,0.0
2024-06-17 04:32:04.059000+00:00,57.400001525878906,0.0,0.0
2024-06-17 04:33:03.973000+00:00,58.09999847412109,0.0,0.0
2024-06-17 04:34:04.077000+00:00,58.5,0.0,0.0
2024-06-17 04:35:04.429000+00:00,58.79999923706055,0.0,0.0
2024-06-17 04:36:04.356000+00:00,59.0,0.0,0.0
2024-06-17 04:37:03.987000+00:00,59.09999847412109,0.0,0.0
2024-06-17 04:38:04.610000+00:00,59.09999847412109,0.0,0.0
2024-06-17 04:39:05.338000+00:00,59.09999847412109,0.0,0.0
2024-06-17 04:40:04.691000+00:00,59.0,0.0,0.0
2024-06-17 04:41:04.321000+00:00,58.900001525878906,0.0,0.0
2024-06-17 04:42:04.671000+00:00,58.79999923706055,0.0,0.0
2024-06-17 04:43:04.289000+00:00,58.59999847412109,0.0,0.0
2024-06-17 04:44:03.925000+00:00,58.41999816894531,0.0,0.0
2024-06-17 04:45:04.576000+00:00,51.0,0.0,0.0
2024-06-17 04:46:03.952000+00:00,52.77000045776367,0.0,0.0
2024-06-17 04:47:04.292000+00:00,55.16999816894531,0.0,0.0
2024-06-17 04:48:04.430000+00:00,56.9900016784668,0.0,0.0
2024-06-17 04:49:04.017000+00:00,57.900001525878906,0.0,0.0
2024-06-17 04:50:04.493000+00:00,58.5,0.0,0.0
2024-06-17 04:51:04.546000+00:00,58.79999923706055,0.0,0.0
2024-06-17 04:52:04.669000+00:00,58.4900016784668,0.0,0.0
2024-06-17 04:53:04.514000+00:00,58.400001525878906,0.0,0.0
2024-06-17 04:54:04.447000+00:00,58.400001525878906,0.0,0.0
2024-06-17 04:55:04.446000+00:00,58.5,0.0,0.0
2024-06-17 04:56:04.031000+00:00,58.5,0.0,0.0
2024-06-17 04:57:04.229000+00:00,58.310001373291016,0.0,0.0
2024-06-17 04:58:04.525000+00:00,58.20000076293945,0.0,0.0
2024-06-17 04:59:04.696000+00:00,58.20000076293945,0.0,0.0
2024-06-17 05:00:06.500000+00:00,57.97999954223633,0.0,0.0
2024-06-17 05:01:04.946000+00:00,57.2400016784668,0.0,0.0
2024-06-17 05:02:03.816000+00:00,57.5,0.0,0.0
2024-06-17 05:03:03.645000+00:00,57.59999847412109,0.0,0.0
2024-06-17 05:04:04.459000+00:00,57.59999847412109,0.0,0.0
2024-06-17 05:05:04.569000+00:00,57.70000076293945,0.0,0.0
2024-06-17 05:06:05.410000+00:00,57.79999923706055,0.0,0.0
2024-06-17 05:07:04.543000+00:00,57.20000076293945,0.0,0.0
2024-06-17 05:08:04.139000+00:00,57.29999923706055,0.0,0.0
2024-06-17 05:09:04.279000+00:00,57.70000076293945,0.0,0.0
2024-06-17 05:10:04.179000+00:00,58.09999847412109,0.0,0.0
2024-06-17 05:11:04.672000+00:00,58.400001525878906,0.0,0.0
2024-06-17 05:12:04.766000+00:00,58.52999877929688,0.0,0.0
2024-06-17 05:13:04.688000+00:00,58.70000076293945,0.0,0.0
2024-06-17 05:14:04.175000+00:00,58.79999923706055,0.0,0.0
2024-06-17 05:15:04.585000+00:00,58.900001525878906,0.0,0.0
2024-06-17 05:16:04.337000+00:00,58.900001525878906,0.0,0.0
2024-06-17 05:17:04.700000+00:00,58.79999923706055,0.0,0.0
2024-06-17 05:18:04.675000+00:00,58.70000076293945,0.0,0.0
2024-06-17 05:19:04.503000+00:00,58.59999847412109,0.0,0.0
2024-06-17 05:20:04.606000+00:00,58.47999954223633,0.0,0.0
2024-06-17 05:21:04.289000+00:00,58.29999923706055,0.0,0.0
2024-06-17 05:22:04.324000+00:00,58.20000076293945,0.0,0.0
2024-06-17 05:23:04.195000+00:00,58.09999847412109,0.0,0.0
2024-06-17 05:24:04.759000+00:00,58.0,0.0,0.0
2024-06-17 05:25:04.603000+00:00,57.900001525878906,0.0,0.0
2024-06-17 05:26:04.736000+00:00,57.79999923706055,0.0,0.0
2024-06-17 05:27:04.541000+00:00,57.70000076293945,0.0,0.0
2024-06-17 05:28:04.466000+00:00,57.70000076293945,0.0,0.0
2024-06-17 05:29:04.321000+00:00,57.70000076293945,0.0,0.0
2024-06-17 05:30:04.455000+00:00,57.70000076293945,0.0,0.0
2024-06-17 05:31:03.762000+00:00,57.77000045776367,0.0,0.0
2024-06-17 05:32:04.235000+00:00,57.79999923706055,0.0,0.0
2024-06-17 05:33:04.663000+00:00,57.900001525878906,0.0,0.0
2024-06-17 05:34:04.891000+00:00,57.959999084472656,0.0,0.0
2024-06-17 05:35:04.241000+00:00,58.0,0.0,0.0
2024-06-17 05:36:04.891000+00:00,58.060001373291016,0.0,0.0
2024-06-17 05:37:03.786000+00:00,58.09999847412109,0.0,0.0
2024-06-17 05:38:04.094000+00:00,57.900001525878906,0.0,0.0
2024-06-17 05:39:05.092000+00:00,57.79999923706055,0.0,0.0
2024-06-17 05:40:04.595000+00:00,57.88999938964844,0.0,0.0
2024-06-17 05:41:04.391000+00:00,57.900001525878906,0.0,0.0
2024-06-17 05:42:04.224000+00:00,58.0,0.0,0.0
2024-06-17 05:43:04.320000+00:00,57.709999084472656,0.0,0.0
2024-06-17 05:44:03.778000+00:00,57.59999847412109,0.0,0.0
2024-06-17 05:45:04.894000+00:00,57.619998931884766,0.0,0.0
2024-06-17 05:46:03.890000+00:00,55.619998931884766,0.0,0.0
2024-06-17 05:47:04.334000+00:00,56.470001220703125,0.0,0.0
2024-06-17 05:48:04.664000+00:00,57.400001525878906,0.0,0.0
2024-06-17 05:49:04.453000+00:00,58.09999847412109,0.0,0.0
2024-06-17 05:50:04.536000+00:00,58.70000076293945,0.0,0.0
2024-06-17 05:51:04.779000+00:00,58.900001525878906,0.0,0.0
2024-06-17 05:52:05.259000+00:00,59.02000045776367,0.0,0.0
2024-06-17 05:53:04.529000+00:00,59.0,0.0,0.0
2024-06-17 05:54:04.431000+00:00,59.0,0.0,0.0
2024-06-17 05:55:04.333000+00:00,58.900001525878906,0.0,0.0
2024-06-17 05:56:04.692000+00:00,58.79999923706055,0.0,0.0
2024-06-17 05:57:04.671000+00:00,58.61000061035156,0.0,0.0
2024-06-17 05:58:04.144000+00:00,58.5,0.0,0.0
2024-06-17 05:59:04.248000+00:00,58.29999923706055,0.0,0.0
2024-06-17 06:00:05.498000+00:00,58.20000076293945,0.0,0.0
2024-06-17 06:01:05.083000+00:00,57.91999816894531,0.0,0.0
2024-06-17 06:02:04.328000+00:00,57.79999923706055,0.0,0.0
2024-06-17 06:03:04.179000+00:00,57.70000076293945,0.0,0.0
2024-06-17 06:04:04.491000+00:00,57.34999847412109,0.0,0.0
2024-06-17 06:05:04.692000+00:00,56.79999923706055,0.0,0.0
2024-06-17 06:06:04.941000+00:00,56.70000076293945,0.0,0.0
2024-06-17 06:07:04.353000+00:00,57.09999847412109,0.0,0.0
2024-06-17 06:08:04.220000+00:00,57.59999847412109,0.0,0.0
2024-06-17 06:09:04.894000+00:00,58.09999847412109,0.0,0.0
2024-06-17 06:10:04.630000+00:00,58.400001525878906,0.0,0.0
2024-06-17 06:11:04.887000+00:00,58.70000076293945,0.0,0.0
2024-06-17 06:12:04.426000+00:00,58.84999847412109,0.0,0.0
2024-06-17 06:13:04.863000+00:00,58.900001525878906,0.0,0.0
2024-06-17 06:14:04.550000+00:00,58.900001525878906,0.0,0.0
2024-06-17 06:15:05.469000+00:00,58.79999923706055,0.0,0.0
2024-06-17 06:16:04.703000+00:00,58.59999847412109,0.0,0.0
2024-06-17 06:17:04.653000+00:00,58.400001525878906,0.0,0.0
2024-06-17 06:18:04.508000+00:00,58.20000076293945,0.0,0.0
2024-06-17 06:19:04.553000+00:00,57.900001525878906,0.0,0.0
2024-06-17 06:20:04.600000+00:00,57.70000076293945,0.0,0.0
2024-06-17 06:21:04.919000+00:00,57.70000076293945,0.0,0.0
2024-06-17 06:22:03.570000+00:00,57.59999847412109,0.0,0.0
2024-06-17 06:23:04.062000+00:00,57.59999847412109,0.0,0.0
2024-06-17 06:24:04.240000+00:00,56.400001525878906,0.0,0.0
2024-06-17 06:25:04.445000+00:00,57.09999847412109,0.0,0.0
2024-06-17 06:26:05.177000+00:00,56.5,0.0,0.0
2024-06-17 06:27:04.672000+00:00,56.79999923706055,0.0,0.0
2024-06-17 06:28:04.744000+00:00,57.400001525878906,0.0,0.0
2024-06-17 06:29:04.373000+00:00,57.900001525878906,0.0,0.0
2024-06-17 06:30:04.794000+00:00,58.29999923706055,0.0,0.0
2024-06-17 06:31:04.333000+00:00,58.5,0.0,0.0
2024-06-17 06:32:04.944000+00:00,58.59999847412109,0.0,0.0
2024-06-17 06:33:04.316000+00:00,58.59999847412109,0.0,0.0
2024-06-17 06:34:03.878000+00:00,58.59999847412109,0.0,0.0
2024-06-17 06:35:04.675000+00:00,58.59999847412109,0.0,0.0
2024-06-17 06:36:04.478000+00:00,58.59999847412109,0.0,0.0
2024-06-17 06:37:04.123000+00:00,58.5,0.0,0.0
2024-06-17 06:38:04.597000+00:00,58.400001525878906,0.0,0.0
2024-06-17 06:39:04.961000+00:00,58.29999923706055,0.0,0.0
2024-06-17 06:40:04.783000+00:00,58.20000076293945,0.0,0.0
2024-06-17 06:41:04.542000+00:00,57.900001525878906,0.0,0.0
2024-06-17 06:42:05.011000+00:00,57.900001525878906,0.0,0.0
2024-06-17 06:43:04.211000+00:00,57.79999923706055,0.0,0.0
2024-06-17 06:44:04.287000+00:00,57.70000076293945,0.0,0.0
2024-06-17 06:45:04.543000+00:00,57.70000076293945,0.0,0.0
2024-06-17 06:46:03.911000+00:00,57.70000076293945,0.0,0.0
2024-06-17 06:47:04.445000+00:00,57.70000076293945,0.0,0.0
2024-06-17 06:48:04.488000+00:00,57.70000076293945,0.0,0.0
2024-06-17 06:49:04.384000+00:00,57.77999877929688,0.0,0.0
2024-06-17 06:50:04.319000+00:00,57.79999923706055,0.0,0.0
2024-06-17 06:51:04.398000+00:00,57.91999816894531,0.0,0.0
2024-06-17 06:52:04.786000+00:00,57.70000076293945,0.0,0.0
2024-06-17 06:53:04.266000+00:00,56.290000915527344,0.0,0.0
2024-06-17 06:54:04.688000+00:00,56.4900016784668,0.0,0.0
2024-06-17 06:55:04.384000+00:00,57.20000076293945,0.0,0.0
2024-06-17 06:56:04.683000+00:00,57.900001525878906,0.0,0.0
2024-06-17 06:57:04.145000+00:00,58.400001525878906,0.0,0.0
2024-06-17 06:58:04.662000+00:00,58.7599983215332,0.0,0.0
2024-06-17 06:59:04.908000+00:00,58.900001525878906,0.0,0.0
2024-06-17 07:00:06.458000+00:00,58.83000183105469,0.0,0.0
2024-06-17 07:01:04.803000+00:00,58.79999923706055,0.0,0.0
2024-06-17 07:02:04.371000+00:00,58.68000030517578,0.0,0.0
2024-06-17 07:03:04.994000+00:00,58.59999847412109,0.0,0.0
2024-06-17 07:04:04.536000+00:00,58.400001525878906,0.0,0.0
2024-06-17 07:05:04.452000+00:00,58.29999923706055,0.0,0.0
2024-06-17 07:06:05.233000+00:00,58.209999084472656,0.0,0.0
2024-06-17 07:07:04.503000+00:00,58.20000076293945,0.0,0.0
2024-06-17 07:08:04.269000+00:00,58.09999847412109,0.0,0.0
2024-06-17 07:09:03.977000+00:00,58.0,0.0,0.0
2024-06-17 07:10:04.484000+00:00,58.0,0.0,0.0
2024-06-17 07:11:04.239000+00:00,57.900001525878906,0.0,0.0
2024-06-17 07:12:04.599000+00:00,57.900001525878906,0.0,0.0
2024-06-17 07:13:05.036000+00:00,57.900001525878906,0.0,0.0
2024-06-17 07:14:04.442000+00:00,57.79999923706055,0.0,0.0
2024-06-17 07:15:04.671000+00:00,57.869998931884766,0.0,0.0
2024-06-17 07:16:04.545000+00:00,57.900001525878906,0.0,0.0
2024-06-17 07:17:05.360000+00:00,57.900001525878906,0.0,0.0
2024-06-17 07:18:04.881000+00:00,57.900001525878906,0.0,0.0
2024-06-17 07:19:04.646000+00:00,57.900001525878906,0.0,0.0
2024-06-17 07:20:04.346000+00:00,57.900001525878906,0.0,0.0
2024-06-17 07:21:04.451000+00:00,58.0,0.0,0.0
2024-06-17 07:22:04.236000+00:00,58.0,0.0,0.0
2024-06-17 07:23:04.883000+00:00,58.09999847412109,0.0,0.0
2024-06-17 07:24:04.851000+00:00,58.18000030517578,0.0,0.0
2024-06-17 07:25:04.277000+00:00,58.20000076293945,0.0,0.0
2024-06-17 07:26:05.232000+00:00,58.29999923706055,0.0,0.0
2024-06-17 07:27:04.585000+00:00,58.400001525878906,0.0,0.0
2024-06-17 07:28:05.166000+00:00,58.400001525878906,0.0,0.0
2024-06-17 07:29:04.915000+00:00,58.400001525878906,0.0,0.0
2024-06-17 07:30:05.235000+00:00,58.400001525878906,0.0,0.0
2024-06-17 07:31:04.545000+00:00,58.400001525878906,0.0,0.0
2024-06-17 07:32:04.702000+00:00,58.400001525878906,0.0,0.0
2024-06-17 07:33:05.211000+00:00,58.400001525878906,0.0,0.0
2024-06-17 07:34:04.747000+00:00,58.400001525878906,0.0,0.0
2024-06-17 07:35:04.627000+00:00,58.380001068115234,0.0,0.0
2024-06-17 07:36:04.866000+00:00,58.29999923706055,0.0,0.0
2024-06-17 07:37:04.319000+00:00,58.20000076293945,0.0,0.0
2024-06-17 07:38:04.634000+00:00,58.20000076293945,0.0,0.0
2024-06-17 07:39:05.035000+00:00,58.09999847412109,0.0,0.0
2024-06-17 07:40:04.882000+00:00,58.09999847412109,0.0,0.0
2024-06-17 07:41:04.749000+00:00,58.0,0.0,0.0
2024-06-17 07:42:05.005000+00:00,58.0,0.0,0.0
2024-06-17 07:43:04.131000+00:00,58.0,0.0,0.0
2024-06-17 07:44:04.419000+00:00,58.0,0.0,0.0
2024-06-17 07:45:04.626000+00:00,58.0,0.0,0.0
2024-06-17 07:46:04.918000+00:00,57.91999816894531,0.0,0.0
2024-06-17 07:47:04.368000+00:00,58.0,0.0,0.0
2024-06-17 07:48:04.624000+00:00,58.0,0.0,0.0
2024-06-17 07:49:04.120000+00:00,58.09999847412109,0.0,0.0
2024-06-17 07:50:04.617000+00:00,58.09999847412109,0.0,0.0
2024-06-17 07:51:04.705000+00:00,58.09999847412109,0.0,0.0
2024-06-17 07:52:05.399000+00:00,58.09999847412109,0.0,0.0
2024-06-17 07:53:04.664000+00:00,58.20000076293945,0.0,0.0
2024-06-17 07:54:04.608000+00:00,58.20000076293945,0.0,0.0
2024-06-17 07:55:04.645000+00:00,58.20000076293945,0.0,0.0
2024-06-17 07:56:05.253000+00:00,58.20000076293945,0.0,0.0
2024-06-17 07:57:04.250000+00:00,58.29999923706055,0.0,0.0
2024-06-17 07:58:04.750000+00:00,58.29999923706055,0.0,0.0
2024-06-17 07:59:04.458000+00:00,58.29999923706055,0.0,0.0
2024-06-17 08:00:07.064000+00:00,58.38999938964844,0.0,0.0
2024-06-17 08:01:05.202000+00:00,58.38999938964844,0.0,0.0
2024-06-17 08:02:04.817000+00:00,58.29999923706055,0.0,0.0
2024-06-17 08:03:04.279000+00:00,58.29999923706055,0.0,0.0
2024-06-17 08:04:04.626000+00:00,58.29999923706055,0.0,0.0
2024-06-17 08:05:05.209000+00:00,58.29999923706055,0.0,0.0
2024-06-17 08:06:05.020000+00:00,58.29999923706055,0.0,0.0
2024-06-17 08:07:04.788000+00:00,58.20000076293945,0.0,0.0
2024-06-17 08:08:04.492000+00:00,58.29999923706055,0.0,0.0
2024-06-17 08:09:04.463000+00:00,58.20000076293945,0.0,0.0
2024-06-17 08:10:04.897000+00:00,58.20000076293945,0.0,0.0
2024-06-17 08:11:03.780000+00:00,58.20000076293945,0.0,0.0
2024-06-17 08:12:04.618000+00:00,58.20000076293945,0.0,0.0
2024-06-17 08:13:04.964000+00:00,58.20000076293945,0.0,0.0
2024-06-17 08:14:04.603000+00:00,58.20000076293945,0.0,0.0
2024-06-17 08:15:05.051000+00:00,58.20000076293945,0.0,0.0
2024-06-17 08:16:04.221000+00:00,58.20000076293945,0.0,0.0
2024-06-17 08:17:04.873000+00:00,58.20000076293945,0.0,0.0
2024-06-17 08:18:04.696000+00:00,58.20000076293945,0.0,0.0
2024-06-17 08:19:04.459000+00:00,58.20000076293945,0.0,0.0
2024-06-17 08:20:04.540000+00:00,58.20000076293945,0.0,0.0
2024-06-17 08:21:04.362000+00:00,58.20000076293945,0.0,0.0
2024-06-17 08:22:04.781000+00:00,58.20000076293945,0.0,0.0
2024-06-17 08:23:05.009000+00:00,58.11000061035156,0.0,0.0
2024-06-17 08:24:04.334000+00:00,58.20000076293945,0.0,0.0
2024-06-17 08:25:03.988000+00:00,58.09999847412109,0.0,0.0
2024-06-17 08:26:04.949000+00:00,58.09999847412109,0.0,0.0
2024-06-17 08:27:04.644000+00:00,58.09999847412109,0.0,0.0
2024-06-17 08:28:05.044000+00:00,58.08000183105469,0.0,0.0
2024-06-17 08:29:04.634000+00:00,58.0,0.0,0.0
2024-06-17 08:30:05.399000+00:00,57.90999984741211,0.0,0.0
2024-06-17 08:31:04.260000+00:00,58.0,0.0,0.0
2024-06-17 08:32:04.548000+00:00,58.0,0.0,0.0
2024-06-17 08:33:04.610000+00:00,55.29999923706055,0.0,0.0
2024-06-17 08:34:04.343000+00:00,56.09000015258789,0.0,0.0
2024-06-17 08:35:05.104000+00:00,57.38999938964844,0.0,0.0
2024-06-17 08:36:04.571000+00:00,58.18999862670898,0.0,0.0
2024-06-17 08:37:04.709000+00:00,58.79999923706055,0.0,0.0
2024-06-17 08:38:04.770000+00:00,59.0,0.0,0.0
2024-06-17 08:39:05.455000+00:00,59.0,0.0,0.0
2024-06-17 08:40:05.263000+00:00,59.0,0.0,0.0
2024-06-17 08:41:05.215000+00:00,59.0,0.0,0.0
2024-06-17 08:42:05.052000+00:00,58.900001525878906,0.0,0.0
2024-06-17 08:43:04.620000+00:00,58.900001525878906,0.0,0.0
2024-06-17 08:44:04.215000+00:00,58.79999923706055,0.0,0.0
2024-06-17 08:45:05.049000+00:00,58.650001525878906,0.0,0.0
2024-06-17 08:46:04.154000+00:00,58.5,0.0,0.0
2024-06-17 08:47:04.570000+00:00,58.400001525878906,0.0,0.0
2024-06-17 08:48:04.659000+00:00,58.29999923706055,0.0,0.0
2024-06-17 08:49:04.606000+00:00,58.20000076293945,0.0,0.0
2024-06-17 08:50:05.024000+00:00,58.09999847412109,0.0,0.0
2024-06-17 08:51:04.436000+00:00,58.09999847412109,0.0,0.0
2024-06-17 08:52:04.382000+00:00,57.900001525878906,0.0,0.0
2024-06-17 08:53:04.579000+00:00,57.900001525878906,0.0,0.0
2024-06-17 08:54:04.704000+00:00,57.72999954223633,0.0,0.0
2024-06-17 08:55:04.659000+00:00,57.70000076293945,0.0,0.0
2024-06-17 08:56:04.532000+00:00,57.70000076293945,0.0,0.0
2024-06-17 08:57:04.999000+00:00,57.70000076293945,0.0,0.0
2024-06-17 08:58:04.298000+00:00,57.70000076293945,0.0,0.0
2024-06-17 08:59:04.827000+00:00,57.79999923706055,0.0,0.0
2024-06-17 09:00:07.839000+00:00,57.900001525878906,0.0,0.0
2024-06-17 09:01:04.452000+00:00,57.20000076293945,0.0,0.0
2024-06-17 09:02:04.562000+00:00,57.400001525878906,0.0,0.0
2024-06-17 09:03:04.785000+00:00,57.5,0.0,0.0
2024-06-17 09:04:04.778000+00:00,57.70000076293945,0.0,0.0
2024-06-17 09:05:04.575000+00:00,57.70000076293945,0.0,0.0
2024-06-17 09:06:05.405000+00:00,57.79999923706055,0.0,0.0
2024-06-17 09:07:04.502000+00:00,57.900001525878906,0.0,0.0
2024-06-17 09:08:04.481000+00:00,58.0,0.0,0.0
2024-06-17 09:09:04.222000+00:00,58.09999847412109,0.0,0.0
2024-06-17 09:10:04.987000+00:00,58.20000076293945,0.0,0.0
2024-06-17 09:11:04.047000+00:00,58.29999923706055,0.0,0.0
2024-06-17 09:12:04.773000+00:00,58.400001525878906,0.0,0.0
2024-06-17 09:13:04.881000+00:00,58.400001525878906,0.0,0.0
2024-06-17 09:14:04.749000+00:00,58.400001525878906,0.0,0.0
2024-06-17 09:15:04.989000+00:00,58.4900016784668,0.0,0.0
2024-06-17 09:16:04.101000+00:00,58.400001525878906,0.0,0.0
2024-06-17 09:17:04.978000+00:00,58.400001525878906,0.0,0.0
2024-06-17 09:18:04.506000+00:00,58.29999923706055,0.0,0.0
2024-06-17 09:19:04.791000+00:00,58.29999923706055,0.0,0.0
2024-06-17 09:20:04.435000+00:00,56.900001525878906,0.0,0.0
2024-06-17 09:21:05.001000+00:00,57.20000076293945,0.0,0.0
2024-06-17 09:22:04.391000+00:00,57.41999816894531,0.0,0.0
2024-06-17 09:23:04.851000+00:00,57.68000030517578,0.0,0.0
2024-06-17 09:24:04.584000+00:00,57.79999923706055,0.0,0.0
2024-06-17 09:25:04.531000+00:00,57.900001525878906,0.0,0.0
2024-06-17 09:26:05.095000+00:00,58.09999847412109,0.0,0.0
2024-06-17 09:27:04.148000+00:00,58.20000076293945,0.0,0.0
2024-06-17 09:28:04.545000+00:00,58.20000076293945,0.0,0.0
2024-06-17 09:29:04.623000+00:00,58.29999923706055,0.0,0.0
2024-06-17 09:30:04.959000+00:00,58.400001525878906,0.0,0.0
2024-06-17 09:31:04.243000+00:00,58.400001525878906,0.0,0.0
2024-06-17 09:32:04.351000+00:00,58.5,0.0,0.0
2024-06-17 09:33:04.761000+00:00,58.5,0.0,0.0
2024-06-17 09:34:04.436000+00:00,58.5,0.0,0.0
2024-06-17 09:35:05.126000+00:00,58.5,0.0,0.0
2024-06-17 09:36:04.857000+00:00,58.4900016784668,0.0,0.0
2024-06-17 09:37:04.798000+00:00,58.400001525878906,0.0,0.0
2024-06-17 09:38:04.614000+00:00,58.400001525878906,0.0,0.0
2024-06-17 09:39:05.054000+00:00,58.400001525878906,0.0,0.0
2024-06-17 09:40:04.786000+00:00,58.29999923706055,0.0,0.0
2024-06-17 09:41:04.711000+00:00,58.29999923706055,0.0,0.0
2024-06-17 09:42:05.152000+00:00,58.29999923706055,0.0,0.0
2024-06-17 09:43:04.181000+00:00,58.20000076293945,0.0,0.0
2024-06-17 09:44:04.055000+00:00,58.20000076293945,0.0,0.0
2024-06-17 09:45:04.529000+00:00,58.20000076293945,0.0,0.0
2024-06-17 09:46:04.406000+00:00,58.09999847412109,0.0,0.0
2024-06-17 09:47:04.609000+00:00,58.09999847412109,0.0,0.0
2024-06-17 09:48:04.745000+00:00,58.09000015258789,0.0,0.0
2024-06-17 09:49:04.576000+00:00,58.0,0.0,0.0
2024-06-17 09:50:04.938000+00:00,58.0,0.0,0.0
2024-06-17 09:51:04.369000+00:00,58.0,0.0,0.0
2024-06-17 09:52:04.974000+00:00,57.90999984741211,0.0,0.0
2024-06-17 09:53:04.799000+00:00,57.900001525878906,0.0,0.0
2024-06-17 09:54:04.896000+00:00,57.900001525878906,0.0,0.0
2024-06-17 09:55:04.879000+00:00,57.900001525878906,0.0,0.0
2024-06-17 09:56:04.262000+00:00,57.91999816894531,0.0,0.0
2024-06-17 09:57:04.255000+00:00,57.900001525878906,0.0,0.0
2024-06-17 09:58:04.718000+00:00,57.79999923706055,0.0,0.0
2024-06-17 09:59:04.711000+00:00,57.79999923706055,0.0,0.0
2024-06-17 10:00:07.983000+00:00,57.79999923706055,0.0,0.0
2024-06-17 10:01:04.652000+00:00,57.900001525878906,0.0,0.0
2024-06-17 10:02:04.938000+00:00,57.9900016784668,0.0,0.0
2024-06-17 10:03:04.561000+00:00,58.09999847412109,0.0,0.0
2024-06-17 10:04:04.599000+00:00,58.09999847412109,0.0,0.0
2024-06-17 10:05:04.578000+00:00,58.20000076293945,0.0,0.0
2024-06-17 10:06:05.283000+00:00,58.09999847412109,0.0,0.0
2024-06-17 10:07:05.155000+00:00,57.5,0.0,0.0
2024-06-17 10:08:05.472000+00:00,57.40999984741211,0.0,0.0
2024-06-17 10:09:04.614000+00:00,57.70000076293945,0.0,0.0
2024-06-17 10:10:04.336000+00:00,58.20000076293945,0.0,0.0
2024-06-17 10:11:04.490000+00:00,58.5,0.0,0.0
2024-06-17 10:12:05.348000+00:00,58.79999923706055,0.0,0.0
2024-06-17 10:13:04.879000+00:00,57.27000045776367,0.0,0.0
2024-06-17 10:14:04.891000+00:00,57.400001525878906,0.0,0.0
2024-06-17 10:15:05.157000+00:00,57.70000076293945,0.0,0.0
2024-06-17 10:16:04.161000+00:00,57.9900016784668,0.0,0.0
2024-06-17 10:17:04.411000+00:00,58.29999923706055,0.0,0.0
2024-06-17 10:18:04.996000+00:00,58.5,0.0,0.0
2024-06-17 10:19:04.978000+00:00,58.70000076293945,0.0,0.0
2024-06-17 10:20:04.783000+00:00,58.88999938964844,0.0,0.0
2024-06-17 10:21:05.351000+00:00,58.79999923706055,0.0,0.0
2024-06-17 10:22:04.926000+00:00,57.5,0.0,0.0
2024-06-17 10:23:04.694000+00:00,56.4900016784668,0.0,0.0
2024-06-17 10:24:04.902000+00:00,56.91999816894531,0.0,0.0
2024-06-17 10:25:04.802000+00:00,57.5,0.0,0.0
2024-06-17 10:26:04.926000+00:00,57.900001525878906,0.0,0.0
2024-06-17 10:27:04.868000+00:00,58.130001068115234,0.0,0.0
2024-06-17 10:28:05.251000+00:00,58.400001525878906,0.0,0.0
2024-06-17 10:29:04.256000+00:00,58.59999847412109,0.0,0.0
2024-06-17 10:30:05.412000+00:00,58.70000076293945,0.0,0.0
2024-06-17 10:31:04.531000+00:00,58.79999923706055,0.0,0.0
2024-06-17 10:32:04.312000+00:00,58.79999923706055,0.0,0.0
2024-06-17 10:33:04.658000+00:00,58.400001525878906,0.0,0.0
2024-06-17 10:34:04.671000+00:00,58.29999923706055,0.0,0.0
2024-06-17 10:35:05.005000+00:00,58.20000076293945,0.0,0.0
2024-06-17 10:36:04.941000+00:00,58.20000076293945,0.0,0.0
2024-06-17 10:37:04.853000+00:00,58.20000076293945,0.0,0.0
2024-06-17 10:38:04.345000+00:00,58.20000076293945,0.0,0.0
2024-06-17 10:39:04.745000+00:00,58.20000076293945,0.0,0.0
2024-06-17 10:40:05.358000+00:00,58.11000061035156,0.0,0.0
2024-06-17 10:41:04.243000+00:00,58.09999847412109,0.0,0.0
2024-06-17 10:42:04.613000+00:00,58.09999847412109,0.0,0.0
2024-06-17 10:43:04.022000+00:00,58.09999847412109,0.0,0.0
2024-06-17 10:44:04.460000+00:00,58.09999847412109,0.0,0.0
2024-06-17 10:45:04.885000+00:00,58.09999847412109,0.0,0.0
2024-06-17 10:46:04.479000+00:00,58.150001525878906,0.0,0.0
2024-06-17 10:47:04.654000+00:00,58.16999816894531,0.0,0.0
2024-06-17 10:48:04.553000+00:00,58.11000061035156,0.0,0.0
2024-06-17 10:49:03.758000+00:00,58.09999847412109,0.0,0.0
2024-06-17 10:50:04.907000+00:00,58.119998931884766,0.0,0.0
2024-06-17 10:51:04.382000+00:00,58.09999847412109,0.0,0.0
2024-06-17 10:52:04.970000+00:00,58.09999847412109,0.0,0.0
2024-06-17 10:53:04.767000+00:00,58.09999847412109,0.0,0.0
2024-06-17 10:54:04.299000+00:00,58.09999847412109,0.0,0.0
2024-06-17 10:55:04.888000+00:00,58.20000076293945,0.0,0.0
2024-06-17 10:56:04.366000+00:00,58.20000076293945,0.0,0.0
2024-06-17 10:57:04.744000+00:00,57.900001525878906,0.0,0.0
2024-06-17 10:58:04.970000+00:00,58.09999847412109,0.0,0.0
2024-06-17 10:59:03.933000+00:00,58.09999847412109,0.0,0.0
2024-06-17 11:00:07.265000+00:00,58.20000076293945,0.0,0.0
2024-06-17 11:01:04.516000+00:00,58.20000076293945,0.0,0.0
2024-06-17 11:02:05.055000+00:00,58.29999923706055,0.0,0.0
2024-06-17 11:03:04.533000+00:00,58.29999923706055,0.0,0.0
2024-06-17 11:04:04.999000+00:00,58.34999847412109,0.0,0.0
2024-06-17 11:05:04.317000+00:00,58.400001525878906,0.0,0.0
2024-06-17 11:06:05.340000+00:00,58.400001525878906,0.0,0.0
2024-06-17 11:07:04.361000+00:00,58.400001525878906,0.0,0.0
2024-06-17 11:08:04.478000+00:00,58.400001525878906,0.0,0.0
2024-06-17 11:09:04.479000+00:00,58.400001525878906,0.0,0.0
2024-06-17 11:10:04.696000+00:00,58.29999923706055,0.0,0.0
2024-06-17 11:11:05.080000+00:00,58.220001220703125,0.0,0.0
2024-06-17 11:12:04.857000+00:00,58.20000076293945,0.0,0.0
2024-06-17 11:13:04.540000+00:00,58.09999847412109,0.0,0.0
2024-06-17 11:14:04.725000+00:00,58.09999847412109,0.0,0.0
2024-06-17 11:15:05.004000+00:00,58.09999847412109,0.0,0.0
2024-06-17 11:16:04.369000+00:00,58.09999847412109,0.0,0.0
2024-06-17 11:17:04.625000+00:00,58.09999847412109,0.0,0.0
2024-06-17 11:18:04.611000+00:00,58.20000076293945,0.0,0.0
2024-06-17 11:19:04.646000+00:00,58.20000076293945,0.0,0.0
2024-06-17 11:20:05.194000+00:00,58.29999923706055,0.0,0.0
2024-06-17 11:21:04.684000+00:00,58.29999923706055,0.0,0.0
2024-06-17 11:22:04.758000+00:00,58.400001525878906,0.0,0.0
2024-06-17 11:23:04.769000+00:00,58.400001525878906,0.0,0.0
2024-06-17 11:24:04.611000+00:00,58.400001525878906,0.0,0.0
2024-06-17 11:25:04.998000+00:00,58.5,0.0,0.0
2024-06-17 11:26:04.634000+00:00,58.5,0.0,0.0
2024-06-17 11:27:05.275000+00:00,58.400001525878906,0.0,0.0
2024-06-17 11:28:04.461000+00:00,58.400001525878906,0.0,0.0
2024-06-17 11:29:04.734000+00:00,58.400001525878906,0.0,0.0
2024-06-17 11:30:05.304000+00:00,48.59000015258789,0.0,0.0
2024-06-17 11:31:04.590000+00:00,49.0,0.0,0.0
2024-06-17 11:32:04.729000+00:00,54.70000076293945,0.0,0.0
2024-06-17 11:33:04.381000+00:00,58.18000030517578,0.0,0.0
2024-06-17 11:34:04.780000+00:00,59.59000015258789,0.0,0.0
2024-06-17 11:35:04.584000+00:00,60.0099983215332,0.0,0.0
2024-06-17 11:36:05.020000+00:00,60.09999847412109,0.0,0.0
2024-06-17 11:37:04.290000+00:00,60.0,0.0,0.0
2024-06-17 11:38:04.218000+00:00,59.900001525878906,0.0,0.0
2024-06-17 11:39:05.573000+00:00,59.59999847412109,0.0,0.0
2024-06-17 11:40:04.645000+00:00,59.400001525878906,0.0,0.0
2024-06-17 11:41:04.677000+00:00,59.16999816894531,0.0,0.0
2024-06-17 11:42:05.087000+00:00,58.900001525878906,0.0,0.0
2024-06-17 11:43:04.324000+00:00,58.70000076293945,0.0,0.0
2024-06-17 11:44:04.062000+00:00,58.40999984741211,0.0,0.0
2024-06-17 11:45:04.802000+00:00,58.20000076293945,0.0,0.0
2024-06-17 11:46:05.410000+00:00,58.09999847412109,0.0,0.0
2024-06-17 11:47:05.105000+00:00,57.900001525878906,0.0,0.0
2024-06-17 11:48:04.078000+00:00,57.70000076293945,0.0,0.0
2024-06-17 11:49:05.001000+00:00,57.5099983215332,0.0,0.0
2024-06-17 11:50:05.206000+00:00,57.400001525878906,0.0,0.0
2024-06-17 11:51:04.779000+00:00,57.29999923706055,0.0,0.0
2024-06-17 11:52:04.880000+00:00,57.20000076293945,0.0,0.0
2024-06-17 11:53:04.622000+00:00,57.20000076293945,0.0,0.0
2024-06-17 11:54:05.373000+00:00,57.29999923706055,0.0,0.0
2024-06-17 11:55:04.817000+00:00,57.400001525878906,0.0,0.0
2024-06-17 11:56:05.237000+00:00,57.5,0.0,0.0
2024-06-17 11:57:04.681000+00:00,57.70000076293945,0.0,0.0
2024-06-17 11:58:04.981000+00:00,57.79999923706055,0.0,0.0
2024-06-17 11:59:04.658000+00:00,58.0,0.0,0.0
2024-06-17 12:00:08.996000+00:00,58.20000076293945,0.0,0.0
2024-06-17 12:01:05.596000+00:00,58.29999923706055,0.0,0.0
2024-06-17 12:02:04.621000+00:00,58.400001525878906,0.0,0.0
2024-06-17 12:03:04.994000+00:00,58.400001525878906,0.0,0.0
2024-06-17 12:04:04.267000+00:00,58.5,0.0,0.0
2024-06-17 12:05:05.008000+00:00,58.59999847412109,0.0,0.0
2024-06-17 12:06:05.400000+00:00,58.59999847412109,0.0,0.0
2024-06-17 12:07:05.188000+00:00,58.0,0.0,0.0
2024-06-17 12:08:04.576000+00:00,58.09999847412109,0.0,0.0
2024-06-17 12:09:04.301000+00:00,58.09999847412109,0.0,0.0
2024-06-17 12:10:05.233000+00:00,58.09999847412109,0.0,0.0
2024-06-17 12:11:05.101000+00:00,58.09999847412109,0.0,0.0
2024-06-17 12:12:04.772000+00:00,58.18000030517578,0.0,0.0
2024-06-17 12:13:04.763000+00:00,58.20000076293945,0.0,0.0
2024-06-17 12:14:04.525000+00:00,58.20000076293945,0.0,0.0
2024-06-17 12:15:05.048000+00:00,57.70000076293945,0.0,0.0
2024-06-17 12:16:04.322000+00:00,57.79999923706055,0.0,0.0
2024-06-17 12:17:04.673000+00:00,57.900001525878906,0.0,0.0
2024-06-17 12:18:05.255000+00:00,57.900001525878906,0.0,0.0
2024-06-17 12:19:04.431000+00:00,57.900001525878906,0.0,0.0
2024-06-17 12:20:04.861000+00:00,58.0,0.0,0.0
2024-06-17 12:21:04.856000+00:00,58.09999847412109,0.0,0.0
2024-06-17 12:22:04.743000+00:00,58.09999847412109,0.0,0.0
2024-06-17 12:23:04.591000+00:00,58.18999862670898,0.0,0.0
2024-06-17 12:24:04.489000+00:00,58.20000076293945,0.0,0.0
2024-06-17 12:25:04.886000+00:00,58.20000076293945,0.0,0.0
2024-06-17 12:26:04.813000+00:00,58.34000015258789,0.0,0.0
2024-06-17 12:27:05.245000+00:00,58.400001525878906,0.0,0.0
2024-06-17 12:28:05.442000+00:00,58.400001525878906,0.0,0.0
2024-06-17 12:29:04.276000+00:00,58.5,0.0,0.0
2024-06-17 12:30:05.646000+00:00,58.59999847412109,0.0,0.0
2024-06-17 12:31:04.840000+00:00,58.59999847412109,0.0,0.0
2024-06-17 12:32:05.029000+00:00,58.59999847412109,0.0,0.0
2024-06-17 12:33:04.846000+00:00,58.59999847412109,0.0,0.0
2024-06-17 12:34:04.117000+00:00,58.5,0.0,0.0
2024-06-17 12:35:04.901000+00:00,58.09999847412109,0.0,0.0
2024-06-17 12:36:04.619000+00:00,58.0,0.0,0.0
2024-06-17 12:37:04.809000+00:00,58.0,0.0,0.0
2024-06-17 12:38:04.088000+00:00,58.06999969482422,0.0,0.0
2024-06-17 12:39:05.237000+00:00,58.09999847412109,0.0,0.0
2024-06-17 12:40:05.224000+00:00,58.09999847412109,0.0,0.0
2024-06-17 12:41:05.067000+00:00,58.09999847412109,0.0,0.0
2024-06-17 12:42:04.780000+00:00,58.09999847412109,0.0,0.0
2024-06-17 12:43:04.702000+00:00,58.09999847412109,0.0,0.0
2024-06-17 12:44:04.295000+00:00,58.09999847412109,0.0,0.0
2024-06-17 12:45:04.687000+00:00,58.09999847412109,0.0,0.0
2024-06-17 12:46:04.178000+00:00,58.09999847412109,0.0,0.0
2024-06-17 12:47:04.834000+00:00,58.09999847412109,0.0,0.0
2024-06-17 12:48:04.518000+00:00,58.09999847412109,0.0,0.0
2024-06-17 12:49:04.169000+00:00,58.09999847412109,0.0,0.0
2024-06-17 12:50:04.715000+00:00,58.09999847412109,0.0,0.0
2024-06-17 12:51:04.642000+00:00,58.09999847412109,0.0,0.0
2024-06-17 12:52:05.663000+00:00,58.09999847412109,0.0,0.0
2024-06-17 12:53:04.816000+00:00,58.09999847412109,0.0,0.0
2024-06-17 12:54:04.628000+00:00,58.09999847412109,0.0,0.0
2024-06-17 12:55:04.458000+00:00,58.20000076293945,0.0,0.0
2024-06-17 12:56:04.804000+00:00,58.20000076293945,0.0,0.0
2024-06-17 12:57:04.758000+00:00,58.20000076293945,0.0,0.0
2024-06-17 12:58:04.949000+00:00,58.20000076293945,0.0,0.0
2024-06-17 12:59:04.844000+00:00,58.20000076293945,0.0,0.0
2024-06-17 13:00:07.676000+00:00,58.27999877929688,0.0,0.0
2024-06-17 13:01:04.808000+00:00,58.27999877929688,0.0,0.0
2024-06-17 13:02:04.576000+00:00,58.09999847412109,0.0,0.0
2024-06-17 13:03:04.811000+00:00,58.06999969482422,0.0,0.0
2024-06-17 13:04:04.324000+00:00,58.09999847412109,0.0,0.0
2024-06-17 13:05:04.731000+00:00,57.900001525878906,0.0,0.0
2024-06-17 13:06:05.783000+00:00,57.880001068115234,0.0,0.0
2024-06-17 13:07:04.470000+00:00,57.900001525878906,0.0,0.0
2024-06-17 13:08:04.572000+00:00,58.0,0.0,0.0
2024-06-17 13:09:04.705000+00:00,57.900001525878906,0.0,0.0
2024-06-17 13:10:04.772000+00:00,58.09000015258789,0.0,0.0
2024-06-17 13:11:04.579000+00:00,57.70000076293945,0.0,0.0
2024-06-17 13:12:05.101000+00:00,57.900001525878906,0.0,0.0
2024-06-17 13:13:04.980000+00:00,58.09999847412109,0.0,0.0
2024-06-17 13:14:04.947000+00:00,58.29999923706055,0.0,0.0
2024-06-17 13:15:04.988000+00:00,58.5,0.0,0.0
2024-06-17 13:16:04.412000+00:00,58.59999847412109,0.0,0.0
2024-06-17 13:17:05.129000+00:00,58.70000076293945,0.0,0.0
2024-06-17 13:18:04.339000+00:00,58.79999923706055,0.0,0.0
2024-06-17 13:19:04.295000+00:00,58.900001525878906,0.0,0.0
2024-06-17 13:20:05.116000+00:00,58.900001525878906,0.0,0.0
2024-06-17 13:21:04.534000+00:00,58.900001525878906,0.0,0.0
2024-06-17 13:22:04.283000+00:00,58.79999923706055,0.0,0.0
2024-06-17 13:23:04.800000+00:00,58.79999923706055,0.0,0.0
2024-06-17 13:24:04.945000+00:00,58.70000076293945,0.0,0.0
2024-06-17 13:25:04.463000+00:00,58.29999923706055,0.0,0.0
2024-06-17 13:26:05.099000+00:00,58.29999923706055,0.0,0.0
2024-06-17 13:27:04.759000+00:00,58.20000076293945,0.0,0.0
2024-06-17 13:28:05.131000+00:00,57.93999862670898,0.0,0.0
2024-06-17 13:29:04.523000+00:00,57.900001525878906,0.0,0.0
2024-06-17 13:30:05.518000+00:00,57.79999923706055,0.0,0.0
2024-06-17 13:31:04.474000+00:00,57.79999923706055,0.0,0.0
2024-06-17 13:32:04.277000+00:00,57.84000015258789,0.0,0.0
2024-06-17 13:33:04.163000+00:00,57.900001525878906,0.0,0.0
2024-06-17 13:34:04.383000+00:00,58.09999847412109,0.0,0.0
2024-06-17 13:35:05.154000+00:00,58.09999847412109,0.0,0.0
2024-06-17 13:36:05.028000+00:00,58.29999923706055,0.0,0.0
2024-06-17 13:37:04.970000+00:00,57.5,0.0,0.0
2024-06-17 13:38:04.952000+00:00,57.70000076293945,0.0,0.0
2024-06-17 13:39:05.375000+00:00,57.90999984741211,0.0,0.0
2024-06-17 13:40:05.130000+00:00,55.209999084472656,0.0,0.0
2024-06-17 13:41:05.228000+00:00,56.400001525878906,0.0,0.0
2024-06-17 13:42:04.773000+00:00,57.79999923706055,0.0,0.0
2024-06-17 13:43:04.853000+00:00,58.59999847412109,0.0,0.0
2024-06-17 13:44:04.779000+00:00,59.040000915527344,0.0,0.0
2024-06-17 13:45:04.679000+00:00,59.29999923706055,0.0,0.0
2024-06-17 13:46:04.608000+00:00,59.400001525878906,0.0,0.0
2024-06-17 13:47:04.719000+00:00,59.5,0.0,0.0
2024-06-17 13:48:04.997000+00:00,59.400001525878906,0.0,0.0
2024-06-17 13:49:04.307000+00:00,59.29999923706055,0.0,0.0
2024-06-17 13:50:04.842000+00:00,59.20000076293945,0.0,0.0
2024-06-17 13:51:04.718000+00:00,59.09999847412109,0.0,0.0
2024-06-17 13:52:05.407000+00:00,59.0,0.0,0.0
2024-06-17 13:53:04.907000+00:00,58.900001525878906,0.0,0.0
2024-06-17 13:54:04.903000+00:00,58.79999923706055,0.0,0.0
2024-06-17 13:55:04.621000+00:00,58.66999816894531,0.0,0.0
2024-06-17 13:56:04.910000+00:00,58.5,0.0,0.0
2024-06-17 13:57:04.220000+00:00,58.400001525878906,0.0,0.0
2024-06-17 13:58:04.730000+00:00,58.29999923706055,0.0,0.0
2024-06-17 13:59:04.917000+00:00,58.20000076293945,0.0,0.0
2024-06-17 14:00:06.753000+00:00,58.13999938964844,0.0,0.0
2024-06-17 14:01:05.351000+00:00,58.09999847412109,0.0,0.0
2024-06-17 14:02:05.018000+00:00,58.0,0.0,0.0
2024-06-17 14:03:04.843000+00:00,57.900001525878906,0.0,0.0
2024-06-17 14:04:04.999000+00:00,57.900001525878906,0.0,0.0
2024-06-17 14:05:04.787000+00:00,57.70000076293945,0.0,0.0
2024-06-17 14:06:05.602000+00:00,57.70000076293945,0.0,0.0
2024-06-17 14:07:05.067000+00:00,57.70000076293945,0.0,0.0
2024-06-17 14:08:04.463000+00:00,57.79999923706055,0.0,0.0
2024-06-17 14:09:04.385000+00:00,57.70000076293945,0.0,0.0
2024-06-17 14:10:04.859000+00:00,57.79999923706055,0.0,0.0
2024-06-17 14:11:04.721000+00:00,57.900001525878906,0.0,0.0
2024-06-17 14:12:05.140000+00:00,58.09000015258789,0.0,0.0
2024-06-17 14:13:05.308000+00:00,58.20000076293945,0.0,0.0
2024-06-17 14:14:05.159000+00:00,58.29999923706055,0.0,0.0
2024-06-17 14:15:05.100000+00:00,58.400001525878906,0.0,0.0
2024-06-17 14:16:04.616000+00:00,58.5,0.0,0.0
2024-06-17 14:17:04.230000+00:00,58.59999847412109,0.0,0.0
2024-06-17 14:18:04.916000+00:00,58.59999847412109,0.0,0.0
2024-06-17 14:19:04.473000+00:00,58.70000076293945,0.0,0.0
2024-06-17 14:20:04.670000+00:00,58.70000076293945,0.0,0.0
2024-06-17 14:21:05.144000+00:00,57.77000045776367,0.0,0.0
2024-06-17 14:22:04.997000+00:00,57.79999923706055,0.0,0.0
2024-06-17 14:23:04.267000+00:00,57.84000015258789,0.0,0.0
2024-06-17 14:24:04.788000+00:00,58.09999847412109,0.0,0.0
2024-06-17 14:25:04.763000+00:00,58.400001525878906,0.0,0.0
2024-06-17 14:26:05.117000+00:00,58.400001525878906,0.0,0.0
2024-06-17 14:27:04.262000+00:00,58.59999847412109,0.0,0.0
2024-06-17 14:28:04.842000+00:00,58.79999923706055,0.0,0.0
2024-06-17 14:29:04.628000+00:00,58.900001525878906,0.0,0.0
2024-06-17 14:30:04.841000+00:00,59.0,0.0,0.0
2024-06-17 14:31:04.976000+00:00,59.0,0.0,0.0
2024-06-17 14:32:04.589000+00:00,58.70000076293945,0.0,0.0
2024-06-17 14:33:04.517000+00:00,58.66999816894531,0.0,0.0
2024-06-17 14:34:04.658000+00:00,58.59999847412109,0.0,0.0
2024-06-17 14:35:04.876000+00:00,58.5,0.0,0.0
2024-06-17 14:36:05.259000+00:00,58.400001525878906,0.0,0.0
2024-06-17 14:37:04.928000+00:00,58.400001525878906,0.0,0.0
2024-06-17 14:38:04.597000+00:00,58.09999847412109,0.0,0.0
2024-06-17 14:39:05.089000+00:00,58.0,0.0,0.0
2024-06-17 14:40:05.012000+00:00,57.900001525878906,0.0,0.0
2024-06-17 14:41:04.869000+00:00,57.900001525878906,0.0,0.0
2024-06-17 14:42:05.112000+00:00,58.0,0.0,0.0
2024-06-17 14:43:04.610000+00:00,58.09999847412109,0.0,0.0
2024-06-17 14:44:04.536000+00:00,58.20000076293945,0.0,0.0
2024-06-17 14:45:05.097000+00:00,58.29999923706055,0.0,0.0
2024-06-17 14:46:04.341000+00:00,58.29999923706055,0.0,0.0
2024-06-17 14:47:04.247000+00:00,58.400001525878906,0.0,0.0
2024-06-17 14:48:04.601000+00:00,58.5,0.0,0.0
2024-06-17 14:49:04.968000+00:00,58.59999847412109,0.0,0.0
2024-06-17 14:50:05.087000+00:00,58.59000015258789,0.0,0.0
2024-06-17 14:51:04.426000+00:00,58.59999847412109,0.0,0.0
2024-06-17 14:52:04.934000+00:00,58.59999847412109,0.0,0.0
2024-06-17 14:53:04.916000+00:00,58.59999847412109,0.0,0.0
2024-06-17 14:54:04.163000+00:00,58.0,0.0,0.0
2024-06-17 14:55:04.932000+00:00,56.79999923706055,0.0,0.0
2024-06-17 14:56:04.287000+00:00,56.400001525878906,0.0,0.0
2024-06-17 14:57:04.585000+00:00,56.70000076293945,0.0,0.0
2024-06-17 14:58:04.442000+00:00,57.400001525878906,0.0,0.0
2024-06-17 14:59:04.671000+00:00,58.09000015258789,0.0,0.0
2024-06-17 15:00:07.625000+00:00,58.5,0.0,0.0
2024-06-17 15:01:05.046000+00:00,58.84000015258789,0.0,0.0
2024-06-17 15:02:04.211000+00:00,59.0,0.0,0.0
2024-06-17 15:03:04.440000+00:00,59.20000076293945,0.0,0.0
2024-06-17 15:04:04.636000+00:00,59.209999084472656,0.0,0.0
2024-06-17 15:05:04.215000+00:00,59.20000076293945,0.0,0.0
2024-06-17 15:06:05.531000+00:00,59.20000076293945,0.0,0.0
2024-06-17 15:07:04.239000+00:00,59.09999847412109,0.0,0.0
2024-06-17 15:08:04.180000+00:00,59.0,0.0,0.0
2024-06-17 15:09:05.125000+00:00,58.900001525878906,0.0,0.0
2024-06-17 15:10:04.983000+00:00,58.79999923706055,0.0,0.0
2024-06-17 15:11:04.514000+00:00,58.59999847412109,0.0,0.0
2024-06-17 15:12:04.437000+00:00,58.400001525878906,0.0,0.0
2024-06-17 15:13:04.816000+00:00,58.380001068115234,0.0,0.0
2024-06-17 15:14:04.832000+00:00,58.29999923706055,0.0,0.0
2024-06-17 15:15:05.169000+00:00,58.16999816894531,0.0,0.0
2024-06-17 15:16:04.390000+00:00,58.09999847412109,0.0,0.0
2024-06-17 15:17:05.058000+00:00,57.900001525878906,0.0,0.0
2024-06-17 15:18:04.577000+00:00,57.79999923706055,0.0,0.0
2024-06-17 15:19:04.815000+00:00,57.79999923706055,0.0,0.0
2024-06-17 15:20:05.083000+00:00,57.79999923706055,0.0,0.0
2024-06-17 15:21:03.867000+00:00,57.79999923706055,0.0,0.0
2024-06-17 15:22:04.120000+00:00,57.790000915527344,0.0,0.0
2024-06-17 15:23:04.284000+00:00,57.79999923706055,0.0,0.0
2024-06-17 15:24:04.161000+00:00,57.900001525878906,0.0,0.0
2024-06-17 15:25:04.180000+00:00,56.0,0.0,0.0
2024-06-17 15:26:05.275000+00:00,56.5,0.0,0.0
2024-06-17 15:27:04.951000+00:00,57.20000076293945,0.0,0.0
2024-06-17 15:28:04.835000+00:00,57.70000076293945,0.0,0.0
2024-06-17 15:29:04.176000+00:00,58.09999847412109,0.0,0.0
2024-06-17 15:30:04.481000+00:00,58.400001525878906,0.0,0.0
2024-06-17 15:31:04.481000+00:00,58.68999862670898,0.0,0.0
2024-06-17 15:32:04.363000+00:00,58.79999923706055,0.0,0.0
2024-06-17 15:33:04.440000+00:00,58.900001525878906,0.0,0.0
2024-06-17 15:34:05.124000+00:00,59.0,0.0,0.0
2024-06-17 15:35:04.911000+00:00,59.0,0.0,0.0
2024-06-17 15:36:04.085000+00:00,58.900001525878906,0.0,0.0
2024-06-17 15:37:04.519000+00:00,58.900001525878906,0.0,0.0
2024-06-17 15:38:05.305000+00:00,58.79999923706055,0.0,0.0
2024-06-17 15:39:05.287000+00:00,58.79999923706055,0.0,0.0
2024-06-17 15:40:05.264000+00:00,58.59999847412109,0.0,0.0
2024-06-17 15:41:04.492000+00:00,58.5,0.0,0.0
2024-06-17 15:42:05.051000+00:00,58.400001525878906,0.0,0.0
2024-06-17 15:43:04.366000+00:00,58.29999923706055,0.0,0.0
2024-06-17 15:44:04.458000+00:00,58.20000076293945,0.0,0.0
2024-06-17 15:45:04.294000+00:00,58.09999847412109,0.0,0.0
2024-06-17 15:46:04.411000+00:00,58.0,0.0,0.0
2024-06-17 15:47:04.434000+00:00,57.900001525878906,0.0,0.0
2024-06-17 15:48:04.547000+00:00,57.900001525878906,0.0,0.0
2024-06-17 15:49:04.753000+00:00,57.900001525878906,0.0,0.0
2024-06-17 15:50:04.955000+00:00,57.88999938964844,0.0,0.0
2024-06-17 15:51:04.960000+00:00,57.79999923706055,0.0,0.0
2024-06-17 15:52:04.316000+00:00,57.86000061035156,0.0,0.0
2024-06-17 15:53:04.088000+00:00,57.79999923706055,0.0,0.0
2024-06-17 15:54:04.779000+00:00,57.900001525878906,0.0,0.0
2024-06-17 15:55:04.861000+00:00,58.0,0.0,0.0
2024-06-17 15:56:04.883000+00:00,58.09999847412109,0.0,0.0
2024-06-17 15:57:04.682000+00:00,58.09999847412109,0.0,0.0
2024-06-17 15:58:04.414000+00:00,58.20000076293945,0.0,0.0
2024-06-17 15:59:04.734000+00:00,58.29999923706055,0.0,0.0
2024-06-17 16:00:06.474000+00:00,58.380001068115234,0.0,0.0
2024-06-17 16:01:04.771000+00:00,58.400001525878906,0.0,0.0
2024-06-17 16:02:04.074000+00:00,58.400001525878906,0.0,0.0
2024-06-17 16:03:04.588000+00:00,58.400001525878906,0.0,0.0
2024-06-17 16:04:04.625000+00:00,58.400001525878906,0.0,0.0
2024-06-17 16:05:04.832000+00:00,58.47999954223633,0.0,0.0
2024-06-17 16:06:05.561000+00:00,58.40999984741211,0.0,0.0
2024-06-17 16:07:04.727000+00:00,58.43000030517578,0.0,0.0
2024-06-17 16:08:04.917000+00:00,58.5,0.0,0.0
2024-06-17 16:09:04.326000+00:00,58.5,0.0,0.0
2024-06-17 16:10:05.062000+00:00,58.400001525878906,0.0,0.0
2024-06-17 16:11:04.396000+00:00,58.400001525878906,0.0,0.0
2024-06-17 16:12:04.466000+00:00,58.400001525878906,0.0,0.0
2024-06-17 16:13:05.213000+00:00,58.29999923706055,0.0,0.0
2024-06-17 16:14:05.005000+00:00,58.29999923706055,0.0,0.0
2024-06-17 16:15:05.125000+00:00,58.29999923706055,0.0,0.0
2024-06-17 16:16:04.337000+00:00,58.29999923706055,0.0,0.0
2024-06-17 16:17:04.626000+00:00,58.29999923706055,0.0,0.0
2024-06-17 16:18:04.972000+00:00,58.29999923706055,0.0,0.0
2024-06-17 16:19:04.358000+00:00,58.29999923706055,0.0,0.0
2024-06-17 16:20:04.308000+00:00,58.29999923706055,0.0,0.0
2024-06-17 16:21:04.556000+00:00,58.290000915527344,0.0,0.0
2024-06-17 16:22:04.541000+00:00,58.20000076293945,0.0,0.0
2024-06-17 16:23:04.437000+00:00,58.290000915527344,0.0,0.0
2024-06-17 16:24:04.475000+00:00,58.11000061035156,0.0,0.0
2024-06-17 16:25:04.020000+00:00,58.09999847412109,0.0,0.0
2024-06-17 16:26:04.877000+00:00,58.0,0.0,0.0
2024-06-17 16:27:04.628000+00:00,58.0,0.0,0.0
2024-06-17 16:28:04.721000+00:00,58.0,0.0,0.0
2024-06-17 16:29:04.302000+00:00,58.0,0.0,0.0
2024-06-17 16:30:05.213000+00:00,58.0,0.0,0.0
2024-06-17 16:31:04.240000+00:00,58.0,0.0,0.0
2024-06-17 16:32:04.411000+00:00,58.060001373291016,0.0,0.0
2024-06-17 16:33:04.563000+00:00,58.09999847412109,0.0,0.0
2024-06-17 16:34:04.873000+00:00,58.09999847412109,0.0,0.0
2024-06-17 16:35:05.048000+00:00,58.119998931884766,0.0,0.0
2024-06-17 16:36:04.028000+00:00,58.20000076293945,0.0,0.0
2024-06-17 16:37:04.164000+00:00,58.29999923706055,0.0,0.0
2024-06-17 16:38:04.173000+00:00,58.29999923706055,0.0,0.0
2024-06-17 16:39:05.538000+00:00,58.29999923706055,0.0,0.0
2024-06-17 16:40:04.738000+00:00,58.29999923706055,0.0,0.0
2024-06-17 16:41:05.133000+00:00,58.400001525878906,0.0,0.0
2024-06-17 16:42:04.418000+00:00,58.400001525878906,0.0,0.0
2024-06-17 16:43:04.670000+00:00,58.29999923706055,0.0,0.0
2024-06-17 16:44:04.269000+00:00,58.310001373291016,0.0,0.0
2024-06-17 16:45:04.594000+00:00,58.29999923706055,0.0,0.0
2024-06-17 16:46:04.419000+00:00,58.29999923706055,0.0,0.0
2024-06-17 16:47:05.307000+00:00,58.29999923706055,0.0,0.0
2024-06-17 16:48:04.696000+00:00,58.29999923706055,0.0,0.0
2024-06-17 16:49:04.392000+00:00,58.29999923706055,0.0,0.0
2024-06-17 16:50:04.833000+00:00,58.20000076293945,0.0,0.0
2024-06-17 16:51:04.595000+00:00,58.27999877929688,0.0,0.0
2024-06-17 16:52:05.142000+00:00,58.209999084472656,0.0,0.0
2024-06-17 16:53:04.324000+00:00,58.20000076293945,0.0,0.0
2024-06-17 16:54:04.647000+00:00,55.540000915527344,0.0,0.0
2024-06-17 16:55:05.199000+00:00,54.400001525878906,0.0,0.0
2024-06-17 16:56:04.987000+00:00,54.70000076293945,0.0,0.0
2024-06-17 16:57:03.984000+00:00,56.29999923706055,0.0,0.0
2024-06-17 16:58:04.751000+00:00,57.70000076293945,0.0,0.0
2024-06-17 16:59:04.734000+00:00,58.68999862670898,0.0,0.0
2024-06-17 17:00:07.122000+00:00,59.20000076293945,0.0,0.0
2024-06-17 17:01:04.835000+00:00,59.29999923706055,0.0,0.0
2024-06-17 17:02:04.987000+00:00,59.400001525878906,0.0,0.0
2024-06-17 17:03:04.666000+00:00,59.400001525878906,0.0,0.0
2024-06-17 17:04:04.469000+00:00,59.29999923706055,0.0,0.0
2024-06-17 17:05:03.955000+00:00,59.20000076293945,0.0,0.0
2024-06-17 17:06:05.838000+00:00,57.38999938964844,0.0,0.0
2024-06-17 17:07:04.460000+00:00,57.31999969482422,0.0,0.0
2024-06-17 17:08:04.465000+00:00,57.5,0.0,0.0
2024-06-17 17:09:04.687000+00:00,57.900001525878906,0.0,0.0
2024-06-17 17:10:04.808000+00:00,58.29999923706055,0.0,0.0
2024-06-17 17:11:04.466000+00:00,58.59999847412109,0.0,0.0
2024-06-17 17:12:04.959000+00:00,58.20000076293945,0.0,0.0
2024-06-17 17:13:04.704000+00:00,58.29999923706055,0.0,0.0
2024-06-17 17:14:05.234000+00:00,58.400001525878906,0.0,0.0
2024-06-17 17:15:04.872000+00:00,58.59999847412109,0.0,0.0
2024-06-17 17:16:04.645000+00:00,58.59999847412109,0.0,0.0
2024-06-17 17:17:04.643000+00:00,58.70000076293945,0.0,0.0
2024-06-17 17:18:04.867000+00:00,58.70000076293945,0.0,0.0
2024-06-17 17:19:04.463000+00:00,58.70000076293945,0.0,0.0
2024-06-17 17:20:04.865000+00:00,58.619998931884766,0.0,0.0
2024-06-17 17:21:04.683000+00:00,58.59999847412109,0.0,0.0
2024-06-17 17:22:04.757000+00:00,58.5,0.0,0.0
2024-06-17 17:23:04.536000+00:00,58.400001525878906,0.0,0.0
2024-06-17 17:24:04.755000+00:00,58.29999923706055,0.0,0.0
2024-06-17 17:25:04.480000+00:00,58.20000076293945,0.0,0.0
2024-06-17 17:26:04.973000+00:00,58.20000076293945,0.0,0.0
2024-06-17 17:27:04.161000+00:00,58.09999847412109,0.0,0.0
2024-06-17 17:28:05.056000+00:00,58.09999847412109,0.0,0.0
2024-06-17 17:29:04.304000+00:00,58.09999847412109,0.0,0.0
2024-06-17 17:30:05.302000+00:00,58.09999847412109,0.0,0.0
2024-06-17 17:31:04.562000+00:00,58.0,0.0,0.0
2024-06-17 17:32:04.769000+00:00,58.0,0.0,0.0
2024-06-17 17:33:04.663000+00:00,58.0,0.0,0.0
2024-06-17 17:34:04.366000+00:00,58.0,0.0,0.0
2024-06-17 17:35:04.709000+00:00,58.0,0.0,0.0
2024-06-17 17:36:04.631000+00:00,58.0,0.0,0.0
2024-06-17 17:37:04.440000+00:00,58.09999847412109,0.0,0.0
2024-06-17 17:38:04.414000+00:00,58.06999969482422,0.0,0.0
2024-06-17 17:39:04.761000+00:00,58.0,0.0,0.0
2024-06-17 17:40:05.087000+00:00,58.09999847412109,0.0,0.0
2024-06-17 17:41:04.608000+00:00,58.18999862670898,0.0,0.0
2024-06-17 17:42:04.909000+00:00,58.20000076293945,0.0,0.0
2024-06-17 17:43:04.357000+00:00,58.290000915527344,0.0,0.0
2024-06-17 17:44:04.576000+00:00,58.29999923706055,0.0,0.0
2024-06-17 17:45:04.569000+00:00,58.29999923706055,0.0,0.0
2024-06-17 17:46:04.762000+00:00,57.70000076293945,0.0,0.0
2024-06-17 17:47:04.380000+00:00,57.5099983215332,0.0,0.0
2024-06-17 17:48:05.116000+00:00,55.09000015258789,0.0,0.0
2024-06-17 17:49:04.632000+00:00,55.7400016784668,0.0,0.0
2024-06-17 17:50:04.937000+00:00,56.79999923706055,0.0,0.0
2024-06-17 17:51:04.179000+00:00,57.54999923706055,0.0,0.0
2024-06-17 17:52:04.748000+00:00,58.04999923706055,0.0,0.0
2024-06-17 17:53:04.809000+00:00,58.400001525878906,0.0,0.0
2024-06-17 17:54:04.785000+00:00,58.70000076293945,0.0,0.0
2024-06-17 17:55:04.756000+00:00,58.900001525878906,0.0,0.0
2024-06-17 17:56:04.653000+00:00,58.900001525878906,0.0,0.0
2024-06-17 17:57:04.825000+00:00,59.0,0.0,0.0
2024-06-17 17:58:04.620000+00:00,59.0,0.0,0.0
2024-06-17 17:59:04.153000+00:00,59.0,0.0,0.0
2024-06-17 18:00:08.031000+00:00,58.900001525878906,0.0,0.0
2024-06-17 18:01:04.750000+00:00,58.79999923706055,0.0,0.0
2024-06-17 18:02:04.460000+00:00,58.79999923706055,0.0,0.0
2024-06-17 18:03:04.354000+00:00,58.70000076293945,0.0,0.0
2024-06-17 18:04:04.652000+00:00,58.59999847412109,0.0,0.0
2024-06-17 18:05:04.762000+00:00,58.43999862670898,0.0,0.0
2024-06-17 18:06:04.912000+00:00,58.400001525878906,0.0,0.0
2024-06-17 18:07:04.613000+00:00,58.27000045776367,0.0,0.0
2024-06-17 18:08:04.164000+00:00,58.130001068115234,0.0,0.0
2024-06-17 18:09:04.719000+00:00,58.09999847412109,0.0,0.0
2024-06-17 18:10:04.842000+00:00,58.0,0.0,0.0
2024-06-17 18:11:04.997000+00:00,57.900001525878906,0.0,0.0
2024-06-17 18:12:04.719000+00:00,57.79999923706055,0.0,0.0
2024-06-17 18:13:04.759000+00:00,57.79999923706055,0.0,0.0
2024-06-17 18:14:04.683000+00:00,57.79999923706055,0.0,0.0
2024-06-17 18:15:04.996000+00:00,57.70000076293945,0.0,0.0
2024-06-17 18:16:04.742000+00:00,57.70000076293945,0.0,0.0
2024-06-17 18:17:05.122000+00:00,57.79999923706055,0.0,0.0
2024-06-17 18:18:04.422000+00:00,57.900001525878906,0.0,0.0
2024-06-17 18:19:04.678000+00:00,57.9900016784668,0.0,0.0
2024-06-17 18:20:04.584000+00:00,58.0,0.0,0.0
2024-06-17 18:21:03.986000+00:00,58.09999847412109,0.0,0.0
2024-06-17 18:22:04.325000+00:00,58.09999847412109,0.0,0.0
2024-06-17 18:23:04.747000+00:00,58.150001525878906,0.0,0.0
2024-06-17 18:24:04.835000+00:00,58.20000076293945,0.0,0.0
2024-06-17 18:25:04.432000+00:00,58.20000076293945,0.0,0.0
2024-06-17 18:26:04.793000+00:00,58.29999923706055,0.0,0.0
2024-06-17 18:27:04.197000+00:00,58.29999923706055,0.0,0.0
2024-06-17 18:28:05.127000+00:00,58.29999923706055,0.0,0.0
2024-06-17 18:29:04.237000+00:00,58.29999923706055,0.0,0.0
2024-06-17 18:30:05.432000+00:00,58.29999923706055,0.0,0.0
2024-06-17 18:31:04.114000+00:00,58.29999923706055,0.0,0.0
2024-06-17 18:32:04.118000+00:00,52.5,0.0,0.0
2024-06-17 18:33:04.069000+00:00,46.40999984741211,0.0,0.0
2024-06-17 18:34:04.426000+00:00,46.59999847412109,0.0,0.0
2024-06-17 18:35:04.451000+00:00,49.2599983215332,0.0,0.0
2024-06-17 18:36:04.446000+00:00,49.68999862670898,0.0,0.0
2024-06-17 18:37:03.846000+00:00,51.060001373291016,0.0,0.0
2024-06-17 18:38:04.625000+00:00,57.900001525878906,0.0,0.0
2024-06-17 18:39:05.055000+00:00,60.59000015258789,0.0,0.0
2024-06-17 18:40:04.722000+00:00,61.400001525878906,0.0,0.0
2024-06-17 18:41:04.697000+00:00,61.5,0.0,0.0
2024-06-17 18:42:04.522000+00:00,61.400001525878906,0.0,0.0
2024-06-17 18:43:04.586000+00:00,61.20000076293945,0.0,0.0
2024-06-17 18:44:04.032000+00:00,61.0,0.0,0.0
2024-06-17 18:45:04.311000+00:00,60.70000076293945,0.0,0.0
2024-06-17 18:46:03.944000+00:00,60.40999984741211,0.0,0.0
2024-06-17 18:47:04.715000+00:00,60.09999847412109,0.0,0.0
2024-06-17 18:48:04.267000+00:00,59.84000015258789,0.0,0.0
2024-06-17 18:49:04.648000+00:00,59.59999847412109,0.0,0.0
2024-06-17 18:50:04.793000+00:00,59.29999923706055,0.0,0.0
2024-06-17 18:51:04.867000+00:00,59.0,0.0,0.0
2024-06-17 18:52:04.657000+00:00,58.79999923706055,0.0,0.0
2024-06-17 18:53:05.249000+00:00,58.5,0.0,0.0
2024-06-17 18:54:05.145000+00:00,58.310001373291016,0.0,0.0
2024-06-17 18:55:04.496000+00:00,58.09999847412109,0.0,0.0
2024-06-17 18:56:04.518000+00:00,57.900001525878906,0.0,0.0
2024-06-17 18:57:03.970000+00:00,57.630001068115234,0.0,0.0
2024-06-17 18:58:04.244000+00:00,57.400001525878906,0.0,0.0
2024-06-17 18:59:04.718000+00:00,56.83000183105469,0.0,0.0
2024-06-17 19:00:06.667000+00:00,53.79999923706055,0.0,0.0
2024-06-17 19:01:04.927000+00:00,54.290000915527344,0.0,0.0
2024-06-17 19:02:04.454000+00:00,55.27999877929688,0.0,0.0
2024-06-17 19:03:03.904000+00:00,56.4900016784668,0.0,0.0
2024-06-17 19:04:04.525000+00:00,57.29999923706055,0.0,0.0
2024-06-17 19:05:04.884000+00:00,58.0,0.0,0.0
2024-06-17 19:06:05.217000+00:00,58.400001525878906,0.0,0.0
2024-06-17 19:07:04.942000+00:00,58.70000076293945,0.0,0.0
2024-06-17 19:08:03.943000+00:00,58.810001373291016,0.0,0.0
2024-06-17 19:09:04.335000+00:00,58.900001525878906,0.0,0.0
2024-06-17 19:10:04.672000+00:00,58.900001525878906,0.0,0.0
2024-06-17 19:11:04.748000+00:00,58.81999969482422,0.0,0.0
2024-06-17 19:12:04.874000+00:00,58.7400016784668,0.0,0.0
2024-06-17 19:13:04.376000+00:00,58.59999847412109,0.0,0.0
2024-06-17 19:14:04.388000+00:00,58.5,0.0,0.0
2024-06-17 19:15:04.647000+00:00,58.400001525878906,0.0,0.0
2024-06-17 19:16:04.644000+00:00,58.29999923706055,0.0,0.0
2024-06-17 19:17:04.865000+00:00,58.2599983215332,0.0,0.0
2024-06-17 19:18:04.915000+00:00,58.20000076293945,0.0,0.0
2024-06-17 19:19:04.323000+00:00,58.20000076293945,0.0,0.0
2024-06-17 19:20:04.569000+00:00,58.09999847412109,0.0,0.0
2024-06-17 19:21:04.247000+00:00,58.09999847412109,0.0,0.0
2024-06-17 19:22:04.607000+00:00,58.0,0.0,0.0
2024-06-17 19:23:04.789000+00:00,58.0,0.0,0.0
2024-06-17 19:24:04.590000+00:00,58.0,0.0,0.0
2024-06-17 19:25:04.612000+00:00,58.0,0.0,0.0
2024-06-17 19:26:05.123000+00:00,58.0,0.0,0.0
2024-06-17 19:27:04.611000+00:00,57.90999984741211,0.0,0.0
2024-06-17 19:28:04.802000+00:00,57.0,0.0,0.0
2024-06-17 19:29:04.922000+00:00,57.20000076293945,0.0,0.0
2024-06-17 19:30:04.370000+00:00,57.400001525878906,0.0,0.0
2024-06-17 19:31:04.049000+00:00,57.0099983215332,0.0,0.0
2024-06-17 19:32:04.423000+00:00,49.83000183105469,0.0,0.0
2024-06-17 19:33:04.227000+00:00,45.900001525878906,0.0,0.0
2024-06-17 19:34:04.713000+00:00,47.65999984741211,0.0,0.0
2024-06-17 19:35:04.839000+00:00,48.900001525878906,0.0,0.0
2024-06-17 19:36:04.291000+00:00,49.0,0.0,0.0
2024-06-17 19:37:05.732000+00:00,49.09999847412109,0.0,0.0
2024-06-17 19:38:04.409000+00:00,53.060001373291016,0.0,0.0
2024-06-17 19:39:05.521000+00:00,59.16999816894531,0.0,0.0
2024-06-17 19:40:04.598000+00:00,61.2599983215332,383.5400085449219,98352833.9308357
2024-06-17 19:41:04.841000+00:00,60.29999923706055,0.0,0.0
2024-06-17 19:42:04.559000+00:00,60.59999847412109,0.0,0.0
2024-06-17 19:43:04.162000+00:00,60.79999923706055,131.72000122070312,33523899.02601019
2024-06-17 19:44:04.452000+00:00,60.86000061035156,108.23999786376952,27575217.8027198
2024-06-17 19:45:04.188000+00:00,60.70000076293945,91.41999816894533,23228925.910711758
2024-06-17 19:46:04.062000+00:00,60.5,0.0,0.0
2024-06-17 19:47:04.184000+00:00,60.20000076293945,0.0,0.0
2024-06-17 19:48:04.272000+00:00,59.900001525878906,0.0,0.0
2024-06-17 19:49:03.945000+00:00,59.59999847412109,0.0,0.0
2024-06-17 19:50:04.297000+00:00,59.31999969482422,0.0,0.0
2024-06-17 19:51:04.186000+00:00,59.09999847412109,0.0,0.0
2024-06-17 19:52:05.007000+00:00,58.79999923706055,0.0,0.0
2024-06-17 19:53:04.730000+00:00,58.54999923706055,0.0,0.0
2024-06-17 19:54:04.498000+00:00,58.29999923706055,0.0,0.0
2024-06-17 19:55:04.691000+00:00,58.09999847412109,0.0,0.0
2024-06-17 19:56:04.315000+00:00,57.56999969482422,0.0,0.0
2024-06-17 19:57:04.832000+00:00,57.400001525878906,0.0,0.0
2024-06-17 19:58:04.717000+00:00,57.20000076293945,0.0,0.0
2024-06-17 19:59:04.374000+00:00,57.0,0.0,0.0
2024-06-17 20:00:06.569000+00:00,57.0,0.0,0.0
2024-06-17 20:01:04.857000+00:00,57.0,0.0,0.0
2024-06-17 20:02:04.267000+00:00,57.09999847412109,0.0,0.0
2024-06-17 20:03:04.026000+00:00,57.5,0.0,0.0
2024-06-17 20:04:04.363000+00:00,57.79999923706055,0.0,0.0
2024-06-17 20:05:04.691000+00:00,58.09999847412109,0.0,0.0
2024-06-17 20:06:04.710000+00:00,58.400001525878906,0.0,0.0
2024-06-17 20:07:04.467000+00:00,58.59999847412109,0.0,0.0
2024-06-17 20:08:04.881000+00:00,58.70000076293945,0.0,0.0
2024-06-17 20:09:04.707000+00:00,58.79999923706055,0.0,0.0
2024-06-17 20:10:04.739000+00:00,58.79999923706055,0.0,0.0
2024-06-17 20:11:04.211000+00:00,58.79999923706055,0.0,0.0
2024-06-17 20:12:04.837000+00:00,58.70000076293945,0.0,0.0
2024-06-17 20:13:04.645000+00:00,58.59999847412109,0.0,0.0
2024-06-17 20:14:05.042000+00:00,58.5,0.0,0.0
2024-06-17 20:15:04.763000+00:00,58.400001525878906,0.0,0.0
2024-06-17 20:16:04.752000+00:00,58.29999923706055,0.0,0.0
2024-06-17 20:17:04.658000+00:00,53.7599983215332,0.0,0.0
2024-06-17 20:18:04.388000+00:00,55.16999816894531,0.0,0.0
2024-06-17 20:19:04.187000+00:00,56.470001220703125,0.0,0.0
2024-06-17 20:20:04.458000+00:00,57.400001525878906,0.0,0.0
2024-06-17 20:21:04.348000+00:00,58.0,0.0,0.0
2024-06-17 20:22:04.025000+00:00,58.400001525878906,0.0,0.0
2024-06-17 20:23:04.552000+00:00,58.59999847412109,0.0,0.0
2024-06-17 20:24:04.727000+00:00,58.709999084472656,0.0,0.0
2024-06-17 20:25:04.687000+00:00,58.79999923706055,0.0,0.0
2024-06-17 20:26:04.945000+00:00,58.70000076293945,0.0,0.0
2024-06-17 20:27:04.524000+00:00,58.70000076293945,0.0,0.0
2024-06-17 20:28:04.946000+00:00,58.70000076293945,0.0,0.0
2024-06-17 20:29:04.228000+00:00,57.84999847412109,0.0,0.0
2024-06-17 20:30:05.345000+00:00,57.5,0.0,0.0
2024-06-17 20:31:04.180000+00:00,57.5,0.0,0.0
2024-06-17 20:32:04.248000+00:00,57.70000076293945,0.0,0.0
2024-06-17 20:33:04.301000+00:00,58.0,0.0,0.0
2024-06-17 20:34:04.103000+00:00,58.20000076293945,0.0,0.0
2024-06-17 20:35:04.452000+00:00,58.400001525878906,0.0,0.0
2024-06-17 20:36:04.150000+00:00,58.59999847412109,0.0,0.0
2024-06-17 20:37:04.036000+00:00,58.65999984741211,0.0,0.0
2024-06-17 20:38:03.914000+00:00,58.66999816894531,0.0,0.0
2024-06-17 20:39:05.194000+00:00,58.59999847412109,0.0,0.0
2024-06-17 20:40:04.953000+00:00,58.5099983215332,0.0,0.0
2024-06-17 20:41:03.999000+00:00,58.5,0.0,0.0
2024-06-17 20:42:04.584000+00:00,56.119998931884766,0.0,0.0
2024-06-17 20:43:04.278000+00:00,55.9900016784668,0.0,0.0
2024-06-17 20:44:04.084000+00:00,56.68000030517578,0.0,0.0
2024-06-17 20:45:04.234000+00:00,57.29999923706055,0.0,0.0
2024-06-17 20:46:04.115000+00:00,57.70000076293945,0.0,0.0
2024-06-17 20:47:04.458000+00:00,58.09999847412109,0.0,0.0
2024-06-17 20:48:04.611000+00:00,58.38999938964844,0.0,0.0
2024-06-17 20:49:04.397000+00:00,58.59999847412109,0.0,0.0
2024-06-17 20:50:05.045000+00:00,58.70000076293945,0.0,0.0
2024-06-17 20:51:03.863000+00:00,58.79999923706055,0.0,0.0
2024-06-17 20:52:04.827000+00:00,58.70000076293945,0.0,0.0
2024-06-17 20:53:04.114000+00:00,58.59999847412109,0.0,0.0
2024-06-17 20:54:04.650000+00:00,58.5,0.0,0.0
2024-06-17 20:55:04.284000+00:00,58.59000015258789,0.0,0.0
2024-06-17 20:56:04.591000+00:00,58.5,0.0,0.0
2024-06-17 20:57:04.340000+00:00,58.5,0.0,0.0
2024-06-17 20:58:04.108000+00:00,58.400001525878906,0.0,0.0
2024-06-17 20:59:04.544000+00:00,58.400001525878906,0.0,0.0
2024-06-17 21:00:07.319000+00:00,58.400001525878906,0.0,0.0
2024-06-17 21:01:04.461000+00:00,58.310001373291016,0.0,0.0
2024-06-17 21:02:04.534000+00:00,58.29999923706055,0.0,0.0
2024-06-17 21:03:04.605000+00:00,58.09999847412109,0.0,0.0
2024-06-17 21:04:04.283000+00:00,57.900001525878906,0.0,0.0
2024-06-17 21:05:04.498000+00:00,57.70000076293945,0.0,0.0
2024-06-17 21:06:05.107000+00:00,57.5,0.0,0.0
2024-06-17 21:07:04.475000+00:00,57.400001525878906,0.0,0.0
2024-06-17 21:08:03.923000+00:00,57.20000076293945,0.0,0.0
2024-06-17 21:09:04.716000+00:00,57.0,0.0,0.0
2024-06-17 21:10:04.679000+00:00,56.79999923706055,0.0,0.0
2024-06-17 21:11:04.522000+00:00,56.70000076293945,0.0,0.0
2024-06-17 21:12:04.771000+00:00,56.5,0.0,0.0
2024-06-17 21:13:04.769000+00:00,56.29999923706055,0.0,0.0
2024-06-17 21:14:04.769000+00:00,56.09999847412109,0.0,0.0
2024-06-17 21:15:04.124000+00:00,56.0,0.0,0.0
2024-06-17 21:16:04.598000+00:00,55.79999923706055,0.0,0.0
2024-06-17 21:17:04.508000+00:00,55.70000076293945,0.0,0.0
2024-06-17 21:18:04.771000+00:00,55.5,0.0,0.0
2024-06-17 21:19:04.404000+00:00,55.29999923706055,0.0,0.0
2024-06-17 21:20:04.422000+00:00,55.20000076293945,0.0,0.0
2024-06-17 21:21:04.880000+00:00,55.0,0.0,0.0
2024-06-17 21:22:04.495000+00:00,54.900001525878906,0.0,0.0
2024-06-17 21:23:04.504000+00:00,54.70000076293945,0.0,0.0
2024-06-17 21:24:04.211000+00:00,54.5,0.0,0.0
2024-06-17 21:25:04.270000+00:00,54.400001525878906,0.0,0.0
2024-06-17 21:26:04.857000+00:00,54.20000076293945,0.0,0.0
2024-06-17 21:27:04.545000+00:00,54.09999847412109,0.0,0.0
2024-06-17 21:28:04.772000+00:00,53.900001525878906,0.0,0.0
2024-06-17 21:29:03.755000+00:00,53.70000076293945,0.0,0.0
2024-06-17 21:30:04.795000+00:00,53.5,0.0,0.0
2024-06-17 21:31:03.781000+00:00,53.310001373291016,0.0,0.0
2024-06-17 21:32:04.552000+00:00,53.20000076293945,0.0,0.0
2024-06-17 21:33:03.694000+00:00,53.20000076293945,0.0,0.0
2024-06-17 21:34:04.685000+00:00,53.29999923706055,0.0,0.0
2024-06-17 21:35:05.020000+00:00,53.5,0.0,0.0
2024-06-17 21:36:04.037000+00:00,53.900001525878906,0.0,0.0
2024-06-17 21:37:03.944000+00:00,54.29999923706055,0.0,0.0
2024-06-17 21:38:04.086000+00:00,54.70000076293945,0.0,0.0
2024-06-17 21:39:04.296000+00:00,55.09999847412109,0.0,0.0
2024-06-17 21:40:04.706000+00:00,55.400001525878906,0.0,0.0
2024-06-17 21:41:04.440000+00:00,55.70000076293945,0.0,0.0
2024-06-17 21:42:04.562000+00:00,55.79999923706055,0.0,0.0
2024-06-17 21:43:03.963000+00:00,56.0,0.0,0.0
2024-06-17 21:44:04.841000+00:00,56.0,0.0,0.0
2024-06-17 21:45:04.612000+00:00,56.0,0.0,0.0
2024-06-17 21:46:04.279000+00:00,55.900001525878906,0.0,0.0
2024-06-17 21:47:04.227000+00:00,55.880001068115234,0.0,0.0
2024-06-17 21:48:04.626000+00:00,55.79999923706055,0.0,0.0
2024-06-17 21:49:04.246000+00:00,55.70000076293945,0.0,0.0
2024-06-17 21:50:04.974000+00:00,55.59999847412109,0.0,0.0
2024-06-17 21:51:04.163000+00:00,55.59999847412109,0.0,0.0
2024-06-17 21:52:04.327000+00:00,55.5,0.0,0.0
2024-06-17 21:53:04.118000+00:00,55.400001525878906,0.0,0.0
2024-06-17 21:54:04.580000+00:00,55.29999923706055,0.0,0.0
2024-06-17 21:55:05.071000+00:00,55.20000076293945,0.0,0.0
2024-06-17 21:56:04.423000+00:00,55.20000076293945,0.0,0.0
2024-06-17 21:57:04.131000+00:00,55.09999847412109,0.0,0.0
2024-06-17 21:58:04.653000+00:00,55.0,0.0,0.0
2024-06-17 21:59:04.041000+00:00,55.0,0.0,0.0
2024-06-17 22:00:06.283000+00:00,54.900001525878906,0.0,0.0
2024-06-17 22:01:05.225000+00:00,54.900001525878906,0.0,0.0
2024-06-17 22:02:04.328000+00:00,54.900001525878906,0.0,0.0
2024-06-17 22:03:04.433000+00:00,54.900001525878906,0.0,0.0
2024-06-17 22:04:04.127000+00:00,54.900001525878906,0.0,0.0
2024-06-17 22:05:04.315000+00:00,55.0,0.0,0.0
2024-06-17 22:06:04.802000+00:00,55.0,0.0,0.0
2024-06-17 22:07:04.494000+00:00,55.04999923706055,0.0,0.0
2024-06-17 22:08:04.593000+00:00,50.18000030517578,0.0,0.0
2024-06-17 22:09:04.378000+00:00,51.5,0.0,0.0
2024-06-17 22:10:05.134000+00:00,47.400001525878906,0.0,0.0
2024-06-17 22:11:04.336000+00:00,48.970001220703125,0.0,0.0
2024-06-17 22:12:04.778000+00:00,53.88999938964844,0.0,0.0
2024-06-17 22:13:04.671000+00:00,56.09999847412109,0.0,0.0
2024-06-17 22:14:04.199000+00:00,56.900001525878906,0.0,0.0
2024-06-17 22:15:04.383000+00:00,57.27999877929688,0.0,0.0
2024-06-17 22:16:04.565000+00:00,57.400001525878906,0.0,0.0
2024-06-17 22:17:04.364000+00:00,57.20000076293945,0.0,0.0
2024-06-17 22:18:04.092000+00:00,57.09999847412109,0.0,0.0
2024-06-17 22:19:04.199000+00:00,57.0,0.0,0.0
2024-06-17 22:20:04.080000+00:00,56.79999923706055,0.0,0.0
2024-06-17 22:21:04.348000+00:00,56.59999847412109,0.0,0.0
2024-06-17 22:22:04.152000+00:00,56.400001525878906,0.0,0.0
2024-06-17 22:23:04.230000+00:00,56.20000076293945,0.0,0.0
2024-06-17 22:24:04.756000+00:00,56.0,0.0,0.0
2024-06-17 22:25:03.966000+00:00,55.79999923706055,0.0,0.0
2024-06-17 22:26:05.092000+00:00,55.59999847412109,0.0,0.0
2024-06-17 22:27:04.299000+00:00,55.400001525878906,0.0,0.0
2024-06-17 22:28:04.552000+00:00,55.20000076293945,0.0,0.0
2024-06-17 22:29:04.643000+00:00,55.0,0.0,0.0
2024-06-17 22:30:04.617000+00:00,54.79999923706055,0.0,0.0
2024-06-17 22:31:04.478000+00:00,54.59999847412109,0.0,0.0
2024-06-17 22:32:04.248000+00:00,54.5,0.0,0.0
2024-06-17 22:33:03.882000+00:00,54.400001525878906,0.0,0.0
2024-06-17 22:34:04.666000+00:00,54.29999923706055,0.0,0.0
2024-06-17 22:35:04.651000+00:00,54.29999923706055,0.0,0.0
2024-06-17 22:36:04.477000+00:00,54.29999923706055,0.0,0.0
2024-06-17 22:37:04.627000+00:00,54.400001525878906,0.0,0.0
2024-06-17 22:38:03.950000+00:00,54.5,0.0,0.0
2024-06-17 22:39:05.329000+00:00,54.70000076293945,0.0,0.0
2024-06-17 22:40:04.560000+00:00,54.79999923706055,0.0,0.0
2024-06-17 22:41:04.155000+00:00,54.95000076293945,0.0,0.0
2024-06-17 22:42:04.374000+00:00,55.0099983215332,0.0,0.0
2024-06-17 22:43:05.021000+00:00,55.20000076293945,0.0,0.0
2024-06-17 22:44:04.439000+00:00,55.29999923706055,0.0,0.0
2024-06-17 22:45:04.553000+00:00,55.400001525878906,0.0,0.0
2024-06-17 22:46:04.698000+00:00,55.4900016784668,0.0,0.0
2024-06-17 22:47:04.285000+00:00,55.5,0.0,0.0
2024-06-17 22:48:04.266000+00:00,55.59999847412109,0.0,0.0
2024-06-17 22:49:04.060000+00:00,55.59999847412109,0.0,0.0
2024-06-17 22:50:04.594000+00:00,55.59999847412109,0.0,0.0
2024-06-17 22:51:03.888000+00:00,55.59999847412109,0.0,0.0
2024-06-17 22:52:04.845000+00:00,55.59999847412109,0.0,0.0
2024-06-17 22:53:04.769000+00:00,55.5,0.0,0.0
2024-06-17 22:54:04.414000+00:00,55.400001525878906,0.0,0.0
2024-06-17 22:55:04.312000+00:00,55.400001525878906,0.0,0.0
2024-06-17 22:56:04.485000+00:00,55.29999923706055,0.0,0.0
2024-06-17 22:57:04.662000+00:00,55.20000076293945,0.0,0.0
2024-06-17 22:58:04.406000+00:00,55.20000076293945,0.0,0.0
2024-06-17 22:59:04.237000+00:00,55.150001525878906,0.0,0.0
2024-06-17 23:00:05.723000+00:00,55.09999847412109,0.0,0.0
2024-06-18 00:00:07.604000+00:00,55.29999923706055,0.0,0.0
2024-06-18 00:01:05.024000+00:00,55.29999923706055,0.0,0.0
2024-06-18 00:02:03.860000+00:00,55.29999923706055,0.0,0.0
2024-06-18 00:03:05.128000+00:00,55.29999923706055,0.0,0.0
2024-06-18 00:04:04.123000+00:00,55.20000076293945,0.0,0.0
2024-06-18 00:05:04.095000+00:00,55.29999923706055,0.0,0.0
2024-06-18 00:06:04.533000+00:00,55.29999923706055,0.0,0.0
2024-06-18 00:07:03.732000+00:00,55.29999923706055,0.0,0.0
2024-06-18 00:08:04.528000+00:00,55.20000076293945,0.0,0.0
2024-06-18 00:09:04.310000+00:00,55.20000076293945,0.0,0.0
2024-06-18 00:10:04.731000+00:00,55.20000076293945,0.0,0.0
2024-06-18 00:11:04.832000+00:00,55.20000076293945,0.0,0.0
2024-06-18 00:12:04.570000+00:00,55.20000076293945,0.0,0.0
2024-06-18 00:13:04.496000+00:00,55.20000076293945,0.0,0.0
2024-06-18 00:14:04.445000+00:00,55.20000076293945,0.0,0.0
2024-06-18 00:15:04.574000+00:00,55.20000076293945,0.0,0.0
2024-06-18 00:16:03.999000+00:00,55.20000076293945,0.0,0.0
2024-06-18 00:17:04.349000+00:00,55.20000076293945,0.0,0.0
2024-06-18 00:18:04.599000+00:00,55.20000076293945,0.0,0.0
2024-06-18 00:19:03.875000+00:00,55.20000076293945,0.0,0.0
2024-06-18 00:20:04.615000+00:00,55.20000076293945,0.0,0.0
2024-06-18 00:21:04.261000+00:00,55.20000076293945,0.0,0.0
2024-06-18 00:22:04.376000+00:00,55.20000076293945,0.0,0.0
2024-06-18 00:23:04.319000+00:00,55.20000076293945,0.0,0.0
2024-06-18 00:24:04.121000+00:00,55.20000076293945,0.0,0.0
2024-06-18 00:25:04.294000+00:00,55.20000076293945,0.0,0.0
2024-06-18 00:26:04.751000+00:00,55.20000076293945,0.0,0.0
2024-06-18 00:27:04.555000+00:00,55.20000076293945,0.0,0.0
2024-06-18 00:28:04.691000+00:00,55.09999847412109,0.0,0.0
2024-06-18 00:29:03.732000+00:00,55.09999847412109,0.0,0.0
2024-06-18 00:30:04.664000+00:00,55.09999847412109,0.0,0.0
2024-06-18 00:31:04.672000+00:00,55.09999847412109,0.0,0.0
2024-06-18 00:32:04.633000+00:00,55.09999847412109,0.0,0.0
2024-06-18 00:33:04.179000+00:00,55.09999847412109,0.0,0.0
2024-06-18 00:34:03.836000+00:00,55.09999847412109,0.0,0.0
2024-06-18 00:35:04.118000+00:00,55.09999847412109,0.0,0.0
2024-06-18 00:36:04.456000+00:00,55.09999847412109,0.0,0.0
2024-06-18 00:37:04.448000+00:00,55.09999847412109,0.0,0.0
2024-06-18 00:38:04.522000+00:00,55.09000015258789,0.0,0.0
2024-06-18 00:39:04.425000+00:00,55.09999847412109,0.0,0.0
2024-06-18 00:40:04.211000+00:00,55.09999847412109,0.0,0.0
2024-06-18 00:41:04.210000+00:00,55.09999847412109,0.0,0.0
2024-06-18 00:42:04.806000+00:00,55.20000076293945,0.0,0.0
2024-06-18 00:43:04.508000+00:00,55.20000076293945,0.0,0.0
2024-06-18 00:44:04.605000+00:00,55.20000076293945,0.0,0.0
2024-06-18 00:45:04.610000+00:00,55.20000076293945,0.0,0.0
2024-06-18 00:46:04.318000+00:00,55.29999923706055,0.0,0.0
2024-06-18 00:47:03.998000+00:00,55.29999923706055,0.0,0.0
2024-06-18 00:48:03.855000+00:00,55.29999923706055,0.0,0.0
2024-06-18 00:49:04.207000+00:00,55.29999923706055,0.0,0.0
2024-06-18 00:50:04.323000+00:00,55.20000076293945,0.0,0.0
2024-06-18 00:51:05.035000+00:00,55.20000076293945,0.0,0.0
2024-06-18 00:52:04.775000+00:00,55.20000076293945,0.0,0.0
2024-06-18 00:53:04.514000+00:00,55.20000076293945,0.0,0.0
2024-06-18 00:54:04.394000+00:00,55.20000076293945,0.0,0.0
2024-06-18 00:55:04.422000+00:00,55.20000076293945,0.0,0.0
2024-06-18 00:56:04.558000+00:00,55.20000076293945,0.0,0.0
2024-06-18 00:57:04.474000+00:00,55.20000076293945,0.0,0.0
2024-06-18 00:58:04.225000+00:00,55.20000076293945,0.0,0.0
2024-06-18 00:59:04.268000+00:00,55.18999862670898,0.0,0.0
2024-06-18 01:00:05.631000+00:00,55.11000061035156,0.0,0.0
2024-06-18 01:01:04.732000+00:00,55.09999847412109,0.0,0.0
2024-06-18 01:02:04.600000+00:00,55.09999847412109,0.0,0.0
2024-06-18 01:03:04.383000+00:00,55.09999847412109,0.0,0.0
2024-06-18 01:04:04.482000+00:00,55.09999847412109,0.0,0.0
2024-06-18 01:05:04.043000+00:00,55.09999847412109,0.0,0.0
2024-06-18 01:06:05.071000+00:00,55.09999847412109,0.0,0.0
2024-06-18 01:07:03.893000+00:00,55.09999847412109,0.0,0.0
2024-06-18 01:08:04.230000+00:00,55.20000076293945,0.0,0.0
2024-06-18 01:09:03.511000+00:00,55.20000076293945,0.0,0.0
2024-06-18 01:10:04.492000+00:00,55.20000076293945,0.0,0.0
2024-06-18 01:11:04.007000+00:00,55.20000076293945,0.0,0.0
2024-06-18 01:12:04.230000+00:00,55.22999954223633,0.0,0.0
2024-06-18 01:13:04.671000+00:00,55.29999923706055,0.0,0.0
2024-06-18 01:14:04.248000+00:00,55.209999084472656,0.0,0.0
2024-06-18 01:15:04.576000+00:00,55.20000076293945,0.0,0.0
2024-06-18 01:16:03.836000+00:00,55.20000076293945,0.0,0.0
2024-06-18 01:17:04.779000+00:00,55.20000076293945,0.0,0.0
2024-06-18 01:18:04.971000+00:00,55.20000076293945,0.0,0.0
2024-06-18 01:19:03.941000+00:00,55.20000076293945,0.0,0.0
2024-06-18 01:20:03.988000+00:00,55.20000076293945,0.0,0.0
2024-06-18 01:21:03.971000+00:00,55.20000076293945,0.0,0.0
2024-06-18 01:22:04.072000+00:00,55.20000076293945,0.0,0.0
2024-06-18 01:23:04.643000+00:00,55.20000076293945,0.0,0.0
2024-06-18 01:24:04.632000+00:00,55.119998931884766,0.0,0.0
2024-06-18 01:25:04.603000+00:00,55.18999862670898,0.0,0.0
2024-06-18 01:26:04.299000+00:00,55.09999847412109,0.0,0.0
2024-06-18 01:27:04.221000+00:00,55.09999847412109,0.0,0.0
2024-06-18 01:28:04.167000+00:00,55.09999847412109,0.0,0.0
2024-06-18 01:29:04.376000+00:00,55.09999847412109,0.0,0.0
2024-06-18 01:30:05.091000+00:00,55.09999847412109,0.0,0.0
2024-06-18 01:31:03.908000+00:00,55.09999847412109,0.0,0.0
2024-06-18 01:32:04.686000+00:00,55.09999847412109,0.0,0.0
2024-06-18 01:33:04.913000+00:00,55.20000076293945,0.0,0.0
2024-06-18 01:34:04.597000+00:00,55.20000076293945,0.0,0.0
2024-06-18 01:35:04.287000+00:00,55.09999847412109,0.0,0.0
2024-06-18 01:36:04.855000+00:00,55.09999847412109,0.0,0.0
2024-06-18 01:37:04.419000+00:00,55.0,0.0,0.0
2024-06-18 01:38:04.372000+00:00,55.0,0.0,0.0
2024-06-18 01:39:05.133000+00:00,54.900001525878906,0.0,0.0
2024-06-18 01:40:04.180000+00:00,54.900001525878906,0.0,0.0
2024-06-18 01:41:04.380000+00:00,54.900001525878906,0.0,0.0
2024-06-18 01:42:04.123000+00:00,54.900001525878906,0.0,0.0
2024-06-18 01:43:04.085000+00:00,54.900001525878906,0.0,0.0
2024-06-18 01:44:04.239000+00:00,54.900001525878906,0.0,0.0
2024-06-18 01:45:04.644000+00:00,54.900001525878906,0.0,0.0
2024-06-18 01:46:04.547000+00:00,54.900001525878906,0.0,0.0
2024-06-18 01:47:04.441000+00:00,54.900001525878906,0.0,0.0
2024-06-18 01:48:04.829000+00:00,55.0,0.0,0.0
2024-06-18 01:49:03.790000+00:00,55.0,0.0,0.0
2024-06-18 01:50:04.304000+00:00,55.09999847412109,0.0,0.0
2024-06-18 01:51:04.097000+00:00,55.09999847412109,0.0,0.0
2024-06-18 01:52:04.397000+00:00,55.20000076293945,0.0,0.0
2024-06-18 01:53:04.262000+00:00,55.20000076293945,0.0,0.0
2024-06-18 01:54:04.407000+00:00,55.20000076293945,0.0,0.0
2024-06-18 01:55:04.314000+00:00,55.29999923706055,0.0,0.0
2024-06-18 01:56:04.693000+00:00,55.29999923706055,0.0,0.0
2024-06-18 01:57:04.336000+00:00,55.29999923706055,0.0,0.0
2024-06-18 01:58:03.845000+00:00,55.400001525878906,0.0,0.0
2024-06-18 01:59:04.279000+00:00,55.369998931884766,0.0,0.0
2024-06-18 02:00:05.827000+00:00,55.33000183105469,0.0,0.0
2024-06-18 02:01:04.624000+00:00,55.5,0.0,0.0
2024-06-18 02:02:03.688000+00:00,56.38999938964844,0.0,0.0
2024-06-18 02:03:04.191000+00:00,57.09999847412109,0.0,0.0
2024-06-18 02:04:03.998000+00:00,57.77999877929688,0.0,0.0
2024-06-18 02:05:04.509000+00:00,58.20000076293945,0.0,0.0
2024-06-18 02:06:05.186000+00:00,58.540000915527344,0.0,0.0
2024-06-18 02:07:03.533000+00:00,58.70000076293945,0.0,0.0
2024-06-18 02:08:04.730000+00:00,58.79999923706055,0.0,0.0
2024-06-18 02:09:04.574000+00:00,58.79999923706055,0.0,0.0
2024-06-18 02:10:04.860000+00:00,58.79999923706055,0.0,0.0
2024-06-18 02:11:04.678000+00:00,58.70000076293945,0.0,0.0
2024-06-18 02:12:04.476000+00:00,58.59999847412109,0.0,0.0
2024-06-18 02:13:04.516000+00:00,58.5,0.0,0.0
2024-06-18 02:14:04.654000+00:00,58.400001525878906,0.0,0.0
2024-06-18 02:15:04.702000+00:00,58.29999923706055,0.0,0.0
2024-06-18 02:16:04.639000+00:00,58.20000076293945,0.0,0.0
2024-06-18 02:17:04.778000+00:00,58.09999847412109,0.0,0.0
2024-06-18 02:18:04.254000+00:00,57.9900016784668,0.0,0.0
2024-06-18 02:19:04.100000+00:00,57.900001525878906,0.0,0.0
2024-06-18 02:20:04.414000+00:00,57.79999923706055,0.0,0.0
2024-06-18 02:21:04.425000+00:00,57.7599983215332,0.0,0.0
2024-06-18 02:22:04.245000+00:00,57.70000076293945,0.0,0.0
2024-06-18 02:23:05.240000+00:00,57.70000076293945,0.0,0.0
2024-06-18 02:24:04.736000+00:00,57.70000076293945,0.0,0.0
2024-06-18 02:25:04.130000+00:00,57.70000076293945,0.0,0.0
2024-06-18 02:26:04.606000+00:00,57.70000076293945,0.0,0.0
2024-06-18 02:27:03.890000+00:00,57.70000076293945,0.0,0.0
2024-06-18 02:28:04.298000+00:00,57.790000915527344,0.0,0.0
2024-06-18 02:29:04.343000+00:00,57.79999923706055,0.0,0.0
2024-06-18 02:30:04.763000+00:00,57.900001525878906,0.0,0.0
2024-06-18 02:31:04.773000+00:00,57.900001525878906,0.0,0.0
2024-06-18 02:32:04.768000+00:00,57.900001525878906,0.0,0.0
2024-06-18 02:33:04.303000+00:00,58.0,0.0,0.0
2024-06-18 02:34:04.299000+00:00,58.0,0.0,0.0
2024-06-18 02:35:04.445000+00:00,58.0,0.0,0.0
2024-06-18 02:36:04.281000+00:00,58.09999847412109,0.0,0.0
2024-06-18 02:37:04.492000+00:00,58.09999847412109,0.0,0.0
2024-06-18 02:38:04.724000+00:00,58.09999847412109,0.0,0.0
2024-06-18 02:39:04.665000+00:00,58.20000076293945,0.0,0.0
2024-06-18 02:40:04.786000+00:00,58.20000076293945,0.0,0.0
2024-06-18 02:41:04.143000+00:00,58.209999084472656,0.0,0.0
2024-06-18 02:42:04.799000+00:00,58.20000076293945,0.0,0.0
2024-06-18 02:43:04.048000+00:00,58.20000076293945,0.0,0.0
2024-06-18 02:44:04.476000+00:00,58.20000076293945,0.0,0.0
2024-06-18 02:45:04.261000+00:00,58.20000076293945,0.0,0.0
2024-06-18 02:46:04.253000+00:00,58.20000076293945,0.0,0.0
2024-06-18 02:47:03.940000+00:00,58.20000076293945,0.0,0.0
2024-06-18 02:48:03.962000+00:00,58.20000076293945,0.0,0.0
2024-06-18 02:49:04.390000+00:00,58.20000076293945,0.0,0.0
2024-06-18 02:50:04.171000+00:00,58.16999816894531,0.0,0.0
2024-06-18 02:51:04.445000+00:00,58.09999847412109,0.0,0.0
2024-06-18 02:52:04.552000+00:00,58.11000061035156,0.0,0.0
2024-06-18 02:53:04.252000+00:00,58.09999847412109,0.0,0.0
2024-06-18 02:54:04.110000+00:00,58.09999847412109,0.0,0.0
2024-06-18 02:55:04.142000+00:00,58.09999847412109,0.0,0.0
2024-06-18 02:56:04.629000+00:00,58.18999862670898,0.0,0.0
2024-06-18 02:57:04.511000+00:00,58.09999847412109,0.0,0.0
2024-06-18 02:58:04.637000+00:00,58.09999847412109,0.0,0.0
2024-06-18 02:59:04.452000+00:00,58.09999847412109,0.0,0.0
2024-06-18 03:00:05.949000+00:00,58.09999847412109,0.0,0.0
2024-06-18 03:01:04.432000+00:00,58.09999847412109,0.0,0.0
2024-06-18 03:02:04.207000+00:00,58.09999847412109,0.0,0.0
2024-06-18 03:03:04.762000+00:00,58.09000015258789,0.0,0.0
2024-06-18 03:04:03.642000+00:00,58.09999847412109,0.0,0.0
2024-06-18 03:05:04.678000+00:00,58.09999847412109,0.0,0.0
2024-06-18 03:06:05.318000+00:00,58.09000015258789,0.0,0.0
2024-06-18 03:07:04.651000+00:00,58.0,0.0,0.0
2024-06-18 03:08:04.540000+00:00,58.040000915527344,0.0,0.0
2024-06-18 03:09:04.274000+00:00,58.0,0.0,0.0
2024-06-18 03:10:04.312000+00:00,58.0,0.0,0.0
2024-06-18 03:11:04.490000+00:00,58.0,0.0,0.0
2024-06-18 03:12:04.318000+00:00,58.0,0.0,0.0
2024-06-18 03:13:04.957000+00:00,58.0,0.0,0.0
2024-06-18 03:14:04.674000+00:00,58.0,0.0,0.0
2024-06-18 03:15:04.029000+00:00,58.0,0.0,0.0
2024-06-18 03:16:03.983000+00:00,58.0,0.0,0.0
2024-06-18 03:17:04.471000+00:00,58.0,0.0,0.0
2024-06-18 03:18:04.665000+00:00,58.0,0.0,0.0
2024-06-18 03:19:04.472000+00:00,58.0,0.0,0.0
2024-06-18 03:20:04.913000+00:00,57.95000076293945,0.0,0.0
2024-06-18 03:21:04.392000+00:00,58.0,0.0,0.0
2024-06-18 03:22:03.989000+00:00,58.0,0.0,0.0
2024-06-18 03:23:04.398000+00:00,58.0,0.0,0.0
2024-06-18 03:24:04.114000+00:00,57.900001525878906,0.0,0.0
2024-06-18 03:25:04.519000+00:00,58.0,0.0,0.0
2024-06-18 03:26:04.844000+00:00,58.0,0.0,0.0
2024-06-18 03:27:04.136000+00:00,58.0,0.0,0.0
2024-06-18 03:28:03.998000+00:00,58.0,0.0,0.0
2024-06-18 03:29:04.107000+00:00,57.9900016784668,0.0,0.0
2024-06-18 03:30:04.174000+00:00,58.0,0.0,0.0
2024-06-18 03:31:04.335000+00:00,58.0,0.0,0.0
2024-06-18 03:32:04.053000+00:00,58.0,0.0,0.0
2024-06-18 03:33:04.175000+00:00,58.02000045776367,0.0,0.0
2024-06-18 03:34:04.169000+00:00,58.0,0.0,0.0
2024-06-18 03:35:04.179000+00:00,58.02999877929688,0.0,0.0
2024-06-18 03:36:04.535000+00:00,58.0099983215332,0.0,0.0
2024-06-18 03:37:04.575000+00:00,58.09999847412109,0.0,0.0
2024-06-18 03:38:04.972000+00:00,58.09999847412109,0.0,0.0
2024-06-18 03:39:04.873000+00:00,58.09999847412109,0.0,0.0
2024-06-18 03:40:04.736000+00:00,58.09999847412109,0.0,0.0
2024-06-18 03:41:03.955000+00:00,58.09999847412109,0.0,0.0
2024-06-18 03:42:04.724000+00:00,58.09999847412109,0.0,0.0
2024-06-18 03:43:04.239000+00:00,58.09999847412109,0.0,0.0
2024-06-18 03:44:04.258000+00:00,58.130001068115234,0.0,0.0
2024-06-18 03:45:03.978000+00:00,58.09999847412109,0.0,0.0
2024-06-18 03:46:04.136000+00:00,58.11000061035156,0.0,0.0
2024-06-18 03:47:03.897000+00:00,58.15999984741211,0.0,0.0
2024-06-18 03:48:04.810000+00:00,58.16999816894531,0.0,0.0
2024-06-18 03:49:04.315000+00:00,58.20000076293945,0.0,0.0
2024-06-18 03:50:04.825000+00:00,58.130001068115234,0.0,0.0
2024-06-18 03:51:04.696000+00:00,58.20000076293945,0.0,0.0
2024-06-18 03:52:04.916000+00:00,58.13999938964844,0.0,0.0
2024-06-18 03:53:03.502000+00:00,58.20000076293945,0.0,0.0
2024-06-18 03:54:04.445000+00:00,58.20000076293945,0.0,0.0
2024-06-18 03:55:04.191000+00:00,58.20000076293945,0.0,0.0
2024-06-18 03:56:04.692000+00:00,58.09999847412109,0.0,0.0
2024-06-18 03:57:04.683000+00:00,58.20000076293945,0.0,0.0
2024-06-18 03:58:04.346000+00:00,58.20000076293945,0.0,0.0
2024-06-18 03:59:04.232000+00:00,58.20000076293945,0.0,0.0
2024-06-18 04:00:05.869000+00:00,58.20000076293945,0.0,0.0
2024-06-18 04:01:04.312000+00:00,58.09999847412109,0.0,0.0
2024-06-18 04:02:04.507000+00:00,58.09999847412109,0.0,0.0
2024-06-18 04:03:04.258000+00:00,58.09999847412109,0.0,0.0
2024-06-18 04:04:04.187000+00:00,58.09999847412109,0.0,0.0
2024-06-18 04:05:04.607000+00:00,58.09999847412109,0.0,0.0
2024-06-18 04:06:04.780000+00:00,58.09999847412109,0.0,0.0
2024-06-18 04:07:03.580000+00:00,58.0,0.0,0.0
2024-06-18 04:08:04.377000+00:00,58.0,0.0,0.0
2024-06-18 04:09:04.497000+00:00,58.0,0.0,0.0
2024-06-18 04:10:04.346000+00:00,57.5,0.0,0.0
2024-06-18 04:11:04.426000+00:00,57.59999847412109,0.0,0.0
2024-06-18 04:12:04.388000+00:00,57.540000915527344,0.0,0.0
2024-06-18 04:13:04.619000+00:00,57.5,0.0,0.0
2024-06-18 04:14:04.790000+00:00,57.54999923706055,0.0,0.0
2024-06-18 04:15:04.714000+00:00,55.130001068115234,0.0,0.0
2024-06-18 04:16:04.691000+00:00,54.70000076293945,0.0,0.0
2024-06-18 04:17:04.668000+00:00,56.18000030517578,0.0,0.0
2024-06-18 04:18:04.282000+00:00,57.400001525878906,0.0,0.0
2024-06-18 04:19:04.561000+00:00,58.20000076293945,0.0,0.0
2024-06-18 04:20:04.887000+00:00,58.70000076293945,0.0,0.0
2024-06-18 04:21:04.483000+00:00,58.900001525878906,0.0,0.0
2024-06-18 04:22:04.368000+00:00,59.0,0.0,0.0
2024-06-18 04:23:04.090000+00:00,59.0,0.0,0.0
2024-06-18 04:24:04.468000+00:00,58.900001525878906,0.0,0.0
2024-06-18 04:25:04.079000+00:00,58.900001525878906,0.0,0.0
2024-06-18 04:26:04.685000+00:00,58.79999923706055,0.0,0.0
2024-06-18 04:27:04.668000+00:00,58.59999847412109,0.0,0.0
2024-06-18 04:28:03.889000+00:00,58.5,0.0,0.0
2024-06-18 04:29:04.810000+00:00,58.38999938964844,0.0,0.0
2024-06-18 04:30:04.804000+00:00,58.20000076293945,0.0,0.0
2024-06-18 04:31:04.417000+00:00,58.09999847412109,0.0,0.0
2024-06-18 04:32:04.514000+00:00,58.0,0.0,0.0
2024-06-18 04:33:04.289000+00:00,56.11000061035156,0.0,0.0
2024-06-18 04:34:04.390000+00:00,55.43999862670898,0.0,0.0
2024-06-18 04:35:04.179000+00:00,55.70000076293945,0.0,0.0
2024-06-18 04:36:04.505000+00:00,56.400001525878906,0.0,0.0
2024-06-18 04:37:04.043000+00:00,57.20000076293945,0.0,0.0
2024-06-18 04:38:03.961000+00:00,57.70000076293945,0.0,0.0
2024-06-18 04:39:04.957000+00:00,58.20000076293945,0.0,0.0
2024-06-18 04:40:04.229000+00:00,58.5,0.0,0.0
2024-06-18 04:41:04.519000+00:00,58.79999923706055,0.0,0.0
2024-06-18 04:42:05.112000+00:00,58.900001525878906,0.0,0.0
2024-06-18 04:43:04.074000+00:00,58.900001525878906,0.0,0.0
2024-06-18 04:44:04.077000+00:00,58.900001525878906,0.0,0.0
2024-06-18 04:45:04.767000+00:00,58.900001525878906,0.0,0.0
2024-06-18 04:46:04.414000+00:00,58.79999923706055,0.0,0.0
2024-06-18 04:47:04.443000+00:00,58.70000076293945,0.0,0.0
2024-06-18 04:48:04.390000+00:00,58.70000076293945,0.0,0.0
2024-06-18 04:49:04.048000+00:00,58.59999847412109,0.0,0.0
2024-06-18 04:50:04.404000+00:00,58.5,0.0,0.0
2024-06-18 04:51:04.381000+00:00,58.400001525878906,0.0,0.0
2024-06-18 04:52:04.862000+00:00,58.220001220703125,0.0,0.0
2024-06-18 04:53:04.230000+00:00,58.09999847412109,0.0,0.0
2024-06-18 04:54:04.361000+00:00,58.09999847412109,0.0,0.0
2024-06-18 04:55:04.577000+00:00,57.900001525878906,0.0,0.0
2024-06-18 04:56:04.078000+00:00,57.900001525878906,0.0,0.0
2024-06-18 04:57:04.174000+00:00,57.79999923706055,0.0,0.0
2024-06-18 04:58:04.567000+00:00,57.70000076293945,0.0,0.0
2024-06-18 04:59:04.058000+00:00,57.0,0.0,0.0
2024-06-18 05:00:06.470000+00:00,56.5,0.0,0.0
2024-06-18 05:01:04.656000+00:00,56.61000061035156,0.0,0.0
2024-06-18 05:02:04.319000+00:00,55.59999847412109,0.0,0.0
2024-06-18 05:03:04.614000+00:00,56.29999923706055,0.0,0.0
2024-06-18 05:04:04.397000+00:00,57.06999969482422,0.0,0.0
2024-06-18 05:05:04.467000+00:00,57.790000915527344,0.0,0.0
2024-06-18 05:06:04.764000+00:00,58.29999923706055,0.0,0.0
2024-06-18 05:07:04.663000+00:00,58.79999923706055,0.0,0.0
2024-06-18 05:08:04.437000+00:00,59.09999847412109,0.0,0.0
2024-06-18 05:09:04.770000+00:00,59.20000076293945,0.0,0.0
2024-06-18 05:10:04.152000+00:00,59.20000076293945,0.0,0.0
2024-06-18 05:11:04.259000+00:00,59.20000076293945,0.0,0.0
2024-06-18 05:12:04.063000+00:00,59.20000076293945,0.0,0.0
2024-06-18 05:13:04.809000+00:00,59.02999877929688,0.0,0.0
2024-06-18 05:14:04.321000+00:00,58.9900016784668,0.0,0.0
2024-06-18 05:15:04.604000+00:00,58.79999923706055,0.0,0.0
2024-06-18 05:16:04.330000+00:00,58.70000076293945,0.0,0.0
2024-06-18 05:17:04.271000+00:00,58.59999847412109,0.0,0.0
2024-06-18 05:18:04.518000+00:00,58.400001525878906,0.0,0.0
2024-06-18 05:19:04.331000+00:00,58.29999923706055,0.0,0.0
2024-06-18 05:20:04.339000+00:00,58.20000076293945,0.0,0.0
2024-06-18 05:21:04.024000+00:00,57.79999923706055,0.0,0.0
2024-06-18 05:22:04.107000+00:00,57.59999847412109,0.0,0.0
2024-06-18 05:23:04.118000+00:00,57.02000045776367,0.0,0.0
2024-06-18 05:24:04.243000+00:00,55.40999984741211,0.0,0.0
2024-06-18 05:25:04.564000+00:00,53.310001373291016,12.489999771118164,2787214.214123688
2024-06-18 05:26:04.744000+00:00,54.70000076293945,12.489999771118164,2859887.745480834
2024-06-18 05:27:04.660000+00:00,56.400001525878906,12.489999771118164,2948769.121740935
2024-06-18 05:28:04.671000+00:00,57.59000015258789,12.489999771118164,3010985.9854008313
2024-06-18 05:29:04.426000+00:00,58.29999923706055,12.489999771118164,3048106.9662539377
2024-06-18 05:30:04.870000+00:00,58.70000076293945,12.489999771118164,3069020.3016484366
2024-06-18 05:31:04.105000+00:00,58.900001525878906,12.489999771118164,3079476.9693456865
2024-06-18 05:32:04.577000+00:00,59.0,12.489999771118164,3084705.2034721375
2024-06-18 05:33:04.579000+00:00,59.0,12.489999771118164,3084705.2034721375
2024-06-18 05:34:03.917000+00:00,59.0,12.489999771118164,3084705.2034721375
2024-06-18 05:35:04.064000+00:00,58.90999984741211,12.489999771118164,3079999.7129805926
2024-06-18 05:36:03.764000+00:00,58.5,12.489999771118164,3058563.633951187
2024-06-18 05:37:03.724000+00:00,58.400001525878906,12.489999771118164,3053335.399824736
2024-06-18 05:38:04.687000+00:00,58.400001525878906,12.489999771118164,3053335.399824736
2024-06-18 05:39:04.648000+00:00,58.29999923706055,12.489999771118164,3048106.9662539377
2024-06-18 05:40:04.117000+00:00,58.290000915527344,12.489999771118164,3047584.2226190316
2024-06-18 05:41:04.234000+00:00,58.20000076293945,12.489999771118164,3042878.7321274863
2024-06-18 05:42:04.392000+00:00,58.09999847412109,12.489999771118164,3037650.2985566873
2024-06-18 05:43:03.733000+00:00,57.93000030517578,12.489999771118164,3028762.260652852
2024-06-18 05:44:03.840000+00:00,57.900001525878906,12.489999771118164,3027193.830303786
2024-06-18 05:45:04.717000+00:00,57.900001525878906,12.489999771118164,3027193.830303786
2024-06-18 05:46:04.405000+00:00,57.79999923706055,12.489999771118164,3021965.3967329874
2024-06-18 05:47:04.211000+00:00,57.70000076293945,12.489999771118164,3016737.162606536
2024-06-18 05:48:04.370000+00:00,57.70000076293945,12.489999771118164,3016737.162606536
2024-06-18 05:49:04.006000+00:00,57.70000076293945,12.489999771118164,3016737.162606536
2024-06-18 05:50:04.574000+00:00,57.70000076293945,12.489999771118164,3016737.162606536
2024-06-18 05:51:04.076000+00:00,57.70000076293945,12.489999771118164,3016737.162606536
2024-06-18 05:52:04.191000+00:00,57.79999923706055,12.489999771118164,3021965.3967329874
2024-06-18 05:53:04.843000+00:00,57.88999938964844,12.489999771118164,3026670.887224532
2024-06-18 05:54:04.595000+00:00,49.91999816894531,12.489999771118164,2609974.205238393
2024-06-18 05:55:05.083000+00:00,52.040000915527344,19.920000076293945,4339361.737761188
2024-06-18 05:56:04.844000+00:00,54.93000030517578,19.920000076293945,4580344.684589919
2024-06-18 05:57:04.163000+00:00,52.65999984741211,19.920000076293945,4391060.423294278
2024-06-18 05:58:04.479000+00:00,56.4900016784668,189.5500030517578,44822348.440430515
2024-06-18 05:59:04.904000+00:00,58.29999923706055,189.5500030517578,46258502.42940345
2024-06-18 06:00:06.334000+00:00,58.79999923706055,189.5500030517578,46655230.585790776
2024-06-18 06:01:04.918000+00:00,59.09999847412109,166.3300018310547,41148810.548584916
2024-06-18 06:02:04.195000+00:00,59.20000076293945,130.61000061035156,32366621.400376484
2024-06-18 06:03:04.903000+00:00,59.29999923706055,107.0199966430664,26565552.020923074
2024-06-18 06:04:03.881000+00:00,59.29999923706055,90.94000244140624,22574018.32759792
2024-06-18 06:05:04.419000+00:00,59.29999923706055,79.08999633789062,19632493.720368404
2024-06-18 06:06:05.055000+00:00,59.29999923706055,69.72000122070312,17306581.736352596
2024-06-18 06:07:04.174000+00:00,59.20000076293945,62.54999923706055,15500590.570698773
2024-06-18 06:08:04.780000+00:00,59.02999877929688,56.540000915527344,13971010.190514749
2024-06-18 06:09:03.784000+00:00,58.900001525878906,51.72999954223633,12754311.059552426
2024-06-18 06:10:04.580000+00:00,58.79999923706055,47.59000015258789,11713650.197570998
2024-06-18 06:11:04.275000+00:00,58.09999847412109,44.11000061035156,10727842.992696436
2024-06-18 06:12:04.398000+00:00,58.0,41.119998931884766,9983442.300674438
2024-06-18 06:13:04.673000+00:00,57.900001525878906,38.43999862670898,9316679.6486852
2024-06-18 06:14:04.233000+00:00,57.79999923706055,0.0,0.0
2024-06-18 06:15:04.336000+00:00,57.70000076293945,0.0,0.0
2024-06-18 06:16:04.245000+00:00,57.59999847412109,0.0,0.0
2024-06-18 06:17:04.642000+00:00,57.5,0.0,0.0
2024-06-18 06:18:04.533000+00:00,57.5,0.0,0.0
2024-06-18 06:19:04.319000+00:00,57.5,0.0,0.0
2024-06-18 06:20:04.696000+00:00,57.59999847412109,0.0,0.0
2024-06-18 06:21:04.845000+00:00,57.70000076293945,0.0,0.0
2024-06-18 06:22:04.130000+00:00,57.70000076293945,0.0,0.0
2024-06-18 06:23:04.762000+00:00,57.79999923706055,0.0,0.0
2024-06-18 06:24:04.510000+00:00,57.900001525878906,0.0,0.0
2024-06-18 06:25:04.671000+00:00,57.9900016784668,0.0,0.0
2024-06-18 06:26:04.708000+00:00,58.150001525878906,0.0,0.0
2024-06-18 06:27:04.424000+00:00,58.290000915527344,0.0,0.0
2024-06-18 06:28:04.457000+00:00,58.400001525878906,0.0,0.0
2024-06-18 06:29:04.209000+00:00,58.5,0.0,0.0
2024-06-18 06:30:04.787000+00:00,58.59999847412109,0.0,0.0
2024-06-18 06:31:04.083000+00:00,58.59999847412109,0.0,0.0
2024-06-18 06:32:04.316000+00:00,58.59999847412109,0.0,0.0
2024-06-18 06:33:04.184000+00:00,58.59999847412109,0.0,0.0
2024-06-18 06:34:04.235000+00:00,58.59999847412109,0.0,0.0
2024-06-18 06:35:04.519000+00:00,58.59999847412109,0.0,0.0
2024-06-18 06:36:04.639000+00:00,58.59999847412109,0.0,0.0
2024-06-18 06:37:03.956000+00:00,58.5,0.0,0.0
2024-06-18 06:38:04.713000+00:00,58.41999816894531,0.0,0.0
2024-06-18 06:39:04.985000+00:00,58.400001525878906,0.0,0.0
2024-06-18 06:40:05.294000+00:00,58.29999923706055,0.0,0.0
2024-06-18 06:41:04.312000+00:00,58.29999923706055,0.0,0.0
2024-06-18 06:42:04.588000+00:00,58.09999847412109,0.0,0.0
2024-06-18 06:43:04.524000+00:00,58.0,0.0,0.0
2024-06-18 06:44:03.795000+00:00,57.900001525878906,0.0,0.0
2024-06-18 06:45:04.387000+00:00,57.79999923706055,0.0,0.0
2024-06-18 06:46:04.627000+00:00,57.70000076293945,0.0,0.0
2024-06-18 06:47:04.549000+00:00,57.70000076293945,0.0,0.0
2024-06-18 06:48:04.744000+00:00,57.59999847412109,0.0,0.0
2024-06-18 06:49:04.010000+00:00,57.59999847412109,0.0,0.0
2024-06-18 06:50:04.769000+00:00,57.400001525878906,0.0,0.0
2024-06-18 06:51:04.533000+00:00,57.29999923706055,0.0,0.0
2024-06-18 06:52:04.310000+00:00,57.400001525878906,0.0,0.0
2024-06-18 06:53:04.412000+00:00,57.5,0.0,0.0
2024-06-18 06:54:04.561000+00:00,57.70000076293945,0.0,0.0
2024-06-18 06:55:04.653000+00:00,57.79999923706055,0.0,0.0
2024-06-18 06:56:04.136000+00:00,57.900001525878906,0.0,0.0
2024-06-18 06:57:04.563000+00:00,58.09999847412109,0.0,0.0
2024-06-18 06:58:04.738000+00:00,58.20000076293945,0.0,0.0
2024-06-18 06:59:04.070000+00:00,58.209999084472656,0.0,0.0
2024-06-18 07:00:05.645000+00:00,58.29999923706055,0.0,0.0
2024-06-18 07:01:04.746000+00:00,58.400001525878906,0.0,0.0
2024-06-18 07:02:04.447000+00:00,58.5,0.0,0.0
2024-06-18 07:03:04.236000+00:00,58.5,0.0,0.0
2024-06-18 07:04:04.376000+00:00,58.59999847412109,0.0,0.0
2024-06-18 07:05:04.524000+00:00,58.59999847412109,0.0,0.0
2024-06-18 07:06:05.432000+00:00,58.59999847412109,0.0,0.0
2024-06-18 07:07:04.280000+00:00,58.5,0.0,0.0
2024-06-18 07:08:04.795000+00:00,58.40999984741211,0.0,0.0
2024-06-18 07:09:03.606000+00:00,58.400001525878906,0.0,0.0
2024-06-18 07:10:04.835000+00:00,58.400001525878906,0.0,0.0
2024-06-18 07:11:04.212000+00:00,58.33000183105469,0.0,0.0
2024-06-18 07:12:04.357000+00:00,58.29999923706055,0.0,0.0
2024-06-18 07:13:04.736000+00:00,58.20000076293945,0.0,0.0
2024-06-18 07:14:04.357000+00:00,58.09999847412109,0.0,0.0
2024-06-18 07:15:04.520000+00:00,58.0,0.0,0.0
2024-06-18 07:16:04.162000+00:00,57.900001525878906,0.0,0.0
2024-06-18 07:17:04.760000+00:00,57.70000076293945,0.0,0.0
2024-06-18 07:18:04.478000+00:00,57.5,0.0,0.0
2024-06-18 07:19:04.331000+00:00,57.29999923706055,0.0,0.0
2024-06-18 07:20:05.010000+00:00,54.70000076293945,0.0,0.0
2024-06-18 07:21:04.557000+00:00,55.29999923706055,0.0,0.0
2024-06-18 07:22:04.225000+00:00,56.5,0.0,0.0
2024-06-18 07:23:04.147000+00:00,57.59999847412109,0.0,0.0
2024-06-18 07:24:04.329000+00:00,58.29999923706055,0.0,0.0
2024-06-18 07:25:04.666000+00:00,58.70000076293945,0.0,0.0
2024-06-18 07:26:05.089000+00:00,59.0,0.0,0.0
2024-06-18 07:27:04.209000+00:00,58.66999816894531,0.0,0.0
2024-06-18 07:28:04.667000+00:00,58.59999847412109,0.0,0.0
2024-06-18 07:29:04.266000+00:00,58.59999847412109,0.0,0.0
2024-06-18 07:30:04.667000+00:00,58.59999847412109,0.0,0.0
2024-06-18 07:31:04.723000+00:00,58.70000076293945,0.0,0.0
2024-06-18 07:32:04.732000+00:00,58.79999923706055,0.0,0.0
2024-06-18 07:33:04.063000+00:00,58.79999923706055,0.0,0.0
2024-06-18 07:34:04.392000+00:00,58.79999923706055,0.0,0.0
2024-06-18 07:35:05.039000+00:00,58.79999923706055,0.0,0.0
2024-06-18 07:36:04.772000+00:00,58.79999923706055,0.0,0.0
2024-06-18 07:37:04.604000+00:00,58.720001220703125,0.0,0.0
2024-06-18 07:38:04.741000+00:00,58.61000061035156,0.0,0.0
2024-06-18 07:39:05.279000+00:00,58.59999847412109,0.0,0.0
2024-06-18 07:40:04.719000+00:00,58.5,0.0,0.0
2024-06-18 07:41:04.426000+00:00,58.400001525878906,0.0,0.0
2024-06-18 07:42:04.601000+00:00,58.29999923706055,0.0,0.0
2024-06-18 07:43:04.172000+00:00,58.20000076293945,0.0,0.0
2024-06-18 07:44:04.519000+00:00,58.09999847412109,0.0,0.0
2024-06-18 07:45:04.179000+00:00,58.09999847412109,0.0,0.0
2024-06-18 07:46:04.445000+00:00,57.70000076293945,0.0,0.0
2024-06-18 07:47:04.922000+00:00,57.59999847412109,0.0,0.0
2024-06-18 07:48:04.721000+00:00,57.5,0.0,0.0
2024-06-18 07:49:04.628000+00:00,57.400001525878906,0.0,0.0
2024-06-18 07:50:04.392000+00:00,57.400001525878906,0.0,0.0
2024-06-18 07:51:04.723000+00:00,57.400001525878906,0.0,0.0
2024-06-18 07:52:05.398000+00:00,57.5,0.0,0.0
2024-06-18 07:53:04.053000+00:00,57.59999847412109,0.0,0.0
2024-06-18 07:54:04.197000+00:00,57.70000076293945,0.0,0.0
2024-06-18 07:55:04.688000+00:00,57.79999923706055,0.0,0.0
2024-06-18 07:56:04.600000+00:00,57.900001525878906,0.0,0.0
2024-06-18 07:57:04.743000+00:00,57.90999984741211,0.0,0.0
2024-06-18 07:58:04.221000+00:00,58.09999847412109,0.0,0.0
2024-06-18 07:59:04.796000+00:00,58.20000076293945,0.0,0.0
2024-06-18 08:00:07.573000+00:00,58.29999923706055,0.0,0.0
2024-06-18 08:01:04.628000+00:00,58.400001525878906,0.0,0.0
2024-06-18 08:02:04.887000+00:00,58.5,0.0,0.0
2024-06-18 08:03:04.478000+00:00,58.59999847412109,0.0,0.0
2024-06-18 08:04:04.723000+00:00,58.59999847412109,0.0,0.0
2024-06-18 08:05:04.292000+00:00,58.59999847412109,0.0,0.0
2024-06-18 08:06:05.760000+00:00,58.5,0.0,0.0
2024-06-18 08:07:04.274000+00:00,58.400001525878906,0.0,0.0
2024-06-18 08:08:04.151000+00:00,57.09999847412109,0.0,0.0
2024-06-18 08:09:04.252000+00:00,56.63999938964844,0.0,0.0
2024-06-18 08:10:04.991000+00:00,56.790000915527344,0.0,0.0
2024-06-18 08:11:04.415000+00:00,56.70000076293945,0.0,0.0
2024-06-18 08:12:04.964000+00:00,56.72999954223633,0.0,0.0
2024-06-18 08:13:04.641000+00:00,56.900001525878906,0.0,0.0
2024-06-18 08:14:04.552000+00:00,57.0,0.0,0.0
2024-06-18 08:15:04.920000+00:00,57.20000076293945,0.0,0.0
2024-06-18 08:16:04.082000+00:00,57.5,0.0,0.0
2024-06-18 08:17:04.825000+00:00,57.70000076293945,0.0,0.0
2024-06-18 08:18:05.265000+00:00,57.900001525878906,0.0,0.0
2024-06-18 08:19:04.091000+00:00,58.09999847412109,0.0,0.0
2024-06-18 08:20:04.767000+00:00,58.29999923706055,0.0,0.0
2024-06-18 08:21:04.439000+00:00,58.400001525878906,0.0,0.0
2024-06-18 08:22:04.152000+00:00,58.5,0.0,0.0
2024-06-18 08:23:04.657000+00:00,58.59999847412109,0.0,0.0
2024-06-18 08:24:04.174000+00:00,58.70000076293945,0.0,0.0
2024-06-18 08:25:04.262000+00:00,58.7599983215332,0.0,0.0
2024-06-18 08:26:05.140000+00:00,58.7400016784668,0.0,0.0
2024-06-18 08:27:04.171000+00:00,58.79999923706055,0.0,0.0
2024-06-18 08:28:04.746000+00:00,58.79999923706055,0.0,0.0
2024-06-18 08:29:03.890000+00:00,58.70000076293945,0.0,0.0
2024-06-18 08:30:05+00:00,58.70000076293945,0.0,0.0
2024-06-18 08:31:04.295000+00:00,58.70000076293945,0.0,0.0
2024-06-18 08:32:04.381000+00:00,58.59999847412109,0.0,0.0
2024-06-18 08:33:04.179000+00:00,58.59999847412109,0.0,0.0
2024-06-18 08:34:04.592000+00:00,58.59999847412109,0.0,0.0
2024-06-18 08:35:05.221000+00:00,58.5,0.0,0.0
2024-06-18 08:36:04.571000+00:00,58.5,0.0,0.0
2024-06-18 08:37:04.561000+00:00,58.5,0.0,0.0
2024-06-18 08:38:04.686000+00:00,58.5,0.0,0.0
2024-06-18 08:39:04.803000+00:00,58.400001525878906,0.0,0.0
2024-06-18 08:40:04.255000+00:00,58.400001525878906,0.0,0.0
2024-06-18 08:41:04.204000+00:00,58.400001525878906,0.0,0.0
2024-06-18 08:42:04.569000+00:00,58.400001525878906,0.0,0.0
2024-06-18 08:43:04.938000+00:00,58.310001373291016,0.0,0.0
2024-06-18 08:44:04.280000+00:00,58.400001525878906,0.0,0.0
2024-06-18 08:45:04.693000+00:00,58.400001525878906,0.0,0.0
2024-06-18 08:46:04.622000+00:00,58.400001525878906,0.0,0.0
2024-06-18 08:47:04.096000+00:00,58.29999923706055,0.0,0.0
2024-06-18 08:48:04.406000+00:00,58.29999923706055,0.0,0.0
2024-06-18 08:49:04.327000+00:00,58.20000076293945,0.0,0.0
2024-06-18 08:50:04.681000+00:00,58.20000076293945,0.0,0.0
2024-06-18 08:51:03.975000+00:00,58.20000076293945,0.0,0.0
2024-06-18 08:52:05.205000+00:00,58.20000076293945,0.0,0.0
2024-06-18 08:53:04.723000+00:00,58.20000076293945,0.0,0.0
2024-06-18 08:54:04.792000+00:00,58.150001525878906,0.0,0.0
2024-06-18 08:55:04.716000+00:00,58.09999847412109,0.0,0.0
2024-06-18 08:56:04.912000+00:00,58.09999847412109,0.0,0.0
2024-06-18 08:57:04.224000+00:00,58.09999847412109,0.0,0.0
2024-06-18 08:58:04.723000+00:00,58.09999847412109,0.0,0.0
2024-06-18 08:59:04.661000+00:00,58.09999847412109,0.0,0.0
2024-06-18 09:00:08.172000+00:00,58.09999847412109,0.0,0.0
2024-06-18 09:01:04.683000+00:00,58.09999847412109,0.0,0.0
2024-06-18 09:02:04.595000+00:00,58.09999847412109,0.0,0.0
2024-06-18 09:03:04.072000+00:00,58.09999847412109,0.0,0.0
2024-06-18 09:04:03.905000+00:00,58.09999847412109,0.0,0.0
2024-06-18 09:05:04.767000+00:00,58.18999862670898,0.0,0.0
2024-06-18 09:06:06.107000+00:00,58.20000076293945,0.0,0.0
2024-06-18 09:07:04.339000+00:00,58.20000076293945,0.0,0.0
2024-06-18 09:08:04.787000+00:00,58.20000076293945,0.0,0.0
2024-06-18 09:09:04.912000+00:00,58.20000076293945,0.0,0.0
2024-06-18 09:10:04.788000+00:00,58.20000076293945,0.0,0.0
2024-06-18 09:11:04.563000+00:00,58.20000076293945,0.0,0.0
2024-06-18 09:12:04.016000+00:00,58.29999923706055,0.0,0.0
2024-06-18 09:13:04.605000+00:00,58.29999923706055,0.0,0.0
2024-06-18 09:14:04.240000+00:00,58.400001525878906,0.0,0.0
2024-06-18 09:15:04.695000+00:00,58.400001525878906,0.0,0.0
2024-06-18 09:16:03.806000+00:00,58.400001525878906,0.0,0.0
2024-06-18 09:17:05.066000+00:00,58.43999862670898,0.0,0.0
2024-06-18 09:18:04.892000+00:00,58.4900016784668,0.0,0.0
2024-06-18 09:19:04.814000+00:00,58.5,0.0,0.0
2024-06-18 09:20:04.773000+00:00,58.5,0.0,0.0
2024-06-18 09:21:04.990000+00:00,58.5,0.0,0.0
2024-06-18 09:22:04.483000+00:00,58.5,0.0,0.0
2024-06-18 09:23:04.760000+00:00,58.5,0.0,0.0
2024-06-18 09:24:04.629000+00:00,58.5,0.0,0.0
2024-06-18 09:25:04.804000+00:00,58.41999816894531,0.0,0.0
2024-06-18 09:26:05.176000+00:00,58.400001525878906,0.0,0.0
2024-06-18 09:27:04.509000+00:00,58.400001525878906,0.0,0.0
2024-06-18 09:28:04.669000+00:00,58.400001525878906,0.0,0.0
2024-06-18 09:29:04.570000+00:00,58.29999923706055,0.0,0.0
2024-06-18 09:30:05.520000+00:00,58.20000076293945,0.0,0.0
2024-06-18 09:31:04.826000+00:00,58.20000076293945,0.0,0.0
2024-06-18 09:32:04.632000+00:00,58.09999847412109,0.0,0.0
2024-06-18 09:33:03.839000+00:00,58.09999847412109,0.0,0.0
2024-06-18 09:34:04.253000+00:00,58.09999847412109,0.0,0.0
2024-06-18 09:35:04.738000+00:00,58.09999847412109,0.0,0.0
2024-06-18 09:36:04.074000+00:00,58.09999847412109,0.0,0.0
2024-06-18 09:37:05.144000+00:00,58.02999877929688,0.0,0.0
2024-06-18 09:38:04.451000+00:00,58.09999847412109,0.0,0.0
2024-06-18 09:39:05.017000+00:00,58.09999847412109,0.0,0.0
2024-06-18 09:40:04.943000+00:00,58.09999847412109,0.0,0.0
2024-06-18 09:41:04.353000+00:00,58.09999847412109,0.0,0.0
2024-06-18 09:42:05.004000+00:00,58.09999847412109,0.0,0.0
2024-06-18 09:43:04.556000+00:00,57.9900016784668,0.0,0.0
2024-06-18 09:44:04.543000+00:00,58.0,0.0,0.0
2024-06-18 09:45:03.996000+00:00,58.09999847412109,0.0,0.0
2024-06-18 09:46:04.234000+00:00,58.20000076293945,0.0,0.0
2024-06-18 09:47:04.167000+00:00,58.29999923706055,0.0,0.0
2024-06-18 09:48:04.491000+00:00,58.400001525878906,0.0,0.0
2024-06-18 09:49:04.243000+00:00,58.5,0.0,0.0
2024-06-18 09:50:04.471000+00:00,58.61000061035156,0.0,0.0
2024-06-18 09:51:04.102000+00:00,58.70000076293945,0.0,0.0
2024-06-18 09:52:05.047000+00:00,58.79999923706055,0.0,0.0
2024-06-18 09:53:03.609000+00:00,58.70000076293945,0.0,0.0
2024-06-18 09:54:05.102000+00:00,58.70000076293945,0.0,0.0
2024-06-18 09:55:04.494000+00:00,58.59999847412109,0.0,0.0
2024-06-18 09:56:04.812000+00:00,58.59999847412109,0.0,0.0
2024-06-18 09:57:04.255000+00:00,58.5,0.0,0.0
2024-06-18 09:58:04.419000+00:00,58.400001525878906,0.0,0.0
2024-06-18 09:59:04.550000+00:00,58.400001525878906,0.0,0.0
2024-06-18 10:00:07.074000+00:00,58.29999923706055,0.0,0.0
2024-06-18 10:01:04.986000+00:00,58.29999923706055,0.0,0.0
2024-06-18 10:02:04.388000+00:00,58.20000076293945,0.0,0.0
2024-06-18 10:03:04.896000+00:00,58.20000076293945,0.0,0.0
2024-06-18 10:04:03.867000+00:00,58.09999847412109,0.0,0.0
2024-06-18 10:05:04.964000+00:00,58.119998931884766,0.0,0.0
2024-06-18 10:06:05.781000+00:00,58.09999847412109,0.0,0.0
2024-06-18 10:07:04.310000+00:00,58.09999847412109,0.0,0.0
2024-06-18 10:08:04.054000+00:00,58.09999847412109,0.0,0.0
2024-06-18 10:09:05.482000+00:00,58.09999847412109,0.0,0.0
2024-06-18 10:10:05.036000+00:00,58.11000061035156,0.0,0.0
2024-06-18 10:11:04.777000+00:00,58.18999862670898,0.0,0.0
2024-06-18 10:12:04.925000+00:00,58.20000076293945,0.0,0.0
2024-06-18 10:13:05.175000+00:00,58.20000076293945,0.0,0.0
2024-06-18 10:14:05.225000+00:00,58.20000076293945,0.0,0.0
2024-06-18 10:15:04.577000+00:00,58.20000076293945,0.0,0.0
2024-06-18 10:16:04.423000+00:00,58.29999923706055,0.0,0.0
2024-06-18 10:17:05.217000+00:00,58.29999923706055,0.0,0.0
2024-06-18 10:18:05.224000+00:00,58.29999923706055,0.0,0.0
2024-06-18 10:19:04.581000+00:00,58.400001525878906,0.0,0.0
2024-06-18 10:20:05.059000+00:00,58.400001525878906,0.0,0.0
2024-06-18 10:21:04.225000+00:00,58.400001525878906,0.0,0.0
2024-06-18 10:22:04.756000+00:00,58.5,0.0,0.0
2024-06-18 10:23:05.148000+00:00,58.5,0.0,0.0
2024-06-18 10:24:05.740000+00:00,58.5,0.0,0.0
2024-06-18 10:25:04.877000+00:00,58.5,0.0,0.0
2024-06-18 10:26:05.009000+00:00,58.5,0.0,0.0
2024-06-18 10:27:04.891000+00:00,58.5,0.0,0.0
2024-06-18 10:28:04.346000+00:00,58.5,0.0,0.0
2024-06-18 10:29:04.574000+00:00,58.400001525878906,0.0,0.0
2024-06-18 10:30:05.346000+00:00,58.400001525878906,0.0,0.0
2024-06-18 10:31:04.712000+00:00,58.400001525878906,0.0,0.0
2024-06-18 10:32:04.360000+00:00,58.29999923706055,0.0,0.0
2024-06-18 10:33:04.647000+00:00,58.29999923706055,0.0,0.0
2024-06-18 10:34:04.942000+00:00,58.29999923706055,0.0,0.0
2024-06-18 10:35:04.963000+00:00,58.2400016784668,0.0,0.0
2024-06-18 10:36:04.500000+00:00,58.20000076293945,0.0,0.0
2024-06-18 10:37:05.055000+00:00,58.290000915527344,0.0,0.0
2024-06-18 10:38:04.485000+00:00,58.20000076293945,0.0,0.0
2024-06-18 10:39:06.416000+00:00,58.29999923706055,0.0,0.0
2024-06-18 10:40:04.800000+00:00,58.27999877929688,0.0,0.0
2024-06-18 10:41:04.707000+00:00,58.29999923706055,0.0,0.0
2024-06-18 10:42:05.010000+00:00,58.29999923706055,0.0,0.0
2024-06-18 10:43:04.528000+00:00,58.29999923706055,0.0,0.0
2024-06-18 10:44:04.171000+00:00,58.290000915527344,0.0,0.0
2024-06-18 10:45:04.896000+00:00,58.29999923706055,0.0,0.0
2024-06-18 10:46:04.689000+00:00,58.29999923706055,0.0,0.0
2024-06-18 10:47:04.746000+00:00,58.29999923706055,0.0,0.0
2024-06-18 10:48:04.452000+00:00,57.400001525878906,0.0,0.0
2024-06-18 10:49:04.804000+00:00,53.4900016784668,0.0,0.0
2024-06-18 10:50:04.632000+00:00,54.29999923706055,0.0,0.0
2024-06-18 10:51:04.392000+00:00,56.900001525878906,0.0,0.0
2024-06-18 10:52:04.912000+00:00,58.540000915527344,0.0,0.0
2024-06-18 10:53:04.576000+00:00,59.20000076293945,0.0,0.0
2024-06-18 10:54:05.154000+00:00,59.5,0.0,0.0
2024-06-18 10:55:04.501000+00:00,59.5,0.0,0.0
2024-06-18 10:56:04.761000+00:00,59.5,0.0,0.0
2024-06-18 10:57:04.515000+00:00,59.400001525878906,0.0,0.0
2024-06-18 10:58:04.633000+00:00,59.20000076293945,0.0,0.0
2024-06-18 10:59:04.430000+00:00,58.29999923706055,0.0,0.0
2024-06-18 11:00:06.381000+00:00,58.09999847412109,0.0,0.0
2024-06-18 11:01:05.128000+00:00,57.900001525878906,0.0,0.0
2024-06-18 11:02:04.900000+00:00,57.79999923706055,0.0,0.0
2024-06-18 11:03:04.984000+00:00,57.77000045776367,0.0,0.0
2024-06-18 11:04:04.686000+00:00,57.79999923706055,0.0,0.0
2024-06-18 11:05:04.858000+00:00,57.900001525878906,0.0,0.0
2024-06-18 11:06:05.253000+00:00,58.0,0.0,0.0
2024-06-18 11:07:04.643000+00:00,58.20000076293945,0.0,0.0
2024-06-18 11:08:04.550000+00:00,58.34999847412109,0.0,0.0
2024-06-18 11:09:04.363000+00:00,58.5,0.0,0.0
2024-06-18 11:10:04.518000+00:00,58.59999847412109,0.0,0.0
2024-06-18 11:11:04.580000+00:00,58.09999847412109,0.0,0.0
2024-06-18 11:12:04.399000+00:00,58.09000015258789,0.0,0.0
2024-06-18 11:13:04.866000+00:00,58.09999847412109,0.0,0.0
2024-06-18 11:14:05.283000+00:00,58.09999847412109,0.0,0.0
2024-06-18 11:15:04.686000+00:00,58.20000076293945,0.0,0.0
2024-06-18 11:16:04.940000+00:00,58.20000076293945,0.0,0.0
2024-06-18 11:17:04.936000+00:00,58.5,0.0,0.0
2024-06-18 11:18:04.797000+00:00,58.79999923706055,0.0,0.0
2024-06-18 11:19:05.216000+00:00,56.560001373291016,0.0,0.0
2024-06-18 11:20:05.051000+00:00,54.72999954223633,0.0,0.0
2024-06-18 11:21:04.924000+00:00,56.09999847412109,0.0,0.0
2024-06-18 11:22:04.433000+00:00,57.70000076293945,0.0,0.0
2024-06-18 11:23:04.560000+00:00,58.70000076293945,0.0,0.0
2024-06-18 11:24:04.862000+00:00,59.20000076293945,0.0,0.0
2024-06-18 11:25:05.262000+00:00,59.400001525878906,0.0,0.0
2024-06-18 11:26:04.878000+00:00,55.720001220703125,0.0,0.0
2024-06-18 11:27:04.284000+00:00,55.40999984741211,0.0,0.0
2024-06-18 11:28:04.676000+00:00,55.34000015258789,0.0,0.0
2024-06-18 11:29:05.183000+00:00,57.0,0.0,0.0
2024-06-18 11:30:05.128000+00:00,57.619998931884766,0.0,0.0
2024-06-18 11:31:04.472000+00:00,57.79999923706055,0.0,0.0
2024-06-18 11:32:04.440000+00:00,58.5,0.0,0.0
2024-06-18 11:33:04.352000+00:00,58.79999923706055,0.0,0.0
2024-06-18 11:34:04.573000+00:00,59.0,0.0,0.0
2024-06-18 11:35:04.842000+00:00,59.0,0.0,0.0
2024-06-18 11:36:04.665000+00:00,58.900001525878906,0.0,0.0
2024-06-18 11:37:04.677000+00:00,58.79999923706055,0.0,0.0
2024-06-18 11:38:04.655000+00:00,58.70000076293945,0.0,0.0
2024-06-18 11:39:05.421000+00:00,58.59999847412109,0.0,0.0
2024-06-18 11:40:04.690000+00:00,58.5,0.0,0.0
2024-06-18 11:41:04.670000+00:00,58.400001525878906,0.0,0.0
2024-06-18 11:42:04.671000+00:00,58.38999938964844,0.0,0.0
2024-06-18 11:43:04.867000+00:00,58.29999923706055,0.0,0.0
2024-06-18 11:44:04.900000+00:00,58.27000045776367,0.0,0.0
2024-06-18 11:45:04.094000+00:00,58.20000076293945,0.0,0.0
2024-06-18 11:46:04.441000+00:00,58.20000076293945,0.0,0.0
2024-06-18 11:47:04.549000+00:00,58.11000061035156,0.0,0.0
2024-06-18 11:48:04.412000+00:00,58.150001525878906,0.0,0.0
2024-06-18 11:49:04.145000+00:00,58.09999847412109,0.0,0.0
2024-06-18 11:50:04.496000+00:00,58.20000076293945,0.0,0.0
2024-06-18 11:51:04.601000+00:00,58.20000076293945,0.0,0.0
2024-06-18 11:52:04.493000+00:00,58.20000076293945,0.0,0.0
2024-06-18 11:53:04.859000+00:00,58.290000915527344,0.0,0.0
2024-06-18 11:54:04.316000+00:00,58.29999923706055,0.0,0.0
2024-06-18 11:55:04.558000+00:00,58.29999923706055,0.0,0.0
2024-06-18 11:56:04.981000+00:00,58.31999969482422,0.0,0.0
2024-06-18 11:57:04.681000+00:00,58.400001525878906,0.0,0.0
2024-06-18 11:58:04.527000+00:00,58.400001525878906,0.0,0.0
2024-06-18 11:59:04.601000+00:00,58.5,0.0,0.0
2024-06-18 12:00:06.599000+00:00,58.59999847412109,0.0,0.0
2024-06-18 12:01:05.087000+00:00,58.59999847412109,0.0,0.0
2024-06-18 12:02:04.082000+00:00,58.59999847412109,0.0,0.0
2024-06-18 12:03:04.267000+00:00,58.59999847412109,0.0,0.0
2024-06-18 12:04:04.375000+00:00,58.59999847412109,0.0,0.0
2024-06-18 12:05:04.615000+00:00,58.59999847412109,0.0,0.0
2024-06-18 12:06:05.385000+00:00,58.59999847412109,0.0,0.0
2024-06-18 12:07:04.073000+00:00,58.59999847412109,0.0,0.0
2024-06-18 12:08:04.399000+00:00,58.59999847412109,0.0,0.0
2024-06-18 12:09:04.817000+00:00,58.59999847412109,0.0,0.0
2024-06-18 12:10:04.335000+00:00,58.59999847412109,0.0,0.0
2024-06-18 12:11:04.332000+00:00,58.59999847412109,0.0,0.0
2024-06-18 12:12:04.805000+00:00,58.59999847412109,0.0,0.0
2024-06-18 12:13:04.931000+00:00,58.5,0.0,0.0
2024-06-18 12:14:04.414000+00:00,58.5,0.0,0.0
2024-06-18 12:15:05.040000+00:00,58.5,0.0,0.0
2024-06-18 12:16:04.442000+00:00,58.47999954223633,0.0,0.0
2024-06-18 12:17:04.637000+00:00,58.400001525878906,0.0,0.0
2024-06-18 12:18:04.641000+00:00,58.400001525878906,0.0,0.0
2024-06-18 12:19:04.465000+00:00,58.29999923706055,0.0,0.0
2024-06-18 12:20:04.637000+00:00,58.29999923706055,0.0,0.0
2024-06-18 12:21:04.147000+00:00,58.29999923706055,0.0,0.0
2024-06-18 12:22:04.233000+00:00,58.29999923706055,0.0,0.0
2024-06-18 12:23:04.321000+00:00,58.29999923706055,0.0,0.0
2024-06-18 12:24:04.724000+00:00,58.29999923706055,0.0,0.0
2024-06-18 12:25:04.282000+00:00,58.29999923706055,0.0,0.0
2024-06-18 12:26:05.111000+00:00,58.400001525878906,0.0,0.0
2024-06-18 12:27:04.254000+00:00,58.400001525878906,0.0,0.0
2024-06-18 12:28:05.046000+00:00,58.400001525878906,0.0,0.0
2024-06-18 12:29:04.573000+00:00,58.400001525878906,0.0,0.0
2024-06-18 12:30:05.067000+00:00,58.40999984741211,0.0,0.0
2024-06-18 12:31:04.817000+00:00,58.5,0.0,0.0
2024-06-18 12:32:04.901000+00:00,58.5,0.0,0.0
2024-06-18 12:33:04.589000+00:00,58.5,0.0,0.0
2024-06-18 12:34:04.377000+00:00,58.5,0.0,0.0
2024-06-18 12:35:04.386000+00:00,58.59999847412109,0.0,0.0
2024-06-18 12:36:05.089000+00:00,58.59999847412109,0.0,0.0
2024-06-18 12:37:04.695000+00:00,58.59999847412109,0.0,0.0
2024-06-18 12:38:04.643000+00:00,58.5099983215332,0.0,0.0
2024-06-18 12:39:05.361000+00:00,58.5,0.0,0.0
2024-06-18 12:40:04.888000+00:00,58.400001525878906,0.0,0.0
2024-06-18 12:41:04.520000+00:00,58.400001525878906,0.0,0.0
2024-06-18 12:42:04.553000+00:00,58.29999923706055,0.0,0.0
2024-06-18 12:43:04.497000+00:00,58.29999923706055,0.0,0.0
2024-06-18 12:44:04.584000+00:00,58.20000076293945,0.0,0.0
2024-06-18 12:45:04.282000+00:00,58.20000076293945,0.0,0.0
2024-06-18 12:46:04.494000+00:00,58.20000076293945,0.0,0.0
2024-06-18 12:47:04.474000+00:00,58.20000076293945,0.0,0.0
2024-06-18 12:48:04.677000+00:00,58.20000076293945,0.0,0.0
2024-06-18 12:49:04.431000+00:00,58.20000076293945,0.0,0.0
2024-06-18 12:50:04.655000+00:00,58.20000076293945,0.0,0.0
2024-06-18 12:51:04.684000+00:00,58.29999923706055,0.0,0.0
2024-06-18 12:52:04.999000+00:00,58.29999923706055,0.0,0.0
2024-06-18 12:53:04.272000+00:00,58.400001525878906,0.0,0.0
2024-06-18 12:54:04.782000+00:00,58.400001525878906,0.0,0.0
2024-06-18 12:55:04.888000+00:00,58.5,0.0,0.0
2024-06-18 12:56:04.880000+00:00,58.5,0.0,0.0
2024-06-18 12:57:04.896000+00:00,58.5,0.0,0.0
2024-06-18 12:58:04.862000+00:00,58.5,0.0,0.0
2024-06-18 12:59:03.871000+00:00,58.5,0.0,0.0
2024-06-18 13:00:08.269000+00:00,58.5,0.0,0.0
2024-06-18 13:01:04.362000+00:00,58.5,0.0,0.0
2024-06-18 13:02:04.881000+00:00,58.5,0.0,0.0
2024-06-18 13:03:04.064000+00:00,58.5,0.0,0.0
2024-06-18 13:04:04.167000+00:00,58.400001525878906,0.0,0.0
2024-06-18 13:05:04.718000+00:00,58.40999984741211,0.0,0.0
2024-06-18 13:06:05.633000+00:00,58.43000030517578,0.0,0.0
2024-06-18 13:07:04.565000+00:00,58.45000076293945,0.0,0.0
2024-06-18 13:08:03.963000+00:00,58.400001525878906,0.0,0.0
2024-06-18 13:09:04.176000+00:00,58.5,0.0,0.0
2024-06-18 13:10:04.560000+00:00,58.5,0.0,0.0
2024-06-18 13:11:04.468000+00:00,58.5,0.0,0.0
2024-06-18 13:12:04.743000+00:00,58.5,0.0,0.0
2024-06-18 13:13:04.696000+00:00,58.5,0.0,0.0
2024-06-18 13:14:04.894000+00:00,58.5,0.0,0.0
2024-06-18 13:15:05.235000+00:00,58.5,0.0,0.0
2024-06-18 13:16:04.567000+00:00,58.5,0.0,0.0
2024-06-18 13:17:04.886000+00:00,58.56999969482422,0.0,0.0
2024-06-18 13:18:04.386000+00:00,58.5,0.0,0.0
2024-06-18 13:19:04.672000+00:00,58.5,0.0,0.0
2024-06-18 13:20:04.952000+00:00,58.5,0.0,0.0
2024-06-18 13:21:04.346000+00:00,58.40999984741211,0.0,0.0
2024-06-18 13:22:04.924000+00:00,58.400001525878906,0.0,0.0
2024-06-18 13:23:04.103000+00:00,58.400001525878906,0.0,0.0
2024-06-18 13:24:04.465000+00:00,58.400001525878906,0.0,0.0
2024-06-18 13:25:04.635000+00:00,58.5,0.0,0.0
2024-06-18 13:26:05.268000+00:00,58.5,0.0,0.0
2024-06-18 13:27:04.639000+00:00,58.43000030517578,0.0,0.0
2024-06-18 13:28:05.084000+00:00,58.5,0.0,0.0
2024-06-18 13:29:04.052000+00:00,58.5,0.0,0.0
2024-06-18 13:30:04.627000+00:00,58.400001525878906,0.0,0.0
2024-06-18 13:31:05.288000+00:00,57.84999847412109,0.0,0.0
2024-06-18 13:32:04.761000+00:00,55.52999877929688,0.0,0.0
2024-06-18 13:33:04.715000+00:00,56.09999847412109,0.0,0.0
2024-06-18 13:34:04.869000+00:00,57.15999984741211,0.0,0.0
2024-06-18 13:35:05.309000+00:00,58.09999847412109,0.0,0.0
2024-06-18 13:36:04.651000+00:00,58.79999923706055,0.0,0.0
2024-06-18 13:37:04.552000+00:00,59.0,0.0,0.0
2024-06-18 13:38:04.364000+00:00,58.93999862670898,0.0,0.0
2024-06-18 13:39:05.178000+00:00,51.02999877929688,0.0,0.0
2024-06-18 13:40:04.733000+00:00,48.09999847412109,0.0,0.0
2024-06-18 13:41:04.711000+00:00,49.0,0.0,0.0
2024-06-18 13:42:04.565000+00:00,46.45000076293945,0.0,0.0
2024-06-18 13:43:03.886000+00:00,47.59999847412109,0.0,0.0
2024-06-18 13:44:04.420000+00:00,47.5099983215332,0.0,0.0
2024-06-18 13:45:05.129000+00:00,50.119998931884766,0.0,0.0
2024-06-18 13:46:04.379000+00:00,59.18999862670898,0.0,0.0
2024-06-18 13:47:04.062000+00:00,62.59999847412109,0.0,0.0
2024-06-18 13:48:04.683000+00:00,62.88999938964844,0.0,0.0
2024-06-18 13:49:04.300000+00:00,62.400001525878906,0.0,0.0
2024-06-18 13:50:04.802000+00:00,61.900001525878906,0.0,0.0
2024-06-18 13:51:04.725000+00:00,61.5,0.0,0.0
2024-06-18 13:52:04.615000+00:00,61.220001220703125,0.0,0.0
2024-06-18 13:53:04.578000+00:00,61.0,0.0,0.0
2024-06-18 13:54:05.225000+00:00,60.79999923706055,0.0,0.0
2024-06-18 13:55:04.744000+00:00,60.5,0.0,0.0
2024-06-18 13:56:04.747000+00:00,60.20000076293945,0.0,0.0
2024-06-18 13:57:04.229000+00:00,60.0,0.0,0.0
2024-06-18 13:58:04.327000+00:00,59.72999954223633,0.0,0.0
2024-06-18 13:59:04.647000+00:00,59.5,0.0,0.0
2024-06-18 14:00:06.817000+00:00,59.29999923706055,0.0,0.0
2024-06-18 14:01:05.189000+00:00,59.0099983215332,0.0,0.0
2024-06-18 14:02:04.078000+00:00,58.79999923706055,0.0,0.0
2024-06-18 14:03:04.869000+00:00,58.59999847412109,0.0,0.0
2024-06-18 14:04:04.181000+00:00,58.400001525878906,0.0,0.0
2024-06-18 14:05:04.567000+00:00,58.20000076293945,0.0,0.0
2024-06-18 14:06:05.541000+00:00,58.0,0.0,0.0
2024-06-18 14:07:04.551000+00:00,57.79999923706055,0.0,0.0
2024-06-18 14:08:04.782000+00:00,57.59999847412109,0.0,0.0
2024-06-18 14:09:04.809000+00:00,57.400001525878906,0.0,0.0
2024-06-18 14:10:04.861000+00:00,57.20000076293945,0.0,0.0
2024-06-18 14:11:04.475000+00:00,57.0,0.0,0.0
2024-06-18 14:12:04.817000+00:00,56.88999938964844,0.0,0.0
2024-06-18 14:13:05.097000+00:00,56.70000076293945,0.0,0.0
2024-06-18 14:14:04.863000+00:00,56.70000076293945,0.0,0.0
2024-06-18 14:15:04.704000+00:00,56.79999923706055,0.0,0.0
2024-06-18 14:16:04.780000+00:00,57.0,0.0,0.0
2024-06-18 14:17:05.175000+00:00,57.29999923706055,0.0,0.0
2024-06-18 14:18:04.429000+00:00,57.59999847412109,0.0,0.0
2024-06-18 14:19:04.678000+00:00,58.0,0.0,0.0
2024-06-18 14:20:05.256000+00:00,58.380001068115234,0.0,0.0
2024-06-18 14:21:04.233000+00:00,58.59999847412109,0.0,0.0
2024-06-18 14:22:04.659000+00:00,58.68999862670898,0.0,0.0
2024-06-18 14:23:04.375000+00:00,57.90999984741211,0.0,0.0
2024-06-18 14:24:04.659000+00:00,58.0,0.0,0.0
2024-06-18 14:25:04.724000+00:00,57.380001068115234,0.0,0.0
2024-06-18 14:26:04.542000+00:00,57.7400016784668,0.0,0.0
2024-06-18 14:27:04.294000+00:00,58.13999938964844,0.0,0.0
2024-06-18 14:28:04.507000+00:00,58.400001525878906,0.0,0.0
2024-06-18 14:29:04.941000+00:00,58.5,0.0,0.0
2024-06-18 14:30:05.214000+00:00,58.70000076293945,0.0,0.0
2024-06-18 14:31:04.455000+00:00,58.79999923706055,0.0,0.0
2024-06-18 14:32:04.747000+00:00,58.79999923706055,0.0,0.0
2024-06-18 14:33:04.611000+00:00,58.79999923706055,0.0,0.0
2024-06-18 14:34:04.811000+00:00,58.900001525878906,0.0,0.0
2024-06-18 14:35:04.907000+00:00,58.900001525878906,0.0,0.0
2024-06-18 14:36:04.366000+00:00,58.79999923706055,0.0,0.0
2024-06-18 14:37:04.063000+00:00,58.70000076293945,0.0,0.0
2024-06-18 14:38:04.292000+00:00,58.59999847412109,0.0,0.0
2024-06-18 14:39:04.928000+00:00,58.52000045776367,0.0,0.0
2024-06-18 14:40:05.421000+00:00,58.5,0.0,0.0
2024-06-18 14:41:05.036000+00:00,58.400001525878906,0.0,0.0
2024-06-18 14:42:04.771000+00:00,58.400001525878906,0.0,0.0
2024-06-18 14:43:04.722000+00:00,58.400001525878906,0.0,0.0
2024-06-18 14:44:04.967000+00:00,58.400001525878906,0.0,0.0
2024-06-18 14:45:04.382000+00:00,57.90999984741211,0.0,0.0
2024-06-18 14:46:04.396000+00:00,57.11000061035156,0.0,0.0
2024-06-18 14:47:04.595000+00:00,57.0,0.0,0.0
2024-06-18 14:48:04.530000+00:00,57.0,0.0,0.0
2024-06-18 14:49:04.949000+00:00,57.59999847412109,0.0,0.0
2024-06-18 14:50:04.476000+00:00,58.29999923706055,0.0,0.0
2024-06-18 14:51:04.628000+00:00,58.900001525878906,0.0,0.0
2024-06-18 14:52:05.360000+00:00,59.20000076293945,0.0,0.0
2024-06-18 14:53:04.809000+00:00,59.400001525878906,0.0,0.0
2024-06-18 14:54:05.055000+00:00,59.400001525878906,0.0,0.0
2024-06-18 14:55:04.314000+00:00,59.38999938964844,0.0,0.0
2024-06-18 14:56:04.957000+00:00,59.29999923706055,0.0,0.0
2024-06-18 14:57:04.424000+00:00,51.59999847412109,0.0,0.0
2024-06-18 14:58:04.927000+00:00,53.34999847412109,0.0,0.0
2024-06-18 14:59:04.880000+00:00,57.5099983215332,0.0,0.0
2024-06-18 15:00:06.482000+00:00,59.29999923706055,0.0,0.0
2024-06-18 15:01:05.375000+00:00,59.900001525878906,0.0,0.0
2024-06-18 15:02:04.977000+00:00,60.09999847412109,0.0,0.0
2024-06-18 15:03:04.197000+00:00,60.09000015258789,0.0,0.0
2024-06-18 15:04:04.098000+00:00,59.900001525878906,0.0,0.0
2024-06-18 15:05:05.027000+00:00,59.79999923706055,0.0,0.0
2024-06-18 15:06:06.119000+00:00,59.59999847412109,0.0,0.0
2024-06-18 15:07:04.295000+00:00,59.5,0.0,0.0
2024-06-18 15:08:04.462000+00:00,59.29999923706055,0.0,0.0
2024-06-18 15:09:05.181000+00:00,59.20000076293945,0.0,0.0
2024-06-18 15:10:05.224000+00:00,59.0,0.0,0.0
2024-06-18 15:11:05.228000+00:00,58.900001525878906,0.0,0.0
2024-06-18 15:12:05.163000+00:00,58.79999923706055,0.0,0.0
2024-06-18 15:13:04.629000+00:00,58.59999847412109,0.0,0.0
2024-06-18 15:14:04.667000+00:00,58.5,0.0,0.0
2024-06-18 15:15:04.667000+00:00,58.29999923706055,0.0,0.0
2024-06-18 15:16:04.686000+00:00,58.20000076293945,0.0,0.0
2024-06-18 15:17:05.375000+00:00,58.09999847412109,0.0,0.0
2024-06-18 15:18:04.711000+00:00,57.900001525878906,0.0,0.0
2024-06-18 15:19:04.535000+00:00,57.70000076293945,0.0,0.0
2024-06-18 15:20:05.233000+00:00,57.70000076293945,0.0,0.0
2024-06-18 15:21:04.851000+00:00,57.59999847412109,0.0,0.0
2024-06-18 15:22:04.965000+00:00,57.59999847412109,0.0,0.0
2024-06-18 15:23:04.647000+00:00,57.63999938964844,0.0,0.0
2024-06-18 15:24:04.737000+00:00,57.70000076293945,0.0,0.0
2024-06-18 15:25:05.383000+00:00,57.900001525878906,0.0,0.0
2024-06-18 15:26:04.783000+00:00,58.0,0.0,0.0
2024-06-18 15:27:05.028000+00:00,58.09999847412109,0.0,0.0
2024-06-18 15:28:05.037000+00:00,57.90999984741211,0.0,0.0
2024-06-18 15:29:04.670000+00:00,58.09999847412109,0.0,0.0
2024-06-18 15:30:05.460000+00:00,58.29999923706055,0.0,0.0
2024-06-18 15:31:04.678000+00:00,58.59999847412109,0.0,0.0
2024-06-18 15:32:04.844000+00:00,58.900001525878906,0.0,0.0
2024-06-18 15:33:04.822000+00:00,59.0,0.0,0.0
2024-06-18 15:34:04.687000+00:00,59.02000045776367,0.0,0.0
2024-06-18 15:35:05.212000+00:00,59.09999847412109,0.0,0.0
2024-06-18 15:36:04.306000+00:00,59.09999847412109,0.0,0.0
2024-06-18 15:37:04.486000+00:00,59.0,0.0,0.0
2024-06-18 15:38:04.620000+00:00,58.900001525878906,0.0,0.0
2024-06-18 15:39:05.400000+00:00,58.72999954223633,0.0,0.0
2024-06-18 15:40:05.041000+00:00,58.59999847412109,0.0,0.0
2024-06-18 15:41:05.049000+00:00,58.20000076293945,0.0,0.0
2024-06-18 15:42:04.827000+00:00,58.09999847412109,0.0,0.0
2024-06-18 15:43:04.489000+00:00,58.0,0.0,0.0
2024-06-18 15:44:04.622000+00:00,57.900001525878906,0.0,0.0
2024-06-18 15:45:04.908000+00:00,58.0,0.0,0.0
2024-06-18 15:46:03.999000+00:00,58.09999847412109,0.0,0.0
2024-06-18 15:47:04.809000+00:00,58.130001068115234,0.0,0.0
2024-06-18 15:48:04.558000+00:00,58.20000076293945,0.0,0.0
2024-06-18 15:49:04.548000+00:00,58.29999923706055,0.0,0.0
2024-06-18 15:50:04.623000+00:00,58.400001525878906,0.0,0.0
2024-06-18 15:51:04.463000+00:00,58.5,0.0,0.0
2024-06-18 15:52:04.798000+00:00,58.5,0.0,0.0
2024-06-18 15:53:04.240000+00:00,58.59999847412109,0.0,0.0
2024-06-18 15:54:04.892000+00:00,58.70000076293945,0.0,0.0
2024-06-18 15:55:04.666000+00:00,58.790000915527344,0.0,0.0
2024-06-18 15:56:04.696000+00:00,58.79999923706055,0.0,0.0
2024-06-18 15:57:04.796000+00:00,58.79999923706055,0.0,0.0
2024-06-18 15:58:04.096000+00:00,58.79999923706055,0.0,0.0
2024-06-18 15:59:04.942000+00:00,58.709999084472656,0.0,0.0
2024-06-18 16:00:07.226000+00:00,58.709999084472656,0.0,0.0
2024-06-18 16:01:04.855000+00:00,58.70000076293945,0.0,0.0
2024-06-18 16:02:04.800000+00:00,58.70000076293945,0.0,0.0
2024-06-18 16:03:04.512000+00:00,58.61000061035156,0.0,0.0
2024-06-18 16:04:04.579000+00:00,58.59999847412109,0.0,0.0
2024-06-18 16:05:05.132000+00:00,58.59999847412109,0.0,0.0
2024-06-18 16:06:05.285000+00:00,58.59999847412109,0.0,0.0
2024-06-18 16:07:04.200000+00:00,58.400001525878906,0.0,0.0
2024-06-18 16:08:04.377000+00:00,58.400001525878906,0.0,0.0
2024-06-18 16:09:04.216000+00:00,58.29999923706055,0.0,0.0
2024-06-18 16:10:04.785000+00:00,58.29999923706055,0.0,0.0
2024-06-18 16:11:04.630000+00:00,58.25,0.0,0.0
2024-06-18 16:12:04.519000+00:00,58.20000076293945,0.0,0.0
2024-06-18 16:13:04.997000+00:00,58.20000076293945,0.0,0.0
2024-06-18 16:14:04.839000+00:00,58.09999847412109,0.0,0.0
2024-06-18 16:15:05.213000+00:00,58.09999847412109,0.0,0.0
2024-06-18 16:16:04.716000+00:00,58.09999847412109,0.0,0.0
2024-06-18 16:17:05.226000+00:00,58.09999847412109,0.0,0.0
2024-06-18 16:18:04.367000+00:00,58.09999847412109,0.0,0.0
2024-06-18 16:19:04.666000+00:00,58.09999847412109,0.0,0.0
2024-06-18 16:20:04.388000+00:00,58.09999847412109,0.0,0.0
2024-06-18 16:21:04.137000+00:00,58.09999847412109,0.0,0.0
2024-06-18 16:22:04.439000+00:00,58.20000076293945,0.0,0.0
2024-06-18 16:23:04.721000+00:00,58.29999923706055,0.0,0.0
2024-06-18 16:24:04.991000+00:00,58.310001373291016,0.0,0.0
2024-06-18 16:25:05.022000+00:00,58.400001525878906,0.0,0.0
2024-06-18 16:26:04.886000+00:00,58.5,0.0,0.0
2024-06-18 16:27:04.563000+00:00,58.560001373291016,0.0,0.0
2024-06-18 16:28:04.859000+00:00,58.5,0.0,0.0
2024-06-18 16:29:04.775000+00:00,58.5,0.0,0.0
2024-06-18 16:30:04.614000+00:00,58.5,0.0,0.0
2024-06-18 16:31:04.770000+00:00,58.40999984741211,0.0,0.0
2024-06-18 16:32:04.719000+00:00,58.5,0.0,0.0
2024-06-18 16:33:04.306000+00:00,58.29999923706055,0.0,0.0
2024-06-18 16:34:04.713000+00:00,58.29999923706055,0.0,0.0
2024-06-18 16:35:04.911000+00:00,58.29999923706055,0.0,0.0
2024-06-18 16:36:04.535000+00:00,58.29999923706055,0.0,0.0
2024-06-18 16:37:04.697000+00:00,58.20000076293945,0.0,0.0
2024-06-18 16:38:04.791000+00:00,58.29999923706055,0.0,0.0
2024-06-18 16:39:05.172000+00:00,58.29999923706055,0.0,0.0
2024-06-18 16:40:04.872000+00:00,58.29999923706055,0.0,0.0
2024-06-18 16:41:04.683000+00:00,58.38999938964844,0.0,0.0
2024-06-18 16:42:04.889000+00:00,58.400001525878906,0.0,0.0
2024-06-18 16:43:04.634000+00:00,58.400001525878906,0.0,0.0
2024-06-18 16:44:04.355000+00:00,58.470001220703125,0.0,0.0
2024-06-18 16:45:04.702000+00:00,58.5,0.0,0.0
2024-06-18 16:46:04.463000+00:00,58.59999847412109,0.0,0.0
2024-06-18 16:47:04.728000+00:00,58.59999847412109,0.0,0.0
2024-06-18 16:48:04.515000+00:00,58.59999847412109,0.0,0.0
2024-06-18 16:49:04.040000+00:00,58.68999862670898,0.0,0.0
2024-06-18 16:50:05.287000+00:00,58.70000076293945,0.0,0.0
2024-06-18 16:51:04.194000+00:00,58.70000076293945,0.0,0.0
2024-06-18 16:52:05.013000+00:00,58.70000076293945,0.0,0.0
2024-06-18 16:53:04.556000+00:00,58.70000076293945,0.0,0.0
2024-06-18 16:54:04.605000+00:00,58.59999847412109,0.0,0.0
2024-06-18 16:55:04.946000+00:00,54.5099983215332,0.0,0.0
2024-06-18 16:56:05.198000+00:00,50.09999847412109,0.0,0.0
2024-06-18 16:57:04.831000+00:00,53.11000061035156,0.0,0.0
2024-06-18 16:58:04.948000+00:00,55.400001525878906,0.0,0.0
2024-06-18 16:59:04.803000+00:00,55.56999969482422,0.0,0.0
2024-06-18 17:00:07.366000+00:00,55.400001525878906,0.0,0.0
2024-06-18 17:01:04.702000+00:00,57.70000076293945,0.0,0.0
2024-06-18 17:02:04.729000+00:00,59.900001525878906,0.0,0.0
2024-06-18 17:03:04.819000+00:00,60.70000076293945,0.0,0.0
2024-06-18 17:04:04.727000+00:00,60.79999923706055,0.0,0.0
2024-06-18 17:05:04.300000+00:00,52.41999816894531,0.0,0.0
2024-06-18 17:06:05.064000+00:00,49.18999862670898,0.0,0.0
2024-06-18 17:07:03.986000+00:00,52.540000915527344,0.0,0.0
2024-06-18 17:08:04.908000+00:00,58.4900016784668,0.0,0.0
2024-06-18 17:09:04.645000+00:00,59.97999954223633,0.0,0.0
2024-06-18 17:10:04.905000+00:00,60.20000076293945,0.0,0.0
2024-06-18 17:11:03.985000+00:00,60.310001373291016,0.0,0.0
2024-06-18 17:12:05.231000+00:00,60.20000076293945,0.0,0.0
2024-06-18 17:13:04.653000+00:00,60.09999847412109,0.0,0.0
2024-06-18 17:14:04.995000+00:00,60.06999969482422,0.0,0.0
2024-06-18 17:15:04.499000+00:00,59.900001525878906,0.0,0.0
2024-06-18 17:16:04.668000+00:00,59.70000076293945,0.0,0.0
2024-06-18 17:17:05.038000+00:00,59.59999847412109,0.0,0.0
2024-06-18 17:18:04.656000+00:00,59.400001525878906,0.0,0.0
2024-06-18 17:19:04.352000+00:00,59.29999923706055,0.0,0.0
2024-06-18 17:20:04.428000+00:00,59.09999847412109,0.0,0.0
2024-06-18 17:21:04.220000+00:00,58.900001525878906,0.0,0.0
2024-06-18 17:22:04.832000+00:00,58.79999923706055,0.0,0.0
2024-06-18 17:23:04.275000+00:00,58.59999847412109,0.0,0.0
2024-06-18 17:24:04.644000+00:00,58.47999954223633,0.0,0.0
2024-06-18 17:25:04.340000+00:00,58.29999923706055,0.0,0.0
2024-06-18 17:26:04.944000+00:00,58.130001068115234,0.0,0.0
2024-06-18 17:27:04.649000+00:00,58.0,0.0,0.0
2024-06-18 17:28:05.482000+00:00,57.869998931884766,0.0,0.0
2024-06-18 17:29:05.118000+00:00,57.70000076293945,0.0,0.0
2024-06-18 17:30:04.927000+00:00,57.59999847412109,0.0,0.0
2024-06-18 17:31:05.068000+00:00,57.400001525878906,0.0,0.0
2024-06-18 17:32:05.089000+00:00,57.29999923706055,0.0,0.0
2024-06-18 17:33:04.622000+00:00,57.400001525878906,0.0,0.0
2024-06-18 17:34:04.508000+00:00,57.400001525878906,0.0,0.0
2024-06-18 17:35:04.696000+00:00,57.5,0.0,0.0
2024-06-18 17:36:04.598000+00:00,57.79999923706055,0.0,0.0
2024-06-18 17:37:04.895000+00:00,58.0,0.0,0.0
2024-06-18 17:38:04.565000+00:00,58.29999923706055,0.0,0.0
2024-06-18 17:39:05.093000+00:00,58.5,0.0,0.0
2024-06-18 17:40:06.163000+00:00,58.70000076293945,0.0,0.0
2024-06-18 17:41:04.593000+00:00,58.79999923706055,0.0,0.0
2024-06-18 17:42:05.357000+00:00,58.900001525878906,0.0,0.0
2024-06-18 17:43:04.644000+00:00,58.9900016784668,0.0,0.0
2024-06-18 17:44:04.638000+00:00,58.900001525878906,0.0,0.0
2024-06-18 17:45:05.140000+00:00,58.900001525878906,0.0,0.0
2024-06-18 17:46:03.709000+00:00,58.83000183105469,0.0,0.0
2024-06-18 17:47:04.174000+00:00,58.720001220703125,0.0,0.0
2024-06-18 17:48:04.282000+00:00,58.59999847412109,0.0,0.0
2024-06-18 17:49:04.429000+00:00,58.5,0.0,0.0
2024-06-18 17:50:05.066000+00:00,58.400001525878906,0.0,0.0
2024-06-18 17:51:04.241000+00:00,58.31999969482422,0.0,0.0
2024-06-18 17:52:04.691000+00:00,58.27999877929688,0.0,0.0
2024-06-18 17:53:04.343000+00:00,58.20000076293945,0.0,0.0
2024-06-18 17:54:04.612000+00:00,58.20000076293945,0.0,0.0
2024-06-18 17:55:06.230000+00:00,58.09999847412109,0.0,0.0
2024-06-18 17:56:04.392000+00:00,58.09999847412109,0.0,0.0
2024-06-18 17:57:04.444000+00:00,58.09999847412109,0.0,0.0
2024-06-18 17:58:04.676000+00:00,58.0099983215332,0.0,0.0
2024-06-18 17:59:04.499000+00:00,58.09999847412109,0.0,0.0
2024-06-18 18:00:08.531000+00:00,58.20000076293945,0.0,0.0
2024-06-18 18:01:04.773000+00:00,58.29999923706055,0.0,0.0
2024-06-18 18:02:04.319000+00:00,58.29999923706055,0.0,0.0
2024-06-18 18:03:04.556000+00:00,58.400001525878906,0.0,0.0
2024-06-18 18:04:03.989000+00:00,58.5,0.0,0.0
2024-06-18 18:05:04.736000+00:00,58.5,0.0,0.0
2024-06-18 18:06:05.860000+00:00,58.59999847412109,0.0,0.0
2024-06-18 18:07:04.134000+00:00,58.59999847412109,0.0,0.0
2024-06-18 18:08:04.567000+00:00,58.400001525878906,0.0,0.0
2024-06-18 18:09:04.702000+00:00,58.400001525878906,0.0,0.0
2024-06-18 18:10:05.604000+00:00,58.5,0.0,0.0
2024-06-18 18:11:04.730000+00:00,58.5,0.0,0.0
2024-06-18 18:12:04.960000+00:00,58.5,0.0,0.0
2024-06-18 18:13:05.062000+00:00,58.5,0.0,0.0
2024-06-18 18:14:04.809000+00:00,58.5,0.0,0.0
2024-06-18 18:15:05.180000+00:00,58.59999847412109,0.0,0.0
2024-06-18 18:16:04.955000+00:00,58.59999847412109,0.0,0.0
2024-06-18 18:17:04.846000+00:00,58.5,0.0,0.0
2024-06-18 18:18:05.181000+00:00,58.5,0.0,0.0
2024-06-18 18:19:04.277000+00:00,58.5,0.0,0.0
2024-06-18 18:20:04.528000+00:00,58.5,0.0,0.0
2024-06-18 18:21:04.763000+00:00,58.400001525878906,0.0,0.0
2024-06-18 18:22:04.007000+00:00,58.400001525878906,0.0,0.0
2024-06-18 18:23:04.382000+00:00,58.400001525878906,0.0,0.0
2024-06-18 18:24:04.377000+00:00,58.34999847412109,0.0,0.0
2024-06-18 18:25:04.289000+00:00,58.29999923706055,0.0,0.0
2024-06-18 18:26:04.510000+00:00,58.29999923706055,0.0,0.0
2024-06-18 18:27:04.656000+00:00,58.29999923706055,0.0,0.0
2024-06-18 18:28:05.071000+00:00,58.29999923706055,0.0,0.0
2024-06-18 18:29:04.254000+00:00,58.29999923706055,0.0,0.0
2024-06-18 18:30:05.132000+00:00,58.20000076293945,0.0,0.0
2024-06-18 18:31:04.758000+00:00,58.209999084472656,0.0,0.0
2024-06-18 18:32:04.221000+00:00,58.27000045776367,0.0,0.0
2024-06-18 18:33:04.597000+00:00,58.290000915527344,0.0,0.0
2024-06-18 18:34:04.460000+00:00,58.220001220703125,0.0,0.0
2024-06-18 18:35:05.124000+00:00,58.29999923706055,0.0,0.0
2024-06-18 18:36:04.745000+00:00,58.20000076293945,0.0,0.0
2024-06-18 18:37:04.296000+00:00,58.27999877929688,0.0,0.0
2024-06-18 18:38:04.837000+00:00,58.220001220703125,0.0,0.0
2024-06-18 18:39:04.857000+00:00,58.20000076293945,0.0,0.0
2024-06-18 18:40:04.912000+00:00,58.29999923706055,0.0,0.0
2024-06-18 18:41:04.472000+00:00,58.29999923706055,0.0,0.0
2024-06-18 18:42:04.993000+00:00,58.400001525878906,0.0,0.0
2024-06-18 18:43:04.676000+00:00,58.5,0.0,0.0
2024-06-18 18:44:04.366000+00:00,58.400001525878906,0.0,0.0
2024-06-18 18:45:04.639000+00:00,58.400001525878906,0.0,0.0
2024-06-18 18:46:04.195000+00:00,58.5,0.0,0.0
2024-06-18 18:47:04.520000+00:00,58.400001525878906,0.0,0.0
2024-06-18 18:48:04.608000+00:00,58.400001525878906,0.0,0.0
2024-06-18 18:49:05.109000+00:00,58.400001525878906,0.0,0.0
2024-06-18 18:50:04.536000+00:00,58.400001525878906,0.0,0.0
2024-06-18 18:51:04.236000+00:00,58.369998931884766,0.0,0.0
2024-06-18 18:52:05.125000+00:00,58.31999969482422,0.0,0.0
2024-06-18 18:53:04.348000+00:00,58.400001525878906,0.0,0.0
2024-06-18 18:54:04.464000+00:00,58.29999923706055,0.0,0.0
2024-06-18 18:55:04.678000+00:00,58.29999923706055,0.0,0.0
2024-06-18 18:56:04.907000+00:00,58.29999923706055,0.0,0.0
2024-06-18 18:57:04.549000+00:00,58.29999923706055,0.0,0.0
2024-06-18 18:58:04.745000+00:00,58.29999923706055,0.0,0.0
2024-06-18 18:59:04.857000+00:00,58.29999923706055,0.0,0.0
2024-06-18 19:00:06.993000+00:00,58.29999923706055,0.0,0.0
2024-06-18 19:01:05.748000+00:00,58.29999923706055,0.0,0.0
2024-06-18 19:02:04.430000+00:00,58.20000076293945,0.0,0.0
2024-06-18 19:03:04.409000+00:00,58.20000076293945,0.0,0.0
2024-06-18 19:04:04.789000+00:00,58.29999923706055,0.0,0.0
2024-06-18 19:05:05.069000+00:00,58.29999923706055,0.0,0.0
2024-06-18 19:06:05.012000+00:00,58.29999923706055,0.0,0.0
2024-06-18 19:07:04.729000+00:00,58.400001525878906,0.0,0.0
2024-06-18 19:08:04.779000+00:00,58.400001525878906,0.0,0.0
2024-06-18 19:09:04.831000+00:00,58.400001525878906,0.0,0.0
2024-06-18 19:10:05.042000+00:00,58.29999923706055,0.0,0.0
2024-06-18 19:11:04.109000+00:00,58.29999923706055,0.0,0.0
2024-06-18 19:12:04.593000+00:00,58.29999923706055,0.0,0.0
2024-06-18 19:13:04.947000+00:00,58.29999923706055,0.0,0.0
2024-06-18 19:14:04.751000+00:00,58.29999923706055,0.0,0.0
2024-06-18 19:15:04.766000+00:00,58.29999923706055,0.0,0.0
2024-06-18 19:16:04.892000+00:00,58.20000076293945,0.0,0.0
2024-06-18 19:17:04.986000+00:00,58.20000076293945,0.0,0.0
2024-06-18 19:18:04.997000+00:00,58.20000076293945,0.0,0.0
2024-06-18 19:19:04.734000+00:00,58.20000076293945,0.0,0.0
2024-06-18 19:20:04.686000+00:00,58.20000076293945,0.0,0.0
2024-06-18 19:21:04.736000+00:00,58.27999877929688,0.0,0.0
2024-06-18 19:22:04.584000+00:00,58.29999923706055,0.0,0.0
2024-06-18 19:23:04.996000+00:00,58.400001525878906,0.0,0.0
2024-06-18 19:24:04.751000+00:00,58.400001525878906,0.0,0.0
2024-06-18 19:25:04.285000+00:00,58.400001525878906,0.0,0.0
2024-06-18 19:26:05.022000+00:00,58.400001525878906,0.0,0.0
2024-06-18 19:27:04.477000+00:00,58.400001525878906,0.0,0.0
2024-06-18 19:28:04.789000+00:00,58.5,0.0,0.0
2024-06-18 19:29:04.422000+00:00,58.400001525878906,0.0,0.0
2024-06-18 19:30:05.001000+00:00,58.400001525878906,0.0,0.0
2024-06-18 19:31:04.675000+00:00,56.75,0.0,0.0
2024-06-18 19:32:04.394000+00:00,57.0,0.0,0.0
2024-06-18 19:33:04.318000+00:00,56.81999969482422,0.0,0.0
2024-06-18 19:34:04.495000+00:00,55.59999847412109,0.0,0.0
2024-06-18 19:35:05.143000+00:00,56.5,0.0,0.0
2024-06-18 19:36:05.270000+00:00,57.400001525878906,0.0,0.0
2024-06-18 19:37:04.664000+00:00,58.29999923706055,0.0,0.0
2024-06-18 19:38:05.006000+00:00,59.0,0.0,0.0
2024-06-18 19:39:04.929000+00:00,59.27000045776367,0.0,0.0
2024-06-18 19:40:04.697000+00:00,59.29999923706055,0.0,0.0
2024-06-18 19:41:04.368000+00:00,59.29999923706055,0.0,0.0
2024-06-18 19:42:05.116000+00:00,59.20000076293945,0.0,0.0
2024-06-18 19:43:04.108000+00:00,59.09999847412109,0.0,0.0
2024-06-18 19:44:04.223000+00:00,59.0,0.0,0.0
2024-06-18 19:45:04.535000+00:00,58.79999923706055,0.0,0.0
2024-06-18 19:46:04.391000+00:00,58.59999847412109,0.0,0.0
2024-06-18 19:47:04.450000+00:00,58.40999984741211,0.0,0.0
2024-06-18 19:48:04.694000+00:00,58.29999923706055,0.0,0.0
2024-06-18 19:49:04.044000+00:00,58.20000076293945,0.0,0.0
2024-06-18 19:50:04.353000+00:00,58.09999847412109,0.0,0.0
2024-06-18 19:51:04.098000+00:00,58.0,0.0,0.0
2024-06-18 19:52:04.979000+00:00,57.900001525878906,0.0,0.0
2024-06-18 19:53:04.323000+00:00,57.810001373291016,0.0,0.0
2024-06-18 19:54:04.122000+00:00,57.880001068115234,0.0,0.0
2024-06-18 19:55:04.612000+00:00,57.900001525878906,0.0,0.0
2024-06-18 19:56:05.042000+00:00,57.900001525878906,0.0,0.0
2024-06-18 19:57:04.361000+00:00,58.02999877929688,0.0,0.0
2024-06-18 19:58:04.358000+00:00,58.09999847412109,0.0,0.0
2024-06-18 19:59:04.738000+00:00,58.20000076293945,0.0,0.0
2024-06-18 20:00:06.879000+00:00,58.29999923706055,0.0,0.0
2024-06-18 20:01:04.166000+00:00,58.400001525878906,0.0,0.0
2024-06-18 20:02:04.387000+00:00,58.5,0.0,0.0
2024-06-18 20:03:04.258000+00:00,58.59999847412109,0.0,0.0
2024-06-18 20:04:05.271000+00:00,58.70000076293945,0.0,0.0
2024-06-18 20:05:04.699000+00:00,58.79999923706055,0.0,0.0
2024-06-18 20:06:05.634000+00:00,58.900001525878906,0.0,0.0
2024-06-18 20:07:04.150000+00:00,58.900001525878906,0.0,0.0
2024-06-18 20:08:04.585000+00:00,58.900001525878906,0.0,0.0
2024-06-18 20:09:04.992000+00:00,58.900001525878906,0.0,0.0
2024-06-18 20:10:04.985000+00:00,58.79999923706055,0.0,0.0
2024-06-18 20:11:04.684000+00:00,58.79999923706055,0.0,0.0
2024-06-18 20:12:04.764000+00:00,58.70000076293945,0.0,0.0
2024-06-18 20:13:04.833000+00:00,58.54999923706055,0.0,0.0
2024-06-18 20:14:04.634000+00:00,58.400001525878906,0.0,0.0
2024-06-18 20:15:05.351000+00:00,58.29999923706055,0.0,0.0
2024-06-18 20:16:04.535000+00:00,58.29999923706055,0.0,0.0
2024-06-18 20:17:04.360000+00:00,58.20000076293945,0.0,0.0
2024-06-18 20:18:04.660000+00:00,58.119998931884766,0.0,0.0
2024-06-18 20:19:04.331000+00:00,58.09999847412109,0.0,0.0
2024-06-18 20:20:05.335000+00:00,58.0,0.0,0.0
2024-06-18 20:21:04.808000+00:00,57.900001525878906,0.0,0.0
2024-06-18 20:22:04.424000+00:00,57.900001525878906,0.0,0.0
2024-06-18 20:23:04.665000+00:00,56.27999877929688,0.0,0.0
2024-06-18 20:24:04.950000+00:00,54.310001373291016,0.0,0.0
2024-06-18 20:25:04.651000+00:00,55.79999923706055,0.0,0.0
2024-06-18 20:26:04.902000+00:00,57.5,0.0,0.0
2024-06-18 20:27:04.658000+00:00,58.58000183105469,0.0,0.0
2024-06-18 20:28:04.943000+00:00,59.02999877929688,0.0,0.0
2024-06-18 20:29:04.811000+00:00,59.29999923706055,0.0,0.0
2024-06-18 20:30:05.194000+00:00,59.29999923706055,0.0,0.0
2024-06-18 20:31:04.362000+00:00,59.22999954223633,0.0,0.0
2024-06-18 20:32:04.504000+00:00,59.09999847412109,0.0,0.0
2024-06-18 20:33:04.856000+00:00,58.900001525878906,0.0,0.0
2024-06-18 20:34:04.355000+00:00,58.79999923706055,0.0,0.0
2024-06-18 20:35:04.754000+00:00,58.59999847412109,0.0,0.0
2024-06-18 20:36:05.336000+00:00,58.59999847412109,0.0,0.0
2024-06-18 20:37:04.227000+00:00,58.400001525878906,0.0,0.0
2024-06-18 20:38:04.184000+00:00,58.29999923706055,0.0,0.0
2024-06-18 20:39:05.074000+00:00,58.0,0.0,0.0
2024-06-18 20:40:04.580000+00:00,57.900001525878906,0.0,0.0
2024-06-18 20:41:04.798000+00:00,57.79999923706055,0.0,0.0
2024-06-18 20:42:04.977000+00:00,57.79999923706055,0.0,0.0
2024-06-18 20:43:03.876000+00:00,57.7400016784668,0.0,0.0
2024-06-18 20:44:04.439000+00:00,57.79999923706055,0.0,0.0
2024-06-18 20:45:04.437000+00:00,57.7599983215332,0.0,0.0
2024-06-18 20:46:04.214000+00:00,57.79999923706055,0.0,0.0
2024-06-18 20:47:04.515000+00:00,58.0,0.0,0.0
2024-06-18 20:48:04.705000+00:00,58.09999847412109,0.0,0.0
2024-06-18 20:49:04.586000+00:00,58.29999923706055,0.0,0.0
2024-06-18 20:50:04.527000+00:00,58.400001525878906,0.0,0.0
2024-06-18 20:51:04.666000+00:00,58.5,0.0,0.0
2024-06-18 20:52:04.956000+00:00,58.59999847412109,0.0,0.0
2024-06-18 20:53:04.049000+00:00,58.59999847412109,0.0,0.0
2024-06-18 20:54:04.855000+00:00,58.59999847412109,0.0,0.0
2024-06-18 20:55:04.391000+00:00,58.70000076293945,0.0,0.0
2024-06-18 20:56:04.596000+00:00,58.70000076293945,0.0,0.0
2024-06-18 20:57:04.292000+00:00,58.65999984741211,0.0,0.0
2024-06-18 20:58:04.354000+00:00,58.59999847412109,0.0,0.0
2024-06-18 20:59:04.159000+00:00,58.58000183105469,0.0,0.0
2024-06-18 21:00:06.493000+00:00,58.5,0.0,0.0
2024-06-18 21:01:05.344000+00:00,58.5,0.0,0.0
2024-06-18 21:02:04.631000+00:00,58.400001525878906,0.0,0.0
2024-06-18 21:03:04.566000+00:00,58.20000076293945,0.0,0.0
2024-06-18 21:04:04.408000+00:00,58.0,0.0,0.0
2024-06-18 21:05:04.222000+00:00,57.79999923706055,0.0,0.0
2024-06-18 21:06:05.228000+00:00,57.63999938964844,0.0,0.0
2024-06-18 21:07:04.613000+00:00,57.5,0.0,0.0
2024-06-18 21:08:04.662000+00:00,57.29999923706055,0.0,0.0
2024-06-18 21:09:04.317000+00:00,57.09999847412109,0.0,0.0
2024-06-18 21:10:04.246000+00:00,57.0,0.0,0.0
2024-06-18 21:11:04.350000+00:00,56.79999923706055,0.0,0.0
2024-06-18 21:12:04.538000+00:00,56.619998931884766,0.0,0.0
2024-06-18 21:13:04.805000+00:00,56.5,0.0,0.0
2024-06-18 21:14:04.933000+00:00,56.29999923706055,0.0,0.0
2024-06-18 21:15:04.541000+00:00,56.18000030517578,0.0,0.0
2024-06-18 21:16:04.434000+00:00,55.59999847412109,0.0,0.0
2024-06-18 21:17:04.718000+00:00,55.29999923706055,0.0,0.0
2024-06-18 21:18:04.341000+00:00,54.900001525878906,0.0,0.0
2024-06-18 21:19:04.750000+00:00,54.59999847412109,0.0,0.0
2024-06-18 21:20:04.701000+00:00,54.29999923706055,0.0,0.0
2024-06-18 21:21:04.298000+00:00,54.09999847412109,0.0,0.0
2024-06-18 21:22:03.856000+00:00,54.0,0.0,0.0
2024-06-18 21:23:04.338000+00:00,53.81999969482422,0.0,0.0
2024-06-18 21:24:04.631000+00:00,53.79999923706055,0.0,0.0
2024-06-18 21:25:04.739000+00:00,53.61000061035156,0.0,0.0
2024-06-18 21:26:05.261000+00:00,53.59999847412109,0.0,0.0
2024-06-18 21:27:04.414000+00:00,53.59999847412109,0.0,0.0
2024-06-18 21:28:04.107000+00:00,53.75,0.0,0.0
2024-06-18 21:29:04.423000+00:00,54.0,0.0,0.0
2024-06-18 21:30:04.762000+00:00,54.29999923706055,0.0,0.0
2024-06-18 21:31:04.654000+00:00,54.70000076293945,0.0,0.0
2024-06-18 21:32:04.061000+00:00,55.09999847412109,0.0,0.0
2024-06-18 21:33:04.556000+00:00,55.400001525878906,0.0,0.0
2024-06-18 21:34:04.566000+00:00,55.70000076293945,0.0,0.0
2024-06-18 21:35:04.261000+00:00,55.91999816894531,0.0,0.0
2024-06-18 21:36:04.917000+00:00,56.02999877929688,0.0,0.0
2024-06-18 21:37:04.633000+00:00,56.09999847412109,0.0,0.0
2024-06-18 21:38:04.400000+00:00,56.09999847412109,0.0,0.0
2024-06-18 21:39:05.247000+00:00,56.0,0.0,0.0
2024-06-18 21:40:04.451000+00:00,56.0,0.0,0.0
2024-06-18 21:41:04.433000+00:00,55.900001525878906,0.0,0.0
2024-06-18 21:42:04.919000+00:00,55.79999923706055,0.0,0.0
2024-06-18 21:43:04.241000+00:00,55.70000076293945,0.0,0.0
2024-06-18 21:44:03.952000+00:00,55.59999847412109,0.0,0.0
2024-06-18 21:45:04.434000+00:00,55.400001525878906,0.0,0.0
2024-06-18 21:46:04.561000+00:00,55.29999923706055,0.0,0.0
2024-06-18 21:47:04.380000+00:00,55.29999923706055,0.0,0.0
2024-06-18 21:48:04.436000+00:00,55.20000076293945,0.0,0.0
2024-06-18 21:49:04.906000+00:00,55.0099983215332,0.0,0.0
2024-06-18 21:50:04.379000+00:00,55.0,0.0,0.0
2024-06-18 21:51:04.071000+00:00,54.900001525878906,0.0,0.0
2024-06-18 21:52:05.097000+00:00,54.900001525878906,0.0,0.0
2024-06-18 21:53:04.582000+00:00,54.93000030517578,0.0,0.0
2024-06-18 21:54:04.747000+00:00,54.91999816894531,0.0,0.0
2024-06-18 21:55:04.873000+00:00,55.0,0.0,0.0
2024-06-18 21:56:04.956000+00:00,55.18000030517578,0.0,0.0
2024-06-18 21:57:04.316000+00:00,55.29999923706055,0.0,0.0
2024-06-18 21:58:04.309000+00:00,55.29999923706055,0.0,0.0
2024-06-18 21:59:05.055000+00:00,55.22999954223633,0.0,0.0
2024-06-18 22:00:06.715000+00:00,55.20000076293945,0.0,0.0
2024-06-18 22:01:04.870000+00:00,55.20000076293945,0.0,0.0
2024-06-18 22:02:04.493000+00:00,55.09999847412109,0.0,0.0
2024-06-18 22:03:05.059000+00:00,55.09999847412109,0.0,0.0
2024-06-18 22:04:04.565000+00:00,55.09999847412109,0.0,0.0
2024-06-18 22:05:04.754000+00:00,55.09999847412109,0.0,0.0
2024-06-18 22:06:05.383000+00:00,55.20000076293945,0.0,0.0
2024-06-18 22:07:04.168000+00:00,55.29999923706055,0.0,0.0
2024-06-18 22:08:04.675000+00:00,55.400001525878906,0.0,0.0
2024-06-18 22:09:04.755000+00:00,55.5,0.0,0.0
2024-06-18 22:10:04.476000+00:00,55.59999847412109,0.0,0.0
2024-06-18 22:11:04.258000+00:00,55.59999847412109,0.0,0.0
2024-06-18 22:12:04.687000+00:00,55.70000076293945,0.0,0.0
2024-06-18 22:13:05.101000+00:00,55.70000076293945,0.0,0.0
2024-06-18 22:14:04.504000+00:00,55.70000076293945,0.0,0.0
2024-06-18 22:15:04.745000+00:00,55.79999923706055,0.0,0.0
2024-06-18 22:16:04.380000+00:00,55.79999923706055,0.0,0.0
2024-06-18 22:17:04.807000+00:00,55.79999923706055,0.0,0.0
2024-06-18 22:18:04.565000+00:00,55.79999923706055,0.0,0.0
2024-06-18 22:19:04.552000+00:00,55.790000915527344,0.0,0.0
2024-06-18 22:20:04.483000+00:00,55.59999847412109,0.0,0.0
2024-06-18 22:21:04.481000+00:00,55.59999847412109,0.0,0.0
2024-06-18 22:22:04.851000+00:00,55.400001525878906,0.0,0.0
2024-06-18 22:23:04.427000+00:00,55.29999923706055,0.0,0.0
2024-06-18 22:24:04.452000+00:00,55.29999923706055,0.0,0.0
2024-06-18 22:25:04.596000+00:00,55.29999923706055,0.0,0.0
2024-06-18 22:26:04.578000+00:00,55.20000076293945,0.0,0.0
2024-06-18 22:27:04.942000+00:00,55.20000076293945,0.0,0.0
2024-06-18 22:28:04.788000+00:00,55.18000030517578,0.0,0.0
2024-06-18 22:29:04.318000+00:00,55.11000061035156,0.0,0.0
2024-06-18 22:30:05.044000+00:00,55.09999847412109,0.0,0.0
2024-06-18 22:31:04.510000+00:00,55.09999847412109,0.0,0.0
2024-06-18 22:32:04.618000+00:00,55.09999847412109,0.0,0.0
2024-06-18 22:33:04.857000+00:00,55.16999816894531,0.0,0.0
2024-06-18 22:34:04.558000+00:00,55.20000076293945,0.0,0.0
2024-06-18 22:35:04.740000+00:00,55.29999923706055,0.0,0.0
2024-06-18 22:36:04.813000+00:00,55.380001068115234,0.0,0.0
2024-06-18 22:37:04.257000+00:00,55.400001525878906,0.0,0.0
2024-06-18 22:38:04.608000+00:00,55.5,0.0,0.0
2024-06-18 22:39:04.721000+00:00,55.5,0.0,0.0
2024-06-18 22:40:05.158000+00:00,55.59999847412109,0.0,0.0
2024-06-18 22:41:04.592000+00:00,55.59999847412109,0.0,0.0
2024-06-18 22:42:04.480000+00:00,55.59999847412109,0.0,0.0
2024-06-18 22:43:04.832000+00:00,55.61000061035156,0.0,0.0
2024-06-18 22:44:04.553000+00:00,55.70000076293945,0.0,0.0
2024-06-18 22:45:04.849000+00:00,55.59999847412109,0.0,0.0
2024-06-18 22:46:03.994000+00:00,55.59999847412109,0.0,0.0
2024-06-18 22:47:04.351000+00:00,55.59999847412109,0.0,0.0
2024-06-18 22:48:04.121000+00:00,55.59999847412109,0.0,0.0
2024-06-18 22:49:04.487000+00:00,55.59999847412109,0.0,0.0
2024-06-18 22:50:04.797000+00:00,55.59999847412109,0.0,0.0
2024-06-18 22:51:04.724000+00:00,55.59999847412109,0.0,0.0
2024-06-18 22:52:05.009000+00:00,55.5,0.0,0.0
2024-06-18 22:53:04.332000+00:00,55.400001525878906,0.0,0.0
2024-06-18 22:54:04.916000+00:00,55.29999923706055,0.0,0.0
2024-06-18 22:55:04.695000+00:00,55.29999923706055,0.0,0.0
2024-06-18 22:56:04.764000+00:00,55.20000076293945,0.0,0.0
2024-06-18 22:57:04.155000+00:00,55.20000076293945,0.0,0.0
2024-06-18 22:58:04.547000+00:00,55.09999847412109,0.0,0.0
2024-06-18 22:59:04.308000+00:00,55.06999969482422,0.0,0.0
2024-06-18 23:00:06.760000+00:00,55.060001373291016,0.0,0.0
2024-06-19 00:00:07.338000+00:00,55.400001525878906,0.0,0.0
2024-06-19 00:01:05.310000+00:00,55.400001525878906,0.0,0.0
2024-06-19 00:02:04.058000+00:00,55.29999923706055,0.0,0.0
2024-06-19 00:03:04.912000+00:00,55.29999923706055,0.0,0.0
2024-06-19 00:04:04.506000+00:00,55.29999923706055,0.0,0.0
2024-06-19 00:05:04.321000+00:00,55.2599983215332,0.0,0.0
2024-06-19 00:06:05.501000+00:00,55.20000076293945,0.0,0.0
2024-06-19 00:07:04.293000+00:00,55.20000076293945,0.0,0.0
2024-06-19 00:08:04.234000+00:00,55.20000076293945,0.0,0.0
2024-06-19 00:09:04.217000+00:00,55.20000076293945,0.0,0.0
2024-06-19 00:10:04.788000+00:00,55.20000076293945,0.0,0.0
2024-06-19 00:11:04.343000+00:00,55.20000076293945,0.0,0.0
2024-06-19 00:12:05.018000+00:00,55.20000076293945,0.0,0.0
2024-06-19 00:13:04.616000+00:00,55.20000076293945,0.0,0.0
2024-06-19 00:14:04.445000+00:00,55.20000076293945,0.0,0.0
2024-06-19 00:15:04.934000+00:00,55.20000076293945,0.0,0.0
2024-06-19 00:16:04.096000+00:00,55.209999084472656,0.0,0.0
2024-06-19 00:17:04.385000+00:00,55.29999923706055,0.0,0.0
2024-06-19 00:18:04.714000+00:00,55.29999923706055,0.0,0.0
2024-06-19 00:19:04.482000+00:00,55.400001525878906,0.0,0.0
2024-06-19 00:20:04.743000+00:00,55.400001525878906,0.0,0.0
2024-06-19 00:21:04.490000+00:00,55.4900016784668,0.0,0.0
2024-06-19 00:22:04.335000+00:00,55.400001525878906,0.0,0.0
2024-06-19 00:23:04.791000+00:00,55.4900016784668,0.0,0.0
2024-06-19 00:24:04.722000+00:00,55.5,0.0,0.0
2024-06-19 00:25:04.248000+00:00,55.5,0.0,0.0
2024-06-19 00:26:05.142000+00:00,55.5,0.0,0.0
2024-06-19 00:27:04.085000+00:00,55.5,0.0,0.0
2024-06-19 00:28:04.400000+00:00,55.5,0.0,0.0
2024-06-19 00:29:04.428000+00:00,55.52999877929688,0.0,0.0
2024-06-19 00:30:04.576000+00:00,55.5,0.0,0.0
2024-06-19 00:31:04.404000+00:00,55.5,0.0,0.0
2024-06-19 00:32:04.327000+00:00,55.47999954223633,0.0,0.0
2024-06-19 00:33:04.266000+00:00,55.400001525878906,0.0,0.0
2024-06-19 00:34:04.225000+00:00,55.400001525878906,0.0,0.0
2024-06-19 00:35:04.412000+00:00,55.400001525878906,0.0,0.0
2024-06-19 00:36:04.986000+00:00,55.29999923706055,0.0,0.0
2024-06-19 00:37:04.040000+00:00,55.29999923706055,0.0,0.0
2024-06-19 00:38:04.580000+00:00,55.29999923706055,0.0,0.0
2024-06-19 00:39:04.957000+00:00,55.29999923706055,0.0,0.0
2024-06-19 00:40:04.957000+00:00,55.20000076293945,0.0,0.0
2024-06-19 00:41:04.405000+00:00,55.20000076293945,0.0,0.0
2024-06-19 00:42:04.715000+00:00,55.20000076293945,0.0,0.0
2024-06-19 00:43:04.453000+00:00,55.20000076293945,0.0,0.0
2024-06-19 00:44:04.731000+00:00,55.20000076293945,0.0,0.0
2024-06-19 00:45:04.586000+00:00,55.20000076293945,0.0,0.0
2024-06-19 00:46:04.479000+00:00,55.20000076293945,0.0,0.0
2024-06-19 00:47:04.292000+00:00,55.20000076293945,0.0,0.0
2024-06-19 00:48:04.598000+00:00,55.20000076293945,0.0,0.0
2024-06-19 00:49:04.198000+00:00,55.20000076293945,0.0,0.0
2024-06-19 00:50:04.417000+00:00,55.20000076293945,0.0,0.0
2024-06-19 00:51:04.845000+00:00,55.290000915527344,0.0,0.0
2024-06-19 00:52:05.140000+00:00,55.29999923706055,0.0,0.0
2024-06-19 00:53:04.286000+00:00,55.36000061035156,0.0,0.0
2024-06-19 00:54:04.853000+00:00,55.400001525878906,0.0,0.0
2024-06-19 00:55:04.599000+00:00,55.400001525878906,0.0,0.0
2024-06-19 00:56:04.633000+00:00,55.40999984741211,0.0,0.0
2024-06-19 00:57:04.704000+00:00,55.5,0.0,0.0
2024-06-19 00:58:04.226000+00:00,55.5,0.0,0.0
2024-06-19 00:59:04.697000+00:00,55.5,0.0,0.0
2024-06-19 01:00:07.993000+00:00,55.5,0.0,0.0
2024-06-19 01:01:04.390000+00:00,55.5,0.0,0.0
2024-06-19 01:02:04.110000+00:00,55.5,0.0,0.0
2024-06-19 01:03:04.421000+00:00,55.5,0.0,0.0
2024-06-19 01:04:04.379000+00:00,55.5099983215332,0.0,0.0
2024-06-19 01:05:04.593000+00:00,55.5,0.0,0.0
2024-06-19 01:06:05.218000+00:00,55.43999862670898,0.0,0.0
2024-06-19 01:07:04.488000+00:00,55.400001525878906,0.0,0.0
2024-06-19 01:08:04.236000+00:00,55.400001525878906,0.0,0.0
2024-06-19 01:09:04.506000+00:00,55.400001525878906,0.0,0.0
2024-06-19 01:10:04.828000+00:00,55.29999923706055,0.0,0.0
2024-06-19 01:11:04.356000+00:00,55.29999923706055,0.0,0.0
2024-06-19 01:12:04.120000+00:00,55.29999923706055,0.0,0.0
2024-06-19 01:13:04.796000+00:00,55.29999923706055,0.0,0.0
2024-06-19 01:14:04.047000+00:00,55.20000076293945,0.0,0.0
2024-06-19 01:15:04.874000+00:00,55.20000076293945,0.0,0.0
2024-06-19 01:16:04.611000+00:00,55.20000076293945,0.0,0.0
2024-06-19 01:17:04.743000+00:00,55.13999938964844,0.0,0.0
2024-06-19 01:18:04.013000+00:00,55.20000076293945,0.0,0.0
2024-06-19 01:19:04.452000+00:00,55.20000076293945,0.0,0.0
2024-06-19 01:20:04.530000+00:00,55.20000076293945,0.0,0.0
2024-06-19 01:21:04.275000+00:00,55.20000076293945,0.0,0.0
2024-06-19 01:22:04.258000+00:00,55.20000076293945,0.0,0.0
2024-06-19 01:23:04.146000+00:00,55.20000076293945,0.0,0.0
2024-06-19 01:24:04.508000+00:00,55.20000076293945,0.0,0.0
2024-06-19 01:25:05.131000+00:00,55.20000076293945,0.0,0.0
2024-06-19 01:26:04.881000+00:00,55.20000076293945,0.0,0.0
2024-06-19 01:27:04.536000+00:00,55.29999923706055,0.0,0.0
2024-06-19 01:28:04.388000+00:00,55.400001525878906,0.0,0.0
2024-06-19 01:29:04.318000+00:00,55.400001525878906,0.0,0.0
2024-06-19 01:30:05.267000+00:00,55.400001525878906,0.0,0.0
2024-06-19 01:31:04.534000+00:00,55.400001525878906,0.0,0.0
2024-06-19 01:32:04.905000+00:00,55.400001525878906,0.0,0.0
2024-06-19 01:33:04.755000+00:00,55.4900016784668,0.0,0.0
2024-06-19 01:34:03.666000+00:00,55.470001220703125,0.0,0.0
2024-06-19 01:35:04.938000+00:00,55.5,0.0,0.0
2024-06-19 01:36:04.262000+00:00,55.5,0.0,0.0
2024-06-19 01:37:04.520000+00:00,55.5,0.0,0.0
2024-06-19 01:38:04.658000+00:00,55.5,0.0,0.0
2024-06-19 01:39:04.542000+00:00,55.5,0.0,0.0
2024-06-19 01:40:04.631000+00:00,55.5,0.0,0.0
2024-06-19 01:41:04.580000+00:00,55.5,0.0,0.0
2024-06-19 01:42:04.771000+00:00,55.400001525878906,0.0,0.0
2024-06-19 01:43:04.889000+00:00,55.400001525878906,0.0,0.0
2024-06-19 01:44:04.151000+00:00,55.400001525878906,0.0,0.0
2024-06-19 01:45:04.773000+00:00,55.400001525878906,0.0,0.0
2024-06-19 01:46:04.584000+00:00,55.29999923706055,0.0,0.0
2024-06-19 01:47:04.670000+00:00,55.29999923706055,0.0,0.0
2024-06-19 01:48:04.571000+00:00,55.29999923706055,0.0,0.0
2024-06-19 01:49:04.491000+00:00,55.20000076293945,0.0,0.0
2024-06-19 01:50:04.918000+00:00,55.20000076293945,0.0,0.0
2024-06-19 01:51:04.066000+00:00,55.20000076293945,0.0,0.0
2024-06-19 01:52:04.589000+00:00,55.20000076293945,0.0,0.0
2024-06-19 01:53:04.858000+00:00,55.18999862670898,0.0,0.0
2024-06-19 01:54:04.945000+00:00,55.20000076293945,0.0,0.0
2024-06-19 01:55:04.223000+00:00,55.20000076293945,0.0,0.0
2024-06-19 01:56:05.890000+00:00,55.20000076293945,0.0,0.0
2024-06-19 01:57:03.866000+00:00,55.20000076293945,0.0,0.0
2024-06-19 01:58:04.610000+00:00,55.20000076293945,0.0,0.0
2024-06-19 01:59:04.855000+00:00,55.20000076293945,0.0,0.0
2024-06-19 02:00:07.118000+00:00,55.20000076293945,0.0,0.0
2024-06-19 02:01:05.084000+00:00,55.4900016784668,0.0,0.0
2024-06-19 02:02:04.212000+00:00,57.0,0.0,0.0
2024-06-19 02:03:05.369000+00:00,58.20000076293945,0.0,0.0
2024-06-19 02:04:05.008000+00:00,58.79999923706055,0.0,0.0
2024-06-19 02:05:04.443000+00:00,59.09999847412109,0.0,0.0
2024-06-19 02:06:05.420000+00:00,59.09999847412109,0.0,0.0
2024-06-19 02:07:04.194000+00:00,59.16999816894531,0.0,0.0
2024-06-19 02:08:04.799000+00:00,59.02000045776367,0.0,0.0
2024-06-19 02:09:04.572000+00:00,58.90999984741211,0.0,0.0
2024-06-19 02:10:05.451000+00:00,58.79999923706055,0.0,0.0
2024-06-19 02:11:04.921000+00:00,58.59999847412109,0.0,0.0
2024-06-19 02:12:04.976000+00:00,58.459999084472656,0.0,0.0
2024-06-19 02:13:04.919000+00:00,58.29999923706055,0.0,0.0
2024-06-19 02:14:03.982000+00:00,58.20000076293945,0.0,0.0
2024-06-19 02:15:04.804000+00:00,58.09999847412109,0.0,0.0
2024-06-19 02:16:04.910000+00:00,58.0,0.0,0.0
2024-06-19 02:17:04.910000+00:00,57.900001525878906,0.0,0.0
2024-06-19 02:18:04.817000+00:00,57.79999923706055,0.0,0.0
2024-06-19 02:19:05.038000+00:00,57.79999923706055,0.0,0.0
2024-06-19 02:20:04.888000+00:00,57.720001220703125,0.0,0.0
2024-06-19 02:21:04.035000+00:00,57.79999923706055,0.0,0.0
2024-06-19 02:22:04.658000+00:00,57.88999938964844,0.0,0.0
2024-06-19 02:23:05.082000+00:00,57.900001525878906,0.0,0.0
2024-06-19 02:24:04.671000+00:00,58.09999847412109,0.0,0.0
2024-06-19 02:25:04.361000+00:00,58.20000076293945,0.0,0.0
2024-06-19 02:26:05.659000+00:00,58.29999923706055,0.0,0.0
2024-06-19 02:27:04.921000+00:00,58.29999923706055,0.0,0.0
2024-06-19 02:28:04.985000+00:00,58.400001525878906,0.0,0.0
2024-06-19 02:29:04.846000+00:00,58.400001525878906,0.0,0.0
2024-06-19 02:30:05.069000+00:00,58.400001525878906,0.0,0.0
2024-06-19 02:31:04.873000+00:00,58.400001525878906,0.0,0.0
2024-06-19 02:32:04.647000+00:00,58.40999984741211,0.0,0.0
2024-06-19 02:33:04.257000+00:00,58.400001525878906,0.0,0.0
2024-06-19 02:34:04.257000+00:00,58.400001525878906,0.0,0.0
2024-06-19 02:35:04.710000+00:00,58.4900016784668,0.0,0.0
2024-06-19 02:36:04.795000+00:00,58.400001525878906,0.0,0.0
2024-06-19 02:37:04.343000+00:00,58.400001525878906,0.0,0.0
2024-06-19 02:38:04.583000+00:00,58.400001525878906,0.0,0.0
2024-06-19 02:39:05.238000+00:00,58.29999923706055,0.0,0.0
2024-06-19 02:40:04.276000+00:00,58.20000076293945,0.0,0.0
2024-06-19 02:41:04.780000+00:00,58.09999847412109,0.0,0.0
2024-06-19 02:42:05.104000+00:00,58.09999847412109,0.0,0.0
2024-06-19 02:43:04.732000+00:00,58.0,0.0,0.0
2024-06-19 02:44:04.564000+00:00,58.0,0.0,0.0
2024-06-19 02:45:04.705000+00:00,58.0,0.0,0.0
2024-06-19 02:46:04.700000+00:00,57.95000076293945,0.0,0.0
2024-06-19 02:47:04.696000+00:00,57.900001525878906,0.0,0.0
2024-06-19 02:48:05.084000+00:00,57.900001525878906,0.0,0.0
2024-06-19 02:49:04.266000+00:00,58.0,0.0,0.0
2024-06-19 02:50:04.881000+00:00,58.09999847412109,0.0,0.0
2024-06-19 02:51:04.260000+00:00,58.09999847412109,0.0,0.0
2024-06-19 02:52:04.891000+00:00,58.20000076293945,0.0,0.0
2024-06-19 02:53:04.034000+00:00,58.20000076293945,0.0,0.0
2024-06-19 02:54:04.571000+00:00,58.29999923706055,0.0,0.0
2024-06-19 02:55:04.140000+00:00,58.29999923706055,0.0,0.0
2024-06-19 02:56:05.029000+00:00,58.29999923706055,0.0,0.0
2024-06-19 02:57:04.536000+00:00,58.29999923706055,0.0,0.0
2024-06-19 02:58:04.242000+00:00,58.29999923706055,0.0,0.0
2024-06-19 02:59:04.511000+00:00,58.29999923706055,0.0,0.0
2024-06-19 03:00:06.698000+00:00,58.400001525878906,0.0,0.0
2024-06-19 03:01:05.520000+00:00,58.310001373291016,0.0,0.0
2024-06-19 03:02:04.747000+00:00,58.29999923706055,0.0,0.0
2024-06-19 03:03:04.331000+00:00,58.29999923706055,0.0,0.0
2024-06-19 03:04:04.291000+00:00,58.29999923706055,0.0,0.0
2024-06-19 03:05:04.755000+00:00,58.20000076293945,0.0,0.0
2024-06-19 03:06:05.542000+00:00,58.20000076293945,0.0,0.0
2024-06-19 03:07:04.505000+00:00,58.20000076293945,0.0,0.0
2024-06-19 03:08:04.943000+00:00,58.20000076293945,0.0,0.0
2024-06-19 03:09:04.499000+00:00,58.09999847412109,0.0,0.0
2024-06-19 03:10:04.707000+00:00,58.09999847412109,0.0,0.0
2024-06-19 03:11:04.825000+00:00,58.09999847412109,0.0,0.0
2024-06-19 03:12:05.051000+00:00,58.09999847412109,0.0,0.0
2024-06-19 03:13:04.863000+00:00,58.09999847412109,0.0,0.0
2024-06-19 03:14:05.010000+00:00,58.130001068115234,0.0,0.0
2024-06-19 03:15:05.103000+00:00,58.09999847412109,0.0,0.0
2024-06-19 03:16:04.539000+00:00,58.20000076293945,0.0,0.0
2024-06-19 03:17:04.846000+00:00,58.20000076293945,0.0,0.0
2024-06-19 03:18:04.685000+00:00,58.20000076293945,0.0,0.0
2024-06-19 03:19:04.906000+00:00,58.20000076293945,0.0,0.0
2024-06-19 03:20:04.943000+00:00,58.20000076293945,0.0,0.0
2024-06-19 03:21:04.259000+00:00,58.29999923706055,0.0,0.0
2024-06-19 03:22:04.230000+00:00,58.29999923706055,0.0,0.0
2024-06-19 03:23:04.926000+00:00,58.29999923706055,0.0,0.0
2024-06-19 03:24:04.524000+00:00,58.29999923706055,0.0,0.0
2024-06-19 03:25:04.270000+00:00,58.29999923706055,0.0,0.0
2024-06-19 03:26:05.066000+00:00,58.2400016784668,0.0,0.0
2024-06-19 03:27:04.306000+00:00,58.20000076293945,0.0,0.0
2024-06-19 03:28:04.628000+00:00,58.20000076293945,0.0,0.0
2024-06-19 03:29:04.164000+00:00,58.20000076293945,0.0,0.0
2024-06-19 03:30:04.812000+00:00,58.20000076293945,0.0,0.0
2024-06-19 03:31:04.466000+00:00,58.20000076293945,0.0,0.0
2024-06-19 03:32:04.567000+00:00,58.20000076293945,0.0,0.0
2024-06-19 03:33:04.019000+00:00,58.20000076293945,0.0,0.0
2024-06-19 03:34:04.522000+00:00,58.20000076293945,0.0,0.0
2024-06-19 03:35:04.965000+00:00,58.29999923706055,0.0,0.0
2024-06-19 03:36:04.774000+00:00,58.29999923706055,0.0,0.0
2024-06-19 03:37:04.256000+00:00,58.29999923706055,0.0,0.0
2024-06-19 03:38:04.965000+00:00,58.29999923706055,0.0,0.0
2024-06-19 03:39:04.963000+00:00,58.29999923706055,0.0,0.0
2024-06-19 03:40:04.651000+00:00,58.29999923706055,0.0,0.0
2024-06-19 03:41:04.395000+00:00,58.20000076293945,0.0,0.0
2024-06-19 03:42:04.523000+00:00,58.27000045776367,0.0,0.0
2024-06-19 03:43:04.395000+00:00,58.20000076293945,0.0,0.0
2024-06-19 03:44:04.734000+00:00,58.20000076293945,0.0,0.0
2024-06-19 03:45:04.739000+00:00,58.22999954223633,0.0,0.0
2024-06-19 03:46:04.359000+00:00,58.290000915527344,0.0,0.0
2024-06-19 03:47:04.510000+00:00,58.29999923706055,0.0,0.0
2024-06-19 03:48:04.664000+00:00,58.20000076293945,0.0,0.0
2024-06-19 03:49:04.450000+00:00,58.20000076293945,0.0,0.0
2024-06-19 03:50:04.945000+00:00,58.29999923706055,0.0,0.0
2024-06-19 03:51:04.358000+00:00,58.20000076293945,0.0,0.0
2024-06-19 03:52:04.743000+00:00,58.20000076293945,0.0,0.0
2024-06-19 03:53:04.417000+00:00,58.20000076293945,0.0,0.0
2024-06-19 03:54:04.941000+00:00,58.20000076293945,0.0,0.0
2024-06-19 03:55:04.706000+00:00,58.20000076293945,0.0,0.0
2024-06-19 03:56:04.728000+00:00,58.20000076293945,0.0,0.0
2024-06-19 03:57:04.485000+00:00,58.20000076293945,0.0,0.0
2024-06-19 03:58:04.461000+00:00,58.20000076293945,0.0,0.0
2024-06-19 03:59:04.234000+00:00,58.20000076293945,0.0,0.0
2024-06-19 04:00:07.792000+00:00,58.20000076293945,0.0,0.0
2024-06-19 04:01:04.566000+00:00,58.20000076293945,0.0,0.0
2024-06-19 04:02:04.695000+00:00,58.20000076293945,0.0,0.0
2024-06-19 04:03:04.215000+00:00,58.20000076293945,0.0,0.0
2024-06-19 04:04:04.121000+00:00,58.20000076293945,0.0,0.0
2024-06-19 04:05:04.594000+00:00,58.20000076293945,0.0,0.0
2024-06-19 04:06:05.281000+00:00,58.20000076293945,0.0,0.0
2024-06-19 04:07:04.408000+00:00,58.20000076293945,0.0,0.0
2024-06-19 04:08:04.119000+00:00,58.20000076293945,0.0,0.0
2024-06-19 04:09:04.665000+00:00,58.20000076293945,0.0,0.0
2024-06-19 04:10:05.087000+00:00,51.56999969482422,0.0,0.0
2024-06-19 04:11:04.299000+00:00,53.59000015258789,0.0,0.0
2024-06-19 04:12:05.202000+00:00,56.11000061035156,0.0,0.0
2024-06-19 04:13:04.596000+00:00,57.4900016784668,0.0,0.0
2024-06-19 04:14:05.003000+00:00,58.400001525878906,0.0,0.0
2024-06-19 04:15:05.099000+00:00,58.20000076293945,0.0,0.0
2024-06-19 04:16:04.234000+00:00,58.59999847412109,0.0,0.0
2024-06-19 04:17:04.799000+00:00,58.900001525878906,0.0,0.0
2024-06-19 04:18:04.516000+00:00,58.40999984741211,0.0,0.0
2024-06-19 04:19:05.044000+00:00,56.79999923706055,0.0,0.0
2024-06-19 04:20:04.573000+00:00,57.09999847412109,0.0,0.0
2024-06-19 04:21:04.377000+00:00,57.70000076293945,0.0,0.0
2024-06-19 04:22:04.539000+00:00,58.20000076293945,0.0,0.0
2024-06-19 04:23:04.108000+00:00,57.70000076293945,0.0,0.0
2024-06-19 04:24:04.701000+00:00,57.70000076293945,0.0,0.0
2024-06-19 04:25:04.973000+00:00,58.09999847412109,0.0,0.0
2024-06-19 04:26:04.927000+00:00,58.29999923706055,0.0,0.0
2024-06-19 04:27:04.730000+00:00,58.59999847412109,0.0,0.0
2024-06-19 04:28:04.855000+00:00,58.900001525878906,0.0,0.0
2024-06-19 04:29:04.407000+00:00,58.900001525878906,0.0,0.0
2024-06-19 04:30:05.337000+00:00,58.900001525878906,0.0,0.0
2024-06-19 04:31:04.769000+00:00,58.900001525878906,0.0,0.0
2024-06-19 04:32:04.497000+00:00,58.79999923706055,0.0,0.0
2024-06-19 04:33:04.992000+00:00,58.70000076293945,0.0,0.0
2024-06-19 04:34:04.578000+00:00,58.70000076293945,0.0,0.0
2024-06-19 04:35:05.065000+00:00,58.34999847412109,0.0,0.0
2024-06-19 04:36:04.431000+00:00,57.900001525878906,0.0,0.0
2024-06-19 04:37:04.644000+00:00,57.040000915527344,0.0,0.0
2024-06-19 04:38:04.643000+00:00,56.79999923706055,0.0,0.0
2024-06-19 04:39:05.243000+00:00,57.0,0.0,0.0
2024-06-19 04:40:05.014000+00:00,57.400001525878906,0.0,0.0
2024-06-19 04:41:04.284000+00:00,57.70000076293945,0.0,0.0
2024-06-19 04:42:04.714000+00:00,57.900001525878906,0.0,0.0
2024-06-19 04:43:03.889000+00:00,58.09999847412109,0.0,0.0
2024-06-19 04:44:04.863000+00:00,57.5,0.0,0.0
2024-06-19 04:45:04.679000+00:00,57.790000915527344,0.0,0.0
2024-06-19 04:46:04.033000+00:00,58.09999847412109,0.0,0.0
2024-06-19 04:47:04.886000+00:00,58.400001525878906,0.0,0.0
2024-06-19 04:48:04.659000+00:00,58.5,0.0,0.0
2024-06-19 04:49:04.725000+00:00,58.70000076293945,0.0,0.0
2024-06-19 04:50:04.823000+00:00,58.79999923706055,0.0,0.0
2024-06-19 04:51:04.715000+00:00,58.900001525878906,0.0,0.0
2024-06-19 04:52:04.941000+00:00,58.900001525878906,0.0,0.0
2024-06-19 04:53:04.378000+00:00,58.70000076293945,0.0,0.0
2024-06-19 04:54:04.770000+00:00,58.68999862670898,0.0,0.0
2024-06-19 04:55:04.199000+00:00,58.59999847412109,0.0,0.0
2024-06-19 04:56:04.515000+00:00,58.5,0.0,0.0
2024-06-19 04:57:04.007000+00:00,58.4900016784668,0.0,0.0
2024-06-19 04:58:04.451000+00:00,58.20000076293945,0.0,0.0
2024-06-19 04:59:04.529000+00:00,57.900001525878906,0.0,0.0
2024-06-19 05:00:07.847000+00:00,57.79999923706055,0.0,0.0
2024-06-19 05:01:05.243000+00:00,57.810001373291016,0.0,0.0
2024-06-19 05:02:04.847000+00:00,57.88999938964844,0.0,0.0
2024-06-19 05:03:04.321000+00:00,57.900001525878906,0.0,0.0
2024-06-19 05:04:04.588000+00:00,57.900001525878906,0.0,0.0
2024-06-19 05:05:04.656000+00:00,58.0,0.0,0.0
2024-06-19 05:06:05.462000+00:00,58.09999847412109,0.0,0.0
2024-06-19 05:07:04.151000+00:00,58.09999847412109,0.0,0.0
2024-06-19 05:08:04.785000+00:00,58.09999847412109,0.0,0.0
2024-06-19 05:09:04.361000+00:00,58.09999847412109,0.0,0.0
2024-06-19 05:10:05.139000+00:00,58.20000076293945,0.0,0.0
2024-06-19 05:11:04.688000+00:00,58.20000076293945,0.0,0.0
2024-06-19 05:12:04.965000+00:00,58.20000076293945,0.0,0.0
2024-06-19 05:13:04.933000+00:00,58.27000045776367,0.0,0.0
2024-06-19 05:14:04.591000+00:00,58.29999923706055,0.0,0.0
2024-06-19 05:15:05.312000+00:00,58.20000076293945,0.0,0.0
2024-06-19 05:16:04.687000+00:00,56.52000045776367,0.0,0.0
2024-06-19 05:17:04.542000+00:00,56.88999938964844,0.0,0.0
2024-06-19 05:18:04.718000+00:00,57.400001525878906,0.0,0.0
2024-06-19 05:19:04.756000+00:00,57.790000915527344,0.0,0.0
2024-06-19 05:20:04.791000+00:00,58.09999847412109,0.0,0.0
2024-06-19 05:21:04.644000+00:00,58.29999923706055,0.0,0.0
2024-06-19 05:22:04.601000+00:00,58.40999984741211,0.0,0.0
2024-06-19 05:23:04.669000+00:00,58.59999847412109,0.0,0.0
2024-06-19 05:24:04.420000+00:00,58.70000076293945,0.0,0.0
2024-06-19 05:25:04.268000+00:00,57.790000915527344,0.0,0.0
2024-06-19 05:26:05.228000+00:00,57.900001525878906,0.0,0.0
2024-06-19 05:27:04.655000+00:00,58.0,0.0,0.0
2024-06-19 05:28:04.599000+00:00,57.9900016784668,0.0,0.0
2024-06-19 05:29:04.255000+00:00,57.900001525878906,0.0,0.0
2024-06-19 05:30:05.134000+00:00,58.0,0.0,0.0
2024-06-19 05:31:04.550000+00:00,58.09999847412109,0.0,0.0
2024-06-19 05:32:05.018000+00:00,58.09999847412109,0.0,0.0
2024-06-19 05:33:04.402000+00:00,58.20000076293945,0.0,0.0
2024-06-19 05:34:04.121000+00:00,58.29999923706055,0.0,0.0
2024-06-19 05:35:04.243000+00:00,52.09000015258789,0.0,0.0
2024-06-19 05:36:05.173000+00:00,54.790000915527344,0.0,0.0
2024-06-19 05:37:04.900000+00:00,56.06999969482422,0.0,0.0
2024-06-19 05:38:04.528000+00:00,56.790000915527344,0.0,0.0
2024-06-19 05:39:05.175000+00:00,56.790000915527344,0.0,0.0
2024-06-19 05:40:05.125000+00:00,57.5,0.0,0.0
2024-06-19 05:41:04.474000+00:00,58.09999847412109,0.0,0.0
2024-06-19 05:42:05.285000+00:00,58.68000030517578,0.0,0.0
2024-06-19 05:43:04.543000+00:00,59.040000915527344,0.0,0.0
2024-06-19 05:44:04.437000+00:00,59.29999923706055,0.0,0.0
2024-06-19 05:45:04.542000+00:00,59.59999847412109,0.0,0.0
2024-06-19 05:46:04.082000+00:00,59.70000076293945,0.0,0.0
2024-06-19 05:47:04.424000+00:00,59.79999923706055,0.0,0.0
2024-06-19 05:48:04.928000+00:00,59.79999923706055,0.0,0.0
2024-06-19 05:49:04.210000+00:00,59.79999923706055,0.0,0.0
2024-06-19 05:50:05.427000+00:00,59.68999862670898,0.0,0.0
2024-06-19 05:51:04.431000+00:00,59.5,0.0,0.0
2024-06-19 05:52:05.295000+00:00,59.29999923706055,0.0,0.0
2024-06-19 05:53:04.409000+00:00,59.09999847412109,0.0,0.0
2024-06-19 05:54:04.829000+00:00,58.900001525878906,0.0,0.0
2024-06-19 05:55:04.591000+00:00,58.70000076293945,0.0,0.0
2024-06-19 05:56:05.092000+00:00,58.5,0.0,0.0
2024-06-19 05:57:04.284000+00:00,58.400001525878906,0.0,0.0
2024-06-19 05:58:04.337000+00:00,58.20000076293945,0.0,0.0
2024-06-19 05:59:04.524000+00:00,57.5,0.0,0.0
2024-06-19 06:00:08.182000+00:00,57.5,0.0,0.0
2024-06-19 06:01:05.193000+00:00,57.400001525878906,0.0,0.0
2024-06-19 06:02:04.706000+00:00,55.88999938964844,0.0,0.0
2024-06-19 06:03:04.524000+00:00,56.29999923706055,0.0,0.0
2024-06-19 06:04:04.576000+00:00,56.79999923706055,0.0,0.0
2024-06-19 06:05:04.600000+00:00,57.29999923706055,0.0,0.0
2024-06-19 06:06:05.460000+00:00,57.79999923706055,0.0,0.0
2024-06-19 06:07:04.448000+00:00,58.20000076293945,0.0,0.0
2024-06-19 06:08:03.978000+00:00,58.5,0.0,0.0
2024-06-19 06:09:04.563000+00:00,58.79999923706055,0.0,0.0
2024-06-19 06:10:04.450000+00:00,58.900001525878906,0.0,0.0
2024-06-19 06:11:04.571000+00:00,58.9900016784668,0.0,0.0
2024-06-19 06:12:04.564000+00:00,58.900001525878906,0.0,0.0
2024-06-19 06:13:05.046000+00:00,58.900001525878906,0.0,0.0
2024-06-19 06:14:04.469000+00:00,58.79999923706055,0.0,0.0
2024-06-19 06:15:05.008000+00:00,58.70000076293945,0.0,0.0
2024-06-19 06:16:04.075000+00:00,58.59999847412109,0.0,0.0
2024-06-19 06:17:04.964000+00:00,58.40999984741211,0.0,0.0
2024-06-19 06:18:04.843000+00:00,58.29999923706055,0.0,0.0
2024-06-19 06:19:04.414000+00:00,58.20000076293945,0.0,0.0
2024-06-19 06:20:04.704000+00:00,58.09999847412109,0.0,0.0
2024-06-19 06:21:04.541000+00:00,58.09999847412109,0.0,0.0
2024-06-19 06:22:04.814000+00:00,58.0,0.0,0.0
2024-06-19 06:23:04.871000+00:00,57.900001525878906,0.0,0.0
2024-06-19 06:24:04.874000+00:00,57.79999923706055,0.0,0.0
2024-06-19 06:25:04.686000+00:00,57.79999923706055,0.0,0.0
2024-06-19 06:26:04.767000+00:00,57.70000076293945,0.0,0.0
2024-06-19 06:27:05.187000+00:00,57.70000076293945,0.0,0.0
2024-06-19 06:28:05.113000+00:00,57.79999923706055,0.0,0.0
2024-06-19 06:29:04.877000+00:00,57.900001525878906,0.0,0.0
2024-06-19 06:30:05.289000+00:00,57.900001525878906,0.0,0.0
2024-06-19 06:31:05.258000+00:00,58.0,0.0,0.0
2024-06-19 06:32:04.338000+00:00,58.09999847412109,0.0,0.0
2024-06-19 06:33:04.546000+00:00,58.20000076293945,0.0,0.0
2024-06-19 06:34:05.225000+00:00,58.20000076293945,0.0,0.0
2024-06-19 06:35:05.176000+00:00,58.29999923706055,0.0,0.0
2024-06-19 06:36:04.744000+00:00,58.29999923706055,0.0,0.0
2024-06-19 06:37:04.569000+00:00,58.400001525878906,0.0,0.0
2024-06-19 06:38:04.883000+00:00,58.400001525878906,0.0,0.0
2024-06-19 06:39:04.826000+00:00,58.31999969482422,0.0,0.0
2024-06-19 06:40:05.225000+00:00,58.29999923706055,0.0,0.0
2024-06-19 06:41:05.152000+00:00,58.400001525878906,0.0,0.0
2024-06-19 06:42:04.948000+00:00,58.400001525878906,0.0,0.0
2024-06-19 06:43:04.770000+00:00,58.29999923706055,0.0,0.0
2024-06-19 06:44:04.846000+00:00,58.29999923706055,0.0,0.0
2024-06-19 06:45:05.142000+00:00,58.29999923706055,0.0,0.0
2024-06-19 06:46:04.281000+00:00,58.2599983215332,0.0,0.0
2024-06-19 06:47:04.142000+00:00,58.20000076293945,0.0,0.0
2024-06-19 06:48:04.343000+00:00,58.20000076293945,0.0,0.0
2024-06-19 06:49:04.125000+00:00,58.20000076293945,0.0,0.0
2024-06-19 06:50:05.038000+00:00,58.09999847412109,0.0,0.0
2024-06-19 06:51:04.363000+00:00,58.09999847412109,0.0,0.0
2024-06-19 06:52:05.243000+00:00,58.09999847412109,0.0,0.0
2024-06-19 06:53:04.200000+00:00,58.09999847412109,0.0,0.0
2024-06-19 06:54:04.800000+00:00,57.209999084472656,0.0,0.0
2024-06-19 06:55:04.719000+00:00,50.83000183105469,0.0,0.0
2024-06-19 06:56:05.149000+00:00,51.400001525878906,0.0,0.0
2024-06-19 06:57:04.371000+00:00,54.70000076293945,0.0,0.0
2024-06-19 06:58:04.492000+00:00,55.29999923706055,0.0,0.0
2024-06-19 06:59:04.671000+00:00,55.900001525878906,0.0,0.0
2024-06-19 07:00:08.078000+00:00,56.650001525878906,0.0,0.0
2024-06-19 07:01:05.131000+00:00,57.20000076293945,0.0,0.0
2024-06-19 07:02:04.095000+00:00,57.70000076293945,0.0,0.0
2024-06-19 07:03:05.417000+00:00,58.09999847412109,0.0,0.0
2024-06-19 07:04:04.722000+00:00,58.400001525878906,0.0,0.0
2024-06-19 07:05:05.055000+00:00,58.70000076293945,0.0,0.0
2024-06-19 07:06:05.753000+00:00,58.900001525878906,0.0,0.0
2024-06-19 07:07:04.807000+00:00,59.0,0.0,0.0
2024-06-19 07:08:05.101000+00:00,59.09999847412109,0.0,0.0
2024-06-19 07:09:04.775000+00:00,59.20000076293945,0.0,0.0
2024-06-19 07:10:04.841000+00:00,59.20000076293945,0.0,0.0
2024-06-19 07:11:04.824000+00:00,59.20000076293945,0.0,0.0
2024-06-19 07:12:04.928000+00:00,59.20000076293945,0.0,0.0
2024-06-19 07:13:04.369000+00:00,59.20000076293945,0.0,0.0
2024-06-19 07:14:04.784000+00:00,59.20000076293945,0.0,0.0
2024-06-19 07:15:04.904000+00:00,59.09999847412109,0.0,0.0
2024-06-19 07:16:04.343000+00:00,59.09999847412109,0.0,0.0
2024-06-19 07:17:04.713000+00:00,59.0,0.0,0.0
2024-06-19 07:18:04.942000+00:00,58.900001525878906,0.0,0.0
2024-06-19 07:19:04.245000+00:00,58.900001525878906,0.0,0.0
2024-06-19 07:20:05.013000+00:00,58.79999923706055,0.0,0.0
2024-06-19 07:21:04.228000+00:00,58.709999084472656,0.0,0.0
2024-06-19 07:22:04.670000+00:00,58.70000076293945,0.0,0.0
2024-06-19 07:23:04.540000+00:00,58.59999847412109,0.0,0.0
2024-06-19 07:24:04.885000+00:00,58.56999969482422,0.0,0.0
2024-06-19 07:25:04.489000+00:00,58.59000015258789,0.0,0.0
2024-06-19 07:26:05.106000+00:00,58.5,0.0,0.0
2024-06-19 07:27:04.647000+00:00,58.400001525878906,0.0,0.0
2024-06-19 07:28:04.792000+00:00,58.400001525878906,0.0,0.0
2024-06-19 07:29:04.203000+00:00,58.29999923706055,0.0,0.0
2024-06-19 07:30:05.482000+00:00,58.29999923706055,0.0,0.0
2024-06-19 07:31:04.343000+00:00,58.29999923706055,0.0,0.0
2024-06-19 07:32:05.003000+00:00,58.20000076293945,0.0,0.0
2024-06-19 07:33:04.220000+00:00,58.20000076293945,0.0,0.0
2024-06-19 07:34:04.287000+00:00,58.11000061035156,0.0,0.0
2024-06-19 07:35:04.863000+00:00,58.09999847412109,0.0,0.0
2024-06-19 07:36:04.200000+00:00,58.0099983215332,0.0,0.0
2024-06-19 07:37:04.247000+00:00,58.0,0.0,0.0
2024-06-19 07:38:04.222000+00:00,57.9900016784668,0.0,0.0
2024-06-19 07:39:05.587000+00:00,57.900001525878906,0.0,0.0
2024-06-19 07:40:04.490000+00:00,57.900001525878906,0.0,0.0
2024-06-19 07:41:04.524000+00:00,57.79999923706055,0.0,0.0
2024-06-19 07:42:04.888000+00:00,57.79999923706055,0.0,0.0
2024-06-19 07:43:04.914000+00:00,57.70000076293945,0.0,0.0
2024-06-19 07:44:04.233000+00:00,57.70000076293945,0.0,0.0
2024-06-19 07:45:04.758000+00:00,57.70000076293945,0.0,0.0
2024-06-19 07:46:04.399000+00:00,57.65999984741211,0.0,0.0
2024-06-19 07:47:04.064000+00:00,57.61000061035156,0.0,0.0
2024-06-19 07:48:04.312000+00:00,57.59999847412109,0.0,0.0
2024-06-19 07:49:04.642000+00:00,56.09000015258789,0.0,0.0
2024-06-19 07:50:04.707000+00:00,56.400001525878906,0.0,0.0
2024-06-19 07:51:03.917000+00:00,56.5,0.0,0.0
2024-06-19 07:52:04.937000+00:00,56.59000015258789,0.0,0.0
2024-06-19 07:53:04.614000+00:00,56.59999847412109,0.0,0.0
2024-06-19 07:54:04.498000+00:00,56.59999847412109,0.0,0.0
2024-06-19 07:55:04.878000+00:00,56.70000076293945,0.0,0.0
2024-06-19 07:56:04.787000+00:00,57.0,0.0,0.0
2024-06-19 07:57:04.951000+00:00,57.20000076293945,0.0,0.0
2024-06-19 07:58:05.083000+00:00,57.400001525878906,0.0,0.0
2024-06-19 07:59:04.549000+00:00,57.59999847412109,0.0,0.0
2024-06-19 08:00:08.362000+00:00,57.79999923706055,0.0,0.0
2024-06-19 08:01:04.980000+00:00,58.0,0.0,0.0
2024-06-19 08:02:04.161000+00:00,58.20000076293945,0.0,0.0
2024-06-19 08:03:04.493000+00:00,58.29999923706055,0.0,0.0
2024-06-19 08:04:04.451000+00:00,58.400001525878906,0.0,0.0
2024-06-19 08:05:04.745000+00:00,58.59000015258789,0.0,0.0
2024-06-19 08:06:05.332000+00:00,58.70000076293945,0.0,0.0
2024-06-19 08:07:04.399000+00:00,58.400001525878906,0.0,0.0
2024-06-19 08:08:04.760000+00:00,58.5,0.0,0.0
2024-06-19 08:09:04.701000+00:00,58.59999847412109,0.0,0.0
2024-06-19 08:10:04.964000+00:00,58.59999847412109,0.0,0.0
2024-06-19 08:11:04.732000+00:00,58.70000076293945,0.0,0.0
2024-06-19 08:12:04.826000+00:00,58.70000076293945,0.0,0.0
2024-06-19 08:13:04.949000+00:00,58.70000076293945,0.0,0.0
2024-06-19 08:14:04.458000+00:00,58.70000076293945,0.0,0.0
2024-06-19 08:15:04.808000+00:00,58.59999847412109,0.0,0.0
2024-06-19 08:16:04.786000+00:00,58.59999847412109,0.0,0.0
2024-06-19 08:17:04.698000+00:00,58.59999847412109,0.0,0.0
2024-06-19 08:18:05.109000+00:00,58.5,0.0,0.0
2024-06-19 08:19:04.553000+00:00,58.5,0.0,0.0
2024-06-19 08:20:04.636000+00:00,58.400001525878906,0.0,0.0
2024-06-19 08:21:05.006000+00:00,58.400001525878906,0.0,0.0
2024-06-19 08:22:04.889000+00:00,58.29999923706055,0.0,0.0
2024-06-19 08:23:05.088000+00:00,58.29999923706055,0.0,0.0
2024-06-19 08:24:04.376000+00:00,58.20000076293945,0.0,0.0
2024-06-19 08:25:04.755000+00:00,58.11000061035156,0.0,0.0
2024-06-19 08:26:04.991000+00:00,58.09999847412109,0.0,0.0
2024-06-19 08:27:04.355000+00:00,58.02000045776367,0.0,0.0
2024-06-19 08:28:04.285000+00:00,58.0,0.0,0.0
2024-06-19 08:29:04.473000+00:00,57.900001525878906,0.0,0.0
2024-06-19 08:30:05.314000+00:00,57.810001373291016,0.0,0.0
2024-06-19 08:31:04.770000+00:00,57.79999923706055,0.0,0.0
2024-06-19 08:32:04.664000+00:00,57.70000076293945,0.0,0.0
2024-06-19 08:33:04.206000+00:00,57.70000076293945,0.0,0.0
2024-06-19 08:34:04.718000+00:00,57.70000076293945,0.0,0.0
2024-06-19 08:35:04.773000+00:00,57.59999847412109,0.0,0.0
2024-06-19 08:36:04.550000+00:00,57.59999847412109,0.0,0.0
2024-06-19 08:37:04.815000+00:00,57.59999847412109,0.0,0.0
2024-06-19 08:38:04.881000+00:00,57.59999847412109,0.0,0.0
2024-06-19 08:39:05.484000+00:00,57.650001525878906,0.0,0.0
2024-06-19 08:40:05.049000+00:00,57.59999847412109,0.0,0.0
2024-06-19 08:41:04.409000+00:00,57.68999862670898,0.0,0.0
2024-06-19 08:42:05.103000+00:00,57.70000076293945,0.0,0.0
2024-06-19 08:43:04.621000+00:00,57.70000076293945,0.0,0.0
2024-06-19 08:44:04.743000+00:00,57.70000076293945,0.0,0.0
2024-06-19 08:45:04.882000+00:00,57.79999923706055,0.0,0.0
2024-06-19 08:46:04.478000+00:00,57.900001525878906,0.0,0.0
2024-06-19 08:47:04.785000+00:00,58.0,0.0,0.0
2024-06-19 08:48:04.885000+00:00,58.0,0.0,0.0
2024-06-19 08:49:04.940000+00:00,58.09999847412109,0.0,0.0
2024-06-19 08:50:04.614000+00:00,58.20000076293945,0.0,0.0
2024-06-19 08:51:04.636000+00:00,58.20000076293945,0.0,0.0
2024-06-19 08:52:04.904000+00:00,58.29999923706055,0.0,0.0
2024-06-19 08:53:04.594000+00:00,58.29999923706055,0.0,0.0
2024-06-19 08:54:04.641000+00:00,58.310001373291016,0.0,0.0
2024-06-19 08:55:04.645000+00:00,58.400001525878906,0.0,0.0
2024-06-19 08:56:04.790000+00:00,58.400001525878906,0.0,0.0
2024-06-19 08:57:04.144000+00:00,58.400001525878906,0.0,0.0
2024-06-19 08:58:04.605000+00:00,58.400001525878906,0.0,0.0
2024-06-19 08:59:04.745000+00:00,58.400001525878906,0.0,0.0
2024-06-19 09:00:09.565000+00:00,58.400001525878906,0.0,0.0
2024-06-19 09:01:05.231000+00:00,58.400001525878906,0.0,0.0
2024-06-19 09:02:04.456000+00:00,58.400001525878906,0.0,0.0
2024-06-19 09:03:04.464000+00:00,58.400001525878906,0.0,0.0
2024-06-19 09:04:04.376000+00:00,58.400001525878906,0.0,0.0
2024-06-19 09:05:04.250000+00:00,58.400001525878906,0.0,0.0
2024-06-19 09:06:05.383000+00:00,58.400001525878906,0.0,0.0
2024-06-19 09:07:04.122000+00:00,58.400001525878906,0.0,0.0
2024-06-19 09:08:04.977000+00:00,58.29999923706055,0.0,0.0
2024-06-19 09:09:04.574000+00:00,58.29999923706055,0.0,0.0
2024-06-19 09:10:05.073000+00:00,58.29999923706055,0.0,0.0
2024-06-19 09:11:04.469000+00:00,58.290000915527344,0.0,0.0
2024-06-19 09:12:04.545000+00:00,58.20000076293945,0.0,0.0
2024-06-19 09:13:05.150000+00:00,58.20000076293945,0.0,0.0
2024-06-19 09:14:04.306000+00:00,58.20000076293945,0.0,0.0
2024-06-19 09:15:05.125000+00:00,58.20000076293945,0.0,0.0
2024-06-19 09:16:04.603000+00:00,58.09999847412109,0.0,0.0
2024-06-19 09:17:05.179000+00:00,58.09999847412109,0.0,0.0
2024-06-19 09:18:05.066000+00:00,58.09999847412109,0.0,0.0
2024-06-19 09:19:04.501000+00:00,58.02000045776367,0.0,0.0
2024-06-19 09:20:04.688000+00:00,58.04999923706055,0.0,0.0
2024-06-19 09:21:04.475000+00:00,58.0,0.0,0.0
2024-06-19 09:22:04.740000+00:00,58.0,0.0,0.0
2024-06-19 09:23:04.871000+00:00,58.0,0.0,0.0
2024-06-19 09:24:04.922000+00:00,57.900001525878906,0.0,0.0
2024-06-19 09:25:04.359000+00:00,57.900001525878906,0.0,0.0
2024-06-19 09:26:05.050000+00:00,57.900001525878906,0.0,0.0
2024-06-19 09:27:04.671000+00:00,57.900001525878906,0.0,0.0
2024-06-19 09:28:04.973000+00:00,57.900001525878906,0.0,0.0
2024-06-19 09:29:04.221000+00:00,57.900001525878906,0.0,0.0
2024-06-19 09:30:04.997000+00:00,57.900001525878906,0.0,0.0
2024-06-19 09:31:04.440000+00:00,57.900001525878906,0.0,0.0
2024-06-19 09:32:05.022000+00:00,57.90999984741211,0.0,0.0
2024-06-19 09:33:04.571000+00:00,57.900001525878906,0.0,0.0
2024-06-19 09:34:05.249000+00:00,57.900001525878906,0.0,0.0
2024-06-19 09:35:04.757000+00:00,57.900001525878906,0.0,0.0
2024-06-19 09:36:04.781000+00:00,57.97999954223633,0.0,0.0
2024-06-19 09:37:04.757000+00:00,58.0,0.0,0.0
2024-06-19 09:38:04.741000+00:00,58.0,0.0,0.0
2024-06-19 09:39:04.861000+00:00,58.09999847412109,0.0,0.0
2024-06-19 09:40:04.747000+00:00,58.09999847412109,0.0,0.0
2024-06-19 09:41:05.066000+00:00,58.09999847412109,0.0,0.0
2024-06-19 09:42:04.978000+00:00,58.20000076293945,0.0,0.0
2024-06-19 09:43:04.136000+00:00,58.20000076293945,0.0,0.0
2024-06-19 09:44:05.096000+00:00,58.20000076293945,0.0,0.0
2024-06-19 09:45:04.791000+00:00,58.0,0.0,0.0
2024-06-19 09:46:03.927000+00:00,58.09999847412109,0.0,0.0
2024-06-19 09:47:04.526000+00:00,58.20000076293945,0.0,0.0
2024-06-19 09:48:04.886000+00:00,58.20000076293945,0.0,0.0
2024-06-19 09:49:04.949000+00:00,58.29999923706055,0.0,0.0
2024-06-19 09:50:04.676000+00:00,58.29999923706055,0.0,0.0
2024-06-19 09:51:04.684000+00:00,58.29999923706055,0.0,0.0
2024-06-19 09:52:05.091000+00:00,58.400001525878906,0.0,0.0
2024-06-19 09:53:04.701000+00:00,58.400001525878906,0.0,0.0
2024-06-19 09:54:05.043000+00:00,58.400001525878906,0.0,0.0
2024-06-19 09:55:04.800000+00:00,58.400001525878906,0.0,0.0
2024-06-19 09:56:04.873000+00:00,58.400001525878906,0.0,0.0
2024-06-19 09:57:05.526000+00:00,58.400001525878906,0.0,0.0
2024-06-19 09:58:04.812000+00:00,58.400001525878906,0.0,0.0
2024-06-19 09:59:04.596000+00:00,58.400001525878906,0.0,0.0
2024-06-19 10:00:07.222000+00:00,58.470001220703125,0.0,0.0
2024-06-19 10:01:05.303000+00:00,58.400001525878906,0.0,0.0
2024-06-19 10:02:04.615000+00:00,58.400001525878906,0.0,0.0
2024-06-19 10:03:04.857000+00:00,58.400001525878906,0.0,0.0
2024-06-19 10:04:04.361000+00:00,58.400001525878906,0.0,0.0
2024-06-19 10:05:04.499000+00:00,58.31999969482422,0.0,0.0
2024-06-19 10:06:05.476000+00:00,58.400001525878906,0.0,0.0
2024-06-19 10:07:04.309000+00:00,58.29999923706055,0.0,0.0
2024-06-19 10:08:04.655000+00:00,58.29999923706055,0.0,0.0
2024-06-19 10:09:04.787000+00:00,58.29999923706055,0.0,0.0
2024-06-19 10:10:05.144000+00:00,58.29999923706055,0.0,0.0
2024-06-19 10:11:04.448000+00:00,58.20000076293945,0.0,0.0
2024-06-19 10:12:06.292000+00:00,58.20000076293945,0.0,0.0
2024-06-19 10:13:04.990000+00:00,58.20000076293945,0.0,0.0
2024-06-19 10:14:05.099000+00:00,58.20000076293945,0.0,0.0
2024-06-19 10:15:05.445000+00:00,58.09999847412109,0.0,0.0
2024-06-19 10:16:04.832000+00:00,55.380001068115234,0.0,0.0
2024-06-19 10:17:04.456000+00:00,56.09999847412109,0.0,0.0
2024-06-19 10:18:04.689000+00:00,56.68000030517578,0.0,0.0
2024-06-19 10:19:04.739000+00:00,57.0,0.0,0.0
2024-06-19 10:20:05.006000+00:00,57.29999923706055,0.0,0.0
2024-06-19 10:21:04.483000+00:00,57.5,0.0,0.0
2024-06-19 10:22:05.002000+00:00,57.75,0.0,0.0
2024-06-19 10:23:03.942000+00:00,58.0,0.0,0.0
2024-06-19 10:24:04.432000+00:00,58.20000076293945,0.0,0.0
2024-06-19 10:25:04.203000+00:00,58.400001525878906,0.0,0.0
2024-06-19 10:26:04.945000+00:00,58.52000045776367,0.0,0.0
2024-06-19 10:27:05.388000+00:00,58.70000076293945,0.0,0.0
2024-06-19 10:28:04.647000+00:00,58.79999923706055,0.0,0.0
2024-06-19 10:29:04.946000+00:00,58.79999923706055,0.0,0.0
2024-06-19 10:30:05.369000+00:00,58.900001525878906,0.0,0.0
2024-06-19 10:31:04.657000+00:00,58.79999923706055,0.0,0.0
2024-06-19 10:32:04.378000+00:00,58.79999923706055,0.0,0.0
2024-06-19 10:33:04.763000+00:00,54.59999847412109,0.0,0.0
2024-06-19 10:34:04.202000+00:00,50.630001068115234,0.0,0.0
2024-06-19 10:35:04.634000+00:00,52.880001068115234,0.0,0.0
2024-06-19 10:36:05.274000+00:00,57.29999923706055,2.75,659608.9412174225
2024-06-19 10:37:04.507000+00:00,58.619998931884766,2.75,674804.1177043915
2024-06-19 10:38:05.017000+00:00,58.59999847412109,2.75,674573.8824348449
2024-06-19 10:39:05.501000+00:00,58.59999847412109,2.75,674573.8824348449
2024-06-19 10:40:04.404000+00:00,58.59999847412109,2.75,674573.8824348449
2024-06-19 10:41:04.940000+00:00,58.70000076293945,2.75,675725.0587825775
2024-06-19 10:42:05.518000+00:00,58.70000076293945,2.75,675725.0587825775
2024-06-19 10:43:04.252000+00:00,58.70000076293945,2.75,675725.0587825775
2024-06-19 10:44:04.975000+00:00,58.70000076293945,2.75,675725.0587825775
2024-06-19 10:45:04.167000+00:00,58.59999847412109,2.75,674573.8824348449
2024-06-19 10:46:04.382000+00:00,58.59999847412109,2.75,674573.8824348449
2024-06-19 10:47:04.196000+00:00,58.59999847412109,2.75,674573.8824348449
2024-06-19 10:48:04.475000+00:00,58.5,2.75,673422.75
2024-06-19 10:49:04.419000+00:00,58.5,2.75,673422.75
2024-06-19 10:50:04.968000+00:00,58.4900016784668,2.75,673307.6543216705
2024-06-19 10:51:04.655000+00:00,58.400001525878906,2.75,672271.617565155
2024-06-19 10:52:05.103000+00:00,58.31999969482422,2.75,671350.676486969
2024-06-19 10:53:04.432000+00:00,58.29999923706055,2.75,671120.4412174225
2024-06-19 10:54:04.745000+00:00,58.29999923706055,2.75,671120.4412174225
2024-06-19 10:55:04.780000+00:00,58.20000076293945,2.75,669969.3087825775
2024-06-19 10:56:04.659000+00:00,58.09999847412109,2.75,668818.1324348449
2024-06-19 10:57:04.347000+00:00,57.79999923706055,2.75,665364.6912174225
2024-06-19 10:58:04.436000+00:00,55.13999938964844,2.75,634744.102973938
2024-06-19 10:59:04.381000+00:00,56.790000915527344,2.75,653738.095539093
2024-06-19 11:00:06.514000+00:00,57.68999862670898,24.030000686645508,5803012.897879486
2024-06-19 11:01:05.016000+00:00,58.09999847412109,24.030000686645508,5844254.6115091955
2024-06-19 11:02:04.387000+00:00,58.20000076293945,24.030000686645508,5854313.800027911
2024-06-19 11:03:04.850000+00:00,58.400001525878906,24.030000686645508,5874431.793346532
2024-06-19 11:04:04.935000+00:00,58.400001525878906,24.030000686645508,5874431.793346532
2024-06-19 11:05:04.065000+00:00,58.5,24.030000686645508,5884490.598146439
2024-06-19 11:06:04.983000+00:00,58.5,24.030000686645508,5884490.598146439
2024-06-19 11:07:04.908000+00:00,58.59999847412109,24.030000686645508,5894549.402946345
2024-06-19 11:08:04.670000+00:00,58.59999847412109,24.030000686645508,5894549.402946345
2024-06-19 11:09:04.460000+00:00,58.59999847412109,24.030000686645508,5894549.402946345
2024-06-19 11:10:04.919000+00:00,58.59999847412109,24.030000686645508,5894549.402946345
2024-06-19 11:11:04.663000+00:00,58.59999847412109,24.030000686645508,5894549.402946345
2024-06-19 11:12:04.629000+00:00,58.59000015258789,24.030000686645508,5893543.675953878
2024-06-19 11:13:05.288000+00:00,58.5,24.030000686645508,5884490.598146439
2024-06-19 11:14:04.793000+00:00,58.400001525878906,24.030000686645508,5874431.793346532
2024-06-19 11:15:05.293000+00:00,58.400001525878906,24.030000686645508,5874431.793346532
2024-06-19 11:16:04.525000+00:00,58.29999923706055,24.030000686645508,5864372.6048278175
2024-06-19 11:17:04.970000+00:00,58.29999923706055,24.030000686645508,5864372.6048278175
2024-06-19 11:18:04.669000+00:00,58.27999877929688,24.030000686645508,5862360.767124075
2024-06-19 11:19:04.647000+00:00,58.20000076293945,24.030000686645508,5854313.800027911
2024-06-19 11:20:05.169000+00:00,58.20000076293945,24.030000686645508,5854313.800027911
2024-06-19 11:21:04.680000+00:00,58.09999847412109,24.030000686645508,5844254.6115091955
2024-06-19 11:22:04.271000+00:00,58.09999847412109,24.030000686645508,5844254.6115091955
2024-06-19 11:23:04.422000+00:00,58.02999877929688,24.030000686645508,5837213.371405501
2024-06-19 11:24:05.074000+00:00,58.0,24.030000686645508,5834195.80670929
2024-06-19 11:25:04.836000+00:00,58.0,23.14999961853028,5620542.10738373
2024-06-19 11:26:05.333000+00:00,57.900001525878906,22.270000457763672,5397566.791193728
2024-06-19 11:27:04.821000+00:00,57.900001525878906,21.489999771118164,5208518.487789747
2024-06-19 11:28:04.783000+00:00,57.900001525878906,20.729999542236328,5024317.683461423
2024-06-19 11:29:04.599000+00:00,57.900001525878906,20.049999237060547,4859506.413152766
2024-06-19 11:30:05.318000+00:00,57.900001525878906,19.38999938964844,4699542.641919767
2024-06-19 11:31:04.497000+00:00,57.900001525878906,18.790000915527344,4554121.367913732
2024-06-19 11:32:04.857000+00:00,57.900001525878906,18.21999931335449,4415970.417955271
2024-06-19 11:33:04.729000+00:00,57.90999984741211,17.68000030517578,4285831.139485247
2024-06-19 11:34:04.753000+00:00,58.02999877929688,17.18000030517578,4173255.2907438893
2024-06-19 11:35:04.443000+00:00,58.09999847412109,16.709999084472656,4063981.9566054437
2024-06-19 11:36:05.016000+00:00,58.20000076293945,16.239999771118164,3956473.2441037283
2024-06-19 11:37:04.709000+00:00,58.20000076293945,15.8100004196167,3851714.56472104
2024-06-19 11:38:04.820000+00:00,58.29999923706055,15.40999984741211,3760714.871547501
2024-06-19 11:39:05.404000+00:00,58.29999923706055,15.010000228881836,3663097.445920287
2024-06-19 11:40:04.890000+00:00,58.29999923706055,14.649999618530272,3575241.5301174936
2024-06-19 11:41:04.394000+00:00,58.29999923706055,14.3100004196167,3492266.834703513
2024-06-19 11:42:05.197000+00:00,58.29999923706055,13.970000267028809,3409291.9065512307
2024-06-19 11:43:04.732000+00:00,58.29999923706055,13.65999984741211,3333638.227136414
2024-06-19 11:44:05.226000+00:00,58.29999923706055,13.350000381469728,3257984.780459899
2024-06-19 11:45:04.883000+00:00,58.29999923706055,13.0600004196167,3187212.0886955936
2024-06-19 11:46:04.191000+00:00,58.29999923706055,12.779999732971191,3118879.6580182426
2024-06-19 11:47:04.273000+00:00,58.29999923706055,12.520000457763672,3055428.4477297044
2024-06-19 11:48:04.498000+00:00,58.29999923706055,12.260000228881836,2991977.0047028647
2024-06-19 11:49:04.274000+00:00,58.29999923706055,12.020000457763672,2933406.5493265367
2024-06-19 11:50:04.889000+00:00,58.29999923706055,11.779999732971191,2874835.861211907
2024-06-19 11:51:04.468000+00:00,58.29999923706055,11.550000190734863,2818705.8996608346
2024-06-19 11:52:04.723000+00:00,58.20000076293945,11.329999923706056,2760273.5335970917
2024-06-19 11:53:04.447000+00:00,58.20000076293945,11.119999885559082,2709112.231632858
2024-06-19 11:54:04.806000+00:00,58.20000076293945,10.920000076293944,2660387.2374619446
2024-06-19 11:55:04.944000+00:00,58.09999847412109,10.729999542236328,2609606.6381328152
2024-06-19 11:56:04.701000+00:00,58.09999847412109,10.539999961853027,2563397.4873999557
2024-06-19 11:57:05.517000+00:00,58.09000015258789,10.350000381469728,2516755.158370873
2024-06-19 11:58:04.860000+00:00,58.0099983215332,10.18000030517578,2472007.9773804783
2024-06-19 11:59:04.346000+00:00,58.0,10.010000228881836,2430307.935569763
2024-06-19 12:00:07.715000+00:00,58.0,10.0,2427880.0
2024-06-19 12:01:05.610000+00:00,57.900001525878906,10.0,2423694.063873291
2024-06-19 12:02:04.911000+00:00,57.900001525878906,10.0,2423694.063873291
2024-06-19 12:03:05.024000+00:00,57.79999923706055,10.0,2419507.9680633545
2024-06-19 12:04:04.722000+00:00,57.79999923706055,10.0,2419507.9680633545
2024-06-19 12:05:04.584000+00:00,57.79999923706055,10.0,2419507.9680633545
2024-06-19 12:06:05.528000+00:00,57.70000076293945,10.0,2415322.0319366455
2024-06-19 12:07:05.113000+00:00,57.70000076293945,10.0,2415322.0319366455
2024-06-19 12:08:04.548000+00:00,58.09999847412109,10.0,2432065.9361267085
2024-06-19 12:09:04.631000+00:00,58.0099983215332,10.0,2428298.52973938
2024-06-19 12:10:04.652000+00:00,58.0,10.0,2427880.0
2024-06-19 12:11:04.648000+00:00,57.900001525878906,10.0,2423694.063873291
2024-06-19 12:12:04.499000+00:00,57.900001525878906,10.0,2423694.063873291
2024-06-19 12:13:05.327000+00:00,57.79999923706055,10.0,2419507.9680633545
2024-06-19 12:14:04.678000+00:00,58.20000076293945,10.0,2436252.0319366455
2024-06-19 12:15:05.115000+00:00,58.20000076293945,10.0,2436252.0319366455
2024-06-19 12:16:04.801000+00:00,58.290000915527344,10.0,2440019.4383239746
2024-06-19 12:17:05.140000+00:00,58.27999877929688,10.0,2439600.7489013677
2024-06-19 12:18:04.586000+00:00,58.29999923706055,10.0,2440437.9680633545
2024-06-19 12:19:04.797000+00:00,58.29999923706055,10.0,2440437.9680633545
2024-06-19 12:20:04.411000+00:00,58.29999923706055,10.0,2440437.9680633545
2024-06-19 12:21:05.058000+00:00,58.29999923706055,10.0,2440437.9680633545
2024-06-19 12:22:04.843000+00:00,58.29999923706055,10.0,2440437.9680633545
2024-06-19 12:23:04.504000+00:00,58.29999923706055,10.0,2440437.9680633545
2024-06-19 12:24:05.017000+00:00,58.29999923706055,10.0,2440437.9680633545
2024-06-19 12:25:04.841000+00:00,58.29999923706055,10.0,2440437.9680633545
2024-06-19 12:26:05.547000+00:00,58.29999923706055,10.0,2440437.9680633545
2024-06-19 12:27:04.853000+00:00,57.5,10.0,2406950.0
2024-06-19 12:28:05.003000+00:00,57.900001525878906,10.0,2423694.063873291
2024-06-19 12:29:04.535000+00:00,57.900001525878906,10.0,2423694.063873291
2024-06-19 12:30:05.215000+00:00,57.900001525878906,10.0,2423694.063873291
2024-06-19 12:31:04.703000+00:00,57.900001525878906,10.0,2423694.063873291
2024-06-19 12:32:04.549000+00:00,57.900001525878906,10.0,2423694.063873291
2024-06-19 12:33:04.751000+00:00,57.900001525878906,10.0,2423694.063873291
2024-06-19 12:34:04.727000+00:00,58.0,10.0,2427880.0
2024-06-19 12:35:04.946000+00:00,58.060001373291016,10.0,2430391.657485962
2024-06-19 12:36:04.857000+00:00,58.09999847412109,10.0,2432065.9361267085
2024-06-19 12:37:04.543000+00:00,58.13999938964844,10.0,2433740.3744506836
2024-06-19 12:38:04.541000+00:00,58.20000076293945,10.0,2436252.0319366455
2024-06-19 12:39:05.155000+00:00,58.29999923706055,10.0,2440437.9680633545
2024-06-19 12:40:04.431000+00:00,58.29999923706055,10.0,2440437.9680633545
2024-06-19 12:41:04.472000+00:00,58.400001525878906,10.0,2444624.063873291
2024-06-19 12:42:05.502000+00:00,58.400001525878906,10.0,2444624.063873291
2024-06-19 12:43:04.668000+00:00,58.400001525878906,10.0,2444624.063873291
2024-06-19 12:44:04.391000+00:00,58.400001525878906,10.0,2444624.063873291
2024-06-19 12:45:05.240000+00:00,58.400001525878906,10.0,2444624.063873291
2024-06-19 12:46:03.995000+00:00,58.400001525878906,10.0,2444624.063873291
2024-06-19 12:47:04.893000+00:00,58.29999923706055,10.0,2440437.9680633545
2024-06-19 12:48:04.764000+00:00,57.70000076293945,10.0,2415322.0319366455
2024-06-19 12:49:04.186000+00:00,57.88999938964844,10.0,2423275.3744506836
2024-06-19 12:50:04.606000+00:00,58.29999923706055,10.0,2440437.9680633545
2024-06-19 12:51:03.838000+00:00,58.43000030517578,10.0,2445879.812774658
2024-06-19 12:52:05.348000+00:00,58.43000030517578,10.0,2445879.812774658
2024-06-19 12:53:04.438000+00:00,58.5,10.0,2448810.0
2024-06-19 12:54:05.147000+00:00,58.400001525878906,10.0,2444624.063873291
2024-06-19 12:55:05.043000+00:00,58.310001373291016,10.0,2440856.657485962
2024-06-19 12:56:04.971000+00:00,58.29999923706055,10.0,2440437.9680633545
2024-06-19 12:57:04.396000+00:00,58.29999923706055,10.0,2440437.9680633545
2024-06-19 12:58:04.697000+00:00,58.20000076293945,10.0,2436252.0319366455
2024-06-19 12:59:04.740000+00:00,58.09999847412109,10.0,2432065.9361267085
2024-06-19 13:00:07.765000+00:00,58.09999847412109,10.0,2432065.9361267085
2024-06-19 13:01:05.177000+00:00,58.09999847412109,10.0,2432065.9361267085
2024-06-19 13:02:05.085000+00:00,58.09999847412109,10.0,2432065.9361267085
2024-06-19 13:03:04.653000+00:00,58.09999847412109,10.0,2432065.9361267085
2024-06-19 13:04:04.499000+00:00,58.0,0.0,0.0
2024-06-19 13:05:04.238000+00:00,58.0,0.0,0.0
2024-06-19 13:06:05.759000+00:00,58.0,0.0,0.0
2024-06-19 13:07:04.899000+00:00,57.95000076293945,0.0,0.0
2024-06-19 13:08:03.908000+00:00,58.09999847412109,0.0,0.0
2024-06-19 13:09:04.737000+00:00,58.09999847412109,0.0,0.0
2024-06-19 13:10:04.517000+00:00,58.09999847412109,0.0,0.0
2024-06-19 13:11:04.691000+00:00,58.09999847412109,0.0,0.0
2024-06-19 13:12:04.509000+00:00,58.20000076293945,0.0,0.0
2024-06-19 13:13:05.244000+00:00,58.29999923706055,0.0,0.0
2024-06-19 13:14:04.821000+00:00,57.70000076293945,0.0,0.0
2024-06-19 13:15:04.769000+00:00,58.11000061035156,0.0,0.0
2024-06-19 13:16:04.545000+00:00,58.09999847412109,0.0,0.0
2024-06-19 13:17:05.191000+00:00,58.0,0.0,0.0
2024-06-19 13:18:04.712000+00:00,58.09999847412109,0.0,0.0
2024-06-19 13:19:04.389000+00:00,58.29999923706055,0.0,0.0
2024-06-19 13:20:05.254000+00:00,58.29999923706055,0.0,0.0
2024-06-19 13:21:04.678000+00:00,58.29999923706055,0.0,0.0
2024-06-19 13:22:04.851000+00:00,58.27999877929688,0.0,0.0
2024-06-19 13:23:05.147000+00:00,58.290000915527344,0.0,0.0
2024-06-19 13:24:04.269000+00:00,58.20000076293945,0.0,0.0
2024-06-19 13:25:05.002000+00:00,58.20000076293945,0.0,0.0
2024-06-19 13:26:04.949000+00:00,57.61000061035156,0.0,0.0
2024-06-19 13:27:04.845000+00:00,58.0,0.0,0.0
2024-06-19 13:28:04.925000+00:00,58.5099983215332,0.0,0.0
2024-06-19 13:29:04.847000+00:00,58.59999847412109,0.0,0.0
2024-06-19 13:30:05.096000+00:00,57.9900016784668,0.0,0.0
2024-06-19 13:31:04.664000+00:00,58.0,0.0,0.0
2024-06-19 13:32:04.882000+00:00,58.09999847412109,0.0,0.0
2024-06-19 13:33:03.881000+00:00,58.29999923706055,0.0,0.0
2024-06-19 13:34:05.210000+00:00,58.400001525878906,0.0,0.0
2024-06-19 13:35:05.367000+00:00,58.400001525878906,0.0,0.0
2024-06-19 13:36:04.374000+00:00,58.29999923706055,0.0,0.0
2024-06-19 13:37:04.465000+00:00,58.29999923706055,0.0,0.0
2024-06-19 13:38:04.765000+00:00,58.20000076293945,0.0,0.0
2024-06-19 13:39:05.597000+00:00,58.20000076293945,0.0,0.0
2024-06-19 13:40:05.065000+00:00,58.20000076293945,0.0,0.0
2024-06-19 13:41:05.185000+00:00,58.09999847412109,0.0,0.0
2024-06-19 13:42:04.806000+00:00,58.09999847412109,0.0,0.0
2024-06-19 13:43:04.833000+00:00,58.20000076293945,0.0,0.0
2024-06-19 13:44:04.549000+00:00,58.310001373291016,0.0,0.0
2024-06-19 13:45:04.573000+00:00,58.29999923706055,0.0,0.0
2024-06-19 13:46:04.632000+00:00,58.29999923706055,0.0,0.0
2024-06-19 13:47:04.531000+00:00,58.209999084472656,0.0,0.0
2024-06-19 13:48:04.499000+00:00,57.650001525878906,0.0,0.0
2024-06-19 13:49:04.468000+00:00,57.4900016784668,0.0,0.0
2024-06-19 13:50:04.883000+00:00,57.70000076293945,0.0,0.0
2024-06-19 13:51:04.888000+00:00,58.20000076293945,0.0,0.0
2024-06-19 13:52:05.007000+00:00,58.400001525878906,0.0,0.0
2024-06-19 13:53:04.255000+00:00,58.5,0.0,0.0
2024-06-19 13:54:04.543000+00:00,58.5,0.0,0.0
2024-06-19 13:55:04.878000+00:00,58.5,0.0,0.0
2024-06-19 13:56:05.097000+00:00,58.400001525878906,0.0,0.0
2024-06-19 13:57:04.522000+00:00,58.29999923706055,0.0,0.0
2024-06-19 13:58:04.541000+00:00,58.20000076293945,0.0,0.0
2024-06-19 13:59:05.273000+00:00,58.09999847412109,0.0,0.0
2024-06-19 14:00:06.750000+00:00,58.0,0.0,0.0
2024-06-19 14:01:05.434000+00:00,57.93000030517578,0.0,0.0
2024-06-19 14:02:04.347000+00:00,57.900001525878906,0.0,0.0
2024-06-19 14:03:04.331000+00:00,57.900001525878906,0.0,0.0
2024-06-19 14:04:04.220000+00:00,58.09999847412109,0.0,0.0
2024-06-19 14:05:04.763000+00:00,58.29999923706055,0.0,0.0
2024-06-19 14:06:05.407000+00:00,58.20000076293945,0.0,0.0
2024-06-19 14:07:04.387000+00:00,58.20000076293945,0.0,0.0
2024-06-19 14:08:04.619000+00:00,57.709999084472656,0.0,0.0
2024-06-19 14:09:04.419000+00:00,57.900001525878906,0.0,0.0
2024-06-19 14:10:04.763000+00:00,58.09999847412109,0.0,0.0
2024-06-19 14:11:05.184000+00:00,58.29999923706055,0.0,0.0
2024-06-19 14:12:04.835000+00:00,58.29999923706055,0.0,0.0
2024-06-19 14:13:05.664000+00:00,58.20000076293945,0.0,0.0
2024-06-19 14:14:04.535000+00:00,58.09999847412109,0.0,0.0
2024-06-19 14:15:05.095000+00:00,57.900001525878906,0.0,0.0
2024-06-19 14:16:04.794000+00:00,58.09000015258789,0.0,0.0
2024-06-19 14:17:04.798000+00:00,58.11000061035156,0.0,0.0
2024-06-19 14:18:04.552000+00:00,58.29999923706055,0.0,0.0
2024-06-19 14:19:04.648000+00:00,58.400001525878906,0.0,0.0
2024-06-19 14:20:04.779000+00:00,58.400001525878906,0.0,0.0
2024-06-19 14:21:04.718000+00:00,58.29999923706055,0.0,0.0
2024-06-19 14:22:04.385000+00:00,58.20000076293945,0.0,0.0
2024-06-19 14:23:04.561000+00:00,58.20000076293945,0.0,0.0
2024-06-19 14:24:04.299000+00:00,58.09999847412109,0.0,0.0
2024-06-19 14:25:04.729000+00:00,58.09999847412109,0.0,0.0
2024-06-19 14:26:04.712000+00:00,58.09999847412109,0.0,0.0
2024-06-19 14:27:04.710000+00:00,58.09999847412109,0.0,0.0
2024-06-19 14:28:04.769000+00:00,58.09999847412109,0.0,0.0
2024-06-19 14:29:04.745000+00:00,58.09999847412109,0.0,0.0
2024-06-19 14:30:05.429000+00:00,58.20000076293945,0.0,0.0
2024-06-19 14:31:04.598000+00:00,58.20000076293945,0.0,0.0
2024-06-19 14:32:04.492000+00:00,58.20000076293945,0.0,0.0
2024-06-19 14:33:04.177000+00:00,58.20000076293945,0.0,0.0
2024-06-19 14:34:04.192000+00:00,58.20000076293945,0.0,0.0
2024-06-19 14:35:04.491000+00:00,58.29999923706055,0.0,0.0
2024-06-19 14:36:05.071000+00:00,58.29999923706055,0.0,0.0
2024-06-19 14:37:04.777000+00:00,58.220001220703125,0.0,0.0
2024-06-19 14:38:04.939000+00:00,58.29999923706055,0.0,0.0
2024-06-19 14:39:05.868000+00:00,58.29999923706055,0.0,0.0
2024-06-19 14:40:04.986000+00:00,58.29999923706055,0.0,0.0
2024-06-19 14:41:04.675000+00:00,58.29999923706055,0.0,0.0
2024-06-19 14:42:05.463000+00:00,58.29999923706055,0.0,0.0
2024-06-19 14:43:04.897000+00:00,58.29999923706055,0.0,0.0
2024-06-19 14:44:04.698000+00:00,58.29999923706055,0.0,0.0
2024-06-19 14:45:04.619000+00:00,58.29999923706055,0.0,0.0
2024-06-19 14:46:04.815000+00:00,58.38999938964844,0.0,0.0
2024-06-19 14:47:04.525000+00:00,58.29999923706055,0.0,0.0
2024-06-19 14:48:04.918000+00:00,58.27999877929688,0.0,0.0
2024-06-19 14:49:04.397000+00:00,58.20000076293945,0.0,0.0
2024-06-19 14:50:04.548000+00:00,58.09999847412109,0.0,0.0
2024-06-19 14:51:04.524000+00:00,47.56999969482422,0.0,0.0
2024-06-19 14:52:05.277000+00:00,48.20000076293945,0.0,0.0
2024-06-19 14:53:04.403000+00:00,55.810001373291016,0.0,0.0
2024-06-19 14:54:04.688000+00:00,60.77999877929688,0.0,0.0
2024-06-19 14:55:05.225000+00:00,63.0,223.0200042724609,58814389.486724846
2024-06-19 14:56:04.450000+00:00,63.9900016784668,223.0200042724609,59738617.1741829
2024-06-19 14:57:04.759000+00:00,64.0,223.0200042724609,59747951.22460937
2024-06-19 14:58:04.586000+00:00,63.59999847412109,171.1300048828125,45559871.65488555
2024-06-19 14:59:05.060000+00:00,63.29999923706055,132.83999633789062,35199118.19739058
2024-06-19 15:00:07.748000+00:00,62.90999984741211,108.18000030517578,28488257.51806725
2024-06-19 15:01:05.513000+00:00,62.619998931884766,91.86000061035156,24079015.364471782
2024-06-19 15:02:04.303000+00:00,62.400001525878906,80.12999725341797,20930468.626391858
2024-06-19 15:03:04.241000+00:00,62.09999847412109,70.55000305175781,18339515.172680184
2024-06-19 15:04:04.287000+00:00,61.900001525878906,63.220001220703125,16381149.86810749
2024-06-19 15:05:04.820000+00:00,61.70000076293945,57.09000015258789,14744988.47973613
2024-06-19 15:06:05.170000+00:00,61.400001525878906,52.09000015258789,13388193.007934175
2024-06-19 15:07:04.618000+00:00,61.20000076293945,47.95000076293945,12283984.788588488
2024-06-19 15:08:04.181000+00:00,60.900001525878906,0.0,0.0
2024-06-19 15:09:04.259000+00:00,57.29999923706055,0.0,0.0
2024-06-19 15:10:04.831000+00:00,57.91999816894531,0.0,0.0
2024-06-19 15:11:04.445000+00:00,58.09000015258789,0.0,0.0
2024-06-19 15:12:05.061000+00:00,58.040000915527344,0.0,0.0
2024-06-19 15:13:05.111000+00:00,57.900001525878906,0.0,0.0
2024-06-19 15:14:04.720000+00:00,57.59999847412109,0.0,0.0
2024-06-19 15:15:04.626000+00:00,51.08000183105469,0.0,0.0
2024-06-19 15:16:04.582000+00:00,45.29999923706055,0.0,0.0
2024-06-19 15:17:04.551000+00:00,49.06999969482422,0.0,0.0
2024-06-19 15:18:05.016000+00:00,54.290000915527344,0.0,0.0
2024-06-19 15:19:04.435000+00:00,57.16999816894531,0.0,0.0
2024-06-19 15:20:04.769000+00:00,58.88999938964844,0.0,0.0
2024-06-19 15:21:04.837000+00:00,59.5,0.0,0.0
2024-06-19 15:22:04.804000+00:00,57.27000045776367,0.0,0.0
2024-06-19 15:23:04.436000+00:00,51.25,0.0,0.0
2024-06-19 15:24:04.837000+00:00,52.34000015258789,0.0,0.0
2024-06-19 15:25:05.491000+00:00,51.70000076293945,0.0,0.0
2024-06-19 15:26:05.111000+00:00,51.59999847412109,0.0,0.0
2024-06-19 15:27:04.410000+00:00,55.0,0.0,0.0
2024-06-19 15:28:04.873000+00:00,58.20000076293945,185.259994506836,45134003.8053851
2024-06-19 15:29:04.971000+00:00,56.70000076293945,185.259994506836,43970756.299876675
2024-06-19 15:30:05.049000+00:00,58.400001525878906,185.259994506836,45289104.0644445
2024-06-19 15:31:04.319000+00:00,60.09999847412109,185.259994506836,46607448.87072093
2024-06-19 15:32:04.482000+00:00,61.0,147.30999755859375,37615018.63659668
2024-06-19 15:33:04.141000+00:00,61.29999923706055,118.33000183105467,30363691.08594559
2024-06-19 15:34:04.274000+00:00,61.29999923706055,98.98999786376952,25401011.317698564
2024-06-19 15:35:05.172000+00:00,61.09999847412109,84.7300033569336,21670934.875386357
2024-06-19 15:36:04.536000+00:00,60.79999923706055,74.37000274658203,18927819.917516455
2024-06-19 15:37:04.704000+00:00,60.5,66.04000091552734,16724828.351860046
2024-06-19 15:38:05.061000+00:00,59.5099983215332,59.560001373291016,14836923.625226697
2024-06-19 15:39:06.204000+00:00,56.34000015258789,54.09000015258789,12756544.562135275
2024-06-19 15:40:04.381000+00:00,56.20000076293945,49.70000076293945,11692084.378209079
2024-06-19 15:41:05.487000+00:00,56.70000076293945,45.810001373291016,10872829.894247182
2024-06-19 15:42:04.968000+00:00,57.29999923706055,42.59999847412109,10217941.777955936
2024-06-19 15:43:04.629000+00:00,57.79999923706055,39.810001373291016,9632061.55312907
2024-06-19 15:44:04.705000+00:00,58.29999923706055,37.369998931884766,9119916.425985858
2024-06-19 15:45:04.678000+00:00,58.59999847412109,0.0,0.0
2024-06-19 15:46:04.218000+00:00,58.79999923706055,0.0,0.0
2024-06-19 15:47:04.406000+00:00,58.900001525878906,0.0,0.0
2024-06-19 15:48:04.873000+00:00,58.900001525878906,0.0,0.0
2024-06-19 15:49:04.964000+00:00,58.70000076293945,0.0,0.0
2024-06-19 15:50:04.812000+00:00,58.70000076293945,0.0,0.0
2024-06-19 15:51:04.881000+00:00,58.59999847412109,0.0,0.0
2024-06-19 15:52:04.735000+00:00,58.5,0.0,0.0
2024-06-19 15:53:04.575000+00:00,58.400001525878906,0.0,0.0
2024-06-19 15:54:04.897000+00:00,58.29999923706055,0.0,0.0
2024-06-19 15:55:05.127000+00:00,58.09999847412109,0.0,0.0
2024-06-19 15:56:04.923000+00:00,58.09999847412109,0.0,0.0
2024-06-19 15:57:04.971000+00:00,58.0,0.0,0.0
2024-06-19 15:58:04.626000+00:00,58.0,0.0,0.0
2024-06-19 15:59:04.531000+00:00,57.900001525878906,0.0,0.0
2024-06-19 16:00:07.014000+00:00,57.900001525878906,0.0,0.0
2024-06-19 16:01:04.971000+00:00,57.900001525878906,0.0,0.0
2024-06-19 16:02:04.572000+00:00,57.900001525878906,0.0,0.0
2024-06-19 16:03:04.703000+00:00,57.900001525878906,0.0,0.0
2024-06-19 16:04:04.341000+00:00,57.900001525878906,0.0,0.0
2024-06-19 16:05:04.850000+00:00,57.900001525878906,0.0,0.0
2024-06-19 16:06:05.681000+00:00,57.900001525878906,0.0,0.0
2024-06-19 16:07:04.361000+00:00,58.0,0.0,0.0
2024-06-19 16:08:04.612000+00:00,58.0,0.0,0.0
2024-06-19 16:09:04.481000+00:00,58.0,0.0,0.0
2024-06-19 16:10:04.553000+00:00,58.06999969482422,0.0,0.0
2024-06-19 16:11:04.277000+00:00,58.09999847412109,0.0,0.0
2024-06-19 16:12:04.604000+00:00,58.20000076293945,0.0,0.0
2024-06-19 16:13:05.002000+00:00,58.20000076293945,0.0,0.0
2024-06-19 16:14:05.629000+00:00,58.29999923706055,0.0,0.0
2024-06-19 16:15:05.069000+00:00,58.33000183105469,0.0,0.0
2024-06-19 16:16:04.344000+00:00,58.400001525878906,0.0,0.0
2024-06-19 16:17:04.983000+00:00,58.400001525878906,0.0,0.0
2024-06-19 16:18:04.534000+00:00,58.400001525878906,0.0,0.0
2024-06-19 16:19:04.823000+00:00,58.400001525878906,0.0,0.0
2024-06-19 16:20:04.543000+00:00,58.400001525878906,0.0,0.0
2024-06-19 16:21:04.702000+00:00,58.400001525878906,0.0,0.0
2024-06-19 16:22:04.939000+00:00,58.38999938964844,0.0,0.0
2024-06-19 16:23:04.912000+00:00,58.34000015258789,0.0,0.0
2024-06-19 16:24:04.621000+00:00,58.310001373291016,0.0,0.0
2024-06-19 16:25:04.465000+00:00,58.29999923706055,0.0,0.0
2024-06-19 16:26:04.783000+00:00,58.29999923706055,0.0,0.0
2024-06-19 16:27:04.061000+00:00,58.09999847412109,0.0,0.0
2024-06-19 16:28:04.824000+00:00,58.09999847412109,0.0,0.0
2024-06-19 16:29:04.601000+00:00,58.09999847412109,0.0,0.0
2024-06-19 16:30:04.679000+00:00,58.0,0.0,0.0
2024-06-19 16:31:04.600000+00:00,58.09999847412109,0.0,0.0
2024-06-19 16:32:04.620000+00:00,58.0,0.0,0.0
2024-06-19 16:33:04.613000+00:00,58.0,0.0,0.0
2024-06-19 16:34:04.737000+00:00,58.0,0.0,0.0
2024-06-19 16:35:04.195000+00:00,57.959999084472656,0.0,0.0
2024-06-19 16:36:05.015000+00:00,58.0,0.0,0.0
2024-06-19 16:37:03.942000+00:00,58.0,0.0,0.0
2024-06-19 16:38:04.561000+00:00,58.0,0.0,0.0
2024-06-19 16:39:05.238000+00:00,58.0,0.0,0.0
2024-06-19 16:40:05.286000+00:00,58.0,0.0,0.0
2024-06-19 16:41:04.636000+00:00,58.0,0.0,0.0
2024-06-19 16:42:04.777000+00:00,58.0,0.0,0.0
2024-06-19 16:43:04.161000+00:00,58.0,0.0,0.0
2024-06-19 16:44:04.065000+00:00,58.0,0.0,0.0
2024-06-19 16:45:04.590000+00:00,58.09999847412109,0.0,0.0
2024-06-19 16:46:04.679000+00:00,58.09999847412109,0.0,0.0
2024-06-19 16:47:04.512000+00:00,58.20000076293945,0.0,0.0
2024-06-19 16:48:04.244000+00:00,58.20000076293945,0.0,0.0
2024-06-19 16:49:04.639000+00:00,58.29999923706055,0.0,0.0
2024-06-19 16:50:04.548000+00:00,58.29999923706055,0.0,0.0
2024-06-19 16:51:04.331000+00:00,58.29999923706055,0.0,0.0
2024-06-19 16:52:04.944000+00:00,58.29999923706055,0.0,0.0
2024-06-19 16:53:04.509000+00:00,58.29999923706055,0.0,0.0
2024-06-19 16:54:04.066000+00:00,58.25,0.0,0.0
2024-06-19 16:55:04.732000+00:00,58.29999923706055,0.0,0.0
2024-06-19 16:56:04.811000+00:00,58.29999923706055,0.0,0.0
2024-06-19 16:57:04.925000+00:00,58.29999923706055,0.0,0.0
2024-06-19 16:58:04.649000+00:00,58.29999923706055,0.0,0.0
2024-06-19 16:59:04.547000+00:00,58.29999923706055,0.0,0.0
2024-06-19 17:00:06.857000+00:00,58.34000015258789,0.0,0.0
2024-06-19 17:01:05.292000+00:00,58.310001373291016,0.0,0.0
2024-06-19 17:02:04.404000+00:00,58.33000183105469,0.0,0.0
2024-06-19 17:03:04.752000+00:00,58.29999923706055,0.0,0.0
2024-06-19 17:04:04.741000+00:00,58.29999923706055,0.0,0.0
2024-06-19 17:05:04.702000+00:00,58.29999923706055,0.0,0.0
2024-06-19 17:06:04.890000+00:00,58.29999923706055,0.0,0.0
2024-06-19 17:07:04.061000+00:00,58.29999923706055,0.0,0.0
2024-06-19 17:08:04.588000+00:00,58.20000076293945,0.0,0.0
2024-06-19 17:09:04.822000+00:00,58.20000076293945,0.0,0.0
2024-06-19 17:10:04.954000+00:00,58.20000076293945,0.0,0.0
2024-06-19 17:11:04.265000+00:00,58.20000076293945,0.0,0.0
2024-06-19 17:12:04.657000+00:00,58.20000076293945,0.0,0.0
2024-06-19 17:13:06.106000+00:00,58.20000076293945,0.0,0.0
2024-06-19 17:14:04.842000+00:00,58.20000076293945,0.0,0.0
2024-06-19 17:15:05.096000+00:00,58.20000076293945,0.0,0.0
2024-06-19 17:16:04.278000+00:00,58.20000076293945,0.0,0.0
2024-06-19 17:17:04.621000+00:00,58.16999816894531,0.0,0.0
2024-06-19 17:18:05.191000+00:00,58.09999847412109,0.0,0.0
2024-06-19 17:19:05.206000+00:00,58.09999847412109,0.0,0.0
2024-06-19 17:20:05.382000+00:00,58.09999847412109,0.0,0.0
2024-06-19 17:21:04.622000+00:00,58.09999847412109,0.0,0.0
2024-06-19 17:22:04.345000+00:00,58.09999847412109,0.0,0.0
2024-06-19 17:23:04.952000+00:00,58.09999847412109,0.0,0.0
2024-06-19 17:24:04.484000+00:00,58.20000076293945,0.0,0.0
2024-06-19 17:25:04.608000+00:00,58.20000076293945,0.0,0.0
2024-06-19 17:26:05.342000+00:00,58.20000076293945,0.0,0.0
2024-06-19 17:27:04.092000+00:00,58.20000076293945,0.0,0.0
2024-06-19 17:28:04.952000+00:00,51.29999923706055,0.0,0.0
2024-06-19 17:29:04.609000+00:00,51.79999923706055,0.0,0.0
2024-06-19 17:30:05.279000+00:00,54.70000076293945,0.0,0.0
2024-06-19 17:31:04.581000+00:00,55.29999923706055,0.0,0.0
2024-06-19 17:32:04.624000+00:00,56.900001525878906,0.0,0.0
2024-06-19 17:33:04.784000+00:00,58.09999847412109,0.0,0.0
2024-06-19 17:34:04.650000+00:00,59.09999847412109,0.0,0.0
2024-06-19 17:35:04.697000+00:00,59.59999847412109,0.0,0.0
2024-06-19 17:36:05.355000+00:00,59.900001525878906,0.0,0.0
2024-06-19 17:37:04.183000+00:00,60.0,0.0,0.0
2024-06-19 17:38:04.367000+00:00,59.900001525878906,0.0,0.0
2024-06-19 17:39:05.309000+00:00,59.79999923706055,0.0,0.0
2024-06-19 17:40:04.652000+00:00,52.79999923706055,0.0,0.0
2024-06-19 17:41:04.462000+00:00,51.900001525878906,0.0,0.0
2024-06-19 17:42:05.207000+00:00,54.59999847412109,0.0,0.0
2024-06-19 17:43:05.008000+00:00,57.09999847412109,0.0,0.0
2024-06-19 17:44:04.729000+00:00,58.79999923706055,0.0,0.0
2024-06-19 17:45:04.615000+00:00,59.70000076293945,0.0,0.0
2024-06-19 17:46:04.885000+00:00,60.09999847412109,0.0,0.0
2024-06-19 17:47:04.301000+00:00,59.02999877929688,0.0,0.0
2024-06-19 17:48:04.791000+00:00,59.20000076293945,0.0,0.0
2024-06-19 17:49:04.844000+00:00,59.29999923706055,0.0,0.0
2024-06-19 17:50:04.821000+00:00,59.29999923706055,0.0,0.0
2024-06-19 17:51:04.777000+00:00,59.29999923706055,0.0,0.0
2024-06-19 17:52:05.835000+00:00,59.20000076293945,0.0,0.0
2024-06-19 17:53:05.110000+00:00,59.09999847412109,0.0,0.0
2024-06-19 17:54:04.663000+00:00,58.900001525878906,0.0,0.0
2024-06-19 17:55:05.042000+00:00,58.70000076293945,0.0,0.0
2024-06-19 17:56:04.590000+00:00,58.52000045776367,0.0,0.0
2024-06-19 17:57:04.610000+00:00,58.400001525878906,0.0,0.0
2024-06-19 17:58:04.062000+00:00,58.16999816894531,0.0,0.0
2024-06-19 17:59:04.308000+00:00,58.0,0.0,0.0
2024-06-19 18:00:06.685000+00:00,57.900001525878906,0.0,0.0
2024-06-19 18:01:05.274000+00:00,57.70000076293945,0.0,0.0
2024-06-19 18:02:04.608000+00:00,57.70000076293945,0.0,0.0
2024-06-19 18:03:05.032000+00:00,57.650001525878906,0.0,0.0
2024-06-19 18:04:04.542000+00:00,57.5,0.0,0.0
2024-06-19 18:05:04.612000+00:00,57.5,0.0,0.0
2024-06-19 18:06:05.014000+00:00,57.5,0.0,0.0
2024-06-19 18:07:03.978000+00:00,57.5,0.0,0.0
2024-06-19 18:08:04.334000+00:00,57.70000076293945,0.0,0.0
2024-06-19 18:09:04.579000+00:00,57.79999923706055,0.0,0.0
2024-06-19 18:10:04.118000+00:00,57.900001525878906,0.0,0.0
2024-06-19 18:11:04.770000+00:00,58.09000015258789,0.0,0.0
2024-06-19 18:12:05.071000+00:00,58.20000076293945,0.0,0.0
2024-06-19 18:13:04.853000+00:00,58.29999923706055,0.0,0.0
2024-06-19 18:14:04.739000+00:00,58.400001525878906,0.0,0.0
2024-06-19 18:15:04.539000+00:00,58.400001525878906,0.0,0.0
2024-06-19 18:16:04.406000+00:00,58.5,0.0,0.0
2024-06-19 18:17:04.868000+00:00,58.59999847412109,0.0,0.0
2024-06-19 18:18:04.078000+00:00,58.59999847412109,0.0,0.0
2024-06-19 18:19:04.665000+00:00,58.59999847412109,0.0,0.0
2024-06-19 18:20:04.340000+00:00,58.59999847412109,0.0,0.0
2024-06-19 18:21:04.229000+00:00,58.5,0.0,0.0
2024-06-19 18:22:04.402000+00:00,58.400001525878906,0.0,0.0
2024-06-19 18:23:04.601000+00:00,58.29999923706055,0.0,0.0
2024-06-19 18:24:04.628000+00:00,58.20000076293945,0.0,0.0
2024-06-19 18:25:04.670000+00:00,58.20000076293945,0.0,0.0
2024-06-19 18:26:05.535000+00:00,56.91999816894531,0.0,0.0
2024-06-19 18:27:04.360000+00:00,56.130001068115234,0.0,0.0
2024-06-19 18:28:04.726000+00:00,55.70000076293945,12.550000190734863,2926160.5945522697
2024-06-19 18:29:04.563000+00:00,56.29999923706055,12.550000190734863,2957681.0948703378
2024-06-19 18:30:05.300000+00:00,51.75,12.550000190734863,2718650.066318035
2024-06-19 18:31:04.981000+00:00,49.119998931884766,12.550000190734863,2580484.799105514
2024-06-19 18:32:04.652000+00:00,52.400001525878906,150.14999389648438,32934861.580273245
2024-06-19 18:33:04.415000+00:00,56.04999923706055,150.14999389648438,35228986.883432105
2024-06-19 18:34:04.384000+00:00,58.29999923706055,150.14999389648438,36643174.60094614
2024-06-19 18:35:04.248000+00:00,59.77999877929688,150.14999389648438,37573395.56741593
2024-06-19 18:36:04.747000+00:00,60.5,145.2100067138672,36774869.83030701
2024-06-19 18:37:04.441000+00:00,60.70000076293945,116.47000122070312,29593886.276134815
2024-06-19 18:38:04.266000+00:00,60.59999847412109,97.75,24796398.275638577
2024-06-19 18:39:04.952000+00:00,60.5,83.86000061035156,21237796.734573364
2024-06-19 18:40:04.580000+00:00,59.70000076293945,73.68000030517578,18412941.767573915
2024-06-19 18:41:04.777000+00:00,59.5,65.72000122070312,16368683.544036865
2024-06-19 18:42:04.830000+00:00,59.29999923706055,59.11000061035156,14672863.440729933
2024-06-19 18:43:04.340000+00:00,56.20000076293945,53.880001068115234,12675442.839352176
2024-06-19 18:44:04.344000+00:00,56.4900016784668,49.5,11705123.77779007
2024-06-19 18:45:04.557000+00:00,56.900001525878906,45.65999984741211,10875454.299301542
2024-06-19 18:46:04.532000+00:00,57.29999923706055,42.380001068115234,10165173.684848264
2024-06-19 18:47:04.679000+00:00,57.5,39.61000061035156,9533929.09690857
2024-06-19 18:48:04.445000+00:00,57.70000076293945,37.18999862670898,8982582.305078378
2024-06-19 18:49:04.815000+00:00,57.900001525878906,35.0,8482929.223556519
2024-06-19 18:50:04.688000+00:00,58.0,33.08000183105469,8031427.4845581055
2024-06-19 18:51:04.522000+00:00,58.20000076293945,31.3700008392334,7642522.828643664
2024-06-19 18:52:05.184000+00:00,58.29999923706055,0.0,0.0
2024-06-19 18:53:04.996000+00:00,58.400001525878906,0.0,0.0
2024-06-19 18:54:04.742000+00:00,58.59999847412109,0.0,0.0
2024-06-19 18:55:04.966000+00:00,58.59999847412109,0.0,0.0
2024-06-19 18:56:04.308000+00:00,58.790000915527344,0.0,0.0
2024-06-19 18:57:04.665000+00:00,58.79999923706055,0.0,0.0
2024-06-19 18:58:04.201000+00:00,58.70000076293945,0.0,0.0
2024-06-19 18:59:04.018000+00:00,58.70000076293945,0.0,0.0
2024-06-19 19:00:06.773000+00:00,58.59999847412109,0.0,0.0
2024-06-19 19:01:05.186000+00:00,58.59999847412109,0.0,0.0
2024-06-19 19:02:04.260000+00:00,58.5,0.0,0.0
2024-06-19 19:03:04.256000+00:00,58.5,0.0,0.0
2024-06-19 19:04:04.603000+00:00,58.400001525878906,0.0,0.0
2024-06-19 19:05:04.347000+00:00,58.29999923706055,0.0,0.0
2024-06-19 19:06:05.380000+00:00,52.77999877929688,0.0,0.0
2024-06-19 19:07:04.511000+00:00,49.0,0.0,0.0
2024-06-19 19:08:04.359000+00:00,46.36000061035156,0.0,0.0
2024-06-19 19:09:04.540000+00:00,46.79999923706055,0.0,0.0
2024-06-19 19:10:04.819000+00:00,52.79999923706055,0.0,0.0
2024-06-19 19:11:04.604000+00:00,56.79999923706055,309.3299865722656,73547781.4034612
2024-06-19 19:12:04.462000+00:00,59.22999954223633,309.3299865722656,76694280.23543304
2024-06-19 19:13:04.990000+00:00,60.58000183105469,231.9900054931641,58829855.45235565
2024-06-19 19:14:04.625000+00:00,61.130001068115234,167.9600067138672,42979317.10178377
2024-06-19 19:15:04.535000+00:00,61.27999877929688,130.92999267578125,33585909.66657111
2024-06-19 19:16:04.418000+00:00,61.18999862670898,107.55999755859376,27550561.28673594
2024-06-19 19:17:04.601000+00:00,60.900001525878906,90.94000244140624,23183098.959245067
2024-06-19 19:18:05.181000+00:00,60.70000076293945,78.88999938964844,20045175.974863842
2024-06-19 19:19:04.616000+00:00,60.29999923706055,69.76000213623047,17608526.52442828
2024-06-19 19:20:05.215000+00:00,60.09999847412109,62.560001373291016,15738757.161899311
2024-06-19 19:21:04.829000+00:00,59.400001525878906,0.0,0.0
2024-06-19 19:22:04.198000+00:00,58.79999923706055,0.0,0.0
2024-06-19 19:23:04.378000+00:00,58.400001525878906,0.0,0.0
2024-06-19 19:24:04.693000+00:00,57.91999816894531,0.0,0.0
2024-06-19 19:25:04.563000+00:00,57.70000076293945,0.0,0.0
2024-06-19 19:26:05.088000+00:00,57.5,0.0,0.0
2024-06-19 19:27:04.845000+00:00,57.29999923706055,0.0,0.0
2024-06-19 19:28:04.915000+00:00,57.09999847412109,0.0,0.0
2024-06-19 19:29:04.567000+00:00,57.0,0.0,0.0
2024-06-19 19:30:04.980000+00:00,57.0,0.0,0.0
2024-06-19 19:31:04.771000+00:00,57.09999847412109,0.0,0.0
2024-06-19 19:32:04.906000+00:00,57.09999847412109,0.0,0.0
2024-06-19 19:33:04.107000+00:00,57.20000076293945,0.0,0.0
2024-06-19 19:34:04.154000+00:00,57.400001525878906,0.0,0.0
2024-06-19 19:35:04.663000+00:00,57.59999847412109,0.0,0.0
2024-06-19 19:36:04.627000+00:00,57.79999923706055,0.0,0.0
2024-06-19 19:37:04.675000+00:00,58.06999969482422,0.0,0.0
2024-06-19 19:38:05.109000+00:00,58.20000076293945,0.0,0.0
2024-06-19 19:39:05.173000+00:00,58.22999954223633,0.0,0.0
2024-06-19 19:40:04.672000+00:00,58.400001525878906,0.0,0.0
2024-06-19 19:41:04.786000+00:00,58.400001525878906,0.0,0.0
2024-06-19 19:42:05.447000+00:00,58.400001525878906,0.0,0.0
2024-06-19 19:43:04.979000+00:00,58.38999938964844,0.0,0.0
2024-06-19 19:44:04.297000+00:00,58.29999923706055,0.0,0.0
2024-06-19 19:45:04.898000+00:00,58.09999847412109,0.0,0.0
2024-06-19 19:46:04.889000+00:00,57.900001525878906,0.0,0.0
2024-06-19 19:47:04.044000+00:00,57.400001525878906,0.0,0.0
2024-06-19 19:48:04.534000+00:00,57.29999923706055,0.0,0.0
2024-06-19 19:49:04.505000+00:00,57.20000076293945,0.0,0.0
2024-06-19 19:50:04.491000+00:00,57.20000076293945,0.0,0.0
2024-06-19 19:51:04.697000+00:00,57.29999923706055,0.0,0.0
2024-06-19 19:52:04.890000+00:00,57.5,0.0,0.0
2024-06-19 19:53:04.092000+00:00,57.70000076293945,0.0,0.0
2024-06-19 19:54:04.764000+00:00,57.900001525878906,0.0,0.0
2024-06-19 19:55:04.655000+00:00,58.09999847412109,0.0,0.0
2024-06-19 19:56:04.815000+00:00,58.29999923706055,0.0,0.0
2024-06-19 19:57:04.422000+00:00,58.400001525878906,0.0,0.0
2024-06-19 19:58:04.447000+00:00,58.59999847412109,0.0,0.0
2024-06-19 19:59:04.288000+00:00,58.70000076293945,0.0,0.0
2024-06-19 20:00:06.620000+00:00,58.70000076293945,0.0,0.0
2024-06-19 20:01:05.188000+00:00,58.70000076293945,0.0,0.0
2024-06-19 20:02:04.270000+00:00,58.59000015258789,0.0,0.0
2024-06-19 20:03:04.719000+00:00,58.5,0.0,0.0
2024-06-19 20:04:04.330000+00:00,58.400001525878906,0.0,0.0
2024-06-19 20:05:04.122000+00:00,58.400001525878906,0.0,0.0
2024-06-19 20:06:05.189000+00:00,58.29999923706055,0.0,0.0
2024-06-19 20:07:04.522000+00:00,58.29999923706055,0.0,0.0
2024-06-19 20:08:05.398000+00:00,58.20000076293945,0.0,0.0
2024-06-19 20:09:04.614000+00:00,58.20000076293945,0.0,0.0
2024-06-19 20:10:04.413000+00:00,58.20000076293945,0.0,0.0
2024-06-19 20:11:04.424000+00:00,58.20000076293945,0.0,0.0
2024-06-19 20:12:04.742000+00:00,58.16999816894531,0.0,0.0
2024-06-19 20:13:04.246000+00:00,58.11000061035156,0.0,0.0
2024-06-19 20:14:04.632000+00:00,58.09999847412109,0.0,0.0
2024-06-19 20:15:04.881000+00:00,58.09999847412109,0.0,0.0
2024-06-19 20:16:04.785000+00:00,58.09999847412109,0.0,0.0
2024-06-19 20:17:04.755000+00:00,58.09999847412109,0.0,0.0
2024-06-19 20:18:04.921000+00:00,58.11000061035156,0.0,0.0
2024-06-19 20:19:04.065000+00:00,58.09999847412109,0.0,0.0
2024-06-19 20:20:04.807000+00:00,58.09999847412109,0.0,0.0
2024-06-19 20:21:05.004000+00:00,58.09999847412109,0.0,0.0
2024-06-19 20:22:04.059000+00:00,58.09999847412109,0.0,0.0
2024-06-19 20:23:04.081000+00:00,58.09999847412109,0.0,0.0
2024-06-19 20:24:04.699000+00:00,58.09999847412109,0.0,0.0
2024-06-19 20:25:04.417000+00:00,58.09999847412109,0.0,0.0
2024-06-19 20:26:05.154000+00:00,58.18999862670898,0.0,0.0
2024-06-19 20:27:04.861000+00:00,58.18999862670898,0.0,0.0
2024-06-19 20:28:05.023000+00:00,58.09999847412109,0.0,0.0
2024-06-19 20:29:04.781000+00:00,58.09999847412109,0.0,0.0
2024-06-19 20:30:04.884000+00:00,58.09999847412109,0.0,0.0
2024-06-19 20:31:04.685000+00:00,58.09999847412109,0.0,0.0
2024-06-19 20:32:04.827000+00:00,58.09999847412109,0.0,0.0
2024-06-19 20:33:04.433000+00:00,58.09999847412109,0.0,0.0
2024-06-19 20:34:04.547000+00:00,58.09999847412109,0.0,0.0
2024-06-19 20:35:04.266000+00:00,58.09999847412109,0.0,0.0
2024-06-19 20:36:04.526000+00:00,58.09999847412109,0.0,0.0
2024-06-19 20:37:04.147000+00:00,58.09999847412109,0.0,0.0
2024-06-19 20:38:04.339000+00:00,58.09999847412109,0.0,0.0
2024-06-19 20:39:05.047000+00:00,58.0,0.0,0.0
2024-06-19 20:40:04.691000+00:00,58.0,0.0,0.0
2024-06-19 20:41:04.741000+00:00,58.0,0.0,0.0
2024-06-19 20:42:04.307000+00:00,58.02999877929688,0.0,0.0
2024-06-19 20:43:04.610000+00:00,57.0,0.0,0.0
2024-06-19 20:44:04.274000+00:00,57.20000076293945,0.0,0.0
2024-06-19 20:45:05.109000+00:00,57.25,0.0,0.0
2024-06-19 20:46:04.663000+00:00,57.70000076293945,0.0,0.0
2024-06-19 20:47:04.429000+00:00,58.15999984741211,0.0,0.0
2024-06-19 20:48:04.526000+00:00,58.5,0.0,0.0
2024-06-19 20:49:04.798000+00:00,58.79999923706055,0.0,0.0
2024-06-19 20:50:04.749000+00:00,58.900001525878906,0.0,0.0
2024-06-19 20:51:04.311000+00:00,58.900001525878906,0.0,0.0
2024-06-19 20:52:04.416000+00:00,58.900001525878906,0.0,0.0
2024-06-19 20:53:04.276000+00:00,58.70000076293945,0.0,0.0
2024-06-19 20:54:04.608000+00:00,58.59999847412109,0.0,0.0
2024-06-19 20:55:04.367000+00:00,58.5,0.0,0.0
2024-06-19 20:56:04.910000+00:00,58.5,0.0,0.0
2024-06-19 20:57:04.123000+00:00,58.400001525878906,0.0,0.0
2024-06-19 20:58:04.387000+00:00,58.310001373291016,0.0,0.0
2024-06-19 20:59:04.103000+00:00,58.29999923706055,0.0,0.0
2024-06-19 21:00:06.715000+00:00,58.20000076293945,0.0,0.0
2024-06-19 21:01:04.656000+00:00,58.09999847412109,0.0,0.0
2024-06-19 21:02:04.327000+00:00,57.290000915527344,0.0,0.0
2024-06-19 21:03:04.526000+00:00,56.709999084472656,0.0,0.0
2024-06-19 21:04:04.619000+00:00,56.5,0.0,0.0
2024-06-19 21:05:04.747000+00:00,56.400001525878906,0.0,0.0
2024-06-19 21:06:05.265000+00:00,56.20000076293945,0.0,0.0
2024-06-19 21:07:04.687000+00:00,56.09999847412109,0.0,0.0
2024-06-19 21:08:04.455000+00:00,55.900001525878906,0.0,0.0
2024-06-19 21:09:04.140000+00:00,55.70000076293945,0.0,0.0
2024-06-19 21:10:04.529000+00:00,55.5,0.0,0.0
2024-06-19 21:11:04.999000+00:00,55.29999923706055,0.0,0.0
2024-06-19 21:12:04.429000+00:00,55.0,0.0,0.0
2024-06-19 21:13:05.312000+00:00,54.869998931884766,0.0,0.0
2024-06-19 21:14:04.449000+00:00,54.70000076293945,0.0,0.0
2024-06-19 21:15:04.667000+00:00,54.5,0.0,0.0
2024-06-19 21:16:04.524000+00:00,54.209999084472656,0.0,0.0
2024-06-19 21:17:04.475000+00:00,54.09999847412109,0.0,0.0
2024-06-19 21:18:04.615000+00:00,53.900001525878906,0.0,0.0
2024-06-19 21:19:04.480000+00:00,53.7599983215332,0.0,0.0
2024-06-19 21:20:04.913000+00:00,53.59999847412109,0.0,0.0
2024-06-19 21:21:04.454000+00:00,53.59999847412109,0.0,0.0
2024-06-19 21:22:04.065000+00:00,53.59999847412109,0.0,0.0
2024-06-19 21:23:04.815000+00:00,53.70000076293945,0.0,0.0
2024-06-19 21:24:04.318000+00:00,53.900001525878906,0.0,0.0
2024-06-19 21:25:03.858000+00:00,54.16999816894531,0.0,0.0
2024-06-19 21:26:05.497000+00:00,54.5,0.0,0.0
2024-06-19 21:27:04.919000+00:00,54.79999923706055,0.0,0.0
2024-06-19 21:28:04.847000+00:00,55.09999847412109,0.0,0.0
2024-06-19 21:29:04.658000+00:00,55.400001525878906,0.0,0.0
2024-06-19 21:30:05.050000+00:00,55.59999847412109,0.0,0.0
2024-06-19 21:31:04.451000+00:00,55.79999923706055,0.0,0.0
2024-06-19 21:32:04.781000+00:00,55.88999938964844,0.0,0.0
2024-06-19 21:33:05.074000+00:00,56.0,0.0,0.0
2024-06-19 21:34:04.466000+00:00,56.0,0.0,0.0
2024-06-19 21:35:05.192000+00:00,56.0,0.0,0.0
2024-06-19 21:36:04.383000+00:00,55.900001525878906,0.0,0.0
2024-06-19 21:37:04.484000+00:00,55.79999923706055,0.0,0.0
2024-06-19 21:38:04.582000+00:00,55.79999923706055,0.0,0.0
2024-06-19 21:39:05.447000+00:00,55.70000076293945,0.0,0.0
2024-06-19 21:40:04.503000+00:00,55.70000076293945,0.0,0.0
2024-06-19 21:41:04.504000+00:00,55.59999847412109,0.0,0.0
2024-06-19 21:42:05.234000+00:00,55.400001525878906,0.0,0.0
2024-06-19 21:43:04.458000+00:00,55.380001068115234,0.0,0.0
2024-06-19 21:44:04.679000+00:00,55.220001220703125,0.0,0.0
2024-06-19 21:45:04.917000+00:00,55.20000076293945,0.0,0.0
2024-06-19 21:46:04.162000+00:00,55.09999847412109,0.0,0.0
2024-06-19 21:47:04.633000+00:00,55.0,0.0,0.0
2024-06-19 21:48:04.980000+00:00,54.900001525878906,0.0,0.0
2024-06-19 21:49:04.118000+00:00,54.900001525878906,0.0,0.0
2024-06-19 21:50:04.884000+00:00,54.79999923706055,0.0,0.0
2024-06-19 21:51:04.479000+00:00,54.79999923706055,0.0,0.0
2024-06-19 21:52:04.679000+00:00,54.70000076293945,0.0,0.0
2024-06-19 21:53:04.183000+00:00,54.70000076293945,0.0,0.0
2024-06-19 21:54:04.753000+00:00,54.70000076293945,0.0,0.0
2024-06-19 21:55:04.751000+00:00,54.79999923706055,0.0,0.0
2024-06-19 21:56:04.776000+00:00,54.79999923706055,0.0,0.0
2024-06-19 21:57:04.578000+00:00,54.900001525878906,0.0,0.0
2024-06-19 21:58:04.603000+00:00,55.0,0.0,0.0
2024-06-19 21:59:04.819000+00:00,55.09999847412109,0.0,0.0
2024-06-19 22:00:06.838000+00:00,55.20000076293945,0.0,0.0
2024-06-19 22:01:05.107000+00:00,55.29999923706055,0.0,0.0
2024-06-19 22:02:04.309000+00:00,55.29999923706055,0.0,0.0
2024-06-19 22:03:04.943000+00:00,55.400001525878906,0.0,0.0
2024-06-19 22:04:04.041000+00:00,55.5,0.0,0.0
2024-06-19 22:05:04.513000+00:00,55.5,0.0,0.0
2024-06-19 22:06:05.160000+00:00,55.59999847412109,0.0,0.0
2024-06-19 22:07:04.554000+00:00,55.59999847412109,0.0,0.0
2024-06-19 22:08:04.251000+00:00,55.5,0.0,0.0
2024-06-19 22:09:04.742000+00:00,55.5,0.0,0.0
2024-06-19 22:10:04.645000+00:00,55.5,0.0,0.0
2024-06-19 22:11:04.410000+00:00,55.5,0.0,0.0
2024-06-19 22:12:05.028000+00:00,55.400001525878906,0.0,0.0
2024-06-19 22:13:05.042000+00:00,55.400001525878906,0.0,0.0
2024-06-19 22:14:04.824000+00:00,55.400001525878906,0.0,0.0
2024-06-19 22:15:05.327000+00:00,55.400001525878906,0.0,0.0
2024-06-19 22:16:04.201000+00:00,55.29999923706055,0.0,0.0
2024-06-19 22:17:04.238000+00:00,55.29999923706055,0.0,0.0
2024-06-19 22:18:04.663000+00:00,55.29999923706055,0.0,0.0
2024-06-19 22:19:04.551000+00:00,55.20000076293945,0.0,0.0
2024-06-19 22:20:05.122000+00:00,55.20000076293945,0.0,0.0
2024-06-19 22:21:04.523000+00:00,55.20000076293945,0.0,0.0
2024-06-19 22:22:04.851000+00:00,55.09999847412109,0.0,0.0
2024-06-19 22:23:04.458000+00:00,55.0,0.0,0.0
2024-06-19 22:24:04.348000+00:00,54.900001525878906,0.0,0.0
2024-06-19 22:25:04.891000+00:00,54.810001373291016,0.0,0.0
2024-06-19 22:26:05.063000+00:00,54.70000076293945,0.0,0.0
2024-06-19 22:27:04.896000+00:00,54.59999847412109,0.0,0.0
2024-06-19 22:28:04.845000+00:00,54.5099983215332,0.0,0.0
2024-06-19 22:29:04.366000+00:00,54.5,0.0,0.0
2024-06-19 22:30:05.457000+00:00,54.5,0.0,0.0
2024-06-19 22:31:04.812000+00:00,54.5,0.0,0.0
2024-06-19 22:32:04.664000+00:00,54.5,0.0,0.0
2024-06-19 22:33:04.552000+00:00,54.59999847412109,0.0,0.0
2024-06-19 22:34:04.680000+00:00,54.70000076293945,0.0,0.0
2024-06-19 22:35:04.482000+00:00,54.900001525878906,0.0,0.0
2024-06-19 22:36:04.809000+00:00,55.0,0.0,0.0
2024-06-19 22:37:04.834000+00:00,55.15999984741211,0.0,0.0
2024-06-19 22:38:04.328000+00:00,55.29999923706055,0.0,0.0
2024-06-19 22:39:05.521000+00:00,55.400001525878906,0.0,0.0
2024-06-19 22:40:05.434000+00:00,55.5,0.0,0.0
2024-06-19 22:41:04.412000+00:00,55.59999847412109,0.0,0.0
2024-06-19 22:42:05.261000+00:00,55.59999847412109,0.0,0.0
2024-06-19 22:43:04.158000+00:00,55.70000076293945,0.0,0.0
2024-06-19 22:44:04.782000+00:00,55.70000076293945,0.0,0.0
2024-06-19 22:45:04.973000+00:00,55.70000076293945,0.0,0.0
2024-06-19 22:46:04.576000+00:00,55.70000076293945,0.0,0.0
2024-06-19 22:47:04.692000+00:00,55.70000076293945,0.0,0.0
2024-06-19 22:48:04.867000+00:00,55.59999847412109,0.0,0.0
2024-06-19 22:49:04.379000+00:00,55.58000183105469,0.0,0.0
2024-06-19 22:50:04.942000+00:00,55.5,0.0,0.0
2024-06-19 22:51:05.217000+00:00,55.400001525878906,0.0,0.0
2024-06-19 22:52:05.209000+00:00,55.31999969482422,0.0,0.0
2024-06-19 22:53:04.295000+00:00,55.29999923706055,0.0,0.0
2024-06-19 22:54:04.924000+00:00,55.20000076293945,0.0,0.0
2024-06-19 22:55:04.692000+00:00,55.20000076293945,0.0,0.0
2024-06-19 22:56:04.672000+00:00,55.09999847412109,0.0,0.0
2024-06-19 22:57:04.283000+00:00,55.040000915527344,0.0,0.0
2024-06-19 22:58:05.083000+00:00,55.0,0.0,0.0
2024-06-19 22:59:04.421000+00:00,55.0,0.0,0.0
2024-06-19 23:00:07.986000+00:00,54.900001525878906,0.0,0.0
2024-06-20 00:00:07.489000+00:00,55.09999847412109,0.0,0.0
2024-06-20 00:01:04.999000+00:00,55.09999847412109,0.0,0.0
2024-06-20 00:02:04.793000+00:00,55.09999847412109,0.0,0.0
2024-06-20 00:03:04.465000+00:00,55.09999847412109,0.0,0.0
2024-06-20 00:04:04.713000+00:00,55.09999847412109,0.0,0.0
2024-06-20 00:05:04.212000+00:00,55.09999847412109,0.0,0.0
2024-06-20 00:06:05.411000+00:00,55.130001068115234,0.0,0.0
2024-06-20 00:07:04.878000+00:00,55.20000076293945,0.0,0.0
2024-06-20 00:08:04.842000+00:00,55.18999862670898,0.0,0.0
2024-06-20 00:09:04.840000+00:00,55.20000076293945,0.0,0.0
2024-06-20 00:10:05.218000+00:00,55.20000076293945,0.0,0.0
2024-06-20 00:11:04.864000+00:00,55.20000076293945,0.0,0.0
2024-06-20 00:12:04.435000+00:00,55.20000076293945,0.0,0.0
2024-06-20 00:13:05.307000+00:00,55.20000076293945,0.0,0.0
2024-06-20 00:14:05.018000+00:00,55.20000076293945,0.0,0.0
2024-06-20 00:15:04.934000+00:00,55.20000076293945,0.0,0.0
2024-06-20 00:16:04.317000+00:00,55.20000076293945,0.0,0.0
2024-06-20 00:17:04.936000+00:00,55.20000076293945,0.0,0.0
2024-06-20 00:18:05.254000+00:00,55.20000076293945,0.0,0.0
2024-06-20 00:19:04.124000+00:00,55.20000076293945,0.0,0.0
2024-06-20 00:20:04.867000+00:00,55.18999862670898,0.0,0.0
2024-06-20 00:21:04.865000+00:00,55.13999938964844,0.0,0.0
2024-06-20 00:22:05.059000+00:00,55.20000076293945,0.0,0.0
2024-06-20 00:23:03.998000+00:00,55.20000076293945,0.0,0.0
2024-06-20 00:24:05.007000+00:00,55.09999847412109,0.0,0.0
2024-06-20 00:25:04.509000+00:00,55.18000030517578,0.0,0.0
2024-06-20 00:26:05.414000+00:00,55.09999847412109,0.0,0.0
2024-06-20 00:27:04.419000+00:00,55.09999847412109,0.0,0.0
2024-06-20 00:28:04.758000+00:00,55.09999847412109,0.0,0.0
2024-06-20 00:29:04.983000+00:00,55.09999847412109,0.0,0.0
2024-06-20 00:30:05.163000+00:00,55.0,0.0,0.0
2024-06-20 00:31:04.987000+00:00,55.0,0.0,0.0
2024-06-20 00:32:04.393000+00:00,55.0,0.0,0.0
2024-06-20 00:33:04.833000+00:00,55.0,0.0,0.0
2024-06-20 00:34:04.556000+00:00,55.0,0.0,0.0
2024-06-20 00:35:04.727000+00:00,55.0,0.0,0.0
2024-06-20 00:36:05.136000+00:00,54.90999984741211,0.0,0.0
2024-06-20 00:37:04.187000+00:00,55.0,0.0,0.0
2024-06-20 00:38:05.170000+00:00,55.0,0.0,0.0
2024-06-20 00:39:05.391000+00:00,55.0,0.0,0.0
2024-06-20 00:40:05.384000+00:00,55.0,0.0,0.0
2024-06-20 00:41:05.023000+00:00,55.09999847412109,0.0,0.0
2024-06-20 00:42:05.407000+00:00,55.09999847412109,0.0,0.0
2024-06-20 00:43:04.771000+00:00,55.09999847412109,0.0,0.0
2024-06-20 00:44:04.700000+00:00,55.18999862670898,0.0,0.0
2024-06-20 00:45:04.712000+00:00,55.20000076293945,0.0,0.0
2024-06-20 00:46:04.444000+00:00,55.20000076293945,0.0,0.0
2024-06-20 00:47:04.440000+00:00,55.20000076293945,0.0,0.0
2024-06-20 00:48:04.510000+00:00,55.20000076293945,0.0,0.0
2024-06-20 00:49:04.583000+00:00,55.2400016784668,0.0,0.0
2024-06-20 00:50:05.084000+00:00,55.20000076293945,0.0,0.0
2024-06-20 00:51:04.378000+00:00,55.29999923706055,0.0,0.0
2024-06-20 00:52:05.551000+00:00,55.29999923706055,0.0,0.0
2024-06-20 00:53:04.436000+00:00,55.290000915527344,0.0,0.0
2024-06-20 00:54:05.355000+00:00,55.20000076293945,0.0,0.0
2024-06-20 00:55:04.777000+00:00,55.20000076293945,0.0,0.0
2024-06-20 00:56:04.721000+00:00,55.20000076293945,0.0,0.0
2024-06-20 00:57:04.835000+00:00,55.20000076293945,0.0,0.0
2024-06-20 00:58:04.673000+00:00,55.09999847412109,0.0,0.0
2024-06-20 00:59:04.544000+00:00,55.09999847412109,0.0,0.0
2024-06-20 01:00:06.827000+00:00,55.09999847412109,0.0,0.0
2024-06-20 01:01:04.924000+00:00,55.0099983215332,0.0,0.0
2024-06-20 01:02:04.333000+00:00,55.0,0.0,0.0
2024-06-20 01:03:04.126000+00:00,55.0,0.0,0.0
2024-06-20 01:04:04.063000+00:00,55.0,0.0,0.0
2024-06-20 01:05:04.642000+00:00,55.0,0.0,0.0
2024-06-20 01:06:05.607000+00:00,55.0,0.0,0.0
2024-06-20 01:07:04.933000+00:00,55.0,0.0,0.0
2024-06-20 01:08:05.035000+00:00,54.959999084472656,0.0,0.0
2024-06-20 01:09:04.825000+00:00,55.0,0.0,0.0
2024-06-20 01:10:05.464000+00:00,55.0,0.0,0.0
2024-06-20 01:11:04.784000+00:00,55.0,0.0,0.0
2024-06-20 01:12:05.145000+00:00,55.0,0.0,0.0
2024-06-20 01:13:05.066000+00:00,55.0,0.0,0.0
2024-06-20 01:14:05.823000+00:00,55.0,0.0,0.0
2024-06-20 01:15:04.267000+00:00,55.0,0.0,0.0
2024-06-20 01:16:05.105000+00:00,55.0,0.0,0.0
2024-06-20 01:17:04.833000+00:00,55.09999847412109,0.0,0.0
2024-06-20 01:18:05.379000+00:00,55.150001525878906,0.0,0.0
2024-06-20 01:19:04.197000+00:00,55.20000076293945,0.0,0.0
2024-06-20 01:20:04.835000+00:00,55.20000076293945,0.0,0.0
2024-06-20 01:21:04.613000+00:00,55.20000076293945,0.0,0.0
2024-06-20 01:22:04.688000+00:00,55.20000076293945,0.0,0.0
2024-06-20 01:23:04.994000+00:00,55.20000076293945,0.0,0.0
2024-06-20 01:24:04.857000+00:00,55.20000076293945,0.0,0.0
2024-06-20 01:25:04.495000+00:00,55.20000076293945,0.0,0.0
2024-06-20 01:26:05.412000+00:00,55.20000076293945,0.0,0.0
2024-06-20 01:27:04.765000+00:00,55.20000076293945,0.0,0.0
2024-06-20 01:28:05.329000+00:00,55.20000076293945,0.0,0.0
2024-06-20 01:29:05.569000+00:00,55.20000076293945,0.0,0.0
2024-06-20 01:30:05.353000+00:00,55.20000076293945,0.0,0.0
2024-06-20 01:31:04.781000+00:00,55.20000076293945,0.0,0.0
2024-06-20 01:32:04.846000+00:00,55.20000076293945,0.0,0.0
2024-06-20 01:33:04.513000+00:00,55.20000076293945,0.0,0.0
2024-06-20 01:34:04.486000+00:00,55.130001068115234,0.0,0.0
2024-06-20 01:35:04.465000+00:00,55.09999847412109,0.0,0.0
2024-06-20 01:36:04.889000+00:00,55.09999847412109,0.0,0.0
2024-06-20 01:37:04.425000+00:00,55.09999847412109,0.0,0.0
2024-06-20 01:38:04.884000+00:00,55.09999847412109,0.0,0.0
2024-06-20 01:39:05.436000+00:00,55.09999847412109,0.0,0.0
2024-06-20 01:40:04.662000+00:00,55.09999847412109,0.0,0.0
2024-06-20 01:41:05.388000+00:00,55.04999923706055,0.0,0.0
2024-06-20 01:42:04.929000+00:00,55.0,0.0,0.0
2024-06-20 01:43:04.581000+00:00,55.0,0.0,0.0
2024-06-20 01:44:05.469000+00:00,55.0,0.0,0.0
2024-06-20 01:45:04.653000+00:00,55.0,0.0,0.0
2024-06-20 01:46:04.939000+00:00,55.0,0.0,0.0
2024-06-20 01:47:04.565000+00:00,54.900001525878906,0.0,0.0
2024-06-20 01:48:04.837000+00:00,54.900001525878906,0.0,0.0
2024-06-20 01:49:04.325000+00:00,54.900001525878906,0.0,0.0
2024-06-20 01:50:05.065000+00:00,54.95000076293945,0.0,0.0
2024-06-20 01:51:04.755000+00:00,55.0,0.0,0.0
2024-06-20 01:52:04.691000+00:00,54.959999084472656,0.0,0.0
2024-06-20 01:53:04.270000+00:00,55.0,0.0,0.0
2024-06-20 01:54:05.147000+00:00,54.900001525878906,0.0,0.0
2024-06-20 01:55:05.110000+00:00,55.0,0.0,0.0
2024-06-20 01:56:04.505000+00:00,54.900001525878906,0.0,0.0
2024-06-20 01:57:04.971000+00:00,55.0,0.0,0.0
2024-06-20 01:58:04.513000+00:00,55.0,0.0,0.0
2024-06-20 01:59:05.328000+00:00,55.0,0.0,0.0
2024-06-20 02:00:06.705000+00:00,55.0,0.0,0.0
2024-06-20 02:01:05.045000+00:00,55.09999847412109,0.0,0.0
2024-06-20 02:02:04.417000+00:00,55.59999847412109,0.0,0.0
2024-06-20 02:03:04.924000+00:00,56.09999847412109,84.02999877929688,19733150.61460941
2024-06-20 02:04:04.443000+00:00,56.5,84.02999877929688,19873850.981292725
2024-06-20 02:05:05.055000+00:00,56.9900016784668,84.02999877929688,20046208.863388874
2024-06-20 02:06:05.480000+00:00,57.20000076293945,205.009994506836,49087429.73145436
2024-06-20 02:07:04.906000+00:00,57.400001525878906,205.009994506836,49259064.75358863
2024-06-20 02:08:04.761000+00:00,57.540000915527344,205.009994506836,49379208.286982894
2024-06-20 02:09:04.700000+00:00,57.70000076293945,200.17999267578125,48349914.66627308
2024-06-20 02:10:05.059000+00:00,57.70000076293945,200.17999267578125,48349914.66627308
2024-06-20 02:11:04.727000+00:00,57.79999923706055,200.17999267578125,48433708.73259167
2024-06-20 02:12:05.039000+00:00,57.79999923706055,198.5399932861328,48036909.57350432
2024-06-20 02:13:05.602000+00:00,57.79999923706055,198.5399932861328,48036909.57350432
2024-06-20 02:14:05.494000+00:00,57.70000076293945,198.5399932861328,47953802.00045503
2024-06-20 02:15:05.173000+00:00,57.70000076293945,198.2400054931641,47881345.28788809
2024-06-20 02:16:04.933000+00:00,57.65999984741211,198.2400054931641,47848151.221633814
2024-06-20 02:17:04.892000+00:00,57.59999847412109,199.69000244140625,48147974.09717048
2024-06-20 02:18:04.774000+00:00,57.5,212.7899932861328,51217487.43400574
2024-06-20 02:19:05.244000+00:00,57.40999984741211,212.7899932861328,51137320.796019144
2024-06-20 02:20:05.154000+00:00,57.400001525878906,232.8000030517578,55936348.14023562
2024-06-20 02:21:04.205000+00:00,57.29999923706055,232.8000030517578,55838895.8285028
2024-06-20 02:22:04.759000+00:00,57.20000076293945,276.4599914550781,66195360.068931215
2024-06-20 02:23:04.889000+00:00,57.02000045776367,276.4599914550781,65987052.641401455
2024-06-20 02:24:05.233000+00:00,57.0,310.3999938964844,74062059.34368896
2024-06-20 02:25:04.079000+00:00,56.900001525878906,310.3999938964844,73932127.8888708
2024-06-20 02:26:05.559000+00:00,56.70000076293945,367.5,87224729.67367172
2024-06-20 02:27:04.882000+00:00,56.52999877929688,416.6700134277344,98598531.4969395
2024-06-20 02:28:05.239000+00:00,56.400001525878906,416.6700134277344,98371792.79956768
2024-06-20 02:29:04.304000+00:00,56.09999847412109,470.2200012207031,110423922.89521343
2024-06-20 02:30:05.365000+00:00,55.79999923706055,532.0700073242188,124280272.1275291
2024-06-20 02:31:04.943000+00:00,55.400001525878906,589.2000122070312,136638079.07427865
2024-06-20 02:32:04.602000+00:00,55.20000076293945,635.5900268554688,146864009.8832793
2024-06-20 02:33:04.612000+00:00,54.900001525878906,722.3099975585938,165995076.38656867
2024-06-20 02:34:04.863000+00:00,54.81999969482422,759.489990234375,174285118.96359587
2024-06-20 02:35:05.047000+00:00,54.70000076293945,806.0900268554688,184573821.6015906
2024-06-20 02:36:04.866000+00:00,54.70000076293945,901.7999877929688,206488933.64495143
2024-06-20 02:37:04.512000+00:00,54.70000076293945,940.9299926757812,215448695.33395764
2024-06-20 02:38:04.405000+00:00,54.70000076293945,1016.9500122070312,232855318.73289242
2024-06-20 02:39:05.371000+00:00,54.70000076293945,1097.56005859375,251312939.87369567
2024-06-20 02:40:04.627000+00:00,54.59999847412109,1168.8299560546875,267142624.4383511
2024-06-20 02:41:05.216000+00:00,54.5,1233.719970703125,281457172.9562988
2024-06-20 02:42:05.509000+00:00,54.5,1283.8800048828125,292900532.6739502
2024-06-20 02:43:04.221000+00:00,54.5,1329.3900146484375,303283049.7718506
2024-06-20 02:44:04.347000+00:00,54.43999862670898,1385.6800537109375,315776855.045447
2024-06-20 02:45:04.716000+00:00,54.400001525878906,1395.3499755859375,317746872.79302824
2024-06-20 02:46:04.509000+00:00,54.29999923706055,1409.550048828125,320390439.686993
2024-06-20 02:47:04.278000+00:00,54.25,1412.8699951171875,320849353.62615967
2024-06-20 02:48:04.456000+00:00,54.20000076293945,1417.3199462890625,321563254.72444254
2024-06-20 02:49:04.794000+00:00,54.20000076293945,1422.9200439453125,322833811.61869454
2024-06-20 02:50:05.067000+00:00,54.150001525878906,1429.7099609375,324075082.42665696
2024-06-20 02:51:04.361000+00:00,54.09999847412109,1425.1800537109375,322749971.32842445
2024-06-20 02:52:05.260000+00:00,54.09999847412109,1434.260009765625,324806241.7264581
2024-06-20 02:53:04.641000+00:00,54.09999847412109,1438.8499755859375,325845697.29071957
2024-06-20 02:54:04.802000+00:00,54.09999847412109,1437.699951171875,325585259.7791931
2024-06-20 02:55:05.344000+00:00,54.09999847412109,1433.1199951171875,324548071.0524165
2024-06-20 02:56:05.403000+00:00,54.0,1433.1199951171875,323948176.17626953
2024-06-20 02:57:04.835000+00:00,54.09999847412109,1434.27001953125,324808508.56394297
2024-06-20 02:58:04.578000+00:00,54.0,1436.550048828125,324723519.2373047
2024-06-20 02:59:04.656000+00:00,54.09999847412109,1436.550048828125,325324849.91202617
2024-06-20 03:00:08.122000+00:00,54.0,1436.550048828125,324723519.2373047
2024-06-20 03:01:05.342000+00:00,54.04999923706055,1434.260009765625,324506055.6869595
2024-06-20 03:02:04.832000+00:00,54.09999847412109,1438.8499755859375,325845697.29071957
2024-06-20 03:03:05.081000+00:00,54.09999847412109,1438.8499755859375,325845697.29071957
2024-06-20 03:04:04.803000+00:00,54.09999847412109,1440.0,326106134.80224603
2024-06-20 03:05:05.080000+00:00,54.09999847412109,1437.699951171875,325585259.7791931
2024-06-20 03:06:06.363000+00:00,54.119998931884766,1443.4599609375,327010535.7638367
2024-06-20 03:07:04.258000+00:00,54.13999938964844,1443.4599609375,327131384.9977225
2024-06-20 03:08:04.584000+00:00,54.150001525878906,1436.550048828125,325625538.1886818
2024-06-20 03:09:04.904000+00:00,53.900001525878906,1438.8499755859375,324641110.4719757
2024-06-20 03:10:04.872000+00:00,54.09999847412109,1442.31005859375,326629276.6627839
2024-06-20 03:11:04.266000+00:00,54.400001525878906,1438.8499755859375,327652623.47087705
2024-06-20 03:12:04.990000+00:00,54.70000076293945,1441.1500244140625,329986178.5227402
2024-06-20 03:13:05.801000+00:00,55.09999847412109,1437.699951171875,331603471.7747986
2024-06-20 03:14:04.788000+00:00,55.20000076293945,1445.780029296875,334072347.8028833
2024-06-20 03:15:05.059000+00:00,55.59999847412109,1443.4599609375,335953171.6246774
2024-06-20 03:16:05.158000+00:00,55.79999923706055,1445.780029296875,337703559.68979245
2024-06-20 03:17:04.475000+00:00,55.79999923706055,1443.4599609375,337161640.9139012
2024-06-20 03:18:05.370000+00:00,55.79999923706055,1449.27001953125,338518747.40960366
2024-06-20 03:19:04.871000+00:00,55.90999984741211,1450.43994140625,339459889.63471836
2024-06-20 03:20:04.796000+00:00,56.0,1445.780029296875,338913971.34765625
2024-06-20 03:21:04.882000+00:00,56.09999847412109,1449.27001953125,340338736.07164866
2024-06-20 03:22:04.374000+00:00,56.20000076293945,1446.8900146484375,340385510.6149731
2024-06-20 03:23:04.715000+00:00,56.29999923706055,1448.1099853515625,341278682.2209988
2024-06-20 03:24:04.681000+00:00,56.400001525878906,1446.949951171875,341611001.994294
2024-06-20 03:25:04.831000+00:00,56.5,1448.1099853515625,342491044.5255127
2024-06-20 03:26:05.262000+00:00,56.70000076293945,1442.31005859375,342326816.2352584
2024-06-20 03:27:04.886000+00:00,56.720001220703125,1443.4599609375,342720590.4244768
2024-06-20 03:28:04.845000+00:00,56.81999969482422,1444.6199951171875,343600725.9555776
2024-06-20 03:29:04.444000+00:00,56.900001525878906,1443.4599609375,343808210.47981477
2024-06-20 03:30:04.784000+00:00,56.95000076293945,1442.31005859375,343836193.71157676
2024-06-20 03:31:04.310000+00:00,57.0,1438.8499755859375,343312481.87475586
2024-06-20 03:32:04.816000+00:00,57.0,1438.8499755859375,343312481.87475586
2024-06-20 03:33:05.135000+00:00,57.13999938964844,1436.550048828125,343605586.87081635
2024-06-20 03:34:04.402000+00:00,57.20000076293945,1443.4599609375,345620902.88883317
2024-06-20 03:35:05.226000+00:00,57.29999923706055,1441.1500244140625,345671069.72335356
2024-06-20 03:36:04.810000+00:00,57.400001525878906,1443.4599609375,346829372.17805696
2024-06-20 03:37:04.474000+00:00,57.400001525878906,1438.8499755859375,345721701.46428525
2024-06-20 03:38:04.935000+00:00,57.41999816894531,1438.8499755859375,345842141.765343
2024-06-20 03:39:05.415000+00:00,57.65999984741211,1442.31005859375,348122820.21681553
2024-06-20 03:40:04.641000+00:00,57.59999847412109,1444.6199951171875,348317518.42742413
2024-06-20 03:41:05.304000+00:00,57.70000076293945,1440.0,347806372.59887695
2024-06-20 03:42:05.276000+00:00,57.70000076293945,1436.56005859375,346975515.97216827
2024-06-20 03:43:04.923000+00:00,57.869998931884766,1438.8499755859375,348552508.0595584
2024-06-20 03:44:03.975000+00:00,57.900001525878906,1434.260009765625,347620747.17197937
2024-06-20 03:45:04.690000+00:00,57.900001525878906,1431.97998046875,347068137.82475007
2024-06-20 03:46:04.426000+00:00,57.900001525878906,1434.260009765625,347620747.17197937
2024-06-20 03:47:04.243000+00:00,58.0,1435.4100341796875,348500331.37841797
2024-06-20 03:48:04.814000+00:00,58.0,1437.699951171875,349056295.7451172
2024-06-20 03:49:04.343000+00:00,58.09999847412109,1438.8499755859375,349937801.2819305
2024-06-20 03:50:05.425000+00:00,58.20000076293945,1436.550048828125,349979797.5436207
2024-06-20 03:51:04.406000+00:00,58.290000915527344,1436.550048828125,350521004.326588
2024-06-20 03:52:05.385000+00:00,58.400001525878906,1433.1199951171875,350343962.64814496
2024-06-20 03:53:04.292000+00:00,58.5,1435.4100341796875,351504644.57995605
2024-06-20 03:54:04.892000+00:00,58.68000030517578,1437.699951171875,353148681.73874146
2024-06-20 03:55:04.043000+00:00,58.72999954223633,1441.1500244140625,354297766.7875156
2024-06-20 03:56:04.975000+00:00,58.79999923706055,1435.4100341796875,353307227.9166608
2024-06-20 03:57:04.151000+00:00,58.900001525878906,1436.550048828125,354189181.0845558
2024-06-20 03:58:04.693000+00:00,59.0,1442.31005859375,356213084.4111328
2024-06-20 03:59:05.006000+00:00,59.0,1438.8499755859375,355358533.8703613
2024-06-20 04:00:07.933000+00:00,59.09999847412109,1440.0,356245334.80224603
2024-06-20 04:01:04.834000+00:00,59.20000076293945,1438.8499755859375,356563143.665126
2024-06-20 04:02:04.287000+00:00,59.20000076293945,1440.0,356848132.59887695
2024-06-20 04:03:04.660000+00:00,59.29999923706055,1437.699951171875,356879966.74787295
2024-06-20 04:04:03.886000+00:00,59.400001525878906,1437.699951171875,357481801.7220276
2024-06-20 04:05:04.861000+00:00,59.5,1437.6800537109375,358078657.9376221
2024-06-20 04:06:05.956000+00:00,59.59999847412109,1425.1800537109375,355561891.70501137
2024-06-20 04:07:04.299000+00:00,59.5,1418.43994140625,353286580.88623047
2024-06-20 04:08:04.687000+00:00,59.5,1396.4300537109375,347804644.1876221
2024-06-20 04:09:04.592000+00:00,59.59999847412109,1378.25,343853519.3966636
2024-06-20 04:10:04.616000+00:00,58.7599983215332,1357.469970703125,333896010.3753982
2024-06-20 04:11:04.798000+00:00,59.59999847412109,1343.280029296875,335129015.49717677
2024-06-20 04:12:04.958000+00:00,59.84000015258789,1306.239990234375,327200369.4857447
2024-06-20 04:13:05.146000+00:00,59.9900016784668,1270.2900390625,318992880.79503894
2024-06-20 04:14:04.904000+00:00,60.09999847412109,1239.6700439453125,311874446.19951963
2024-06-20 04:15:04.872000+00:00,60.09999847412109,1196.81005859375,301091791.36251384
2024-06-20 04:16:04.345000+00:00,60.09999847412109,1170.3499755859375,294435000.89253384
2024-06-20 04:17:04.628000+00:00,60.09999847412109,1132.7900390625,284985724.88578624
2024-06-20 04:18:04.969000+00:00,60.0099983215332,1115.239990234375,280150352.0575115
2024-06-20 04:19:04.782000+00:00,60.0,1079.1400146484375,271036806.07910156
2024-06-20 04:20:05.124000+00:00,59.900001525878906,1048.3399658203125,262862237.4018297
2024-06-20 04:21:05.149000+00:00,59.869998931884766,1003.9000244140624,251593223.32798234
2024-06-20 04:22:04.618000+00:00,59.79999923706055,1006.1500244140624,251862288.11809075
2024-06-20 04:23:04.772000+00:00,59.70000076293945,956.4299926757812,239015875.23016354
2024-06-20 04:24:05.325000+00:00,59.59999847412109,943.1799926757812,235309820.35631186
2024-06-20 04:25:04.348000+00:00,59.5,914.6300048828124,227804151.42614743
2024-06-20 04:26:05.441000+00:00,59.5,892.4099731445312,222269874.78118896
2024-06-20 04:27:04.486000+00:00,57.68999862670898,0.0,0.0
2024-06-20 04:28:04.621000+00:00,58.79999923706055,837.989990234375,206260171.95206138
2024-06-20 04:29:04.828000+00:00,59.20000076293945,827.2100219726562,204991910.83890164
2024-06-20 04:30:04.702000+00:00,59.400001525878906,797.1699829101562,198215045.87042472
2024-06-20 04:31:04.103000+00:00,59.400001525878906,775.530029296875,192834305.8901866
2024-06-20 04:32:04.415000+00:00,58.810001373291016,754.719970703125,185795955.40151492
2024-06-20 04:33:04.637000+00:00,56.79999923706055,0.0,0.0
2024-06-20 04:34:04.553000+00:00,57.79999923706055,712.8699951171875,172479463.337932
2024-06-20 04:35:04.229000+00:00,58.29999923706055,724.9299926757812,176914667.8313866
2024-06-20 04:36:04.925000+00:00,58.79999923706055,712.030029296875,175256790.641054
2024-06-20 04:37:04.972000+00:00,59.060001373291016,681.8200073242188,168563064.32143906
2024-06-20 04:38:04.893000+00:00,58.720001220703125,658.6199951171875,161890062.71565345
2024-06-20 04:39:04.775000+00:00,57.38999938964844,0.0,0.0
2024-06-20 04:40:04.923000+00:00,58.04999923706055,642.1699829101562,156045569.9373386
2024-06-20 04:41:04.223000+00:00,55.75,0.0,0.0
2024-06-20 04:42:04.552000+00:00,55.0,0.0,0.0
2024-06-20 04:43:04.428000+00:00,57.0099983215332,0.0,0.0
2024-06-20 04:44:04.223000+00:00,57.79999923706055,747.510009765625,180860642.48350456
2024-06-20 04:45:04.730000+00:00,57.65999984741211,708.9400024414062,171113133.09084612
2024-06-20 04:46:04.436000+00:00,58.29999923706055,664.1500244140625,162081693.6070282
2024-06-20 04:47:04.702000+00:00,58.70000076293945,629.8099975585938,154755780.9535039
2024-06-20 04:48:04.538000+00:00,58.900001525878906,587.469970703125,144843897.36706132
2024-06-20 04:49:04.585000+00:00,58.900001525878906,569.6199951171875,140442889.38246658
2024-06-20 04:50:04.871000+00:00,58.90999984741211,540.8699951171875,133377058.46664035
2024-06-20 04:51:04.282000+00:00,59.0,528.47998046875,130520814.69628906
2024-06-20 04:52:04.873000+00:00,59.0,493.2900085449219,121829806.57037354
2024-06-20 04:53:04.302000+00:00,59.0,479.1099853515625,118327709.5222168
2024-06-20 04:54:04.460000+00:00,59.0,478.8500061035156,118263501.40740967
2024-06-20 04:55:05.035000+00:00,58.97999954223633,448.8800048828125,110824109.23177566
2024-06-20 04:56:05.091000+00:00,59.0,417.5400085449219,103121526.07037354
2024-06-20 04:57:04.855000+00:00,58.900001525878906,400.8299865722656,98826800.23155262
2024-06-20 04:58:04.846000+00:00,58.70000076293945,395.1700134277344,97100465.65547918
2024-06-20 04:59:04.397000+00:00,57.70000076293945,395.7799987792969,95593615.08514944
2024-06-20 05:00:06.754000+00:00,57.08000183105469,429.7999877929688,102695071.40161882
2024-06-20 05:01:05.070000+00:00,57.29999923706055,429.7999877929688,103090878.13941137
2024-06-20 05:02:04.854000+00:00,57.59999847412109,431.0299987792969,103927191.96054141
2024-06-20 05:03:04.970000+00:00,57.900001525878906,430.0,104218844.74655151
2024-06-20 05:04:04.123000+00:00,58.09999847412109,430.0,104578835.25344847
2024-06-20 05:05:04.294000+00:00,58.209999084472656,428.5700073242188,104428392.04642026
2024-06-20 05:06:05.837000+00:00,58.310001373291016,416.1900024414063,101586013.82382053
2024-06-20 05:07:04.701000+00:00,58.400001525878906,416.1900024414063,101742809.51117456
2024-06-20 05:08:04.736000+00:00,58.400001525878906,400.3599853515625,97872965.4402388
2024-06-20 05:09:05.045000+00:00,58.5,394.6499938964844,96642285.15536499
2024-06-20 05:10:05.082000+00:00,57.790000915527344,394.6499938964844,95469363.20696063
2024-06-20 05:11:04.570000+00:00,57.900001525878906,375.0799865722656,90907913.69328739
2024-06-20 05:12:04.741000+00:00,58.0099983215332,370.6000061035156,89992744.99425723
2024-06-20 05:13:05.321000+00:00,58.20000076293945,370.6000061035156,90287501.79054232
2024-06-20 05:14:05.093000+00:00,58.29999923706055,401.4299926757813,97966499.56453711
2024-06-20 05:15:05.227000+00:00,58.400001525878906,395.6900024414063,96731330.18023431
2024-06-20 05:16:04.533000+00:00,58.400001525878906,395.6900024414063,96731330.18023431
2024-06-20 05:17:04.799000+00:00,58.400001525878906,372.9800109863281,91179591.02009022
2024-06-20 05:18:04.605000+00:00,58.400001525878906,372.9800109863281,91179591.02009022
2024-06-20 05:19:04.694000+00:00,58.400001525878906,370.2900085449219,90521986.55007626
2024-06-20 05:20:05.029000+00:00,58.400001525878906,352.79998779296875,86246333.98928948
2024-06-20 05:21:04.587000+00:00,58.400001525878906,352.79998779296875,86246333.98928948
2024-06-20 05:22:04.804000+00:00,58.400001525878906,345.82000732421875,84539991.16736229
2024-06-20 05:23:04.607000+00:00,58.29999923706055,345.82000732421875,84395227.59899707
2024-06-20 05:24:04.475000+00:00,58.29999923706055,346.0899963378906,84461116.74298956
2024-06-20 05:25:04.542000+00:00,58.29999923706055,346.95001220703125,84670998.28100833
2024-06-20 05:26:04.964000+00:00,58.29999923706055,346.95001220703125,84670998.28100833
2024-06-20 05:27:04.640000+00:00,58.29999923706055,348.57000732421875,85066348.0402145
2024-06-20 05:28:04.836000+00:00,58.29999923706055,348.57000732421875,85066348.0402145
2024-06-20 05:29:04.413000+00:00,58.209999084472656,348.5,84917969.07440948
2024-06-20 05:30:04.946000+00:00,58.20000076293945,348.5,84903383.3129921
2024-06-20 05:31:04.429000+00:00,58.20000076293945,348.70001220703125,84952111.3275713
2024-06-20 05:32:03.833000+00:00,58.20000076293945,348.57000732421875,84920438.86157994
2024-06-20 05:33:04.995000+00:00,58.20000076293945,348.57000732421875,84920438.86157994
2024-06-20 05:34:04.409000+00:00,58.09999847412109,349.3099975585937,84954494.62107594
2024-06-20 05:35:04.702000+00:00,58.09999847412109,349.3099975585937,84954494.62107594
2024-06-20 05:36:04.762000+00:00,58.0,348.9700012207031,84725728.65637207
2024-06-20 05:37:04.314000+00:00,58.0,349.3599853515625,84820412.12353516
2024-06-20 05:38:04.523000+00:00,58.0,349.510009765625,84856836.25097656
2024-06-20 05:39:05.761000+00:00,57.9900016784668,350.8099975585937,85157775.24557084
2024-06-20 05:40:04.679000+00:00,58.0,350.8099975585937,85172457.68725584
2024-06-20 05:41:05.063000+00:00,52.38999938964844,0.0,0.0
2024-06-20 05:42:05.037000+00:00,54.79999923706055,0.0,0.0
2024-06-20 05:43:04.975000+00:00,56.09999847412109,0.0,0.0
2024-06-20 05:44:04.799000+00:00,56.79999923706055,488.4700012207031,116140970.5862309
2024-06-20 05:45:04.751000+00:00,56.88999938964844,498.05999755859375,118608773.55849051
2024-06-20 05:46:04.682000+00:00,54.29999923706055,0.0,0.0
2024-06-20 05:47:04.279000+00:00,55.70000076293945,0.0,0.0
2024-06-20 05:48:04.974000+00:00,55.20000076293945,0.0,0.0
2024-06-20 05:49:04.173000+00:00,56.20000076293945,596.219970703125,140262657.915943
2024-06-20 05:50:04.574000+00:00,57.0,624.3499755859375,148971152.87475586
2024-06-20 05:51:04.474000+00:00,52.77000045776367,0.0,0.0
2024-06-20 05:52:04.564000+00:00,55.5,0.0,0.0
2024-06-20 05:53:04.371000+00:00,56.900001525878906,727.27001953125,173223650.61533248
2024-06-20 05:54:04.769000+00:00,57.5,714.0,171856230.0
2024-06-20 05:55:04.534000+00:00,57.70000076293945,714.5700073242188,172591668.20513156
2024-06-20 05:56:05.067000+00:00,57.900001525878906,719.1400146484375,174297538.45971695
2024-06-20 05:57:04.462000+00:00,58.0,719.7100219726562,174736956.81469727
2024-06-20 05:58:04.833000+00:00,58.0,721.1500244140625,175086572.1274414
2024-06-20 05:59:04.061000+00:00,58.0,724.6400146484375,175933899.87646484
2024-06-20 06:00:07.627000+00:00,58.0,724.0499877929688,175790648.4362793
2024-06-20 06:01:05.095000+00:00,57.70000076293945,735.2899780273438,177596208.37916553
2024-06-20 06:02:04.755000+00:00,56.59000015258789,738.010009765625,174824047.7621286
2024-06-20 06:03:05.212000+00:00,57.09999847412109,750.6300048828125,179416029.35057187
2024-06-20 06:04:04.622000+00:00,57.400001525878906,760.1300048828125,182641305.9604251
2024-06-20 06:05:04.280000+00:00,57.5,753.1400146484375,181277035.82580566
2024-06-20 06:06:05.487000+00:00,57.59999847412109,756.9400024414062,182508524.13783133
2024-06-20 06:07:03.943000+00:00,57.61000061035156,759.1699829101562,183077988.38651827
2024-06-20 06:08:04.306000+00:00,57.70000076293945,757.260009765625,182902678.54914734
2024-06-20 06:09:04.182000+00:00,57.70000076293945,758.8499755859375,183286706.49673003
2024-06-20 06:10:04.771000+00:00,57.70000076293945,762.7100219726562,184219032.00494397
2024-06-20 06:11:04.381000+00:00,57.70000076293945,794.3499755859375,191861099.71010512
2024-06-20 06:12:04.979000+00:00,57.70000076293945,792.5999755859375,191438418.3545162
2024-06-20 06:13:05.103000+00:00,57.70000076293945,794.7000122070312,191945644.82639638
2024-06-20 06:14:04.624000+00:00,57.70000076293945,801.0700073242188,193484203.78138354
2024-06-20 06:15:04.797000+00:00,57.70000076293945,829.489990234375,200348544.8683999
2024-06-20 06:16:04.465000+00:00,57.70000076293945,831.02001953125,200718096.21542495
2024-06-20 06:17:04.817000+00:00,57.70000076293945,827.969970703125,199981411.20211968
2024-06-20 06:18:04.818000+00:00,57.70000076293945,829.489990234375,200348544.8683999
2024-06-20 06:19:04.404000+00:00,57.70000076293945,846.260009765625,204399044.63338348
2024-06-20 06:20:04.817000+00:00,57.70000076293945,855.9199829101562,206732239.22977376
2024-06-20 06:21:04.576000+00:00,57.70000076293945,860.7999877929688,207910917.5607153
2024-06-20 06:22:04.356000+00:00,57.70000076293945,864.1400146484375,208717641.60584268
2024-06-20 06:23:04.649000+00:00,57.70000076293945,886.7000122070312,214166607.5202135
2024-06-20 06:24:05.205000+00:00,57.630001068115234,887.5700073242188,214116664.72792974
2024-06-20 06:25:04.535000+00:00,57.59999847412109,909.5499877929688,219304866.12712362
2024-06-20 06:26:04.706000+00:00,57.59999847412109,922.1300048828124,222338079.25536463
2024-06-20 06:27:04.770000+00:00,57.59000015258789,923.5399780273438,222639390.0525089
2024-06-20 06:28:04.777000+00:00,57.5099983215332,942.4099731445312,226872811.14606786
2024-06-20 06:29:04.796000+00:00,57.5,953.8900146484376,229596557.0758057
2024-06-20 06:30:04.705000+00:00,57.5,978.260009765625,235462293.0505371
2024-06-20 06:31:04.975000+00:00,57.5,984.1400146484376,236877580.8258057
2024-06-20 06:32:04.498000+00:00,57.400001525878906,1004.4600219726562,241348044.43932748
2024-06-20 06:33:04.340000+00:00,57.400001525878906,1017.52001953125,244486053.72013366
2024-06-20 06:34:04.484000+00:00,57.400001525878906,1041.6700439453125,250288734.80051088
2024-06-20 06:35:04.396000+00:00,57.400001525878906,1042.8699951171875,250577054.75592926
2024-06-20 06:36:04.649000+00:00,57.400001525878906,1075.9100341796875,258515796.60876372
2024-06-20 06:37:04.553000+00:00,57.400001525878906,1078.489990234375,259135699.1782213
2024-06-20 06:38:04.757000+00:00,57.310001373291016,1105.6500244140625,265245071.29186082
2024-06-20 06:39:05.233000+00:00,57.29999923706055,1117.3199462890625,267997900.6446676
2024-06-20 06:40:05.164000+00:00,57.33000183105469,1132.7900390625,271850791.08715415
2024-06-20 06:41:04.732000+00:00,57.29999923706055,1150.1600341796875,275874851.77303934
2024-06-20 06:42:05.232000+00:00,57.29999923706055,1163.5400390625,279084150.26548874
2024-06-20 06:43:04.768000+00:00,57.29999923706055,1181.0999755859375,283296037.95205957
2024-06-20 06:44:04.275000+00:00,57.29999923706055,1186.550048828125,284603280.5123638
2024-06-20 06:45:04.636000+00:00,57.29999923706055,1207.239990234375,289565924.27411914
2024-06-20 06:46:04.648000+00:00,57.29999923706055,1203.2099609375,288599290.3259057
2024-06-20 06:47:04.679000+00:00,57.29999923706055,1217.0400390625,291916542.3946277
2024-06-20 06:48:04.920000+00:00,57.29999923706055,1225.3199462890625,293902542.6997518
2024-06-20 06:49:03.854000+00:00,57.29999923706055,1247.4000244140625,299198621.5921261
2024-06-20 06:50:05.035000+00:00,57.29999923706055,1260.5,302340752.87438583
2024-06-20 06:51:04.404000+00:00,57.20000076293945,1271.18994140625,304372706.67811364
2024-06-20 06:52:05.542000+00:00,57.20000076293945,1277.5,305883582.07990646
2024-06-20 06:53:04.483000+00:00,57.20000076293945,1296.8299560546875,310511931.3554094
2024-06-20 06:54:04.616000+00:00,57.09999847412109,1312.9100341796875,313812535.7296609
2024-06-20 06:55:04.861000+00:00,57.09999847412109,1330.3800048828125,317988218.4975178
2024-06-20 06:56:04.733000+00:00,57.09999847412109,1335.31005859375,319166602.86204845
2024-06-20 06:57:04.566000+00:00,57.09999847412109,1350.3399658203125,322759060.2092848
2024-06-20 06:58:04.845000+00:00,57.09999847412109,1369.8599853515625,327424746.8649751
2024-06-20 06:59:05.051000+00:00,57.09999847412109,1376.1500244140625,328928195.73554075
2024-06-20 07:00:06.348000+00:00,57.09999847412109,1388.8900146484375,331973315.7639807
2024-06-20 07:01:05.194000+00:00,57.0,1396.489990234375,333205304.64990234
2024-06-20 07:02:04.676000+00:00,57.0,1416.2099609375,337910529.0996094
2024-06-20 07:03:04.594000+00:00,57.0,1416.2099609375,337910529.0996094
2024-06-20 07:04:04.652000+00:00,57.0,1427.43994140625,340590024.89941406
2024-06-20 07:05:04.705000+00:00,57.0,1427.43994140625,340590024.89941406
2024-06-20 07:06:05.703000+00:00,57.0,1429.7099609375,341131656.0996094
2024-06-20 07:07:04.224000+00:00,57.0,1431.97998046875,341673287.2998047
2024-06-20 07:08:04.945000+00:00,57.0,1429.7099609375,341131656.0996094
2024-06-20 07:09:04.231000+00:00,57.0,1429.7099609375,341131656.0996094
2024-06-20 07:10:05.131000+00:00,57.0,1435.4100341796875,342491704.9753418
2024-06-20 07:11:04.372000+00:00,57.0,1434.260009765625,342217306.85009766
2024-06-20 07:12:04.921000+00:00,57.0,1442.31005859375,344138064.60058594
2024-06-20 07:13:05.156000+00:00,57.0,1450.43994140625,346077870.89941406
2024-06-20 07:14:05.153000+00:00,57.0,1452.780029296875,346636220.55029297
2024-06-20 07:15:04.947000+00:00,56.900001525878906,1443.4599609375,343808210.47981477
2024-06-20 07:16:04.802000+00:00,56.900001525878906,1446.93994140625,344637084.082023
2024-06-20 07:17:06.127000+00:00,57.0,1437.699951171875,343038083.7495117
2024-06-20 07:18:04.958000+00:00,56.900001525878906,1440.0,342984105.1977539
2024-06-20 07:19:04.293000+00:00,56.900001525878906,1444.6199951171875,344084511.3722584
2024-06-20 07:20:04.737000+00:00,56.900001525878906,1443.4599609375,343808210.47981477
2024-06-20 07:21:05.691000+00:00,56.900001525878906,1441.1500244140625,343258021.9301239
2024-06-20 07:22:05.394000+00:00,56.900001525878906,1442.31005859375,343534322.8225676
2024-06-20 07:23:05.555000+00:00,56.900001525878906,1443.4599609375,343808210.47981477
2024-06-20 07:24:04.759000+00:00,56.810001373291016,1445.780029296875,343816128.17299753
2024-06-20 07:25:04.540000+00:00,56.86000061035156,1444.6199951171875,343842618.663918
2024-06-20 07:26:05.349000+00:00,56.79999923706055,1448.1099853515625,344309576.42033964
2024-06-20 07:27:04.385000+00:00,56.79999923706055,1443.4599609375,343203964.3103856
2024-06-20 07:28:06.228000+00:00,56.79999923706055,1448.1099853515625,344309576.42033964
2024-06-20 07:29:05.541000+00:00,56.88999938964844,1437.699951171875,342376076.75677
2024-06-20 07:30:06.112000+00:00,57.20000076293945,1449.27001953125,347012058.68902916
2024-06-20 07:31:04.745000+00:00,57.29999923706055,1445.780029296875,346781612.49374753
2024-06-20 07:32:04.941000+00:00,57.20000076293945,1452.780029296875,347852492.6305124
2024-06-20 07:33:04.964000+00:00,57.20000076293945,1450.43994140625,347292183.850578
2024-06-20 07:34:04.966000+00:00,57.0,1445.7900390625,344968394.9003906
2024-06-20 07:35:04.801000+00:00,56.900001525878906,1445.780029296875,344360812.26470214
2024-06-20 07:36:04.384000+00:00,57.16999816894531,1458.6700439453125,349079597.42170507
2024-06-20 07:37:04.945000+00:00,58.0,1452.780029296875,352717557.7529297
2024-06-20 07:38:04.533000+00:00,58.11000061035156,1445.780029296875,351683769.3190889
2024-06-20 07:39:05.688000+00:00,58.0,1448.1099853515625,351583727.12353516
2024-06-20 07:40:05.375000+00:00,57.810001373291016,1445.780029296875,349868163.37563425
2024-06-20 07:41:05.085000+00:00,57.7599983215332,1443.4599609375,349004589.2390983
2024-06-20 07:42:05.237000+00:00,58.20000076293945,1443.4599609375,351663226.28531754
2024-06-20 07:43:05.278000+00:00,58.459999084472656,1440.0,352387520.88134766
2024-06-20 07:44:05.171000+00:00,58.70000076293945,1444.6199951171875,354969429.49783576
2024-06-20 07:45:05.086000+00:00,59.0,1445.780029296875,357070076.9555664
2024-06-20 07:46:04.273000+00:00,59.20000076293945,1449.27001953125,359145347.2925448
2024-06-20 07:47:04.361000+00:00,59.400001525878906,1449.27001953125,360358680.7813786
2024-06-20 07:48:04.577000+00:00,59.59999847412109,1445.780029296875,360701288.84247553
2024-06-20 07:49:04.935000+00:00,59.70000076293945,1443.4599609375,360726711.3800441
2024-06-20 07:50:04.685000+00:00,59.79999923706055,1443.4599609375,361330934.4998387
2024-06-20 07:51:04.786000+00:00,60.0,1443.4599609375,362539403.7890625
2024-06-20 07:52:05.409000+00:00,60.09999847412109,1428.5699462890625,359397617.9647311
2024-06-20 07:53:04.448000+00:00,60.20000076293945,1408.449951171875,354925448.5335659
2024-06-20 07:54:04.602000+00:00,60.29999923706055,1383.550048828125,349229887.99639547
2024-06-20 07:55:04.524000+00:00,60.400001525878906,1347.31005859375,340646338.88422835
2024-06-20 07:56:05.230000+00:00,60.5,1312.9100341796875,332498404.8861084
2024-06-20 07:57:04.595000+00:00,60.59999847412109,1277.5,324065460.840187
2024-06-20 07:58:04.549000+00:00,60.59999847412109,1236.260009765625,313604046.7968621
2024-06-20 07:59:05.312000+00:00,60.70000076293945,1196.010009765625,303894426.4030044
2024-06-20 08:00:07.251000+00:00,60.79999923706055,1141.4100341796875,290498894.4617505
2024-06-20 08:01:04.942000+00:00,60.79999923706055,1092.9000244140625,278152670.2432377
2024-06-20 08:02:04.747000+00:00,58.900001525878906,992.47998046875,244701304.9157611
2024-06-20 08:03:03.938000+00:00,60.20000076293945,992.280029296875,250051792.16774002
2024-06-20 08:04:04.692000+00:00,60.70000076293945,928.7899780273438,235996434.241207
2024-06-20 08:05:04.757000+00:00,60.900001525878906,884.52001953125,225488394.47677124
2024-06-20 08:06:05.579000+00:00,61.0,833.3300170898438,212787486.54382324
2024-06-20 08:07:04.569000+00:00,61.08000183105469,749.0599975585938,191520325.08997038
2024-06-20 08:08:04.493000+00:00,61.09999847412109,694.7100219726562,177682226.4484861
2024-06-20 08:09:04.555000+00:00,61.20000076293945,633.3599853515625,162256189.82205573
2024-06-20 08:10:05.038000+00:00,61.20000076293945,519.9299926757812,133197330.96014018
2024-06-20 08:11:04.500000+00:00,61.27999877929688,519.6400146484375,133297056.19349965
2024-06-20 08:12:04.801000+00:00,61.20000076293945,401.5199890136719,102862676.93180746
2024-06-20 08:13:05.157000+00:00,61.0,361.6099853515625,92335663.31958008
2024-06-20 08:14:04.624000+00:00,61.09999847412109,337.9599914550781,86438199.87184978
2024-06-20 08:15:05.262000+00:00,61.09999847412109,319.489990234375,81714227.51561111
2024-06-20 08:16:04.677000+00:00,61.09999847412109,256.29998779296875,65552462.22080116
2024-06-20 08:17:04.688000+00:00,61.0,256.29998779296875,65445176.6829834
2024-06-20 08:18:04.573000+00:00,61.0,235.759994506836,60200371.557342544
2024-06-20 08:19:04.566000+00:00,60.900001525878906,169.89999389648438,43312164.78925381
2024-06-20 08:20:04.842000+00:00,60.79999923706055,133.10000610351562,33875122.408321664
2024-06-20 08:21:04.828000+00:00,60.68999862670898,133.10000610351562,33813834.83944982
2024-06-20 08:22:05.138000+00:00,60.5,133.10000610351562,33707975.84573364
2024-06-20 08:23:04.563000+00:00,60.400001525878906,133.10000610351562,33652261.03333225
2024-06-20 08:24:04.916000+00:00,60.20000076293945,133.10000610351562,33540829.283145618
2024-06-20 08:25:04.121000+00:00,60.0,119.55999755859376,30028688.98681641
2024-06-20 08:26:05.386000+00:00,59.79999923706055,0.0,0.0
2024-06-20 08:27:04.016000+00:00,59.59999847412109,0.0,0.0
2024-06-20 08:28:04.815000+00:00,59.400001525878906,0.0,0.0
2024-06-20 08:29:04.749000+00:00,59.20000076293945,0.0,0.0
2024-06-20 08:30:05.127000+00:00,59.0,0.0,0.0
2024-06-20 08:31:04.307000+00:00,58.79999923706055,0.0,0.0
2024-06-20 08:32:04.616000+00:00,58.58000183105469,0.0,0.0
2024-06-20 08:33:04.310000+00:00,58.29999923706055,0.0,0.0
2024-06-20 08:34:04.793000+00:00,58.09999847412109,0.0,0.0
2024-06-20 08:35:05.032000+00:00,57.900001525878906,0.0,0.0
2024-06-20 08:36:04.330000+00:00,57.70000076293945,0.0,0.0
2024-06-20 08:37:04.468000+00:00,57.59999847412109,0.0,0.0
2024-06-20 08:38:04.524000+00:00,57.400001525878906,0.0,0.0
2024-06-20 08:39:05.516000+00:00,57.29999923706055,0.0,0.0
2024-06-20 08:40:04.885000+00:00,57.20000076293945,0.0,0.0
2024-06-20 08:41:05.325000+00:00,57.20000076293945,0.0,0.0
2024-06-20 08:42:04.909000+00:00,57.20000076293945,0.0,0.0
2024-06-20 08:43:04.083000+00:00,57.29999923706055,0.0,0.0
2024-06-20 08:44:04.709000+00:00,57.400001525878906,0.0,0.0
2024-06-20 08:45:05.467000+00:00,57.4900016784668,0.0,0.0
2024-06-20 08:46:04.765000+00:00,57.59999847412109,0.0,0.0
2024-06-20 08:47:04.471000+00:00,57.790000915527344,0.0,0.0
2024-06-20 08:48:04.698000+00:00,57.900001525878906,0.0,0.0
2024-06-20 08:49:04.565000+00:00,58.09999847412109,0.0,0.0
2024-06-20 08:50:04.940000+00:00,58.29999923706055,0.0,0.0
2024-06-20 08:51:04.788000+00:00,58.400001525878906,0.0,0.0
2024-06-20 08:52:04.999000+00:00,58.58000183105469,0.0,0.0
2024-06-20 08:53:04.740000+00:00,58.59999847412109,0.0,0.0
2024-06-20 08:54:04.327000+00:00,58.70000076293945,0.0,0.0
2024-06-20 08:55:05.130000+00:00,58.77000045776367,0.0,0.0
2024-06-20 08:56:04.714000+00:00,58.79999923706055,0.0,0.0
2024-06-20 08:57:04.932000+00:00,58.79999923706055,0.0,0.0
2024-06-20 08:58:04.163000+00:00,58.720001220703125,0.0,0.0
2024-06-20 08:59:04.606000+00:00,58.70000076293945,0.0,0.0
2024-06-20 09:00:07.604000+00:00,58.70000076293945,0.0,0.0
2024-06-20 09:01:04.944000+00:00,58.20000076293945,0.0,0.0
2024-06-20 09:02:04.492000+00:00,58.20000076293945,0.0,0.0
2024-06-20 09:03:04.534000+00:00,58.20000076293945,0.0,0.0
2024-06-20 09:04:05.055000+00:00,58.11000061035156,0.0,0.0
2024-06-20 09:05:04.833000+00:00,58.09999847412109,0.0,0.0
2024-06-20 09:06:05.176000+00:00,58.09999847412109,0.0,0.0
2024-06-20 09:07:04.267000+00:00,58.09999847412109,0.0,0.0
2024-06-20 09:08:04.927000+00:00,58.09999847412109,0.0,0.0
2024-06-20 09:09:04.401000+00:00,58.09999847412109,0.0,0.0
2024-06-20 09:10:05.488000+00:00,58.09999847412109,0.0,0.0
2024-06-20 09:11:05.060000+00:00,58.09999847412109,0.0,0.0
2024-06-20 09:12:05.660000+00:00,58.09999847412109,0.0,0.0
2024-06-20 09:13:04.754000+00:00,58.20000076293945,0.0,0.0
2024-06-20 09:14:04.652000+00:00,58.20000076293945,0.0,0.0
2024-06-20 09:15:04.798000+00:00,58.29999923706055,0.0,0.0
2024-06-20 09:16:04.451000+00:00,58.38999938964844,0.0,0.0
2024-06-20 09:17:04.702000+00:00,58.29999923706055,0.0,0.0
2024-06-20 09:18:04.898000+00:00,58.400001525878906,0.0,0.0
2024-06-20 09:19:03.941000+00:00,58.400001525878906,0.0,0.0
2024-06-20 09:20:05.226000+00:00,58.400001525878906,0.0,0.0
2024-06-20 09:21:04.741000+00:00,58.400001525878906,0.0,0.0
2024-06-20 09:22:05.382000+00:00,58.5,0.0,0.0
2024-06-20 09:23:04.802000+00:00,58.5,0.0,0.0
2024-06-20 09:24:04.906000+00:00,58.5,0.0,0.0
2024-06-20 09:25:04.561000+00:00,58.5,0.0,0.0
2024-06-20 09:26:04.937000+00:00,58.5,0.0,0.0
2024-06-20 09:27:05.145000+00:00,58.5,0.0,0.0
2024-06-20 09:28:04.795000+00:00,58.58000183105469,0.0,0.0
2024-06-20 09:29:04.995000+00:00,58.5,0.0,0.0
2024-06-20 09:30:05.335000+00:00,58.40999984741211,0.0,0.0
2024-06-20 09:31:05.008000+00:00,58.400001525878906,0.0,0.0
2024-06-20 09:32:04.424000+00:00,58.400001525878906,0.0,0.0
2024-06-20 09:33:04.261000+00:00,58.400001525878906,0.0,0.0
2024-06-20 09:34:04.241000+00:00,58.29999923706055,0.0,0.0
2024-06-20 09:35:04.610000+00:00,58.29999923706055,0.0,0.0
2024-06-20 09:36:04.741000+00:00,58.29999923706055,0.0,0.0
2024-06-20 09:37:05.138000+00:00,58.209999084472656,0.0,0.0
2024-06-20 09:38:04.279000+00:00,58.20000076293945,0.0,0.0
2024-06-20 09:39:05.290000+00:00,58.20000076293945,0.0,0.0
2024-06-20 09:40:05.126000+00:00,58.20000076293945,0.0,0.0
2024-06-20 09:41:04.398000+00:00,58.20000076293945,0.0,0.0
2024-06-20 09:42:04.932000+00:00,55.290000915527344,0.0,0.0
2024-06-20 09:43:04.235000+00:00,56.0099983215332,0.0,0.0
2024-06-20 09:44:04.928000+00:00,56.77999877929688,0.0,0.0
2024-06-20 09:45:04.660000+00:00,57.20000076293945,0.0,0.0
2024-06-20 09:46:04.735000+00:00,57.70000076293945,0.0,0.0
2024-06-20 09:47:04.230000+00:00,58.0,0.0,0.0
2024-06-20 09:48:04.729000+00:00,58.29999923706055,0.0,0.0
2024-06-20 09:49:04.979000+00:00,58.52999877929688,0.0,0.0
2024-06-20 09:50:04.238000+00:00,58.70000076293945,0.0,0.0
2024-06-20 09:51:04.291000+00:00,58.79999923706055,0.0,0.0
2024-06-20 09:52:05.112000+00:00,58.900001525878906,0.0,0.0
2024-06-20 09:53:04.194000+00:00,58.900001525878906,0.0,0.0
2024-06-20 09:54:04.607000+00:00,58.900001525878906,0.0,0.0
2024-06-20 09:55:04.926000+00:00,58.79999923706055,0.0,0.0
2024-06-20 09:56:04.553000+00:00,58.79999923706055,0.0,0.0
2024-06-20 09:57:04.603000+00:00,58.70000076293945,0.0,0.0
2024-06-20 09:58:04.234000+00:00,58.59999847412109,0.0,0.0
2024-06-20 09:59:04.517000+00:00,58.40999984741211,0.0,0.0
2024-06-20 10:00:09.354000+00:00,58.400001525878906,0.0,0.0
2024-06-20 10:01:05.327000+00:00,56.70000076293945,0.0,0.0
2024-06-20 10:02:04.875000+00:00,57.18999862670898,0.0,0.0
2024-06-20 10:03:04.734000+00:00,57.400001525878906,0.0,0.0
2024-06-20 10:04:04.715000+00:00,57.70000076293945,0.0,0.0
2024-06-20 10:05:05.259000+00:00,58.09999847412109,0.0,0.0
2024-06-20 10:06:05.708000+00:00,58.459999084472656,0.0,0.0
2024-06-20 10:07:04.355000+00:00,58.59999847412109,0.0,0.0
2024-06-20 10:08:04.894000+00:00,58.79999923706055,0.0,0.0
2024-06-20 10:09:04.977000+00:00,58.91999816894531,0.0,0.0
2024-06-20 10:10:04.893000+00:00,59.0,0.0,0.0
2024-06-20 10:11:04.661000+00:00,58.900001525878906,0.0,0.0
2024-06-20 10:12:05.030000+00:00,58.900001525878906,0.0,0.0
2024-06-20 10:13:04.818000+00:00,58.79999923706055,0.0,0.0
2024-06-20 10:14:04.909000+00:00,58.70000076293945,0.0,0.0
2024-06-20 10:15:04.931000+00:00,58.59999847412109,0.0,0.0
2024-06-20 10:16:04.389000+00:00,58.5,0.0,0.0
2024-06-20 10:17:05.094000+00:00,58.400001525878906,0.0,0.0
2024-06-20 10:18:04.797000+00:00,58.29999923706055,0.0,0.0
2024-06-20 10:19:04.953000+00:00,58.20000076293945,0.0,0.0
2024-06-20 10:20:05.128000+00:00,58.09999847412109,0.0,0.0
2024-06-20 10:21:04.341000+00:00,58.09999847412109,0.0,0.0
2024-06-20 10:22:04.521000+00:00,58.0,0.0,0.0
2024-06-20 10:23:05.341000+00:00,58.09999847412109,0.0,0.0
2024-06-20 10:24:04.623000+00:00,58.09999847412109,0.0,0.0
2024-06-20 10:25:04.629000+00:00,58.20000076293945,0.0,0.0
2024-06-20 10:26:04.983000+00:00,58.20000076293945,0.0,0.0
2024-06-20 10:27:04.881000+00:00,58.29999923706055,0.0,0.0
2024-06-20 10:28:04.643000+00:00,58.29999923706055,0.0,0.0
2024-06-20 10:29:04.321000+00:00,58.400001525878906,0.0,0.0
2024-06-20 10:30:05.216000+00:00,58.5,0.0,0.0
2024-06-20 10:31:04.005000+00:00,58.5,0.0,0.0
2024-06-20 10:32:04.454000+00:00,58.11000061035156,0.0,0.0
2024-06-20 10:33:04.759000+00:00,58.20000076293945,0.0,0.0
2024-06-20 10:34:04.285000+00:00,58.29999923706055,0.0,0.0
2024-06-20 10:35:05.042000+00:00,58.29999923706055,0.0,0.0
2024-06-20 10:36:04.658000+00:00,55.619998931884766,0.0,0.0
2024-06-20 10:37:04.834000+00:00,56.68000030517578,0.0,0.0
2024-06-20 10:38:04.776000+00:00,57.36000061035156,0.0,0.0
2024-06-20 10:39:05.849000+00:00,57.70000076293945,0.0,0.0
2024-06-20 10:40:04.326000+00:00,58.400001525878906,0.0,0.0
2024-06-20 10:41:04.329000+00:00,58.79999923706055,0.0,0.0
2024-06-20 10:42:04.706000+00:00,59.0,0.0,0.0
2024-06-20 10:43:04.549000+00:00,59.09999847412109,0.0,0.0
2024-06-20 10:44:04.669000+00:00,58.290000915527344,0.0,0.0
2024-06-20 10:45:05.112000+00:00,58.29999923706055,0.0,0.0
2024-06-20 10:46:04.556000+00:00,57.880001068115234,0.0,0.0
2024-06-20 10:47:04.623000+00:00,57.900001525878906,0.0,0.0
2024-06-20 10:48:04.768000+00:00,58.0,0.0,0.0
2024-06-20 10:49:04.065000+00:00,58.20000076293945,0.0,0.0
2024-06-20 10:50:04.894000+00:00,58.5,0.0,0.0
2024-06-20 10:51:04.623000+00:00,58.79999923706055,0.0,0.0
2024-06-20 10:52:04.927000+00:00,59.0,0.0,0.0
2024-06-20 10:53:04.630000+00:00,59.09999847412109,0.0,0.0
2024-06-20 10:54:04.589000+00:00,59.18000030517578,0.0,0.0
2024-06-20 10:55:05.152000+00:00,59.20000076293945,0.0,0.0
2024-06-20 10:56:04.838000+00:00,59.09999847412109,0.0,0.0
2024-06-20 10:57:04.510000+00:00,59.0,0.0,0.0
2024-06-20 10:58:04.956000+00:00,58.900001525878906,0.0,0.0
2024-06-20 10:59:04.797000+00:00,58.79999923706055,0.0,0.0
2024-06-20 11:00:08.106000+00:00,58.70000076293945,0.0,0.0
2024-06-20 11:01:05.148000+00:00,58.59999847412109,0.0,0.0
2024-06-20 11:02:04.560000+00:00,57.59999847412109,0.0,0.0
2024-06-20 11:03:04.583000+00:00,57.29999923706055,0.0,0.0
2024-06-20 11:04:05.040000+00:00,57.20000076293945,0.0,0.0
2024-06-20 11:05:04.666000+00:00,57.209999084472656,0.0,0.0
2024-06-20 11:06:05.164000+00:00,57.5,0.0,0.0
2024-06-20 11:07:04.565000+00:00,57.900001525878906,0.0,0.0
2024-06-20 11:08:04.033000+00:00,58.2599983215332,0.0,0.0
2024-06-20 11:09:04.916000+00:00,58.5099983215332,0.0,0.0
2024-06-20 11:10:05.036000+00:00,58.79999923706055,0.0,0.0
2024-06-20 11:11:04.207000+00:00,58.900001525878906,0.0,0.0
2024-06-20 11:12:05.138000+00:00,58.97999954223633,0.0,0.0
2024-06-20 11:13:05.241000+00:00,59.0,0.0,0.0
2024-06-20 11:14:04.399000+00:00,59.0,0.0,0.0
2024-06-20 11:15:04.671000+00:00,58.900001525878906,0.0,0.0
2024-06-20 11:16:04.147000+00:00,58.79999923706055,0.0,0.0
2024-06-20 11:17:04.469000+00:00,58.79999923706055,0.0,0.0
2024-06-20 11:18:04.465000+00:00,58.70000076293945,0.0,0.0
2024-06-20 11:19:04.151000+00:00,58.59999847412109,0.0,0.0
2024-06-20 11:20:04.674000+00:00,58.5,0.0,0.0
2024-06-20 11:21:04.685000+00:00,58.470001220703125,0.0,0.0
2024-06-20 11:22:05.050000+00:00,58.400001525878906,0.0,0.0
2024-06-20 11:23:04.704000+00:00,58.29999923706055,0.0,0.0
2024-06-20 11:24:04.656000+00:00,58.2400016784668,0.0,0.0
2024-06-20 11:25:04.569000+00:00,57.5,0.0,0.0
2024-06-20 11:26:04.734000+00:00,57.5,0.0,0.0
2024-06-20 11:27:04.086000+00:00,57.59999847412109,0.0,0.0
2024-06-20 11:28:04.998000+00:00,57.59999847412109,0.0,0.0
2024-06-20 11:29:04.481000+00:00,57.70000076293945,0.0,0.0
2024-06-20 11:30:05.565000+00:00,57.900001525878906,0.0,0.0
2024-06-20 11:31:04.805000+00:00,58.09999847412109,0.0,0.0
2024-06-20 11:32:04.437000+00:00,58.20000076293945,0.0,0.0
2024-06-20 11:33:04.333000+00:00,58.400001525878906,0.0,0.0
2024-06-20 11:34:04.242000+00:00,58.52999877929688,0.0,0.0
2024-06-20 11:35:04.738000+00:00,58.70000076293945,0.0,0.0
2024-06-20 11:36:04.689000+00:00,58.79999923706055,0.0,0.0
2024-06-20 11:37:04.854000+00:00,58.79999923706055,0.0,0.0
2024-06-20 11:38:04.861000+00:00,58.79999923706055,0.0,0.0
2024-06-20 11:39:05.088000+00:00,58.79999923706055,0.0,0.0
2024-06-20 11:40:04.869000+00:00,58.70000076293945,0.0,0.0
2024-06-20 11:41:04.745000+00:00,58.59999847412109,0.0,0.0
2024-06-20 11:42:05.348000+00:00,58.59999847412109,0.0,0.0
2024-06-20 11:43:04.588000+00:00,58.47999954223633,0.0,0.0
2024-06-20 11:44:04.691000+00:00,58.400001525878906,0.0,0.0
2024-06-20 11:45:04.635000+00:00,58.29999923706055,0.0,0.0
2024-06-20 11:46:04.356000+00:00,58.20000076293945,0.0,0.0
2024-06-20 11:47:04.886000+00:00,58.09999847412109,0.0,0.0
2024-06-20 11:48:04.641000+00:00,58.09999847412109,0.0,0.0
2024-06-20 11:49:04.856000+00:00,58.0,0.0,0.0
2024-06-20 11:50:05.192000+00:00,58.0,0.0,0.0
2024-06-20 11:51:04.582000+00:00,58.0,0.0,0.0
2024-06-20 11:52:05.275000+00:00,57.970001220703125,0.0,0.0
2024-06-20 11:53:04.965000+00:00,58.0,0.0,0.0
2024-06-20 11:54:04.635000+00:00,58.09999847412109,0.0,0.0
2024-06-20 11:55:04.591000+00:00,58.11000061035156,0.0,0.0
2024-06-20 11:56:04.762000+00:00,58.20000076293945,0.0,0.0
2024-06-20 11:57:04.490000+00:00,58.29999923706055,0.0,0.0
2024-06-20 11:58:04.513000+00:00,58.400001525878906,0.0,0.0
2024-06-20 11:59:05.064000+00:00,58.4900016784668,0.0,0.0
2024-06-20 12:00:06.941000+00:00,58.5,0.0,0.0
2024-06-20 12:01:05.312000+00:00,58.5,0.0,0.0
2024-06-20 12:02:04.902000+00:00,58.5,0.0,0.0
2024-06-20 12:03:04.444000+00:00,58.5,0.0,0.0
2024-06-20 12:04:04.595000+00:00,58.5,0.0,0.0
2024-06-20 12:05:04.599000+00:00,58.5,0.0,0.0
2024-06-20 12:06:05.124000+00:00,58.400001525878906,0.0,0.0
2024-06-20 12:07:04.875000+00:00,58.400001525878906,0.0,0.0
2024-06-20 12:08:05.055000+00:00,58.400001525878906,0.0,0.0
2024-06-20 12:09:04.469000+00:00,58.400001525878906,0.0,0.0
2024-06-20 12:10:05.450000+00:00,58.400001525878906,0.0,0.0
2024-06-20 12:11:04.789000+00:00,58.400001525878906,0.0,0.0
2024-06-20 12:12:04.851000+00:00,58.29999923706055,0.0,0.0
2024-06-20 12:13:05.263000+00:00,58.34999847412109,0.0,0.0
2024-06-20 12:14:04.889000+00:00,58.38999938964844,0.0,0.0
2024-06-20 12:15:04.371000+00:00,58.29999923706055,0.0,0.0
2024-06-20 12:16:05.112000+00:00,58.20000076293945,0.0,0.0
2024-06-20 12:17:04.824000+00:00,58.09999847412109,0.0,0.0
2024-06-20 12:18:05.072000+00:00,58.0,0.0,0.0
2024-06-20 12:19:04.824000+00:00,57.959999084472656,0.0,0.0
2024-06-20 12:20:04.675000+00:00,57.900001525878906,0.0,0.0
2024-06-20 12:21:04.453000+00:00,57.79999923706055,0.0,0.0
2024-06-20 12:22:04.759000+00:00,57.79999923706055,0.0,0.0
2024-06-20 12:23:04.719000+00:00,57.900001525878906,0.0,0.0
2024-06-20 12:24:04.542000+00:00,57.900001525878906,0.0,0.0
2024-06-20 12:25:04.707000+00:00,58.0,0.0,0.0
2024-06-20 12:26:04.971000+00:00,58.09999847412109,0.0,0.0
2024-06-20 12:27:04.859000+00:00,58.09999847412109,0.0,0.0
2024-06-20 12:28:04.802000+00:00,58.20000076293945,0.0,0.0
2024-06-20 12:29:04.161000+00:00,58.290000915527344,0.0,0.0
2024-06-20 12:30:04.782000+00:00,58.29999923706055,0.0,0.0
2024-06-20 12:31:04.785000+00:00,58.400001525878906,0.0,0.0
2024-06-20 12:32:04.531000+00:00,58.400001525878906,0.0,0.0
2024-06-20 12:33:04.434000+00:00,58.59999847412109,0.0,0.0
2024-06-20 12:34:04.740000+00:00,58.59999847412109,0.0,0.0
2024-06-20 12:35:04.523000+00:00,58.59999847412109,0.0,0.0
2024-06-20 12:36:04.416000+00:00,58.59999847412109,0.0,0.0
2024-06-20 12:37:04.647000+00:00,58.63999938964844,0.0,0.0
2024-06-20 12:38:04.909000+00:00,58.59999847412109,0.0,0.0
2024-06-20 12:39:05.034000+00:00,58.59000015258789,0.0,0.0
2024-06-20 12:40:05.064000+00:00,58.5,0.0,0.0
2024-06-20 12:41:04.431000+00:00,58.5,0.0,0.0
2024-06-20 12:42:05.219000+00:00,58.400001525878906,0.0,0.0
2024-06-20 12:43:04.649000+00:00,58.400001525878906,0.0,0.0
2024-06-20 12:44:04.536000+00:00,58.400001525878906,0.0,0.0
2024-06-20 12:45:04.870000+00:00,58.34000015258789,0.0,0.0
2024-06-20 12:46:04.169000+00:00,58.29999923706055,0.0,0.0
2024-06-20 12:47:04.242000+00:00,58.29999923706055,0.0,0.0
2024-06-20 12:48:05.014000+00:00,58.29999923706055,0.0,0.0
2024-06-20 12:49:04.796000+00:00,58.29999923706055,0.0,0.0
2024-06-20 12:50:04.982000+00:00,58.29999923706055,0.0,0.0
2024-06-20 12:51:04.304000+00:00,58.29999923706055,0.0,0.0
2024-06-20 12:52:05.190000+00:00,58.29999923706055,0.0,0.0
2024-06-20 12:53:04.404000+00:00,58.29999923706055,0.0,0.0
2024-06-20 12:54:04.949000+00:00,58.29999923706055,0.0,0.0
2024-06-20 12:55:04.593000+00:00,58.29999923706055,0.0,0.0
2024-06-20 12:56:04.842000+00:00,58.400001525878906,0.0,0.0
2024-06-20 12:57:04.859000+00:00,58.400001525878906,0.0,0.0
2024-06-20 12:58:05.004000+00:00,58.400001525878906,0.0,0.0
2024-06-20 12:59:05.196000+00:00,58.400001525878906,0.0,0.0
2024-06-20 13:00:07.343000+00:00,58.400001525878906,0.0,0.0
2024-06-20 13:01:05.061000+00:00,58.20000076293945,0.0,0.0
2024-06-20 13:02:04.420000+00:00,58.11000061035156,0.0,0.0
2024-06-20 13:03:04.620000+00:00,58.09999847412109,0.0,0.0
2024-06-20 13:04:04.602000+00:00,58.16999816894531,0.0,0.0
2024-06-20 13:05:04.577000+00:00,58.290000915527344,0.0,0.0
2024-06-20 13:06:05.560000+00:00,58.29999923706055,0.0,0.0
2024-06-20 13:07:04.763000+00:00,58.400001525878906,0.0,0.0
2024-06-20 13:08:04.884000+00:00,58.400001525878906,0.0,0.0
2024-06-20 13:09:04.926000+00:00,58.5,0.0,0.0
2024-06-20 13:10:04.471000+00:00,58.56999969482422,0.0,0.0
2024-06-20 13:11:04.669000+00:00,58.59999847412109,0.0,0.0
2024-06-20 13:12:04.970000+00:00,58.59999847412109,0.0,0.0
2024-06-20 13:13:04.901000+00:00,58.59999847412109,0.0,0.0
2024-06-20 13:14:04.703000+00:00,58.59999847412109,0.0,0.0
2024-06-20 13:15:04.955000+00:00,58.59999847412109,0.0,0.0
2024-06-20 13:16:04.476000+00:00,58.59999847412109,0.0,0.0
2024-06-20 13:17:05.005000+00:00,58.59999847412109,0.0,0.0
2024-06-20 13:18:03.908000+00:00,58.59999847412109,0.0,0.0
2024-06-20 13:19:04.855000+00:00,58.59999847412109,0.0,0.0
2024-06-20 13:20:05.120000+00:00,58.59999847412109,0.0,0.0
2024-06-20 13:21:04.311000+00:00,58.59999847412109,0.0,0.0
2024-06-20 13:22:04.655000+00:00,58.5,0.0,0.0
2024-06-20 13:23:04.585000+00:00,58.400001525878906,0.0,0.0
2024-06-20 13:24:04.824000+00:00,58.400001525878906,0.0,0.0
2024-06-20 13:25:04.795000+00:00,58.400001525878906,0.0,0.0
2024-06-20 13:26:05.341000+00:00,58.29999923706055,0.0,0.0
2024-06-20 13:27:04.805000+00:00,58.29999923706055,0.0,0.0
2024-06-20 13:28:04.969000+00:00,58.29999923706055,0.0,0.0
2024-06-20 13:29:04.421000+00:00,58.29999923706055,0.0,0.0
2024-06-20 13:30:05.020000+00:00,58.29999923706055,0.0,0.0
2024-06-20 13:31:04.313000+00:00,58.29999923706055,0.0,0.0
2024-06-20 13:32:04.703000+00:00,58.33000183105469,0.0,0.0
2024-06-20 13:33:04.593000+00:00,58.400001525878906,0.0,0.0
2024-06-20 13:34:04.084000+00:00,58.400001525878906,0.0,0.0
2024-06-20 13:35:04.552000+00:00,58.400001525878906,0.0,0.0
2024-06-20 13:36:04.896000+00:00,58.400001525878906,0.0,0.0
2024-06-20 13:37:05.152000+00:00,58.400001525878906,0.0,0.0
2024-06-20 13:38:04.865000+00:00,58.5,0.0,0.0
2024-06-20 13:39:05.753000+00:00,58.5,0.0,0.0
2024-06-20 13:40:05.020000+00:00,58.5,0.0,0.0
2024-06-20 13:41:04.553000+00:00,58.59999847412109,0.0,0.0
2024-06-20 13:42:05.093000+00:00,58.5,0.0,0.0
2024-06-20 13:43:04.899000+00:00,58.59999847412109,0.0,0.0
2024-06-20 13:44:03.966000+00:00,56.790000915527344,0.0,0.0
2024-06-20 13:45:04.602000+00:00,55.52999877929688,0.0,0.0
2024-06-20 13:46:04.996000+00:00,56.38999938964844,0.0,0.0
2024-06-20 13:47:04.904000+00:00,57.400001525878906,0.0,0.0
2024-06-20 13:48:04.372000+00:00,58.20000076293945,0.0,0.0
2024-06-20 13:49:04.458000+00:00,58.70000076293945,0.0,0.0
2024-06-20 13:50:05.289000+00:00,59.0,0.0,0.0
2024-06-20 13:51:05.114000+00:00,59.20000076293945,0.0,0.0
2024-06-20 13:52:04.750000+00:00,59.20000076293945,0.0,0.0
2024-06-20 13:53:05.182000+00:00,59.20000076293945,0.0,0.0
2024-06-20 13:54:05.007000+00:00,48.2400016784668,0.0,0.0
2024-06-20 13:55:04.846000+00:00,52.83000183105469,0.0,0.0
2024-06-20 13:56:04.562000+00:00,55.18999862670898,0.0,0.0
2024-06-20 13:57:04.422000+00:00,55.0099983215332,0.0,0.0
2024-06-20 13:58:05.093000+00:00,55.79999923706055,0.0,0.0
2024-06-20 13:59:04.856000+00:00,56.29999923706055,0.0,0.0
2024-06-20 14:00:07.038000+00:00,56.09999847412109,0.0,0.0
2024-06-20 14:01:05.149000+00:00,55.95000076293945,0.0,0.0
2024-06-20 14:02:04.428000+00:00,55.900001525878906,0.0,0.0
2024-06-20 14:03:04.465000+00:00,55.900001525878906,0.0,0.0
2024-06-20 14:04:04.711000+00:00,55.900001525878906,0.0,0.0
2024-06-20 14:05:05.248000+00:00,56.290000915527344,0.0,0.0
2024-06-20 14:06:05.756000+00:00,59.29999923706055,0.0,0.0
2024-06-20 14:07:04.798000+00:00,60.900001525878906,0.0,0.0
2024-06-20 14:08:04.742000+00:00,61.209999084472656,0.0,0.0
2024-06-20 14:09:05.009000+00:00,61.09999847412109,0.0,0.0
2024-06-20 14:10:05.399000+00:00,61.0,0.0,0.0
2024-06-20 14:11:04.798000+00:00,60.79999923706055,0.0,0.0
2024-06-20 14:12:04.605000+00:00,60.630001068115234,0.0,0.0
2024-06-20 14:13:05.356000+00:00,60.5,0.0,0.0
2024-06-20 14:14:05.117000+00:00,60.34999847412109,0.0,0.0
2024-06-20 14:15:04.768000+00:00,60.20000076293945,0.0,0.0
2024-06-20 14:16:05.017000+00:00,60.0,0.0,0.0
2024-06-20 14:17:05.239000+00:00,59.81999969482422,0.0,0.0
2024-06-20 14:18:04.894000+00:00,59.70000076293945,0.0,0.0
2024-06-20 14:19:04.413000+00:00,59.5,0.0,0.0
2024-06-20 14:20:05.062000+00:00,59.33000183105469,0.0,0.0
2024-06-20 14:21:04.417000+00:00,59.20000076293945,0.0,0.0
2024-06-20 14:22:04.704000+00:00,59.0,0.0,0.0
2024-06-20 14:23:04.927000+00:00,58.900001525878906,0.0,0.0
2024-06-20 14:24:04.390000+00:00,58.70000076293945,0.0,0.0
2024-06-20 14:25:04.762000+00:00,58.5,0.0,0.0
2024-06-20 14:26:04.711000+00:00,58.310001373291016,0.0,0.0
2024-06-20 14:27:05.167000+00:00,58.20000076293945,0.0,0.0
2024-06-20 14:28:05.288000+00:00,58.02000045776367,0.0,0.0
2024-06-20 14:29:04.576000+00:00,57.900001525878906,0.0,0.0
2024-06-20 14:30:05.121000+00:00,57.70000076293945,0.0,0.0
2024-06-20 14:31:04.634000+00:00,57.59999847412109,0.0,0.0
2024-06-20 14:32:04.731000+00:00,57.40999984741211,0.0,0.0
2024-06-20 14:33:04.778000+00:00,57.29999923706055,0.0,0.0
2024-06-20 14:34:04.414000+00:00,57.09999847412109,0.0,0.0
2024-06-20 14:35:05.594000+00:00,57.0,0.0,0.0
2024-06-20 14:36:05.105000+00:00,56.880001068115234,0.0,0.0
2024-06-20 14:37:04.786000+00:00,56.79999923706055,0.0,0.0
2024-06-20 14:38:04.889000+00:00,56.709999084472656,0.0,0.0
2024-06-20 14:39:04.828000+00:00,55.29999923706055,0.0,0.0
2024-06-20 14:40:04.918000+00:00,55.93000030517578,0.0,0.0
2024-06-20 14:41:04.227000+00:00,57.29999923706055,0.0,0.0
2024-06-20 14:42:05.531000+00:00,58.400001525878906,0.0,0.0
2024-06-20 14:43:04.657000+00:00,59.0,0.0,0.0
2024-06-20 14:44:04.297000+00:00,59.29999923706055,0.0,0.0
2024-06-20 14:45:04.466000+00:00,57.709999084472656,0.0,0.0
2024-06-20 14:46:04.553000+00:00,57.5,0.0,0.0
2024-06-20 14:47:04.118000+00:00,57.61000061035156,0.0,0.0
2024-06-20 14:48:04.932000+00:00,57.900001525878906,0.0,0.0
2024-06-20 14:49:04.678000+00:00,58.290000915527344,0.0,0.0
2024-06-20 14:50:05.038000+00:00,58.59999847412109,0.0,0.0
2024-06-20 14:51:04.736000+00:00,58.900001525878906,0.0,0.0
2024-06-20 14:52:05.381000+00:00,59.0,0.0,0.0
2024-06-20 14:53:04.571000+00:00,58.900001525878906,0.0,0.0
2024-06-20 14:54:04.875000+00:00,59.0,0.0,0.0
2024-06-20 14:55:04.863000+00:00,59.0,0.0,0.0
2024-06-20 14:56:04.742000+00:00,58.97999954223633,0.0,0.0
2024-06-20 14:57:04.343000+00:00,58.900001525878906,0.0,0.0
2024-06-20 14:58:04.573000+00:00,58.900001525878906,0.0,0.0
2024-06-20 14:59:05.279000+00:00,58.79999923706055,0.0,0.0
2024-06-20 15:00:07.405000+00:00,58.79999923706055,0.0,0.0
2024-06-20 15:01:05.014000+00:00,58.79999923706055,0.0,0.0
2024-06-20 15:02:04.667000+00:00,58.59999847412109,0.0,0.0
2024-06-20 15:03:04.581000+00:00,58.5,0.0,0.0
2024-06-20 15:04:04.682000+00:00,58.400001525878906,0.0,0.0
2024-06-20 15:05:04.903000+00:00,58.29999923706055,0.0,0.0
2024-06-20 15:06:05.497000+00:00,58.29999923706055,0.0,0.0
2024-06-20 15:07:04.132000+00:00,58.290000915527344,0.0,0.0
2024-06-20 15:08:04.470000+00:00,58.20000076293945,0.0,0.0
2024-06-20 15:09:04.834000+00:00,58.20000076293945,0.0,0.0
2024-06-20 15:10:04.659000+00:00,58.119998931884766,0.0,0.0
2024-06-20 15:11:04.071000+00:00,58.09999847412109,0.0,0.0
2024-06-20 15:12:04.943000+00:00,58.09999847412109,0.0,0.0
2024-06-20 15:13:04.837000+00:00,58.20000076293945,0.0,0.0
2024-06-20 15:14:04.795000+00:00,58.20000076293945,0.0,0.0
2024-06-20 15:15:04.902000+00:00,58.29999923706055,0.0,0.0
2024-06-20 15:16:05.804000+00:00,58.400001525878906,0.0,0.0
2024-06-20 15:17:04.568000+00:00,58.5,0.0,0.0
2024-06-20 15:18:05.254000+00:00,58.59999847412109,0.0,0.0
2024-06-20 15:19:04.719000+00:00,58.70000076293945,0.0,0.0
2024-06-20 15:20:05.213000+00:00,58.79999923706055,0.0,0.0
2024-06-20 15:21:04.102000+00:00,58.79999923706055,0.0,0.0
2024-06-20 15:22:04.467000+00:00,58.79999923706055,0.0,0.0
2024-06-20 15:23:05.241000+00:00,58.79999923706055,0.0,0.0
2024-06-20 15:24:04.546000+00:00,58.900001525878906,0.0,0.0
2024-06-20 15:25:05.185000+00:00,58.79999923706055,0.0,0.0
2024-06-20 15:26:04.998000+00:00,58.79999923706055,0.0,0.0
2024-06-20 15:27:04.425000+00:00,58.79999923706055,0.0,0.0
2024-06-20 15:28:05.245000+00:00,58.70000076293945,0.0,0.0
2024-06-20 15:29:04.668000+00:00,57.72999954223633,0.0,0.0
2024-06-20 15:30:05.102000+00:00,56.5099983215332,0.0,0.0
2024-06-20 15:31:04.904000+00:00,56.79999923706055,0.0,0.0
2024-06-20 15:32:04.330000+00:00,57.400001525878906,0.0,0.0
2024-06-20 15:33:04.402000+00:00,58.02000045776367,0.0,0.0
2024-06-20 15:34:04.622000+00:00,58.59999847412109,0.0,0.0
2024-06-20 15:35:04.603000+00:00,58.810001373291016,0.0,0.0
2024-06-20 15:36:04.876000+00:00,59.0,0.0,0.0
2024-06-20 15:37:04.488000+00:00,59.09999847412109,0.0,0.0
2024-06-20 15:38:04.486000+00:00,59.0099983215332,0.0,0.0
2024-06-20 15:39:05.530000+00:00,59.0,0.0,0.0
2024-06-20 15:40:04.465000+00:00,58.90999984741211,0.0,0.0
2024-06-20 15:41:04.349000+00:00,56.04999923706055,0.0,0.0
2024-06-20 15:42:04.888000+00:00,50.52000045776367,0.0,0.0
2024-06-20 15:43:04.812000+00:00,49.400001525878906,0.0,0.0
2024-06-20 15:44:04.786000+00:00,49.20000076293945,0.0,0.0
2024-06-20 15:45:04.540000+00:00,50.400001525878906,0.0,0.0
2024-06-20 15:46:04.179000+00:00,50.70000076293945,0.0,0.0
2024-06-20 15:47:04.500000+00:00,55.0,0.0,0.0
2024-06-20 15:48:04.293000+00:00,59.59999847412109,0.0,0.0
2024-06-20 15:49:04.776000+00:00,61.09999847412109,0.0,0.0
2024-06-20 15:50:05.026000+00:00,61.400001525878906,0.0,0.0
2024-06-20 15:51:04.202000+00:00,61.29999923706055,0.0,0.0
2024-06-20 15:52:04.902000+00:00,61.09999847412109,0.0,0.0
2024-06-20 15:53:04.621000+00:00,60.83000183105469,0.0,0.0
2024-06-20 15:54:04.970000+00:00,60.59999847412109,0.0,0.0
2024-06-20 15:55:04.922000+00:00,60.400001525878906,0.0,0.0
2024-06-20 15:56:05.341000+00:00,60.20000076293945,0.0,0.0
2024-06-20 15:57:04.534000+00:00,59.970001220703125,0.0,0.0
2024-06-20 15:58:04.734000+00:00,59.79999923706055,0.0,0.0
2024-06-20 15:59:04.923000+00:00,59.5,0.0,0.0
2024-06-20 16:00:07.232000+00:00,59.29999923706055,0.0,0.0
2024-06-20 16:01:05.583000+00:00,59.20000076293945,0.0,0.0
2024-06-20 16:02:04.640000+00:00,58.900001525878906,0.0,0.0
2024-06-20 16:03:04.665000+00:00,58.79999923706055,0.0,0.0
2024-06-20 16:04:04.910000+00:00,58.59999847412109,0.0,0.0
2024-06-20 16:05:04.670000+00:00,58.400001525878906,0.0,0.0
2024-06-20 16:06:05.909000+00:00,58.29999923706055,0.0,0.0
2024-06-20 16:07:04.539000+00:00,58.18000030517578,0.0,0.0
2024-06-20 16:08:04.350000+00:00,58.0,0.0,0.0
2024-06-20 16:09:04.129000+00:00,57.79999923706055,0.0,0.0
2024-06-20 16:10:05.093000+00:00,57.70000076293945,0.0,0.0
2024-06-20 16:11:04.768000+00:00,57.5,0.0,0.0
2024-06-20 16:12:05.267000+00:00,57.400001525878906,0.0,0.0
2024-06-20 16:13:04.855000+00:00,57.20000076293945,0.0,0.0
2024-06-20 16:14:05.461000+00:00,57.09999847412109,0.0,0.0
2024-06-20 16:15:04.995000+00:00,57.09999847412109,0.0,0.0
2024-06-20 16:16:03.973000+00:00,57.16999816894531,0.0,0.0
2024-06-20 16:17:04.210000+00:00,57.290000915527344,0.0,0.0
2024-06-20 16:18:05.111000+00:00,57.5,0.0,0.0
2024-06-20 16:19:04.839000+00:00,57.70000076293945,0.0,0.0
2024-06-20 16:20:04.670000+00:00,58.0,0.0,0.0
2024-06-20 16:21:04.691000+00:00,58.20000076293945,0.0,0.0
2024-06-20 16:22:04.231000+00:00,58.5,0.0,0.0
2024-06-20 16:23:04.925000+00:00,58.70000076293945,0.0,0.0
2024-06-20 16:24:05.264000+00:00,58.79999923706055,0.0,0.0
2024-06-20 16:25:04.736000+00:00,58.900001525878906,0.0,0.0
2024-06-20 16:26:05.278000+00:00,58.9900016784668,0.0,0.0
2024-06-20 16:27:04.551000+00:00,59.0,0.0,0.0
2024-06-20 16:28:05.297000+00:00,58.900001525878906,0.0,0.0
2024-06-20 16:29:04.708000+00:00,58.900001525878906,0.0,0.0
2024-06-20 16:30:05.127000+00:00,58.79999923706055,0.0,0.0
2024-06-20 16:31:04.966000+00:00,58.70000076293945,0.0,0.0
2024-06-20 16:32:04.602000+00:00,58.61000061035156,0.0,0.0
2024-06-20 16:33:04.624000+00:00,58.59999847412109,0.0,0.0
2024-06-20 16:34:04.078000+00:00,58.5,0.0,0.0
2024-06-20 16:35:05.248000+00:00,58.400001525878906,0.0,0.0
2024-06-20 16:36:05.109000+00:00,58.31999969482422,0.0,0.0
2024-06-20 16:37:03.954000+00:00,58.27999877929688,0.0,0.0
2024-06-20 16:38:04.291000+00:00,58.20000076293945,0.0,0.0
2024-06-20 16:39:05.464000+00:00,58.20000076293945,0.0,0.0
2024-06-20 16:40:04.928000+00:00,58.20000076293945,0.0,0.0
2024-06-20 16:41:04.831000+00:00,58.18000030517578,0.0,0.0
2024-06-20 16:42:04.817000+00:00,58.09999847412109,0.0,0.0
2024-06-20 16:43:04.309000+00:00,58.09999847412109,0.0,0.0
2024-06-20 16:44:04.941000+00:00,58.09999847412109,0.0,0.0
2024-06-20 16:45:05.179000+00:00,58.09999847412109,0.0,0.0
2024-06-20 16:46:04.455000+00:00,58.20000076293945,0.0,0.0
2024-06-20 16:47:04.747000+00:00,58.20000076293945,0.0,0.0
2024-06-20 16:48:04.725000+00:00,58.20000076293945,0.0,0.0
2024-06-20 16:49:04.707000+00:00,58.29999923706055,0.0,0.0
2024-06-20 16:50:04.728000+00:00,58.29999923706055,0.0,0.0
2024-06-20 16:51:04.991000+00:00,58.20000076293945,0.0,0.0
2024-06-20 16:52:05.250000+00:00,58.20000076293945,0.0,0.0
2024-06-20 16:53:05.056000+00:00,58.20000076293945,0.0,0.0
2024-06-20 16:54:05.040000+00:00,58.29999923706055,0.0,0.0
2024-06-20 16:55:04.479000+00:00,58.29999923706055,0.0,0.0
2024-06-20 16:56:05.089000+00:00,58.400001525878906,0.0,0.0
2024-06-20 16:57:04.946000+00:00,58.400001525878906,0.0,0.0
2024-06-20 16:58:04.685000+00:00,58.400001525878906,0.0,0.0
2024-06-20 16:59:04.650000+00:00,58.47999954223633,0.0,0.0
2024-06-20 17:00:06.504000+00:00,58.5,0.0,0.0
2024-06-20 17:01:05.346000+00:00,58.5,0.0,0.0
2024-06-20 17:02:04.852000+00:00,58.5,0.0,0.0
2024-06-20 17:03:04.655000+00:00,58.470001220703125,0.0,0.0
2024-06-20 17:04:04.723000+00:00,58.400001525878906,0.0,0.0
2024-06-20 17:05:04.412000+00:00,58.400001525878906,0.0,0.0
2024-06-20 17:06:05.785000+00:00,58.33000183105469,0.0,0.0
2024-06-20 17:07:04.627000+00:00,58.29999923706055,0.0,0.0
2024-06-20 17:08:04.779000+00:00,58.27999877929688,0.0,0.0
2024-06-20 17:09:04.840000+00:00,58.20000076293945,0.0,0.0
2024-06-20 17:10:05.056000+00:00,58.29999923706055,0.0,0.0
2024-06-20 17:11:04.080000+00:00,58.29999923706055,0.0,0.0
2024-06-20 17:12:05.139000+00:00,58.29999923706055,0.0,0.0
2024-06-20 17:13:04.985000+00:00,58.29999923706055,0.0,0.0
2024-06-20 17:14:04.958000+00:00,58.29999923706055,0.0,0.0
2024-06-20 17:15:04.295000+00:00,58.29999923706055,0.0,0.0
2024-06-20 17:16:04.541000+00:00,58.29999923706055,0.0,0.0
2024-06-20 17:17:04.735000+00:00,58.29999923706055,0.0,0.0
2024-06-20 17:18:05.135000+00:00,58.29999923706055,0.0,0.0
2024-06-20 17:19:04.241000+00:00,58.20000076293945,0.0,0.0
2024-06-20 17:20:04.842000+00:00,58.150001525878906,0.0,0.0
2024-06-20 17:21:04.848000+00:00,58.09999847412109,0.0,0.0
2024-06-20 17:22:04.556000+00:00,58.0,0.0,0.0
2024-06-20 17:23:04.808000+00:00,57.900001525878906,0.0,0.0
2024-06-20 17:24:05.126000+00:00,57.900001525878906,0.0,0.0
2024-06-20 17:25:04.574000+00:00,57.70000076293945,0.0,0.0
2024-06-20 17:26:05.246000+00:00,57.70000076293945,0.0,0.0
2024-06-20 17:27:04.478000+00:00,57.79999923706055,0.0,0.0
2024-06-20 17:28:05.160000+00:00,57.900001525878906,0.0,0.0
2024-06-20 17:29:04.945000+00:00,58.18999862670898,0.0,0.0
2024-06-20 17:30:05.671000+00:00,58.29999923706055,0.0,0.0
2024-06-20 17:31:04.813000+00:00,58.400001525878906,0.0,0.0
2024-06-20 17:32:05.058000+00:00,58.5,0.0,0.0
2024-06-20 17:33:04.750000+00:00,58.5099983215332,0.0,0.0
2024-06-20 17:34:04.451000+00:00,58.59999847412109,0.0,0.0
2024-06-20 17:35:04.678000+00:00,58.70000076293945,0.0,0.0
2024-06-20 17:36:04.994000+00:00,58.68000030517578,0.0,0.0
2024-06-20 17:37:04.259000+00:00,58.59999847412109,0.0,0.0
2024-06-20 17:38:04.540000+00:00,58.59999847412109,0.0,0.0
2024-06-20 17:39:05.198000+00:00,58.59999847412109,0.0,0.0
2024-06-20 17:40:05.039000+00:00,58.59999847412109,0.0,0.0
2024-06-20 17:41:04.468000+00:00,58.59999847412109,0.0,0.0
2024-06-20 17:42:05.250000+00:00,58.619998931884766,0.0,0.0
2024-06-20 17:43:04.304000+00:00,58.59999847412109,0.0,0.0
2024-06-20 17:44:04.896000+00:00,58.59999847412109,0.0,0.0
2024-06-20 17:45:05.158000+00:00,58.59999847412109,0.0,0.0
2024-06-20 17:46:04.028000+00:00,58.5,0.0,0.0
2024-06-20 17:47:04.695000+00:00,58.5,0.0,0.0
2024-06-20 17:48:04.975000+00:00,58.400001525878906,0.0,0.0
2024-06-20 17:49:04.628000+00:00,58.29999923706055,0.0,0.0
2024-06-20 17:50:05.028000+00:00,58.20000076293945,0.0,0.0
2024-06-20 17:51:04.293000+00:00,58.20000076293945,0.0,0.0
2024-06-20 17:52:05.438000+00:00,58.20000076293945,0.0,0.0
2024-06-20 17:53:04.183000+00:00,58.20000076293945,0.0,0.0
2024-06-20 17:54:05.005000+00:00,58.20000076293945,0.0,0.0
2024-06-20 17:55:04.900000+00:00,54.43999862670898,0.0,0.0
2024-06-20 17:56:04.801000+00:00,51.13999938964844,0.0,0.0
2024-06-20 17:57:04.825000+00:00,55.0,0.0,0.0
2024-06-20 17:58:04.339000+00:00,57.900001525878906,0.0,0.0
2024-06-20 17:59:04.604000+00:00,59.20000076293945,0.0,0.0
2024-06-20 18:00:07.343000+00:00,59.7400016784668,0.0,0.0
2024-06-20 18:01:05.344000+00:00,59.79999923706055,0.0,0.0
2024-06-20 18:02:04.746000+00:00,59.79999923706055,0.0,0.0
2024-06-20 18:03:04.559000+00:00,59.59999847412109,0.0,0.0
2024-06-20 18:04:04.828000+00:00,59.5,0.0,0.0
2024-06-20 18:05:04.988000+00:00,59.220001220703125,0.0,0.0
2024-06-20 18:06:05.750000+00:00,59.0,0.0,0.0
2024-06-20 18:07:04.725000+00:00,58.88999938964844,0.0,0.0
2024-06-20 18:08:04.705000+00:00,53.59000015258789,0.0,0.0
2024-06-20 18:09:04.586000+00:00,47.31999969482422,0.0,0.0
2024-06-20 18:10:04.882000+00:00,46.709999084472656,0.0,0.0
2024-06-20 18:11:04.724000+00:00,48.79999923706055,0.0,0.0
2024-06-20 18:12:04.816000+00:00,49.59999847412109,0.0,0.0
2024-06-20 18:13:04.347000+00:00,49.79999923706055,0.0,0.0
2024-06-20 18:14:04.978000+00:00,50.29999923706055,0.0,0.0
2024-06-20 18:15:05.187000+00:00,55.56999969482422,0.0,0.0
2024-06-20 18:16:04.419000+00:00,60.29999923706055,0.0,0.0
2024-06-20 18:17:05.233000+00:00,61.70000076293945,0.0,0.0
2024-06-20 18:18:04.764000+00:00,61.79999923706055,0.0,0.0
2024-06-20 18:19:04.478000+00:00,61.68999862670898,0.0,0.0
2024-06-20 18:20:05.008000+00:00,61.29999923706055,0.0,0.0
2024-06-20 18:21:03.944000+00:00,61.09999847412109,0.0,0.0
2024-06-20 18:22:04.233000+00:00,60.79999923706055,0.0,0.0
2024-06-20 18:23:04.488000+00:00,60.5,0.0,0.0
2024-06-20 18:24:04.614000+00:00,60.29999923706055,0.0,0.0
2024-06-20 18:25:04.737000+00:00,60.09999847412109,0.0,0.0
2024-06-20 18:26:05.033000+00:00,59.79999923706055,0.0,0.0
2024-06-20 18:27:04.442000+00:00,59.59999847412109,0.0,0.0
2024-06-20 18:28:05.255000+00:00,59.400001525878906,0.0,0.0
2024-06-20 18:29:04.433000+00:00,59.20000076293945,0.0,0.0
2024-06-20 18:30:05.154000+00:00,59.0,0.0,0.0
2024-06-20 18:31:04.376000+00:00,58.79999923706055,0.0,0.0
2024-06-20 18:32:04.732000+00:00,58.59999847412109,0.0,0.0
2024-06-20 18:33:04.949000+00:00,58.36000061035156,0.0,0.0
2024-06-20 18:34:04.413000+00:00,58.20000076293945,0.0,0.0
2024-06-20 18:35:04.688000+00:00,58.0,0.0,0.0
2024-06-20 18:36:04.775000+00:00,57.79999923706055,0.0,0.0
2024-06-20 18:37:05.169000+00:00,57.59999847412109,0.0,0.0
2024-06-20 18:38:04.658000+00:00,57.400001525878906,0.0,0.0
2024-06-20 18:39:05.421000+00:00,57.20000076293945,0.0,0.0
2024-06-20 18:40:05.404000+00:00,57.0,0.0,0.0
2024-06-20 18:41:04.649000+00:00,56.81999969482422,0.0,0.0
2024-06-20 18:42:04.950000+00:00,56.70000076293945,0.0,0.0
2024-06-20 18:43:04.779000+00:00,56.70000076293945,0.0,0.0
2024-06-20 18:44:04.323000+00:00,56.79999923706055,0.0,0.0
2024-06-20 18:45:04.444000+00:00,57.0,0.0,0.0
2024-06-20 18:46:04.599000+00:00,57.29999923706055,0.0,0.0
2024-06-20 18:47:04.949000+00:00,57.70000076293945,0.0,0.0
2024-06-20 18:48:04.803000+00:00,58.09999847412109,0.0,0.0
2024-06-20 18:49:05.032000+00:00,58.29999923706055,0.0,0.0
2024-06-20 18:50:04.815000+00:00,58.59999847412109,0.0,0.0
2024-06-20 18:51:05.050000+00:00,58.79999923706055,0.0,0.0
2024-06-20 18:52:04.856000+00:00,58.79999923706055,0.0,0.0
2024-06-20 18:53:04.405000+00:00,58.900001525878906,0.0,0.0
2024-06-20 18:54:04.511000+00:00,58.900001525878906,0.0,0.0
2024-06-20 18:55:04.580000+00:00,58.79999923706055,0.0,0.0
2024-06-20 18:56:04.679000+00:00,58.79999923706055,0.0,0.0
2024-06-20 18:57:04.587000+00:00,58.70000076293945,0.0,0.0
2024-06-20 18:58:04.373000+00:00,58.59999847412109,0.0,0.0
2024-06-20 18:59:04.609000+00:00,58.400001525878906,0.0,0.0
2024-06-20 19:00:07.209000+00:00,58.29999923706055,0.0,0.0
2024-06-20 19:01:05.087000+00:00,58.20000076293945,0.0,0.0
2024-06-20 19:02:04.984000+00:00,58.20000076293945,0.0,0.0
2024-06-20 19:03:04.767000+00:00,58.09999847412109,0.0,0.0
2024-06-20 19:04:04.607000+00:00,58.0,0.0,0.0
2024-06-20 19:05:04.885000+00:00,57.900001525878906,0.0,0.0
2024-06-20 19:06:05.070000+00:00,57.900001525878906,0.0,0.0
2024-06-20 19:07:04.570000+00:00,57.900001525878906,0.0,0.0
2024-06-20 19:08:04.512000+00:00,58.0,0.0,0.0
2024-06-20 19:09:04.903000+00:00,58.09999847412109,0.0,0.0
2024-06-20 19:10:04.613000+00:00,58.11000061035156,0.0,0.0
2024-06-20 19:11:04.617000+00:00,58.2599983215332,0.0,0.0
2024-06-20 19:12:05.401000+00:00,58.380001068115234,0.0,0.0
2024-06-20 19:13:05.407000+00:00,58.310001373291016,0.0,0.0
2024-06-20 19:14:04.744000+00:00,58.400001525878906,0.0,0.0
2024-06-20 19:15:05.348000+00:00,58.43000030517578,0.0,0.0
2024-06-20 19:16:04.564000+00:00,58.400001525878906,0.0,0.0
2024-06-20 19:17:04.762000+00:00,58.400001525878906,0.0,0.0
2024-06-20 19:18:05.132000+00:00,58.400001525878906,0.0,0.0
2024-06-20 19:19:04.533000+00:00,58.459999084472656,0.0,0.0
2024-06-20 19:20:05.074000+00:00,58.5,0.0,0.0
2024-06-20 19:21:04.667000+00:00,58.400001525878906,0.0,0.0
2024-06-20 19:22:04.321000+00:00,58.400001525878906,0.0,0.0
2024-06-20 19:23:04.828000+00:00,58.400001525878906,0.0,0.0
2024-06-20 19:24:04.419000+00:00,58.400001525878906,0.0,0.0
2024-06-20 19:25:04.679000+00:00,58.29999923706055,0.0,0.0
2024-06-20 19:26:05.437000+00:00,58.29999923706055,0.0,0.0
2024-06-20 19:27:04.374000+00:00,58.29999923706055,0.0,0.0
2024-06-20 19:28:04.817000+00:00,58.20000076293945,0.0,0.0
2024-06-20 19:29:04.850000+00:00,57.58000183105469,0.0,0.0
2024-06-20 19:30:05.087000+00:00,57.59999847412109,0.0,0.0
2024-06-20 19:31:04.424000+00:00,57.70000076293945,0.0,0.0
2024-06-20 19:32:04.845000+00:00,57.79999923706055,0.0,0.0
2024-06-20 19:33:04.086000+00:00,57.900001525878906,0.0,0.0
2024-06-20 19:34:03.992000+00:00,58.09999847412109,0.0,0.0
2024-06-20 19:35:04.712000+00:00,58.29999923706055,0.0,0.0
2024-06-20 19:36:04.881000+00:00,58.5,0.0,0.0
2024-06-20 19:37:04.655000+00:00,58.59999847412109,0.0,0.0
2024-06-20 19:38:04.909000+00:00,58.70000076293945,0.0,0.0
2024-06-20 19:39:05.036000+00:00,58.79999923706055,0.0,0.0
2024-06-20 19:40:05.106000+00:00,58.79999923706055,0.0,0.0
2024-06-20 19:41:05.082000+00:00,58.79999923706055,0.0,0.0
2024-06-20 19:42:04.956000+00:00,58.79999923706055,0.0,0.0
2024-06-20 19:43:04.527000+00:00,58.70000076293945,0.0,0.0
2024-06-20 19:44:04.483000+00:00,58.59999847412109,0.0,0.0
2024-06-20 19:45:04.833000+00:00,58.5,0.0,0.0
2024-06-20 19:46:04.676000+00:00,58.400001525878906,0.0,0.0
2024-06-20 19:47:04.252000+00:00,58.29999923706055,0.0,0.0
2024-06-20 19:48:04.492000+00:00,58.29999923706055,0.0,0.0
2024-06-20 19:49:04.694000+00:00,58.20000076293945,0.0,0.0
2024-06-20 19:50:05.683000+00:00,58.20000076293945,0.0,0.0
2024-06-20 19:51:04.239000+00:00,58.09999847412109,0.0,0.0
2024-06-20 19:52:04.574000+00:00,58.09999847412109,0.0,0.0
2024-06-20 19:53:04.158000+00:00,58.0,0.0,0.0
2024-06-20 19:54:05.091000+00:00,58.0,0.0,0.0
2024-06-20 19:55:05.180000+00:00,58.0,0.0,0.0
2024-06-20 19:56:04.855000+00:00,58.09999847412109,0.0,0.0
2024-06-20 19:57:04.800000+00:00,58.09999847412109,0.0,0.0
2024-06-20 19:58:04.619000+00:00,58.09999847412109,0.0,0.0
2024-06-20 19:59:04.766000+00:00,58.20000076293945,0.0,0.0
2024-06-20 20:00:06.199000+00:00,58.20000076293945,0.0,0.0
2024-06-20 20:01:04.297000+00:00,58.20000076293945,0.0,0.0
2024-06-20 20:02:04.475000+00:00,58.209999084472656,0.0,0.0
2024-06-20 20:03:04.465000+00:00,58.29999923706055,0.0,0.0
2024-06-20 20:04:04.385000+00:00,58.29999923706055,0.0,0.0
2024-06-20 20:05:04.674000+00:00,58.310001373291016,0.0,0.0
2024-06-20 20:06:05.988000+00:00,58.400001525878906,0.0,0.0
2024-06-20 20:07:04.306000+00:00,58.400001525878906,0.0,0.0
2024-06-20 20:08:04.398000+00:00,58.41999816894531,0.0,0.0
2024-06-20 20:09:04.564000+00:00,58.5,0.0,0.0
2024-06-20 20:10:05.055000+00:00,58.5,0.0,0.0
2024-06-20 20:11:04.296000+00:00,58.5,0.0,0.0
2024-06-20 20:12:04.852000+00:00,58.5,0.0,0.0
2024-06-20 20:13:05.298000+00:00,58.400001525878906,0.0,0.0
2024-06-20 20:14:04.609000+00:00,58.400001525878906,0.0,0.0
2024-06-20 20:15:05.466000+00:00,58.34000015258789,0.0,0.0
2024-06-20 20:16:04.619000+00:00,58.29999923706055,0.0,0.0
2024-06-20 20:17:04.739000+00:00,58.29999923706055,0.0,0.0
2024-06-20 20:18:04.751000+00:00,58.29999923706055,0.0,0.0
2024-06-20 20:19:05.041000+00:00,58.29999923706055,0.0,0.0
2024-06-20 20:20:04.928000+00:00,58.29999923706055,0.0,0.0
2024-06-20 20:21:04.085000+00:00,58.290000915527344,0.0,0.0
2024-06-20 20:22:04.650000+00:00,58.20000076293945,0.0,0.0
2024-06-20 20:23:04.451000+00:00,58.20000076293945,0.0,0.0
2024-06-20 20:24:04.937000+00:00,58.20000076293945,0.0,0.0
2024-06-20 20:25:04.631000+00:00,58.29999923706055,0.0,0.0
2024-06-20 20:26:05.059000+00:00,58.29999923706055,0.0,0.0
2024-06-20 20:27:04.624000+00:00,58.380001068115234,0.0,0.0
2024-06-20 20:28:04.956000+00:00,58.400001525878906,0.0,0.0
2024-06-20 20:29:04.855000+00:00,58.400001525878906,0.0,0.0
2024-06-20 20:30:05.248000+00:00,58.400001525878906,0.0,0.0
2024-06-20 20:31:04.712000+00:00,58.400001525878906,0.0,0.0
2024-06-20 20:32:04.463000+00:00,58.400001525878906,0.0,0.0
2024-06-20 20:33:04.812000+00:00,58.400001525878906,0.0,0.0
2024-06-20 20:34:04.198000+00:00,58.310001373291016,0.0,0.0
2024-06-20 20:35:04.657000+00:00,58.29999923706055,0.0,0.0
2024-06-20 20:36:05.141000+00:00,58.29999923706055,0.0,0.0
2024-06-20 20:37:04.161000+00:00,58.29999923706055,0.0,0.0
2024-06-20 20:38:04.695000+00:00,58.29999923706055,0.0,0.0
2024-06-20 20:39:05.353000+00:00,58.29999923706055,0.0,0.0
2024-06-20 20:40:05.204000+00:00,58.29999923706055,0.0,0.0
2024-06-20 20:41:04.737000+00:00,58.29999923706055,0.0,0.0
2024-06-20 20:42:05.137000+00:00,58.29999923706055,0.0,0.0
2024-06-20 20:43:04.496000+00:00,57.900001525878906,0.0,0.0
2024-06-20 20:44:04.520000+00:00,57.900001525878906,0.0,0.0
2024-06-20 20:45:04.807000+00:00,58.0,0.0,0.0
2024-06-20 20:46:04.790000+00:00,58.06999969482422,0.0,0.0
2024-06-20 20:47:04.674000+00:00,58.09000015258789,0.0,0.0
2024-06-20 20:48:04.941000+00:00,56.93999862670898,0.0,0.0
2024-06-20 20:49:04.567000+00:00,57.79999923706055,0.0,0.0
2024-06-20 20:50:05.434000+00:00,58.59999847412109,0.0,0.0
2024-06-20 20:51:04.478000+00:00,59.0099983215332,0.0,0.0
2024-06-20 20:52:05.572000+00:00,59.20000076293945,0.0,0.0
2024-06-20 20:53:04.841000+00:00,59.20000076293945,0.0,0.0
2024-06-20 20:54:05.222000+00:00,59.11000061035156,0.0,0.0
2024-06-20 20:55:04.753000+00:00,59.09999847412109,0.0,0.0
2024-06-20 20:56:04.410000+00:00,58.90999984741211,0.0,0.0
2024-06-20 20:57:04.959000+00:00,58.79999923706055,0.0,0.0
2024-06-20 20:58:04.894000+00:00,58.77000045776367,0.0,0.0
2024-06-20 20:59:05.336000+00:00,58.59999847412109,0.0,0.0
2024-06-20 21:00:06.570000+00:00,58.5,0.0,0.0
2024-06-20 21:01:05.588000+00:00,58.400001525878906,0.0,0.0
2024-06-20 21:02:04.633000+00:00,58.20000076293945,0.0,0.0
2024-06-20 21:03:04.572000+00:00,58.0,0.0,0.0
2024-06-20 21:04:04.930000+00:00,57.79999923706055,0.0,0.0
2024-06-20 21:05:05.058000+00:00,57.59999847412109,0.0,0.0
2024-06-20 21:06:06.319000+00:00,57.400001525878906,0.0,0.0
2024-06-20 21:07:04.414000+00:00,57.09999847412109,0.0,0.0
2024-06-20 21:08:04.634000+00:00,56.93999862670898,0.0,0.0
2024-06-20 21:09:04.913000+00:00,56.70000076293945,0.0,0.0
2024-06-20 21:10:04.880000+00:00,56.5,0.0,0.0
2024-06-20 21:11:04.684000+00:00,56.29999923706055,0.0,0.0
2024-06-20 21:12:05.513000+00:00,56.09999847412109,0.0,0.0
2024-06-20 21:13:04.736000+00:00,55.900001525878906,0.0,0.0
2024-06-20 21:14:04.619000+00:00,55.70000076293945,0.0,0.0
2024-06-20 21:15:04.736000+00:00,55.5,0.0,0.0
2024-06-20 21:16:04.309000+00:00,55.29999923706055,0.0,0.0
2024-06-20 21:17:05.067000+00:00,55.09999847412109,0.0,0.0
2024-06-20 21:18:05.085000+00:00,54.900001525878906,0.0,0.0
2024-06-20 21:19:04.877000+00:00,54.70000076293945,0.0,0.0
2024-06-20 21:20:05.212000+00:00,54.5,0.0,0.0
2024-06-20 21:21:04.481000+00:00,51.79999923706055,0.0,0.0
2024-06-20 21:22:04.613000+00:00,52.09000015258789,0.0,0.0
2024-06-20 21:23:04.603000+00:00,52.209999084472656,0.0,0.0
2024-06-20 21:24:04.585000+00:00,52.29999923706055,0.0,0.0
2024-06-20 21:25:04.541000+00:00,51.77000045776367,0.0,0.0
2024-06-20 21:26:04.943000+00:00,52.400001525878906,0.0,0.0
2024-06-20 21:27:04.486000+00:00,53.29999923706055,0.0,0.0
2024-06-20 21:28:05.124000+00:00,53.59999847412109,0.0,0.0
2024-06-20 21:29:05.291000+00:00,54.59999847412109,0.0,0.0
2024-06-20 21:30:05.246000+00:00,55.400001525878906,0.0,0.0
2024-06-20 21:31:05.047000+00:00,55.880001068115234,0.0,0.0
2024-06-20 21:32:04.882000+00:00,56.09999847412109,0.0,0.0
2024-06-20 21:33:04.940000+00:00,56.20000076293945,0.0,0.0
2024-06-20 21:34:04.628000+00:00,56.15999984741211,0.0,0.0
2024-06-20 21:35:04.789000+00:00,56.09999847412109,0.0,0.0
2024-06-20 21:36:04.979000+00:00,56.0,0.0,0.0
2024-06-20 21:37:04.743000+00:00,55.900001525878906,0.0,0.0
2024-06-20 21:38:04.850000+00:00,55.79999923706055,0.0,0.0
2024-06-20 21:39:05.020000+00:00,55.59999847412109,0.0,0.0
2024-06-20 21:40:04.953000+00:00,55.5,0.0,0.0
2024-06-20 21:41:04.604000+00:00,55.400001525878906,0.0,0.0
2024-06-20 21:42:05.247000+00:00,55.29999923706055,0.0,0.0
2024-06-20 21:43:04.839000+00:00,55.20000076293945,0.0,0.0
2024-06-20 21:44:04.607000+00:00,55.18999862670898,0.0,0.0
2024-06-20 21:45:04.936000+00:00,55.08000183105469,0.0,0.0
2024-06-20 21:46:03.957000+00:00,55.0,0.0,0.0
2024-06-20 21:47:04.259000+00:00,55.0,0.0,0.0
2024-06-20 21:48:04.430000+00:00,55.0,0.0,0.0
2024-06-20 21:49:04.363000+00:00,55.0,0.0,0.0
2024-06-20 21:50:04.713000+00:00,55.0,0.0,0.0
2024-06-20 21:51:04.956000+00:00,55.20000076293945,0.0,0.0
2024-06-20 21:52:05.279000+00:00,55.29999923706055,0.0,0.0
2024-06-20 21:53:04.519000+00:00,55.400001525878906,0.0,0.0
2024-06-20 21:54:04.856000+00:00,55.5,0.0,0.0
2024-06-20 21:55:04.599000+00:00,55.59000015258789,0.0,0.0
2024-06-20 21:56:05.017000+00:00,55.59999847412109,0.0,0.0
2024-06-20 21:57:04.739000+00:00,55.68999862670898,0.0,0.0
2024-06-20 21:58:04.835000+00:00,55.70000076293945,0.0,0.0
2024-06-20 21:59:04.486000+00:00,55.7400016784668,0.0,0.0
2024-06-20 22:00:07.258000+00:00,55.790000915527344,0.0,0.0
2024-06-20 22:01:05.573000+00:00,55.70000076293945,0.0,0.0
2024-06-20 22:02:04.879000+00:00,55.70000076293945,0.0,0.0
2024-06-20 22:03:04.782000+00:00,55.59999847412109,0.0,0.0
2024-06-20 22:04:04.458000+00:00,55.59999847412109,0.0,0.0
2024-06-20 22:05:04.714000+00:00,55.5,0.0,0.0
2024-06-20 22:06:05.704000+00:00,55.5,0.0,0.0
2024-06-20 22:07:04.205000+00:00,55.400001525878906,0.0,0.0
2024-06-20 22:08:04.670000+00:00,55.400001525878906,0.0,0.0
2024-06-20 22:09:05.292000+00:00,55.29999923706055,0.0,0.0
2024-06-20 22:10:05.152000+00:00,55.29999923706055,0.0,0.0
2024-06-20 22:11:04.949000+00:00,55.29999923706055,0.0,0.0
2024-06-20 22:12:04.828000+00:00,55.29999923706055,0.0,0.0
2024-06-20 22:13:05.503000+00:00,55.22999954223633,0.0,0.0
2024-06-20 22:14:04.785000+00:00,55.20000076293945,0.0,0.0
2024-06-20 22:15:04.948000+00:00,55.20000076293945,0.0,0.0
2024-06-20 22:16:04.332000+00:00,55.20000076293945,0.0,0.0
2024-06-20 22:17:05.438000+00:00,55.20000076293945,0.0,0.0
2024-06-20 22:18:04.601000+00:00,55.20000076293945,0.0,0.0
2024-06-20 22:19:05.351000+00:00,55.20000076293945,0.0,0.0
2024-06-20 22:20:05.031000+00:00,55.20000076293945,0.0,0.0
2024-06-20 22:21:05.133000+00:00,55.29999923706055,0.0,0.0
2024-06-20 22:22:04.540000+00:00,55.29999923706055,0.0,0.0
2024-06-20 22:23:04.745000+00:00,55.29999923706055,0.0,0.0
2024-06-20 22:24:04.397000+00:00,55.29999923706055,0.0,0.0
2024-06-20 22:25:04.870000+00:00,55.400001525878906,0.0,0.0
2024-06-20 22:26:04.880000+00:00,55.400001525878906,0.0,0.0
2024-06-20 22:27:04.847000+00:00,55.400001525878906,0.0,0.0
2024-06-20 22:28:05.372000+00:00,55.400001525878906,0.0,0.0
2024-06-20 22:29:04.308000+00:00,55.5,0.0,0.0
2024-06-20 22:30:04.686000+00:00,55.5,0.0,0.0
2024-06-20 22:31:04.873000+00:00,55.5,0.0,0.0
2024-06-20 22:32:04.617000+00:00,55.400001525878906,0.0,0.0
2024-06-20 22:33:04.514000+00:00,55.400001525878906,0.0,0.0
2024-06-20 22:34:04.169000+00:00,55.400001525878906,0.0,0.0
2024-06-20 22:35:05.088000+00:00,55.34000015258789,0.0,0.0
2024-06-20 22:36:04.636000+00:00,55.0,0.0,0.0
2024-06-20 22:37:05.416000+00:00,55.0,0.0,0.0
2024-06-20 22:38:04.950000+00:00,55.06999969482422,0.0,0.0
2024-06-20 22:39:05.289000+00:00,55.18000030517578,0.0,0.0
2024-06-20 22:40:04.648000+00:00,55.20000076293945,0.0,0.0
2024-06-20 22:41:04.985000+00:00,55.20000076293945,0.0,0.0
2024-06-20 22:42:05.560000+00:00,55.29999923706055,0.0,0.0
2024-06-20 22:43:04.638000+00:00,55.29999923706055,0.0,0.0
2024-06-20 22:44:04.518000+00:00,55.400001525878906,0.0,0.0
2024-06-20 22:45:04.160000+00:00,55.400001525878906,0.0,0.0
2024-06-20 22:46:04.833000+00:00,55.5,0.0,0.0
2024-06-20 22:47:04.589000+00:00,55.5,0.0,0.0
2024-06-20 22:48:04.638000+00:00,55.5,0.0,0.0
2024-06-20 22:49:04.693000+00:00,55.5,0.0,0.0
2024-06-20 22:50:04.544000+00:00,55.400001525878906,0.0,0.0
2024-06-20 22:51:04.566000+00:00,55.5,0.0,0.0
2024-06-20 22:52:05.287000+00:00,55.47999954223633,0.0,0.0
2024-06-20 22:53:04.809000+00:00,55.400001525878906,0.0,0.0
2024-06-20 22:54:05.191000+00:00,55.400001525878906,0.0,0.0
2024-06-20 22:55:04.927000+00:00,55.400001525878906,0.0,0.0
2024-06-20 22:56:04.730000+00:00,55.400001525878906,0.0,0.0
2024-06-20 22:57:04.842000+00:00,55.400001525878906,0.0,0.0
2024-06-20 22:58:04.574000+00:00,55.400001525878906,0.0,0.0
2024-06-20 22:59:04.526000+00:00,55.400001525878906,0.0,0.0
2024-06-20 23:00:07.911000+00:00,55.400001525878906,0.0,0.0
2024-06-21 00:00:07.477000+00:00,55.29999923706055,0.0,0.0
2024-06-21 00:01:05.009000+00:00,55.400001525878906,0.0,0.0
2024-06-21 00:02:04.798000+00:00,55.400001525878906,0.0,0.0
2024-06-21 00:03:05.229000+00:00,55.43000030517578,0.0,0.0
2024-06-21 00:04:04.234000+00:00,55.400001525878906,0.0,0.0
2024-06-21 00:05:04.575000+00:00,55.47999954223633,0.0,0.0
2024-06-21 00:06:05.632000+00:00,55.5,0.0,0.0
2024-06-21 00:07:04.774000+00:00,55.40999984741211,0.0,0.0
2024-06-21 00:08:04.532000+00:00,55.5,0.0,0.0
2024-06-21 00:09:04.791000+00:00,55.5,0.0,0.0
2024-06-21 00:10:04.799000+00:00,55.5,0.0,0.0
2024-06-21 00:11:04.595000+00:00,55.5,0.0,0.0
2024-06-21 00:12:04.635000+00:00,55.5,0.0,0.0
2024-06-21 00:13:04.699000+00:00,55.5,0.0,0.0
2024-06-21 00:14:04.567000+00:00,55.5,0.0,0.0
2024-06-21 00:15:05.182000+00:00,55.400001525878906,0.0,0.0
2024-06-21 00:16:04.122000+00:00,55.400001525878906,0.0,0.0
2024-06-21 00:17:04.387000+00:00,55.400001525878906,0.0,0.0
2024-06-21 00:18:04.531000+00:00,55.29999923706055,0.0,0.0
2024-06-21 00:19:04.686000+00:00,55.29999923706055,0.0,0.0
2024-06-21 00:20:04.532000+00:00,55.290000915527344,0.0,0.0
2024-06-21 00:21:04.465000+00:00,55.20000076293945,0.0,0.0
2024-06-21 00:22:04.564000+00:00,55.20000076293945,0.0,0.0
2024-06-21 00:23:04.697000+00:00,55.20000076293945,0.0,0.0
2024-06-21 00:24:04.359000+00:00,55.20000076293945,0.0,0.0
2024-06-21 00:25:05.021000+00:00,55.20000076293945,0.0,0.0
2024-06-21 00:26:05.053000+00:00,55.20000076293945,0.0,0.0
2024-06-21 00:27:05.004000+00:00,55.20000076293945,0.0,0.0
2024-06-21 00:28:04.908000+00:00,55.20000076293945,0.0,0.0
2024-06-21 00:29:04.776000+00:00,55.20000076293945,0.0,0.0
2024-06-21 00:30:05.115000+00:00,55.20000076293945,0.0,0.0
2024-06-21 00:31:04.800000+00:00,55.29999923706055,0.0,0.0
2024-06-21 00:32:04.926000+00:00,55.29999923706055,0.0,0.0
2024-06-21 00:33:04.148000+00:00,55.34999847412109,0.0,0.0
2024-06-21 00:34:04.526000+00:00,55.400001525878906,0.0,0.0
2024-06-21 00:35:05.185000+00:00,55.400001525878906,0.0,0.0
2024-06-21 00:36:04.602000+00:00,55.400001525878906,0.0,0.0
2024-06-21 00:37:04.378000+00:00,55.400001525878906,0.0,0.0
2024-06-21 00:38:04.694000+00:00,55.400001525878906,0.0,0.0
2024-06-21 00:39:05.108000+00:00,55.400001525878906,0.0,0.0
2024-06-21 00:40:05.285000+00:00,55.400001525878906,0.0,0.0
2024-06-21 00:41:04.466000+00:00,55.400001525878906,0.0,0.0
2024-06-21 00:42:05.321000+00:00,55.400001525878906,0.0,0.0
2024-06-21 00:43:04.459000+00:00,55.400001525878906,0.0,0.0
2024-06-21 00:44:04.703000+00:00,55.400001525878906,0.0,0.0
2024-06-21 00:45:05.056000+00:00,55.400001525878906,0.0,0.0
2024-06-21 00:46:04.436000+00:00,55.400001525878906,0.0,0.0
2024-06-21 00:47:04.590000+00:00,55.400001525878906,0.0,0.0
2024-06-21 00:48:04.722000+00:00,55.400001525878906,0.0,0.0
2024-06-21 00:49:04.565000+00:00,55.400001525878906,0.0,0.0
2024-06-21 00:50:05.085000+00:00,55.400001525878906,0.0,0.0
2024-06-21 00:51:04.902000+00:00,55.400001525878906,0.0,0.0
2024-06-21 00:52:05.432000+00:00,55.400001525878906,0.0,0.0
2024-06-21 00:53:04.511000+00:00,55.400001525878906,0.0,0.0
2024-06-21 00:54:04.800000+00:00,55.400001525878906,0.0,0.0
2024-06-21 00:55:04.610000+00:00,55.400001525878906,0.0,0.0
2024-06-21 00:56:04.773000+00:00,55.29999923706055,0.0,0.0
2024-06-21 00:57:04.975000+00:00,55.29999923706055,0.0,0.0
2024-06-21 00:58:04.984000+00:00,55.29999923706055,0.0,0.0
2024-06-21 00:59:04.878000+00:00,55.20000076293945,0.0,0.0
2024-06-21 01:00:07.300000+00:00,55.20000076293945,0.0,0.0
2024-06-21 01:01:04.684000+00:00,55.20000076293945,0.0,0.0
2024-06-21 01:02:04.837000+00:00,55.11000061035156,0.0,0.0
2024-06-21 01:03:04.992000+00:00,55.09999847412109,0.0,0.0
2024-06-21 01:04:04.397000+00:00,55.09999847412109,0.0,0.0
2024-06-21 01:05:05.569000+00:00,55.09999847412109,0.0,0.0
2024-06-21 01:06:05.886000+00:00,55.09999847412109,0.0,0.0
2024-06-21 01:07:04.458000+00:00,55.20000076293945,0.0,0.0
2024-06-21 01:08:04.654000+00:00,55.27999877929688,0.0,0.0
2024-06-21 01:09:04.649000+00:00,55.29999923706055,0.0,0.0
2024-06-21 01:10:05.333000+00:00,55.29999923706055,0.0,0.0
2024-06-21 01:11:04.220000+00:00,55.400001525878906,0.0,0.0
2024-06-21 01:12:04.816000+00:00,55.400001525878906,0.0,0.0
2024-06-21 01:13:05.446000+00:00,55.400001525878906,0.0,0.0
2024-06-21 01:14:04.575000+00:00,55.400001525878906,0.0,0.0
2024-06-21 01:15:05.111000+00:00,55.400001525878906,0.0,0.0
2024-06-21 01:16:04.898000+00:00,55.400001525878906,0.0,0.0
2024-06-21 01:17:04.644000+00:00,55.400001525878906,0.0,0.0
2024-06-21 01:18:05.144000+00:00,55.400001525878906,0.0,0.0
2024-06-21 01:19:04.319000+00:00,55.400001525878906,0.0,0.0
2024-06-21 01:20:05.072000+00:00,55.400001525878906,0.0,0.0
2024-06-21 01:21:04.196000+00:00,55.400001525878906,0.0,0.0
2024-06-21 01:22:04.384000+00:00,55.400001525878906,0.0,0.0
2024-06-21 01:23:04.812000+00:00,55.400001525878906,0.0,0.0
2024-06-21 01:24:04.619000+00:00,55.400001525878906,0.0,0.0
2024-06-21 01:25:04.678000+00:00,55.400001525878906,0.0,0.0
2024-06-21 01:26:05.493000+00:00,55.400001525878906,0.0,0.0
2024-06-21 01:27:04.511000+00:00,55.400001525878906,0.0,0.0
2024-06-21 01:28:05.155000+00:00,55.400001525878906,0.0,0.0
2024-06-21 01:29:05.047000+00:00,55.400001525878906,0.0,0.0
2024-06-21 01:30:05.142000+00:00,55.29999923706055,0.0,0.0
2024-06-21 01:31:04.664000+00:00,55.25,0.0,0.0
2024-06-21 01:32:04.715000+00:00,55.20000076293945,0.0,0.0
2024-06-21 01:33:04.780000+00:00,55.20000076293945,0.0,0.0
2024-06-21 01:34:03.824000+00:00,55.20000076293945,0.0,0.0
2024-06-21 01:35:04.568000+00:00,55.20000076293945,0.0,0.0
2024-06-21 01:36:04.865000+00:00,55.20000076293945,0.0,0.0
2024-06-21 01:37:03.987000+00:00,55.09999847412109,0.0,0.0
2024-06-21 01:38:04.903000+00:00,55.09999847412109,0.0,0.0
2024-06-21 01:39:05.043000+00:00,55.09999847412109,0.0,0.0
2024-06-21 01:40:04.684000+00:00,55.09999847412109,0.0,0.0
2024-06-21 01:41:04.780000+00:00,55.20000076293945,0.0,0.0
2024-06-21 01:42:05.212000+00:00,55.20000076293945,0.0,0.0
2024-06-21 01:43:04.456000+00:00,55.20000076293945,0.0,0.0
2024-06-21 01:44:04.549000+00:00,55.29999923706055,0.0,0.0
2024-06-21 01:45:04.796000+00:00,55.400001525878906,0.0,0.0
2024-06-21 01:46:05.082000+00:00,55.400001525878906,0.0,0.0
2024-06-21 01:47:04.749000+00:00,55.400001525878906,0.0,0.0
2024-06-21 01:48:04.656000+00:00,55.400001525878906,0.0,0.0
2024-06-21 01:49:04.474000+00:00,55.400001525878906,0.0,0.0
2024-06-21 01:50:04.676000+00:00,55.470001220703125,0.0,0.0
2024-06-21 01:51:05.134000+00:00,55.400001525878906,0.0,0.0
2024-06-21 01:52:04.997000+00:00,55.400001525878906,0.0,0.0
2024-06-21 01:53:04.036000+00:00,55.400001525878906,0.0,0.0
2024-06-21 01:54:04.697000+00:00,55.400001525878906,0.0,0.0
2024-06-21 01:55:04.921000+00:00,55.400001525878906,0.0,0.0
2024-06-21 01:56:04.712000+00:00,55.400001525878906,0.0,0.0
2024-06-21 01:57:04.672000+00:00,55.29999923706055,0.0,0.0
2024-06-21 01:58:04.902000+00:00,55.29999923706055,0.0,0.0
2024-06-21 01:59:04.353000+00:00,55.29999923706055,0.0,0.0
2024-06-21 02:00:06.328000+00:00,55.29999923706055,0.0,0.0
2024-06-21 02:01:05.361000+00:00,55.5,0.0,0.0
2024-06-21 02:02:04.138000+00:00,56.79999923706055,0.0,0.0
2024-06-21 02:03:04.846000+00:00,57.900001525878906,0.0,0.0
2024-06-21 02:04:04.422000+00:00,58.58000183105469,0.0,0.0
2024-06-21 02:05:04.936000+00:00,58.900001525878906,0.0,0.0
2024-06-21 02:06:05.818000+00:00,58.97999954223633,0.0,0.0
2024-06-21 02:07:04.362000+00:00,58.900001525878906,0.0,0.0
2024-06-21 02:08:04.631000+00:00,58.900001525878906,0.0,0.0
2024-06-21 02:09:04.948000+00:00,58.79999923706055,0.0,0.0
2024-06-21 02:10:05.155000+00:00,58.790000915527344,0.0,0.0
2024-06-21 02:11:04.257000+00:00,58.59999847412109,0.0,0.0
2024-06-21 02:12:04.809000+00:00,58.400001525878906,0.0,0.0
2024-06-21 02:13:05.254000+00:00,58.29999923706055,0.0,0.0
2024-06-21 02:14:05.170000+00:00,58.20000076293945,0.0,0.0
2024-06-21 02:15:04.512000+00:00,58.09999847412109,0.0,0.0
2024-06-21 02:16:04.659000+00:00,58.09999847412109,0.0,0.0
2024-06-21 02:17:05.134000+00:00,57.90999984741211,0.0,0.0
2024-06-21 02:18:05.163000+00:00,57.900001525878906,0.0,0.0
2024-06-21 02:19:04.779000+00:00,57.79999923706055,0.0,0.0
2024-06-21 02:20:05.139000+00:00,57.79999923706055,0.0,0.0
2024-06-21 02:21:04.698000+00:00,57.84999847412109,0.0,0.0
2024-06-21 02:22:04.906000+00:00,57.79999923706055,0.0,0.0
2024-06-21 02:23:04.994000+00:00,57.900001525878906,0.0,0.0
2024-06-21 02:24:04.632000+00:00,57.900001525878906,0.0,0.0
2024-06-21 02:25:04.759000+00:00,58.0,0.0,0.0
2024-06-21 02:26:05.674000+00:00,58.09999847412109,0.0,0.0
2024-06-21 02:27:05.003000+00:00,58.09999847412109,0.0,0.0
2024-06-21 02:28:04.637000+00:00,58.20000076293945,0.0,0.0
2024-06-21 02:29:04.807000+00:00,58.20000076293945,0.0,0.0
2024-06-21 02:30:05.008000+00:00,58.29999923706055,0.0,0.0
2024-06-21 02:31:04.378000+00:00,58.29999923706055,0.0,0.0
2024-06-21 02:32:04.960000+00:00,58.400001525878906,0.0,0.0
2024-06-21 02:33:04.151000+00:00,58.400001525878906,0.0,0.0
2024-06-21 02:34:05.164000+00:00,58.400001525878906,0.0,0.0
2024-06-21 02:35:04.659000+00:00,58.400001525878906,0.0,0.0
2024-06-21 02:36:04.319000+00:00,58.400001525878906,0.0,0.0
2024-06-21 02:37:04.485000+00:00,58.29999923706055,0.0,0.0
2024-06-21 02:38:04.985000+00:00,58.400001525878906,0.0,0.0
2024-06-21 02:39:05.329000+00:00,58.29999923706055,0.0,0.0
2024-06-21 02:40:04.355000+00:00,58.29999923706055,0.0,0.0
2024-06-21 02:41:04.504000+00:00,58.20000076293945,0.0,0.0
2024-06-21 02:42:04.703000+00:00,58.20000076293945,0.0,0.0
2024-06-21 02:43:04.806000+00:00,58.20000076293945,0.0,0.0
2024-06-21 02:44:05.118000+00:00,58.18999862670898,0.0,0.0
2024-06-21 02:45:04.835000+00:00,58.09999847412109,0.0,0.0
2024-06-21 02:46:04.711000+00:00,58.09999847412109,0.0,0.0
2024-06-21 02:47:05.181000+00:00,58.09999847412109,0.0,0.0
2024-06-21 02:48:05.176000+00:00,58.09999847412109,0.0,0.0
2024-06-21 02:49:04.423000+00:00,58.09999847412109,0.0,0.0
2024-06-21 02:50:04.963000+00:00,58.09999847412109,0.0,0.0
2024-06-21 02:51:04.618000+00:00,58.09999847412109,0.0,0.0
2024-06-21 02:52:04.869000+00:00,58.09999847412109,0.0,0.0
2024-06-21 02:53:05.029000+00:00,58.09999847412109,0.0,0.0
2024-06-21 02:54:04.748000+00:00,58.09999847412109,0.0,0.0
2024-06-21 02:55:05.101000+00:00,58.20000076293945,0.0,0.0
2024-06-21 02:56:04.497000+00:00,58.09999847412109,0.0,0.0
2024-06-21 02:57:04.646000+00:00,58.20000076293945,0.0,0.0
2024-06-21 02:58:04.925000+00:00,58.20000076293945,0.0,0.0
2024-06-21 02:59:04.719000+00:00,58.20000076293945,0.0,0.0
2024-06-21 03:00:08.875000+00:00,58.20000076293945,0.0,0.0
2024-06-21 03:01:05.333000+00:00,58.20000076293945,0.0,0.0
2024-06-21 03:02:04.870000+00:00,58.20000076293945,0.0,0.0
2024-06-21 03:03:04.198000+00:00,58.20000076293945,0.0,0.0
2024-06-21 03:04:04.240000+00:00,58.20000076293945,0.0,0.0
2024-06-21 03:05:05.240000+00:00,58.20000076293945,0.0,0.0
2024-06-21 03:06:06.326000+00:00,58.20000076293945,0.0,0.0
2024-06-21 03:07:04.935000+00:00,58.29999923706055,0.0,0.0
2024-06-21 03:08:04.482000+00:00,58.400001525878906,0.0,0.0
2024-06-21 03:09:04.978000+00:00,58.59999847412109,0.0,0.0
2024-06-21 03:10:04.933000+00:00,58.59999847412109,0.0,0.0
2024-06-21 03:11:04.368000+00:00,58.70000076293945,0.0,0.0
2024-06-21 03:12:04.563000+00:00,58.70000076293945,0.0,0.0
2024-06-21 03:13:05.085000+00:00,58.70000076293945,0.0,0.0
2024-06-21 03:14:04.669000+00:00,58.59999847412109,0.0,0.0
2024-06-21 03:15:05.603000+00:00,58.59999847412109,0.0,0.0
2024-06-21 03:16:04.972000+00:00,58.5,0.0,0.0
2024-06-21 03:17:05.101000+00:00,58.5,0.0,0.0
2024-06-21 03:18:05.420000+00:00,58.400001525878906,0.0,0.0
2024-06-21 03:19:04.957000+00:00,58.400001525878906,0.0,0.0
2024-06-21 03:20:05.419000+00:00,58.400001525878906,0.0,0.0
2024-06-21 03:21:04.599000+00:00,58.29999923706055,0.0,0.0
2024-06-21 03:22:04.254000+00:00,58.29999923706055,0.0,0.0
2024-06-21 03:23:04.065000+00:00,58.20000076293945,0.0,0.0
2024-06-21 03:24:05.049000+00:00,58.20000076293945,0.0,0.0
2024-06-21 03:25:04.308000+00:00,58.09999847412109,0.0,0.0
2024-06-21 03:26:04.893000+00:00,58.09999847412109,0.0,0.0
2024-06-21 03:27:04.049000+00:00,58.09999847412109,0.0,0.0
2024-06-21 03:28:04.955000+00:00,58.09999847412109,0.0,0.0
2024-06-21 03:29:04.756000+00:00,58.0,0.0,0.0
2024-06-21 03:30:04.877000+00:00,58.0,0.0,0.0
2024-06-21 03:31:04.444000+00:00,57.900001525878906,0.0,0.0
2024-06-21 03:32:04.599000+00:00,57.9900016784668,0.0,0.0
2024-06-21 03:33:04.082000+00:00,58.0,0.0,0.0
2024-06-21 03:34:03.916000+00:00,58.0,0.0,0.0
2024-06-21 03:35:04.780000+00:00,58.0,0.0,0.0
2024-06-21 03:36:04.438000+00:00,58.0,0.0,0.0
2024-06-21 03:37:04.424000+00:00,58.09999847412109,0.0,0.0
2024-06-21 03:38:04.540000+00:00,58.09999847412109,0.0,0.0
2024-06-21 03:39:05.339000+00:00,58.20000076293945,0.0,0.0
2024-06-21 03:40:04.707000+00:00,58.29999923706055,0.0,0.0
2024-06-21 03:41:04.632000+00:00,58.29999923706055,0.0,0.0
2024-06-21 03:42:05.192000+00:00,58.29999923706055,0.0,0.0
2024-06-21 03:43:04.861000+00:00,58.29999923706055,0.0,0.0
2024-06-21 03:44:04.479000+00:00,58.29999923706055,0.0,0.0
2024-06-21 03:45:04.845000+00:00,58.29999923706055,0.0,0.0
2024-06-21 03:46:04.999000+00:00,58.31999969482422,0.0,0.0
2024-06-21 03:47:04.515000+00:00,58.400001525878906,0.0,0.0
2024-06-21 03:48:04.972000+00:00,58.400001525878906,0.0,0.0
2024-06-21 03:49:04.560000+00:00,58.29999923706055,0.0,0.0
2024-06-21 03:50:05.021000+00:00,58.29999923706055,0.0,0.0
2024-06-21 03:51:04.388000+00:00,58.290000915527344,0.0,0.0
2024-06-21 03:52:04.950000+00:00,58.20000076293945,0.0,0.0
2024-06-21 03:53:05.225000+00:00,58.20000076293945,0.0,0.0
2024-06-21 03:54:04.952000+00:00,58.09999847412109,0.0,0.0
2024-06-21 03:55:04.414000+00:00,58.09999847412109,0.0,0.0
2024-06-21 03:56:04.655000+00:00,58.09999847412109,0.0,0.0
2024-06-21 03:57:04.623000+00:00,58.09999847412109,0.0,0.0
2024-06-21 03:58:04.439000+00:00,58.09999847412109,0.0,0.0
2024-06-21 03:59:04.346000+00:00,58.09999847412109,0.0,0.0
2024-06-21 04:00:07.346000+00:00,58.09999847412109,0.0,0.0
2024-06-21 04:01:05.304000+00:00,58.18999862670898,0.0,0.0
2024-06-21 04:02:04.467000+00:00,58.13999938964844,0.0,0.0
2024-06-21 04:03:04.286000+00:00,58.20000076293945,0.0,0.0
2024-06-21 04:04:04.647000+00:00,58.20000076293945,0.0,0.0
2024-06-21 04:05:04.726000+00:00,58.20000076293945,0.0,0.0
2024-06-21 04:06:05.341000+00:00,58.20000076293945,0.0,0.0
2024-06-21 04:07:04.086000+00:00,58.20000076293945,0.0,0.0
2024-06-21 04:08:04.613000+00:00,58.20000076293945,0.0,0.0
2024-06-21 04:09:04.116000+00:00,58.20000076293945,0.0,0.0
2024-06-21 04:10:05.171000+00:00,58.20000076293945,0.0,0.0
2024-06-21 04:11:05.074000+00:00,58.20000076293945,0.0,0.0
2024-06-21 04:12:04.741000+00:00,58.20000076293945,0.0,0.0
2024-06-21 04:13:04.293000+00:00,58.29999923706055,0.0,0.0
2024-06-21 04:14:05.176000+00:00,58.29999923706055,0.0,0.0
2024-06-21 04:15:05.134000+00:00,58.29999923706055,0.0,0.0
2024-06-21 04:16:04.356000+00:00,58.29999923706055,0.0,0.0
2024-06-21 04:17:04.622000+00:00,58.29999923706055,0.0,0.0
2024-06-21 04:18:04.632000+00:00,58.27000045776367,0.0,0.0
2024-06-21 04:19:04.917000+00:00,58.20000076293945,0.0,0.0
2024-06-21 04:20:04.491000+00:00,58.20000076293945,0.0,0.0
2024-06-21 04:21:04.690000+00:00,58.09999847412109,0.0,0.0
2024-06-21 04:22:04.585000+00:00,58.09999847412109,0.0,0.0
2024-06-21 04:23:04.580000+00:00,58.09999847412109,0.0,0.0
2024-06-21 04:24:04.695000+00:00,58.09999847412109,0.0,0.0
2024-06-21 04:25:04.674000+00:00,58.09999847412109,0.0,0.0
2024-06-21 04:26:05.024000+00:00,58.09999847412109,0.0,0.0
2024-06-21 04:27:04.592000+00:00,58.09999847412109,0.0,0.0
2024-06-21 04:28:05.108000+00:00,58.09999847412109,0.0,0.0
2024-06-21 04:29:04.230000+00:00,58.09999847412109,0.0,0.0
2024-06-21 04:30:05.085000+00:00,58.119998931884766,0.0,0.0
2024-06-21 04:31:04.674000+00:00,58.18999862670898,0.0,0.0
2024-06-21 04:32:04.808000+00:00,58.20000076293945,0.0,0.0
2024-06-21 04:33:04.636000+00:00,57.68999862670898,0.0,0.0
2024-06-21 04:34:04.126000+00:00,57.70000076293945,0.0,0.0
2024-06-21 04:35:04.821000+00:00,57.84999847412109,0.0,0.0
2024-06-21 04:36:05.191000+00:00,57.900001525878906,0.0,0.0
2024-06-21 04:37:04.600000+00:00,57.93999862670898,0.0,0.0
2024-06-21 04:38:04.169000+00:00,58.09999847412109,0.0,0.0
2024-06-21 04:39:05.095000+00:00,58.20000076293945,0.0,0.0
2024-06-21 04:40:04.755000+00:00,58.29999923706055,0.0,0.0
2024-06-21 04:41:04.231000+00:00,58.400001525878906,0.0,0.0
2024-06-21 04:42:05.184000+00:00,58.5,0.0,0.0
2024-06-21 04:43:04.288000+00:00,58.59000015258789,0.0,0.0
2024-06-21 04:44:04.637000+00:00,58.59999847412109,0.0,0.0
2024-06-21 04:45:04.812000+00:00,58.56999969482422,0.0,0.0
2024-06-21 04:46:04.625000+00:00,58.40999984741211,0.0,0.0
2024-06-21 04:47:04.845000+00:00,58.400001525878906,0.0,0.0
2024-06-21 04:48:04.741000+00:00,58.400001525878906,0.0,0.0
2024-06-21 04:49:04.092000+00:00,58.380001068115234,0.0,0.0
2024-06-21 04:50:04.929000+00:00,58.29999923706055,0.0,0.0
2024-06-21 04:51:04.190000+00:00,58.29999923706055,0.0,0.0
2024-06-21 04:52:05.450000+00:00,58.20000076293945,0.0,0.0
2024-06-21 04:53:05.076000+00:00,58.20000076293945,0.0,0.0
2024-06-21 04:54:05.040000+00:00,57.900001525878906,0.0,0.0
2024-06-21 04:55:04.873000+00:00,57.70000076293945,0.0,0.0
2024-06-21 04:56:05.138000+00:00,57.59999847412109,0.0,0.0
2024-06-21 04:57:04.541000+00:00,53.61000061035156,0.0,0.0
2024-06-21 04:58:04.578000+00:00,53.43000030517578,0.0,0.0
2024-06-21 04:59:04.640000+00:00,55.7599983215332,0.0,0.0
2024-06-21 05:00:06.699000+00:00,57.560001373291016,0.0,0.0
2024-06-21 05:01:04.715000+00:00,58.400001525878906,0.0,0.0
2024-06-21 05:02:04.045000+00:00,58.79999923706055,0.0,0.0
2024-06-21 05:03:04.411000+00:00,58.310001373291016,0.0,0.0
2024-06-21 05:04:04.799000+00:00,58.0,0.0,0.0
2024-06-21 05:05:04.978000+00:00,58.060001373291016,0.0,0.0
2024-06-21 05:06:05.441000+00:00,58.20000076293945,0.0,0.0
2024-06-21 05:07:04.821000+00:00,58.29999923706055,0.0,0.0
2024-06-21 05:08:04.141000+00:00,58.400001525878906,0.0,0.0
2024-06-21 05:09:04.377000+00:00,58.59999847412109,0.0,0.0
2024-06-21 05:10:05.170000+00:00,58.59999847412109,0.0,0.0
2024-06-21 05:11:04.175000+00:00,58.59999847412109,0.0,0.0
2024-06-21 05:12:04.921000+00:00,58.59999847412109,0.0,0.0
2024-06-21 05:13:05.205000+00:00,58.59999847412109,0.0,0.0
2024-06-21 05:14:04.916000+00:00,58.5,0.0,0.0
2024-06-21 05:15:05.242000+00:00,58.400001525878906,0.0,0.0
2024-06-21 05:16:04.365000+00:00,58.29999923706055,0.0,0.0
2024-06-21 05:17:04.531000+00:00,58.20000076293945,0.0,0.0
2024-06-21 05:18:04.718000+00:00,58.11000061035156,0.0,0.0
2024-06-21 05:19:04.861000+00:00,58.09999847412109,0.0,0.0
2024-06-21 05:20:04.751000+00:00,58.08000183105469,0.0,0.0
2024-06-21 05:21:04.780000+00:00,58.0,0.0,0.0
2024-06-21 05:22:04.648000+00:00,58.0,0.0,0.0
2024-06-21 05:23:04.771000+00:00,57.400001525878906,0.0,0.0
2024-06-21 05:24:04.667000+00:00,57.5,0.0,0.0
2024-06-21 05:25:04.876000+00:00,57.68000030517578,0.0,0.0
2024-06-21 05:26:05.100000+00:00,57.70000076293945,0.0,0.0
2024-06-21 05:27:05.052000+00:00,57.79999923706055,0.0,0.0
2024-06-21 05:28:04.516000+00:00,48.400001525878906,0.0,0.0
2024-06-21 05:29:05.010000+00:00,46.86000061035156,0.0,0.0
2024-06-21 05:30:05.201000+00:00,56.27999877929688,0.0,0.0
2024-06-21 05:31:04.844000+00:00,59.79999923706055,0.0,0.0
2024-06-21 05:32:04.934000+00:00,60.58000183105469,0.0,0.0
2024-06-21 05:33:04.523000+00:00,58.93999862670898,0.0,0.0
2024-06-21 05:34:04.979000+00:00,54.18999862670898,0.0,0.0
2024-06-21 05:35:04.547000+00:00,53.400001525878906,0.0,0.0
2024-06-21 05:36:05.003000+00:00,56.31999969482422,0.0,0.0
2024-06-21 05:37:04.862000+00:00,52.38999938964844,0.0,0.0
2024-06-21 05:38:04.576000+00:00,56.15999984741211,0.0,0.0
2024-06-21 05:39:05.223000+00:00,59.290000915527344,0.0,0.0
2024-06-21 05:40:04.533000+00:00,54.810001373291016,0.0,0.0
2024-06-21 05:41:04.854000+00:00,56.79999923706055,0.0,0.0
2024-06-21 05:42:05.250000+00:00,58.880001068115234,0.0,0.0
2024-06-21 05:43:04.728000+00:00,59.900001525878906,0.0,0.0
2024-06-21 05:44:04.656000+00:00,60.27999877929688,0.0,0.0
2024-06-21 05:45:04.620000+00:00,60.09999847412109,0.0,0.0
2024-06-21 05:46:04.732000+00:00,59.900001525878906,0.0,0.0
2024-06-21 05:47:04.604000+00:00,57.08000183105469,0.0,0.0
2024-06-21 05:48:04.757000+00:00,57.0,0.0,0.0
2024-06-21 05:49:04.852000+00:00,57.5,0.0,0.0
2024-06-21 05:50:04.660000+00:00,57.900001525878906,0.0,0.0
2024-06-21 05:51:04.517000+00:00,58.29999923706055,0.0,0.0
2024-06-21 05:52:05.427000+00:00,58.5,0.0,0.0
2024-06-21 05:53:04.456000+00:00,58.11000061035156,0.0,0.0
2024-06-21 05:54:04.581000+00:00,57.41999816894531,0.0,0.0
2024-06-21 05:55:04.862000+00:00,57.5,0.0,0.0
2024-06-21 05:56:04.712000+00:00,57.70000076293945,0.0,0.0
2024-06-21 05:57:04.835000+00:00,58.09999847412109,0.0,0.0
2024-06-21 05:58:04.099000+00:00,58.400001525878906,0.0,0.0
2024-06-21 05:59:04.323000+00:00,58.79999923706055,0.0,0.0
2024-06-21 06:00:07.654000+00:00,58.79999923706055,0.0,0.0
2024-06-21 06:01:04.680000+00:00,58.880001068115234,0.0,0.0
2024-06-21 06:02:04.504000+00:00,58.900001525878906,0.0,0.0
2024-06-21 06:03:04.908000+00:00,58.88999938964844,0.0,0.0
2024-06-21 06:04:04.165000+00:00,53.619998931884766,0.0,0.0
2024-06-21 06:05:04.588000+00:00,56.77000045776367,0.0,0.0
2024-06-21 06:06:05.521000+00:00,57.88999938964844,0.0,0.0
2024-06-21 06:07:05.133000+00:00,57.040000915527344,0.0,0.0
2024-06-21 06:08:04.482000+00:00,57.810001373291016,0.0,0.0
2024-06-21 06:09:04.797000+00:00,58.5,0.0,0.0
2024-06-21 06:10:04.532000+00:00,58.90999984741211,0.0,0.0
2024-06-21 06:11:04.386000+00:00,59.20000076293945,0.0,0.0
2024-06-21 06:12:04.391000+00:00,59.20000076293945,0.0,0.0
2024-06-21 06:13:05.384000+00:00,59.20000076293945,0.0,0.0
2024-06-21 06:14:04.588000+00:00,59.20000076293945,0.0,0.0
2024-06-21 06:15:04.847000+00:00,59.09999847412109,0.0,0.0
2024-06-21 06:16:04.855000+00:00,58.900001525878906,0.0,0.0
2024-06-21 06:17:05.225000+00:00,57.97999954223633,0.0,0.0
2024-06-21 06:18:05.838000+00:00,57.77000045776367,0.0,0.0
2024-06-21 06:19:05.037000+00:00,57.70000076293945,0.0,0.0
2024-06-21 06:20:04.825000+00:00,57.68000030517578,0.0,0.0
2024-06-21 06:21:04.790000+00:00,57.79999923706055,0.0,0.0
2024-06-21 06:22:05.028000+00:00,58.0,0.0,0.0
2024-06-21 06:23:04.201000+00:00,56.790000915527344,0.0,0.0
2024-06-21 06:24:04.785000+00:00,57.5,0.0,0.0
2024-06-21 06:25:04.697000+00:00,58.290000915527344,0.0,0.0
2024-06-21 06:26:05.170000+00:00,58.79999923706055,0.0,0.0
2024-06-21 06:27:04.508000+00:00,58.900001525878906,0.0,0.0
2024-06-21 06:28:04.969000+00:00,59.0,0.0,0.0
2024-06-21 06:29:05.066000+00:00,59.0,0.0,0.0
2024-06-21 06:30:05.569000+00:00,59.0,0.0,0.0
2024-06-21 06:31:04.903000+00:00,58.900001525878906,0.0,0.0
2024-06-21 06:32:04.798000+00:00,58.900001525878906,0.0,0.0
2024-06-21 06:33:05.424000+00:00,58.790000915527344,0.0,0.0
2024-06-21 06:34:04.593000+00:00,58.59999847412109,0.0,0.0
2024-06-21 06:35:05.198000+00:00,58.5,0.0,0.0
2024-06-21 06:36:05.275000+00:00,58.29999923706055,0.0,0.0
2024-06-21 06:37:04.625000+00:00,58.20000076293945,0.0,0.0
2024-06-21 06:38:05.234000+00:00,58.09999847412109,0.0,0.0
2024-06-21 06:39:05.502000+00:00,57.959999084472656,0.0,0.0
2024-06-21 06:40:05.142000+00:00,57.900001525878906,0.0,0.0
2024-06-21 06:41:04.384000+00:00,57.79999923706055,0.0,0.0
2024-06-21 06:42:05.031000+00:00,57.70000076293945,0.0,0.0
2024-06-21 06:43:04.653000+00:00,57.59999847412109,0.0,0.0
2024-06-21 06:44:04.550000+00:00,57.59999847412109,0.0,0.0
2024-06-21 06:45:04.722000+00:00,57.70000076293945,0.0,0.0
2024-06-21 06:46:04.936000+00:00,57.70000076293945,0.0,0.0
2024-06-21 06:47:04.188000+00:00,57.79999923706055,0.0,0.0
2024-06-21 06:48:04.567000+00:00,57.900001525878906,0.0,0.0
2024-06-21 06:49:05.278000+00:00,58.0,0.0,0.0
2024-06-21 06:50:05.188000+00:00,58.09999847412109,0.0,0.0
2024-06-21 06:51:04.785000+00:00,57.68000030517578,0.0,0.0
2024-06-21 06:52:05.032000+00:00,57.0,0.0,0.0
2024-06-21 06:53:04.203000+00:00,57.29999923706055,0.0,0.0
2024-06-21 06:54:04.858000+00:00,57.47999954223633,0.0,0.0
2024-06-21 06:55:04.442000+00:00,57.79999923706055,0.0,0.0
2024-06-21 06:56:04.779000+00:00,58.09999847412109,0.0,0.0
2024-06-21 06:57:04.738000+00:00,58.400001525878906,0.0,0.0
2024-06-21 06:58:04.798000+00:00,58.400001525878906,0.0,0.0
2024-06-21 06:59:04.940000+00:00,58.5,0.0,0.0
2024-06-21 07:00:07.575000+00:00,58.79999923706055,0.0,0.0
2024-06-21 07:01:05.227000+00:00,58.880001068115234,0.0,0.0
2024-06-21 07:02:04.524000+00:00,58.79999923706055,0.0,0.0
2024-06-21 07:03:04.761000+00:00,58.79999923706055,0.0,0.0
2024-06-21 07:04:04.887000+00:00,58.79999923706055,0.0,0.0
2024-06-21 07:05:04.900000+00:00,58.59999847412109,0.0,0.0
2024-06-21 07:06:05.023000+00:00,58.5,0.0,0.0
2024-06-21 07:07:04.433000+00:00,58.400001525878906,0.0,0.0
2024-06-21 07:08:04.503000+00:00,58.29999923706055,0.0,0.0
2024-06-21 07:09:04.129000+00:00,58.20000076293945,0.0,0.0
2024-06-21 07:10:05.158000+00:00,58.09999847412109,0.0,0.0
2024-06-21 07:11:04.551000+00:00,58.0,0.0,0.0
2024-06-21 07:12:05.019000+00:00,57.97999954223633,0.0,0.0
2024-06-21 07:13:05.512000+00:00,57.900001525878906,0.0,0.0
2024-06-21 07:14:05.281000+00:00,57.88999938964844,0.0,0.0
2024-06-21 07:15:05.458000+00:00,57.79999923706055,0.0,0.0
2024-06-21 07:16:05.351000+00:00,57.79999923706055,0.0,0.0
2024-06-21 07:17:05.104000+00:00,57.900001525878906,0.0,0.0
2024-06-21 07:18:05.159000+00:00,57.900001525878906,0.0,0.0
2024-06-21 07:19:04.088000+00:00,58.0,0.0,0.0
2024-06-21 07:20:04.792000+00:00,58.09999847412109,0.0,0.0
2024-06-21 07:21:04.533000+00:00,58.20000076293945,0.0,0.0
2024-06-21 07:22:04.662000+00:00,58.25,0.0,0.0
2024-06-21 07:23:03.989000+00:00,58.290000915527344,0.0,0.0
2024-06-21 07:24:04.636000+00:00,58.29999923706055,0.0,0.0
2024-06-21 07:25:04.768000+00:00,58.29999923706055,0.0,0.0
2024-06-21 07:26:05.761000+00:00,58.400001525878906,0.0,0.0
2024-06-21 07:27:05.119000+00:00,58.400001525878906,0.0,0.0
2024-06-21 07:28:05.138000+00:00,58.5,0.0,0.0
2024-06-21 07:29:04.903000+00:00,58.5,0.0,0.0
2024-06-21 07:30:04.898000+00:00,58.5,0.0,0.0
2024-06-21 07:31:04.692000+00:00,58.5,0.0,0.0
2024-06-21 07:32:04.735000+00:00,58.59999847412109,0.0,0.0
2024-06-21 07:33:04.799000+00:00,58.59999847412109,0.0,0.0
2024-06-21 07:34:04.503000+00:00,58.5,0.0,0.0
2024-06-21 07:35:05.174000+00:00,58.400001525878906,0.0,0.0
2024-06-21 07:36:04.560000+00:00,58.369998931884766,0.0,0.0
2024-06-21 07:37:04.818000+00:00,58.29999923706055,0.0,0.0
2024-06-21 07:38:04.864000+00:00,58.20000076293945,0.0,0.0
2024-06-21 07:39:05.085000+00:00,58.09999847412109,0.0,0.0
2024-06-21 07:40:04.930000+00:00,58.09999847412109,0.0,0.0
2024-06-21 07:41:05.236000+00:00,58.09999847412109,0.0,0.0
2024-06-21 07:42:05.350000+00:00,58.0,0.0,0.0
2024-06-21 07:43:04.433000+00:00,58.0,0.0,0.0
2024-06-21 07:44:05.155000+00:00,57.900001525878906,0.0,0.0
2024-06-21 07:45:04.937000+00:00,57.900001525878906,0.0,0.0
2024-06-21 07:46:04.908000+00:00,57.900001525878906,0.0,0.0
2024-06-21 07:47:04.588000+00:00,57.9900016784668,0.0,0.0
2024-06-21 07:48:04.664000+00:00,57.91999816894531,0.0,0.0
2024-06-21 07:49:04.679000+00:00,57.70000076293945,0.0,0.0
2024-06-21 07:50:04.525000+00:00,57.79999923706055,0.0,0.0
2024-06-21 07:51:04.746000+00:00,57.79999923706055,0.0,0.0
2024-06-21 07:52:05.214000+00:00,57.900001525878906,0.0,0.0
2024-06-21 07:53:04.676000+00:00,58.0,0.0,0.0
2024-06-21 07:54:05.086000+00:00,58.08000183105469,0.0,0.0
2024-06-21 07:55:05.205000+00:00,58.09999847412109,0.0,0.0
2024-06-21 07:56:04.772000+00:00,58.20000076293945,0.0,0.0
2024-06-21 07:57:05.111000+00:00,58.2400016784668,0.0,0.0
2024-06-21 07:58:04.682000+00:00,58.29999923706055,0.0,0.0
2024-06-21 07:59:05.108000+00:00,58.400001525878906,0.0,0.0
2024-06-21 08:00:08.086000+00:00,58.5,0.0,0.0
2024-06-21 08:01:05.001000+00:00,58.5,0.0,0.0
2024-06-21 08:02:05.682000+00:00,58.5,0.0,0.0
2024-06-21 08:03:04.733000+00:00,58.560001373291016,0.0,0.0
2024-06-21 08:04:04.708000+00:00,58.5,0.0,0.0
2024-06-21 08:05:04.491000+00:00,58.5,0.0,0.0
2024-06-21 08:06:05.220000+00:00,58.400001525878906,0.0,0.0
2024-06-21 08:07:04.310000+00:00,58.400001525878906,0.0,0.0
2024-06-21 08:08:04.840000+00:00,58.38999938964844,0.0,0.0
2024-06-21 08:09:05.151000+00:00,58.29999923706055,0.0,0.0
2024-06-21 08:10:05.119000+00:00,58.29999923706055,0.0,0.0
2024-06-21 08:11:04.087000+00:00,58.20000076293945,0.0,0.0
2024-06-21 08:12:04.869000+00:00,58.20000076293945,0.0,0.0
2024-06-21 08:13:05.200000+00:00,58.18999862670898,0.0,0.0
2024-06-21 08:14:04.986000+00:00,58.09999847412109,0.0,0.0
2024-06-21 08:15:04.965000+00:00,58.09999847412109,0.0,0.0
2024-06-21 08:16:04.248000+00:00,58.02000045776367,0.0,0.0
2024-06-21 08:17:04.669000+00:00,58.0,0.0,0.0
2024-06-21 08:18:04.256000+00:00,58.0,0.0,0.0
2024-06-21 08:19:04.541000+00:00,58.0,0.0,0.0
2024-06-21 08:20:05.061000+00:00,58.0,0.0,0.0
2024-06-21 08:21:04.586000+00:00,58.0,0.0,0.0
2024-06-21 08:22:05.072000+00:00,57.90999984741211,0.0,0.0
2024-06-21 08:23:05.138000+00:00,57.900001525878906,0.0,0.0
2024-06-21 08:24:04.726000+00:00,57.900001525878906,0.0,0.0
2024-06-21 08:25:04.843000+00:00,57.900001525878906,0.0,0.0
2024-06-21 08:26:05.276000+00:00,57.79999923706055,0.0,0.0
2024-06-21 08:27:04.315000+00:00,57.900001525878906,0.0,0.0
2024-06-21 08:28:04.667000+00:00,57.900001525878906,0.0,0.0
2024-06-21 08:29:04.715000+00:00,57.900001525878906,0.0,0.0
2024-06-21 08:30:05.449000+00:00,57.9900016784668,0.0,0.0
2024-06-21 08:31:04.803000+00:00,58.09999847412109,0.0,0.0
2024-06-21 08:32:04.941000+00:00,58.20000076293945,0.0,0.0
2024-06-21 08:33:04.419000+00:00,58.20000076293945,0.0,0.0
2024-06-21 08:34:04.232000+00:00,58.29999923706055,0.0,0.0
2024-06-21 08:35:04.910000+00:00,58.400001525878906,0.0,0.0
2024-06-21 08:36:04.833000+00:00,58.45000076293945,0.0,0.0
2024-06-21 08:37:04.648000+00:00,58.400001525878906,0.0,0.0
2024-06-21 08:38:04.754000+00:00,58.400001525878906,0.0,0.0
2024-06-21 08:39:05.254000+00:00,58.400001525878906,0.0,0.0
2024-06-21 08:40:05.145000+00:00,58.400001525878906,0.0,0.0
2024-06-21 08:41:04.666000+00:00,58.400001525878906,0.0,0.0
2024-06-21 08:42:04.936000+00:00,58.38999938964844,0.0,0.0
2024-06-21 08:43:04.481000+00:00,58.09999847412109,0.0,0.0
2024-06-21 08:44:05.288000+00:00,58.20000076293945,0.0,0.0
2024-06-21 08:45:05.103000+00:00,57.310001373291016,0.0,0.0
2024-06-21 08:46:04.930000+00:00,57.20000076293945,0.0,0.0
2024-06-21 08:47:04.472000+00:00,57.5,0.0,0.0
2024-06-21 08:48:04.776000+00:00,58.0,0.0,0.0
2024-06-21 08:49:05.014000+00:00,58.34000015258789,0.0,0.0
2024-06-21 08:50:05.115000+00:00,58.61000061035156,0.0,0.0
2024-06-21 08:51:05.120000+00:00,58.79999923706055,0.0,0.0
2024-06-21 08:52:04.938000+00:00,58.900001525878906,0.0,0.0
2024-06-21 08:53:04.584000+00:00,58.900001525878906,0.0,0.0
2024-06-21 08:54:04.615000+00:00,58.900001525878906,0.0,0.0
2024-06-21 08:55:05.222000+00:00,58.79999923706055,0.0,0.0
2024-06-21 08:56:04.848000+00:00,58.70000076293945,0.0,0.0
2024-06-21 08:57:05.095000+00:00,58.59999847412109,0.0,0.0
2024-06-21 08:58:04.688000+00:00,58.5,0.0,0.0
2024-06-21 08:59:05.332000+00:00,58.400001525878906,0.0,0.0
2024-06-21 09:00:07.516000+00:00,58.29999923706055,0.0,0.0
2024-06-21 09:01:05.094000+00:00,58.20000076293945,0.0,0.0
2024-06-21 09:02:04.580000+00:00,57.93000030517578,0.0,0.0
2024-06-21 09:03:04.528000+00:00,57.79999923706055,0.0,0.0
2024-06-21 09:04:04.487000+00:00,57.70000076293945,0.0,0.0
2024-06-21 09:05:05.205000+00:00,57.58000183105469,0.0,0.0
2024-06-21 09:06:05.570000+00:00,57.5,0.0,0.0
2024-06-21 09:07:04.491000+00:00,57.5,0.0,0.0
2024-06-21 09:08:04.794000+00:00,57.5,0.0,0.0
2024-06-21 09:09:03.973000+00:00,57.5,0.0,0.0
2024-06-21 09:10:05.472000+00:00,57.70000076293945,0.0,0.0
2024-06-21 09:11:04.350000+00:00,57.79999923706055,0.0,0.0
2024-06-21 09:12:04.629000+00:00,57.810001373291016,0.0,0.0
2024-06-21 09:13:04.504000+00:00,56.27000045776367,0.0,0.0
2024-06-21 09:14:04.884000+00:00,56.77000045776367,0.0,0.0
2024-06-21 09:15:05.037000+00:00,57.70000076293945,0.0,0.0
2024-06-21 09:16:04.570000+00:00,58.5,0.0,0.0
2024-06-21 09:17:05.062000+00:00,58.900001525878906,0.0,0.0
2024-06-21 09:18:05.010000+00:00,59.09999847412109,0.0,0.0
2024-06-21 09:19:04.634000+00:00,59.20000076293945,0.0,0.0
2024-06-21 09:20:04.909000+00:00,59.119998931884766,0.0,0.0
2024-06-21 09:21:04.763000+00:00,59.09000015258789,0.0,0.0
2024-06-21 09:22:04.773000+00:00,59.0,0.0,0.0
2024-06-21 09:23:04.582000+00:00,58.79999923706055,0.0,0.0
2024-06-21 09:24:05.233000+00:00,56.54999923706055,0.0,0.0
2024-06-21 09:25:04.722000+00:00,56.79999923706055,0.0,0.0
2024-06-21 09:26:05.217000+00:00,57.29999923706055,0.0,0.0
2024-06-21 09:27:04.490000+00:00,57.59999847412109,0.0,0.0
2024-06-21 09:28:05.440000+00:00,57.86000061035156,0.0,0.0
2024-06-21 09:29:04.794000+00:00,58.0,0.0,0.0
2024-06-21 09:30:05.049000+00:00,58.29999923706055,0.0,0.0
2024-06-21 09:31:05.042000+00:00,58.400001525878906,0.0,0.0
2024-06-21 09:32:04.693000+00:00,58.5,0.0,0.0
2024-06-21 09:33:05.102000+00:00,58.59999847412109,0.0,0.0
2024-06-21 09:34:04.284000+00:00,58.70000076293945,0.0,0.0
2024-06-21 09:35:04.904000+00:00,58.70000076293945,0.0,0.0
2024-06-21 09:36:04.754000+00:00,58.70000076293945,0.0,0.0
2024-06-21 09:37:04.619000+00:00,58.70000076293945,0.0,0.0
2024-06-21 09:38:04.794000+00:00,58.59999847412109,0.0,0.0
2024-06-21 09:39:05.715000+00:00,58.59999847412109,0.0,0.0
2024-06-21 09:40:05.095000+00:00,58.5,0.0,0.0
2024-06-21 09:41:04.510000+00:00,58.400001525878906,0.0,0.0
2024-06-21 09:42:04.984000+00:00,58.29999923706055,0.0,0.0
2024-06-21 09:43:04.172000+00:00,58.29999923706055,0.0,0.0
2024-06-21 09:44:04.915000+00:00,58.20000076293945,0.0,0.0
2024-06-21 09:45:04.547000+00:00,58.20000076293945,0.0,0.0
2024-06-21 09:46:04.514000+00:00,58.09999847412109,0.0,0.0
2024-06-21 09:47:04.434000+00:00,58.09999847412109,0.0,0.0
2024-06-21 09:48:04.791000+00:00,58.09999847412109,0.0,0.0
2024-06-21 09:49:04.576000+00:00,58.0,0.0,0.0
2024-06-21 09:50:04.816000+00:00,58.09999847412109,0.0,0.0
2024-06-21 09:51:04.773000+00:00,58.09999847412109,0.0,0.0
2024-06-21 09:52:04.970000+00:00,58.09999847412109,0.0,0.0
2024-06-21 09:53:04.369000+00:00,58.09999847412109,0.0,0.0
2024-06-21 09:54:05.131000+00:00,58.13999938964844,0.0,0.0
2024-06-21 09:55:05.051000+00:00,58.09999847412109,0.0,0.0
2024-06-21 09:56:04.797000+00:00,58.20000076293945,0.0,0.0
2024-06-21 09:57:04.200000+00:00,58.20000076293945,0.0,0.0
2024-06-21 09:58:05.197000+00:00,58.20000076293945,0.0,0.0
2024-06-21 09:59:05.069000+00:00,58.27999877929688,0.0,0.0
2024-06-21 10:00:07.757000+00:00,58.400001525878906,0.0,0.0
2024-06-21 10:01:04.974000+00:00,58.400001525878906,0.0,0.0
2024-06-21 10:02:04.920000+00:00,58.5,0.0,0.0
2024-06-21 10:03:04.527000+00:00,58.5,0.0,0.0
2024-06-21 10:04:04.647000+00:00,58.5,0.0,0.0
2024-06-21 10:05:05.101000+00:00,58.5,0.0,0.0
2024-06-21 10:06:05.621000+00:00,58.5,0.0,0.0
2024-06-21 10:07:05.004000+00:00,58.5,0.0,0.0
2024-06-21 10:08:04.726000+00:00,58.5,0.0,0.0
2024-06-21 10:09:04.613000+00:00,58.43000030517578,0.0,0.0
2024-06-21 10:10:04.968000+00:00,58.400001525878906,0.0,0.0
2024-06-21 10:11:04.579000+00:00,58.20000076293945,0.0,0.0
2024-06-21 10:12:04.777000+00:00,58.20000076293945,0.0,0.0
2024-06-21 10:13:05.815000+00:00,58.09999847412109,0.0,0.0
2024-06-21 10:14:05.167000+00:00,58.09999847412109,0.0,0.0
2024-06-21 10:15:05.142000+00:00,58.09999847412109,0.0,0.0
2024-06-21 10:16:04.387000+00:00,58.18999862670898,0.0,0.0
2024-06-21 10:17:04.811000+00:00,58.20000076293945,0.0,0.0
2024-06-21 10:18:04.979000+00:00,58.20000076293945,0.0,0.0
2024-06-21 10:19:04.818000+00:00,57.91999816894531,0.0,0.0
2024-06-21 10:20:04.905000+00:00,57.900001525878906,0.0,0.0
2024-06-21 10:21:04.812000+00:00,58.0,0.0,0.0
2024-06-21 10:22:04.735000+00:00,58.09999847412109,0.0,0.0
2024-06-21 10:23:04.529000+00:00,58.29999923706055,0.0,0.0
2024-06-21 10:24:04.822000+00:00,58.400001525878906,0.0,0.0
2024-06-21 10:25:04.514000+00:00,58.5,0.0,0.0
2024-06-21 10:26:05.391000+00:00,58.59999847412109,0.0,0.0
2024-06-21 10:27:04.532000+00:00,58.70000076293945,0.0,0.0
2024-06-21 10:28:04.947000+00:00,58.77999877929688,0.0,0.0
2024-06-21 10:29:04.839000+00:00,58.70000076293945,0.0,0.0
2024-06-21 10:30:04.562000+00:00,58.70000076293945,0.0,0.0
2024-06-21 10:31:04.778000+00:00,55.70000076293945,0.0,0.0
2024-06-21 10:32:04.883000+00:00,56.369998931884766,0.0,0.0
2024-06-21 10:33:05.032000+00:00,57.06999969482422,0.0,0.0
2024-06-21 10:34:04.938000+00:00,57.59999847412109,0.0,0.0
2024-06-21 10:35:04.851000+00:00,57.900001525878906,0.0,0.0
2024-06-21 10:36:04.317000+00:00,58.16999816894531,0.0,0.0
2024-06-21 10:37:04.443000+00:00,58.400001525878906,0.0,0.0
2024-06-21 10:38:04.951000+00:00,58.5099983215332,0.0,0.0
2024-06-21 10:39:04.521000+00:00,58.70000076293945,0.0,0.0
2024-06-21 10:40:05.108000+00:00,58.79999923706055,0.0,0.0
2024-06-21 10:41:04.876000+00:00,58.900001525878906,0.0,0.0
2024-06-21 10:42:05.315000+00:00,58.88999938964844,0.0,0.0
2024-06-21 10:43:04.335000+00:00,58.79999923706055,0.0,0.0
2024-06-21 10:44:05.016000+00:00,58.79999923706055,0.0,0.0
2024-06-21 10:45:04.652000+00:00,58.79999923706055,0.0,0.0
2024-06-21 10:46:04.187000+00:00,58.70000076293945,0.0,0.0
2024-06-21 10:47:04.336000+00:00,58.59999847412109,0.0,0.0
2024-06-21 10:48:04.565000+00:00,58.400001525878906,0.0,0.0
2024-06-21 10:49:04.635000+00:00,58.29999923706055,0.0,0.0
2024-06-21 10:50:05.151000+00:00,56.709999084472656,0.0,0.0
2024-06-21 10:51:04.536000+00:00,51.40999984741211,0.0,0.0
2024-06-21 10:52:05.343000+00:00,47.91999816894531,0.0,0.0
2024-06-21 10:53:04.909000+00:00,48.5,0.0,0.0
2024-06-21 10:54:04.348000+00:00,49.79999923706055,0.0,0.0
2024-06-21 10:55:04.819000+00:00,51.380001068115234,0.0,0.0
2024-06-21 10:56:04.978000+00:00,52.20000076293945,0.0,0.0
2024-06-21 10:57:04.488000+00:00,52.20000076293945,0.0,0.0
2024-06-21 10:58:04.595000+00:00,55.0,0.0,0.0
2024-06-21 10:59:04.813000+00:00,58.880001068115234,0.0,0.0
2024-06-21 11:00:07.054000+00:00,60.79999923706055,0.0,0.0
2024-06-21 11:01:04.647000+00:00,61.400001525878906,0.0,0.0
2024-06-21 11:02:05.160000+00:00,61.400001525878906,0.0,0.0
2024-06-21 11:03:04.479000+00:00,61.29999923706055,0.0,0.0
2024-06-21 11:04:05.184000+00:00,61.09999847412109,0.0,0.0
2024-06-21 11:05:04.452000+00:00,60.79999923706055,0.0,0.0
2024-06-21 11:06:05.605000+00:00,60.5,0.0,0.0
2024-06-21 11:07:04.900000+00:00,60.20000076293945,0.0,0.0
2024-06-21 11:08:04.349000+00:00,59.900001525878906,0.0,0.0
2024-06-21 11:09:04.738000+00:00,59.59999847412109,0.0,0.0
2024-06-21 11:10:05.064000+00:00,59.29999923706055,0.0,0.0
2024-06-21 11:11:04.543000+00:00,59.0,0.0,0.0
2024-06-21 11:12:04.956000+00:00,58.79999923706055,0.0,0.0
2024-06-21 11:13:05.220000+00:00,58.5,0.0,0.0
2024-06-21 11:14:05.685000+00:00,58.20000076293945,0.0,0.0
2024-06-21 11:15:04.979000+00:00,58.0,0.0,0.0
2024-06-21 11:16:04.735000+00:00,57.70000076293945,0.0,0.0
2024-06-21 11:17:05.117000+00:00,57.5,0.0,0.0
2024-06-21 11:18:04.702000+00:00,57.400001525878906,0.0,0.0
2024-06-21 11:19:04.691000+00:00,57.20000076293945,0.0,0.0
2024-06-21 11:20:05.103000+00:00,57.20000076293945,0.0,0.0
2024-06-21 11:21:04.530000+00:00,57.11000061035156,0.0,0.0
2024-06-21 11:22:04.503000+00:00,57.20000076293945,0.0,0.0
2024-06-21 11:23:04.627000+00:00,57.400001525878906,0.0,0.0
2024-06-21 11:24:04.977000+00:00,57.59999847412109,0.0,0.0
2024-06-21 11:25:05.103000+00:00,57.79999923706055,0.0,0.0
2024-06-21 11:26:05.123000+00:00,58.09000015258789,0.0,0.0
2024-06-21 11:27:05.116000+00:00,58.29999923706055,0.0,0.0
2024-06-21 11:28:04.760000+00:00,58.5,0.0,0.0
2024-06-21 11:29:04.770000+00:00,58.70000076293945,0.0,0.0
2024-06-21 11:30:05.388000+00:00,58.79999923706055,0.0,0.0
2024-06-21 11:31:04.643000+00:00,58.900001525878906,0.0,0.0
2024-06-21 11:32:05.263000+00:00,58.95000076293945,0.0,0.0
2024-06-21 11:33:04.928000+00:00,58.900001525878906,0.0,0.0
2024-06-21 11:34:04.853000+00:00,58.900001525878906,0.0,0.0
2024-06-21 11:35:05.020000+00:00,58.900001525878906,0.0,0.0
2024-06-21 11:36:05.026000+00:00,58.79999923706055,0.0,0.0
2024-06-21 11:37:04.652000+00:00,58.70000076293945,0.0,0.0
2024-06-21 11:38:05.165000+00:00,57.810001373291016,0.0,0.0
2024-06-21 11:39:05.132000+00:00,57.5,0.0,0.0
2024-06-21 11:40:05.009000+00:00,57.5,0.0,0.0
2024-06-21 11:41:05.088000+00:00,57.5099983215332,0.0,0.0
2024-06-21 11:42:05.158000+00:00,57.70000076293945,0.0,0.0
2024-06-21 11:43:04.460000+00:00,57.900001525878906,0.0,0.0
2024-06-21 11:44:04.704000+00:00,58.06999969482422,0.0,0.0
2024-06-21 11:45:05.025000+00:00,58.20000076293945,0.0,0.0
2024-06-21 11:46:04.869000+00:00,58.400001525878906,0.0,0.0
2024-06-21 11:47:04.506000+00:00,58.5,0.0,0.0
2024-06-21 11:48:04.710000+00:00,58.59999847412109,0.0,0.0
2024-06-21 11:49:04.571000+00:00,58.70000076293945,0.0,0.0
2024-06-21 11:50:05.025000+00:00,58.79999923706055,0.0,0.0
2024-06-21 11:51:04.841000+00:00,58.900001525878906,0.0,0.0
2024-06-21 11:52:04.672000+00:00,58.79999923706055,0.0,0.0
2024-06-21 11:53:04.701000+00:00,58.79999923706055,0.0,0.0
2024-06-21 11:54:04.657000+00:00,58.79999923706055,0.0,0.0
2024-06-21 11:55:04.562000+00:00,58.79999923706055,0.0,0.0
2024-06-21 11:56:04.781000+00:00,58.29999923706055,0.0,0.0
2024-06-21 11:57:04.126000+00:00,57.900001525878906,0.0,0.0
2024-06-21 11:58:04.286000+00:00,57.79999923706055,0.0,0.0
2024-06-21 11:59:04.623000+00:00,57.79999923706055,0.0,0.0
2024-06-21 12:00:07.439000+00:00,57.79999923706055,0.0,0.0
2024-06-21 12:01:05.091000+00:00,57.900001525878906,0.0,0.0
2024-06-21 12:02:04.929000+00:00,58.0,0.0,0.0
2024-06-21 12:03:04.242000+00:00,58.09999847412109,0.0,0.0
2024-06-21 12:04:04.889000+00:00,58.20000076293945,0.0,0.0
2024-06-21 12:05:04.499000+00:00,58.29999923706055,0.0,0.0
2024-06-21 12:06:05.584000+00:00,58.400001525878906,0.0,0.0
2024-06-21 12:07:04.547000+00:00,58.59000015258789,0.0,0.0
2024-06-21 12:08:04.143000+00:00,58.59999847412109,0.0,0.0
2024-06-21 12:09:04.343000+00:00,58.70000076293945,0.0,0.0
2024-06-21 12:10:04.920000+00:00,58.79999923706055,0.0,0.0
2024-06-21 12:11:04.592000+00:00,58.79999923706055,0.0,0.0
2024-06-21 12:12:05.149000+00:00,58.79999923706055,0.0,0.0
2024-06-21 12:13:05.057000+00:00,58.400001525878906,0.0,0.0
2024-06-21 12:14:05.084000+00:00,58.29999923706055,0.0,0.0
2024-06-21 12:15:04.950000+00:00,58.20000076293945,0.0,0.0
2024-06-21 12:16:04.526000+00:00,58.29999923706055,0.0,0.0
2024-06-21 12:17:05.022000+00:00,58.29999923706055,0.0,0.0
2024-06-21 12:18:05.317000+00:00,58.29999923706055,0.0,0.0
2024-06-21 12:19:04.728000+00:00,58.29999923706055,0.0,0.0
2024-06-21 12:20:05.536000+00:00,58.29999923706055,0.0,0.0
2024-06-21 12:21:04.805000+00:00,58.29999923706055,0.0,0.0
2024-06-21 12:22:04.403000+00:00,58.400001525878906,0.0,0.0
2024-06-21 12:23:04.663000+00:00,58.400001525878906,0.0,0.0
2024-06-21 12:24:04.737000+00:00,58.5,0.0,0.0
2024-06-21 12:25:04.775000+00:00,58.5,0.0,0.0
2024-06-21 12:26:04.613000+00:00,58.5,0.0,0.0
2024-06-21 12:27:04.825000+00:00,58.59999847412109,0.0,0.0
2024-06-21 12:28:04.778000+00:00,56.79999923706055,0.0,0.0
2024-06-21 12:29:04.446000+00:00,57.20000076293945,0.0,0.0
2024-06-21 12:30:05.339000+00:00,56.290000915527344,0.0,0.0
2024-06-21 12:31:04.516000+00:00,56.970001220703125,0.0,0.0
2024-06-21 12:32:04.812000+00:00,57.869998931884766,0.0,0.0
2024-06-21 12:33:05.844000+00:00,58.5,0.0,0.0
2024-06-21 12:34:04.407000+00:00,59.0,0.0,0.0
2024-06-21 12:35:04.869000+00:00,59.20000076293945,0.0,0.0
2024-06-21 12:36:04.954000+00:00,59.15999984741211,0.0,0.0
2024-06-21 12:37:04.950000+00:00,59.20000076293945,0.0,0.0
2024-06-21 12:38:04.793000+00:00,59.20000076293945,0.0,0.0
2024-06-21 12:39:04.467000+00:00,59.18000030517578,0.0,0.0
2024-06-21 12:40:04.714000+00:00,59.09999847412109,0.0,0.0
2024-06-21 12:41:04.825000+00:00,59.0,0.0,0.0
2024-06-21 12:42:04.965000+00:00,58.900001525878906,0.0,0.0
2024-06-21 12:43:04.304000+00:00,58.790000915527344,0.0,0.0
2024-06-21 12:44:04.276000+00:00,58.59999847412109,0.0,0.0
2024-06-21 12:45:04.666000+00:00,58.400001525878906,0.0,0.0
2024-06-21 12:46:04.393000+00:00,58.400001525878906,0.0,0.0
2024-06-21 12:47:04.129000+00:00,58.29999923706055,0.0,0.0
2024-06-21 12:48:04.748000+00:00,58.20000076293945,0.0,0.0
2024-06-21 12:49:04.787000+00:00,58.11000061035156,0.0,0.0
2024-06-21 12:50:05.020000+00:00,58.09999847412109,0.0,0.0
2024-06-21 12:51:04.697000+00:00,58.09999847412109,0.0,0.0
2024-06-21 12:52:06.116000+00:00,58.0,0.0,0.0
2024-06-21 12:53:04.481000+00:00,58.0,0.0,0.0
2024-06-21 12:54:04.929000+00:00,58.09999847412109,0.0,0.0
2024-06-21 12:55:05.148000+00:00,58.09999847412109,0.0,0.0
2024-06-21 12:56:04.438000+00:00,58.09999847412109,0.0,0.0
2024-06-21 12:57:05.120000+00:00,58.09999847412109,0.0,0.0
2024-06-21 12:58:04.610000+00:00,58.20000076293945,0.0,0.0
2024-06-21 12:59:04.225000+00:00,58.20000076293945,0.0,0.0
2024-06-21 13:00:07.564000+00:00,58.29999923706055,0.0,0.0
2024-06-21 13:01:05.113000+00:00,58.4900016784668,0.0,0.0
2024-06-21 13:02:04.720000+00:00,58.59999847412109,0.0,0.0
2024-06-21 13:03:04.843000+00:00,58.59999847412109,0.0,0.0
2024-06-21 13:04:04.795000+00:00,58.70000076293945,0.0,0.0
2024-06-21 13:05:04.636000+00:00,58.70000076293945,0.0,0.0
2024-06-21 13:06:05.371000+00:00,58.70000076293945,0.0,0.0
2024-06-21 13:07:04.328000+00:00,58.70000076293945,0.0,0.0
2024-06-21 13:08:04.735000+00:00,58.7599983215332,0.0,0.0
2024-06-21 13:09:03.991000+00:00,58.70000076293945,0.0,0.0
2024-06-21 13:10:05.047000+00:00,58.59999847412109,0.0,0.0
2024-06-21 13:11:04.462000+00:00,58.59999847412109,0.0,0.0
2024-06-21 13:12:04.702000+00:00,58.5,0.0,0.0
2024-06-21 13:13:04.996000+00:00,58.400001525878906,0.0,0.0
2024-06-21 13:14:04.887000+00:00,58.400001525878906,0.0,0.0
2024-06-21 13:15:04.637000+00:00,58.29999923706055,0.0,0.0
2024-06-21 13:16:04.728000+00:00,58.29999923706055,0.0,0.0
2024-06-21 13:17:04.771000+00:00,58.20000076293945,0.0,0.0
2024-06-21 13:18:04.435000+00:00,58.20000076293945,0.0,0.0
2024-06-21 13:19:05.120000+00:00,58.11000061035156,0.0,0.0
2024-06-21 13:20:05.222000+00:00,58.09999847412109,0.0,0.0
2024-06-21 13:21:04.137000+00:00,58.09999847412109,0.0,0.0
2024-06-21 13:22:04.658000+00:00,58.09999847412109,0.0,0.0
2024-06-21 13:23:05.280000+00:00,58.20000076293945,0.0,0.0
2024-06-21 13:24:04.834000+00:00,58.20000076293945,0.0,0.0
2024-06-21 13:25:04.827000+00:00,58.20000076293945,0.0,0.0
2024-06-21 13:26:05.036000+00:00,58.20000076293945,0.0,0.0
2024-06-21 13:27:04.317000+00:00,58.20000076293945,0.0,0.0
2024-06-21 13:28:05.167000+00:00,58.20000076293945,0.0,0.0
2024-06-21 13:29:04.715000+00:00,58.20000076293945,0.0,0.0
2024-06-21 13:30:05.183000+00:00,58.20000076293945,0.0,0.0
2024-06-21 13:31:04.106000+00:00,58.29999923706055,0.0,0.0
2024-06-21 13:32:04.508000+00:00,58.400001525878906,0.0,0.0
2024-06-21 13:33:04.873000+00:00,58.5,0.0,0.0
2024-06-21 13:34:04.813000+00:00,58.59999847412109,0.0,0.0
2024-06-21 13:35:04.739000+00:00,58.70000076293945,0.0,0.0
2024-06-21 13:36:05.119000+00:00,58.70000076293945,0.0,0.0
2024-06-21 13:37:04.315000+00:00,58.70000076293945,0.0,0.0
2024-06-21 13:38:04.608000+00:00,55.33000183105469,0.0,0.0
2024-06-21 13:39:05.834000+00:00,55.400001525878906,0.0,0.0
2024-06-21 13:40:04.816000+00:00,56.59999847412109,0.0,0.0
2024-06-21 13:41:04.641000+00:00,54.52999877929688,0.0,0.0
2024-06-21 13:42:05.465000+00:00,54.41999816894531,0.0,0.0
2024-06-21 13:43:04.512000+00:00,56.900001525878906,0.0,0.0
2024-06-21 13:44:04.591000+00:00,56.58000183105469,0.0,0.0
2024-06-21 13:45:04.755000+00:00,58.08000183105469,0.0,0.0
2024-06-21 13:46:04.500000+00:00,59.0,0.0,0.0
2024-06-21 13:47:04.607000+00:00,59.06999969482422,0.0,0.0
2024-06-21 13:48:04.474000+00:00,59.380001068115234,0.0,0.0
2024-06-21 13:49:05.717000+00:00,59.59999847412109,0.0,0.0
2024-06-21 13:50:04.756000+00:00,59.5,0.0,0.0
2024-06-21 13:51:04.419000+00:00,59.29999923706055,0.0,0.0
2024-06-21 13:52:05.168000+00:00,59.20000076293945,0.0,0.0
2024-06-21 13:53:04.586000+00:00,59.20000076293945,0.0,0.0
2024-06-21 13:54:04.746000+00:00,59.09999847412109,0.0,0.0
2024-06-21 13:55:04.516000+00:00,59.0,0.0,0.0
2024-06-21 13:56:05.063000+00:00,58.88999938964844,0.0,0.0
2024-06-21 13:57:04.980000+00:00,58.70000076293945,0.0,0.0
2024-06-21 13:58:04.846000+00:00,58.59999847412109,0.0,0.0
2024-06-21 13:59:04.568000+00:00,58.400001525878906,0.0,0.0
2024-06-21 14:00:06.135000+00:00,58.310001373291016,0.0,0.0
2024-06-21 14:01:04.973000+00:00,58.0,0.0,0.0
2024-06-21 14:02:04.770000+00:00,57.900001525878906,0.0,0.0
2024-06-21 14:03:04.559000+00:00,57.900001525878906,0.0,0.0
2024-06-21 14:04:05.083000+00:00,57.900001525878906,0.0,0.0
2024-06-21 14:05:04.645000+00:00,57.900001525878906,0.0,0.0
2024-06-21 14:06:05.337000+00:00,57.900001525878906,0.0,0.0
2024-06-21 14:07:04.465000+00:00,57.900001525878906,0.0,0.0
2024-06-21 14:08:04.030000+00:00,58.0,0.0,0.0
2024-06-21 14:09:04.921000+00:00,58.09999847412109,0.0,0.0
2024-06-21 14:10:04.578000+00:00,58.20000076293945,0.0,0.0
2024-06-21 14:11:04.752000+00:00,58.29999923706055,0.0,0.0
2024-06-21 14:12:04.665000+00:00,58.400001525878906,0.0,0.0
2024-06-21 14:13:05.111000+00:00,58.400001525878906,0.0,0.0
2024-06-21 14:14:04.995000+00:00,58.5,0.0,0.0
2024-06-21 14:15:04.882000+00:00,58.59999847412109,0.0,0.0
2024-06-21 14:16:04.976000+00:00,58.59999847412109,0.0,0.0
2024-06-21 14:17:04.665000+00:00,58.59999847412109,0.0,0.0
2024-06-21 14:18:04.478000+00:00,58.59999847412109,0.0,0.0
2024-06-21 14:19:05.642000+00:00,58.59999847412109,0.0,0.0
2024-06-21 14:20:05.450000+00:00,58.59999847412109,0.0,0.0
2024-06-21 14:21:04.381000+00:00,58.59999847412109,0.0,0.0
2024-06-21 14:22:04.643000+00:00,58.5,0.0,0.0
2024-06-21 14:23:04.779000+00:00,58.5,0.0,0.0
2024-06-21 14:24:04.956000+00:00,58.400001525878906,0.0,0.0
2024-06-21 14:25:04.624000+00:00,58.400001525878906,0.0,0.0
2024-06-21 14:26:04.735000+00:00,58.29999923706055,0.0,0.0
2024-06-21 14:27:04.221000+00:00,58.290000915527344,0.0,0.0
2024-06-21 14:28:05.074000+00:00,58.20000076293945,0.0,0.0
2024-06-21 14:29:04.510000+00:00,58.20000076293945,0.0,0.0
2024-06-21 14:30:05.478000+00:00,58.20000076293945,0.0,0.0
2024-06-21 14:31:04.816000+00:00,58.20000076293945,0.0,0.0
2024-06-21 14:32:04.889000+00:00,58.150001525878906,0.0,0.0
2024-06-21 14:33:04.984000+00:00,58.09999847412109,0.0,0.0
2024-06-21 14:34:04.580000+00:00,58.09999847412109,0.0,0.0
2024-06-21 14:35:04.935000+00:00,58.20000076293945,0.0,0.0
2024-06-21 14:36:04.714000+00:00,58.20000076293945,0.0,0.0
2024-06-21 14:37:05.087000+00:00,58.09999847412109,0.0,0.0
2024-06-21 14:38:04.326000+00:00,54.36000061035156,0.0,0.0
2024-06-21 14:39:05.202000+00:00,55.59000015258789,0.0,0.0
2024-06-21 14:40:04.651000+00:00,57.0,0.0,0.0
2024-06-21 14:41:04.905000+00:00,58.29999923706055,0.0,0.0
2024-06-21 14:42:04.881000+00:00,59.0,0.0,0.0
2024-06-21 14:43:04.384000+00:00,59.5,0.0,0.0
2024-06-21 14:44:04.388000+00:00,59.59999847412109,0.0,0.0
2024-06-21 14:45:04.701000+00:00,59.70000076293945,0.0,0.0
2024-06-21 14:46:03.961000+00:00,59.70000076293945,0.0,0.0
2024-06-21 14:47:04.051000+00:00,59.59999847412109,0.0,0.0
2024-06-21 14:48:05.169000+00:00,59.5,0.0,0.0
2024-06-21 14:49:04.580000+00:00,58.900001525878906,0.0,0.0
2024-06-21 14:50:04.554000+00:00,55.68000030517578,0.0,0.0
2024-06-21 14:51:04.604000+00:00,45.29999923706055,0.0,0.0
2024-06-21 14:52:05.166000+00:00,53.4900016784668,0.0,0.0
2024-06-21 14:53:04.335000+00:00,57.86000061035156,0.0,0.0
2024-06-21 14:54:05.068000+00:00,55.790000915527344,0.0,0.0
2024-06-21 14:55:04.803000+00:00,50.400001525878906,0.0,0.0
2024-06-21 14:56:04.959000+00:00,50.02000045776367,0.0,0.0
2024-06-21 14:57:04.228000+00:00,50.79999923706055,0.0,0.0
2024-06-21 14:58:04.711000+00:00,51.20000076293945,0.0,0.0
2024-06-21 14:59:04.302000+00:00,51.400001525878906,0.0,0.0
2024-06-21 15:00:05.913000+00:00,51.400001525878906,0.0,0.0
2024-06-21 15:01:05.425000+00:00,51.5,0.0,0.0
2024-06-21 15:02:04.955000+00:00,51.70000076293945,0.0,0.0
2024-06-21 15:03:04.176000+00:00,51.900001525878906,0.0,0.0
2024-06-21 15:04:04.724000+00:00,57.20000076293945,0.0,0.0
2024-06-21 15:05:04.352000+00:00,60.79999923706055,0.0,0.0
2024-06-21 15:06:05.330000+00:00,62.09999847412109,0.0,0.0
2024-06-21 15:07:04.792000+00:00,62.400001525878906,0.0,0.0
2024-06-21 15:08:04.819000+00:00,62.400001525878906,0.0,0.0
2024-06-21 15:09:04.603000+00:00,62.20000076293945,0.0,0.0
2024-06-21 15:10:05.217000+00:00,62.0,0.0,0.0
2024-06-21 15:11:05.133000+00:00,61.79999923706055,0.0,0.0
2024-06-21 15:12:04.843000+00:00,61.5099983215332,0.0,0.0
2024-06-21 15:13:05.356000+00:00,61.310001373291016,0.0,0.0
2024-06-21 15:14:04.724000+00:00,61.09999847412109,0.0,0.0
2024-06-21 15:15:04.328000+00:00,57.900001525878906,0.0,0.0
2024-06-21 15:16:04.417000+00:00,57.290000915527344,0.0,0.0
2024-06-21 15:17:04.161000+00:00,57.70000076293945,0.0,0.0
2024-06-21 15:18:04.528000+00:00,57.79999923706055,0.0,0.0
2024-06-21 15:19:04.759000+00:00,57.79999923706055,0.0,0.0
2024-06-21 15:20:05.056000+00:00,57.70000076293945,0.0,0.0
2024-06-21 15:21:04.691000+00:00,57.5,0.0,0.0
2024-06-21 15:22:04.577000+00:00,57.29999923706055,0.0,0.0
2024-06-21 15:23:04.709000+00:00,57.09999847412109,0.0,0.0
2024-06-21 15:24:04.976000+00:00,57.0,0.0,0.0
2024-06-21 15:25:05.132000+00:00,56.900001525878906,0.0,0.0
2024-06-21 15:26:04.883000+00:00,57.0,0.0,0.0
2024-06-21 15:27:04.253000+00:00,52.59000015258789,0.0,0.0
2024-06-21 15:28:04.416000+00:00,54.290000915527344,0.0,0.0
2024-06-21 15:29:04.297000+00:00,51.70000076293945,0.0,0.0
2024-06-21 15:30:05.162000+00:00,47.79999923706055,0.0,0.0
2024-06-21 15:31:04.607000+00:00,48.77999877929688,0.0,0.0
2024-06-21 15:32:04.863000+00:00,56.84999847412109,0.0,0.0
2024-06-21 15:33:05.368000+00:00,60.20000076293945,0.0,0.0
2024-06-21 15:34:04.205000+00:00,60.900001525878906,0.0,0.0
2024-06-21 15:35:05.641000+00:00,61.09999847412109,0.0,0.0
2024-06-21 15:36:04.953000+00:00,61.0,0.0,0.0
2024-06-21 15:37:04.415000+00:00,60.79999923706055,0.0,0.0
2024-06-21 15:38:04.681000+00:00,60.59999847412109,0.0,0.0
2024-06-21 15:39:04.891000+00:00,60.29999923706055,0.0,0.0
2024-06-21 15:40:05.252000+00:00,60.09999847412109,0.0,0.0
2024-06-21 15:41:04.302000+00:00,59.900001525878906,0.0,0.0
2024-06-21 15:42:04.618000+00:00,59.59999847412109,0.0,0.0
2024-06-21 15:43:04.557000+00:00,59.400001525878906,0.0,0.0
2024-06-21 15:44:04.694000+00:00,59.09999847412109,0.0,0.0
2024-06-21 15:45:04.675000+00:00,58.900001525878906,0.0,0.0
2024-06-21 15:46:04.640000+00:00,58.630001068115234,0.0,0.0
2024-06-21 15:47:04.473000+00:00,58.400001525878906,0.0,0.0
2024-06-21 15:48:05.069000+00:00,58.20000076293945,0.0,0.0
2024-06-21 15:49:04.737000+00:00,58.0,0.0,0.0
2024-06-21 15:50:04.908000+00:00,57.79999923706055,0.0,0.0
2024-06-21 15:51:04.664000+00:00,57.59999847412109,0.0,0.0
2024-06-21 15:52:04.728000+00:00,57.400001525878906,0.0,0.0
2024-06-21 15:53:04.496000+00:00,57.20000076293945,0.0,0.0
2024-06-21 15:54:04.604000+00:00,57.09999847412109,0.0,0.0
2024-06-21 15:55:04.873000+00:00,57.0,0.0,0.0
2024-06-21 15:56:04.632000+00:00,57.09000015258789,0.0,0.0
2024-06-21 15:57:04.707000+00:00,57.20000076293945,0.0,0.0
2024-06-21 15:58:04.221000+00:00,57.400001525878906,0.0,0.0
2024-06-21 15:59:04.913000+00:00,57.70000076293945,0.0,0.0
2024-06-21 16:00:07.513000+00:00,57.900001525878906,0.0,0.0
2024-06-21 16:01:05.309000+00:00,58.09999847412109,0.0,0.0
2024-06-21 16:02:04.455000+00:00,58.29999923706055,0.0,0.0
2024-06-21 16:03:04.819000+00:00,58.400001525878906,0.0,0.0
2024-06-21 16:04:04.424000+00:00,58.5,0.0,0.0
2024-06-21 16:05:04.558000+00:00,58.5,0.0,0.0
2024-06-21 16:06:05.518000+00:00,58.59999847412109,0.0,0.0
2024-06-21 16:07:04.427000+00:00,58.5,0.0,0.0
2024-06-21 16:08:04.870000+00:00,58.5,0.0,0.0
2024-06-21 16:09:04.402000+00:00,58.400001525878906,0.0,0.0
2024-06-21 16:10:04.952000+00:00,58.400001525878906,0.0,0.0
2024-06-21 16:11:03.898000+00:00,58.400001525878906,0.0,0.0
2024-06-21 16:12:04.764000+00:00,58.29999923706055,0.0,0.0
2024-06-21 16:13:05.059000+00:00,58.29999923706055,0.0,0.0
2024-06-21 16:14:04.442000+00:00,58.209999084472656,0.0,0.0
2024-06-21 16:15:04.964000+00:00,58.20000076293945,0.0,0.0
2024-06-21 16:16:04.465000+00:00,58.20000076293945,0.0,0.0
2024-06-21 16:17:05.050000+00:00,58.20000076293945,0.0,0.0
2024-06-21 16:18:04.643000+00:00,58.20000076293945,0.0,0.0
2024-06-21 16:19:04.631000+00:00,58.20000076293945,0.0,0.0
2024-06-21 16:20:05.163000+00:00,58.20000076293945,0.0,0.0
2024-06-21 16:21:04.814000+00:00,58.20000076293945,0.0,0.0
2024-06-21 16:22:04.663000+00:00,58.29999923706055,0.0,0.0
2024-06-21 16:23:04.257000+00:00,58.29999923706055,0.0,0.0
2024-06-21 16:24:04.495000+00:00,58.29999923706055,0.0,0.0
2024-06-21 16:25:04.658000+00:00,58.400001525878906,0.0,0.0
2024-06-21 16:26:05.115000+00:00,58.29999923706055,0.0,0.0
2024-06-21 16:27:04.755000+00:00,58.29999923706055,0.0,0.0
2024-06-21 16:28:04.799000+00:00,58.29999923706055,0.0,0.0
2024-06-21 16:29:04.818000+00:00,58.20000076293945,0.0,0.0
2024-06-21 16:30:04.898000+00:00,58.20000076293945,0.0,0.0
2024-06-21 16:31:05.188000+00:00,58.20000076293945,0.0,0.0
2024-06-21 16:32:05.011000+00:00,58.20000076293945,0.0,0.0
2024-06-21 16:33:03.888000+00:00,58.20000076293945,0.0,0.0
2024-06-21 16:34:04.782000+00:00,58.20000076293945,0.0,0.0
2024-06-21 16:35:05.384000+00:00,58.29999923706055,0.0,0.0
2024-06-21 16:36:04.952000+00:00,58.29999923706055,0.0,0.0
2024-06-21 16:37:04.286000+00:00,58.29999923706055,0.0,0.0
2024-06-21 16:38:04.688000+00:00,58.29999923706055,0.0,0.0
2024-06-21 16:39:05.664000+00:00,58.29999923706055,0.0,0.0
2024-06-21 16:40:05.323000+00:00,58.400001525878906,0.0,0.0
2024-06-21 16:41:04.829000+00:00,58.400001525878906,0.0,0.0
2024-06-21 16:42:04.892000+00:00,58.400001525878906,0.0,0.0
2024-06-21 16:43:04.040000+00:00,58.29999923706055,0.0,0.0
2024-06-21 16:44:04.732000+00:00,58.29999923706055,0.0,0.0
2024-06-21 16:45:04.864000+00:00,58.29999923706055,0.0,0.0
2024-06-21 16:46:04.681000+00:00,58.29999923706055,0.0,0.0
2024-06-21 16:47:03.908000+00:00,58.29999923706055,0.0,0.0
2024-06-21 16:48:04.619000+00:00,58.29999923706055,0.0,0.0
2024-06-21 16:49:04.922000+00:00,58.290000915527344,0.0,0.0
2024-06-21 16:50:04.994000+00:00,58.20000076293945,0.0,0.0
2024-06-21 16:51:04.647000+00:00,58.09999847412109,0.0,0.0
2024-06-21 16:52:05.084000+00:00,58.09999847412109,0.0,0.0
2024-06-21 16:53:04.356000+00:00,58.0,0.0,0.0
2024-06-21 16:54:04.825000+00:00,57.5099983215332,0.0,0.0
2024-06-21 16:55:05.229000+00:00,57.5,0.0,0.0
2024-06-21 16:56:04.809000+00:00,57.70000076293945,0.0,0.0
2024-06-21 16:57:04.410000+00:00,57.79999923706055,0.0,0.0
2024-06-21 16:58:04.340000+00:00,54.58000183105469,0.0,0.0
2024-06-21 16:59:04.621000+00:00,49.810001373291016,0.0,0.0
2024-06-21 17:00:07.255000+00:00,47.900001525878906,0.0,0.0
2024-06-21 17:01:04.755000+00:00,53.77999877929688,0.0,0.0
2024-06-21 17:02:03.680000+00:00,57.790000915527344,0.0,0.0
2024-06-21 17:03:05.325000+00:00,59.70000076293945,0.0,0.0
2024-06-21 17:04:04.592000+00:00,60.29999923706055,0.0,0.0
2024-06-21 17:05:04.560000+00:00,60.5,0.0,0.0
2024-06-21 17:06:05.548000+00:00,60.400001525878906,0.0,0.0
2024-06-21 17:07:04.355000+00:00,60.290000915527344,0.0,0.0
2024-06-21 17:08:05.017000+00:00,60.09999847412109,0.0,0.0
2024-06-21 17:09:04.930000+00:00,59.79999923706055,0.0,0.0
2024-06-21 17:10:04.911000+00:00,59.59999847412109,0.0,0.0
2024-06-21 17:11:04.460000+00:00,59.31999969482422,0.0,0.0
2024-06-21 17:12:05.069000+00:00,59.09999847412109,0.0,0.0
2024-06-21 17:13:05.013000+00:00,58.880001068115234,0.0,0.0
2024-06-21 17:14:04.968000+00:00,58.59999847412109,0.0,0.0
2024-06-21 17:15:04.948000+00:00,58.400001525878906,0.0,0.0
2024-06-21 17:16:04.190000+00:00,58.20000076293945,0.0,0.0
2024-06-21 17:17:04.991000+00:00,58.0,0.0,0.0
2024-06-21 17:18:04.558000+00:00,53.22999954223633,0.0,0.0
2024-06-21 17:19:04.505000+00:00,48.209999084472656,0.0,0.0
2024-06-21 17:20:04.797000+00:00,47.59999847412109,0.0,0.0
2024-06-21 17:21:05.034000+00:00,49.0,0.0,0.0
2024-06-21 17:22:04.939000+00:00,53.900001525878906,0.0,0.0
2024-06-21 17:23:04.774000+00:00,58.29999923706055,0.0,0.0
2024-06-21 17:24:05.267000+00:00,60.09999847412109,0.0,0.0
2024-06-21 17:25:04.931000+00:00,60.59999847412109,0.0,0.0
2024-06-21 17:26:05.511000+00:00,60.720001220703125,0.0,0.0
2024-06-21 17:27:04.665000+00:00,60.70000076293945,0.0,0.0
2024-06-21 17:28:04.852000+00:00,60.59999847412109,0.0,0.0
2024-06-21 17:29:04.253000+00:00,60.36000061035156,0.0,0.0
2024-06-21 17:30:04.820000+00:00,60.09999847412109,0.0,0.0
2024-06-21 17:31:04.890000+00:00,59.810001373291016,0.0,0.0
2024-06-21 17:32:04.950000+00:00,59.5099983215332,0.0,0.0
2024-06-21 17:33:04.783000+00:00,59.29999923706055,0.0,0.0
2024-06-21 17:34:05.049000+00:00,59.0,0.0,0.0
2024-06-21 17:35:05.136000+00:00,58.900001525878906,0.0,0.0
2024-06-21 17:36:04.880000+00:00,58.59999847412109,0.0,0.0
2024-06-21 17:37:04.471000+00:00,58.400001525878906,0.0,0.0
2024-06-21 17:38:04.499000+00:00,58.20000076293945,0.0,0.0
2024-06-21 17:39:05.469000+00:00,58.0,0.0,0.0
2024-06-21 17:40:04.819000+00:00,57.70000076293945,0.0,0.0
2024-06-21 17:41:04.873000+00:00,57.59999847412109,0.0,0.0
2024-06-21 17:42:05.271000+00:00,57.400001525878906,0.0,0.0
2024-06-21 17:43:04.836000+00:00,57.29999923706055,0.0,0.0
2024-06-21 17:44:05.120000+00:00,57.20000076293945,0.0,0.0
2024-06-21 17:45:05.226000+00:00,57.290000915527344,0.0,0.0
2024-06-21 17:46:04.422000+00:00,57.34999847412109,0.0,0.0
2024-06-21 17:47:04.140000+00:00,57.5,0.0,0.0
2024-06-21 17:48:04.558000+00:00,57.70000076293945,0.0,0.0
2024-06-21 17:49:04.464000+00:00,57.79999923706055,0.0,0.0
2024-06-21 17:50:04.618000+00:00,58.0,0.0,0.0
2024-06-21 17:51:04.536000+00:00,58.20000076293945,0.0,0.0
2024-06-21 17:52:05.175000+00:00,58.29999923706055,0.0,0.0
2024-06-21 17:53:04.485000+00:00,58.400001525878906,0.0,0.0
2024-06-21 17:54:05.073000+00:00,58.5,0.0,0.0
2024-06-21 17:55:04.453000+00:00,58.59999847412109,0.0,0.0
2024-06-21 17:56:04.646000+00:00,58.70000076293945,0.0,0.0
2024-06-21 17:57:04.446000+00:00,58.70000076293945,0.0,0.0
2024-06-21 17:58:04.161000+00:00,58.70000076293945,0.0,0.0
2024-06-21 17:59:04.909000+00:00,58.59999847412109,0.0,0.0
2024-06-21 18:00:08.174000+00:00,58.59999847412109,0.0,0.0
2024-06-21 18:01:05.117000+00:00,58.5,0.0,0.0
2024-06-21 18:02:04.396000+00:00,58.5,0.0,0.0
2024-06-21 18:03:04.756000+00:00,58.400001525878906,0.0,0.0
2024-06-21 18:04:04.601000+00:00,58.400001525878906,0.0,0.0
2024-06-21 18:05:04.794000+00:00,58.29999923706055,0.0,0.0
2024-06-21 18:06:05.329000+00:00,58.29999923706055,0.0,0.0
2024-06-21 18:07:04.078000+00:00,58.22999954223633,0.0,0.0
2024-06-21 18:08:04.563000+00:00,58.20000076293945,0.0,0.0
2024-06-21 18:09:04.961000+00:00,58.18999862670898,0.0,0.0
2024-06-21 18:10:05.047000+00:00,58.09999847412109,0.0,0.0
2024-06-21 18:11:04.736000+00:00,58.09999847412109,0.0,0.0
2024-06-21 18:12:04.909000+00:00,58.09999847412109,0.0,0.0
2024-06-21 18:13:04.893000+00:00,58.09999847412109,0.0,0.0
2024-06-21 18:14:04.928000+00:00,58.06999969482422,0.0,0.0
2024-06-21 18:15:05.087000+00:00,58.09999847412109,0.0,0.0
2024-06-21 18:16:04.120000+00:00,58.09999847412109,0.0,0.0
2024-06-21 18:17:04.721000+00:00,58.09999847412109,0.0,0.0
2024-06-21 18:18:05.189000+00:00,58.09999847412109,0.0,0.0
2024-06-21 18:19:04.450000+00:00,58.09999847412109,0.0,0.0
2024-06-21 18:20:04.879000+00:00,58.20000076293945,0.0,0.0
2024-06-21 18:21:04.394000+00:00,58.20000076293945,0.0,0.0
2024-06-21 18:22:04.561000+00:00,58.290000915527344,0.0,0.0
2024-06-21 18:23:04.946000+00:00,58.29999923706055,0.0,0.0
2024-06-21 18:24:04.575000+00:00,58.29999923706055,0.0,0.0
2024-06-21 18:25:04.982000+00:00,58.38999938964844,0.0,0.0
2024-06-21 18:26:04.814000+00:00,58.400001525878906,0.0,0.0
2024-06-21 18:27:04.131000+00:00,58.400001525878906,0.0,0.0
2024-06-21 18:28:04.548000+00:00,58.29999923706055,0.0,0.0
2024-06-21 18:29:04.455000+00:00,58.400001525878906,0.0,0.0
2024-06-21 18:30:05.123000+00:00,58.400001525878906,0.0,0.0
2024-06-21 18:31:05.110000+00:00,58.29999923706055,0.0,0.0
2024-06-21 18:32:04.742000+00:00,58.29999923706055,0.0,0.0
2024-06-21 18:33:04.777000+00:00,58.29999923706055,0.0,0.0
2024-06-21 18:34:04.621000+00:00,58.29999923706055,0.0,0.0
2024-06-21 18:35:05.539000+00:00,58.29999923706055,0.0,0.0
2024-06-21 18:36:05.099000+00:00,58.20000076293945,0.0,0.0
2024-06-21 18:37:04.138000+00:00,58.20000076293945,0.0,0.0
2024-06-21 18:38:04.993000+00:00,58.20000076293945,0.0,0.0
2024-06-21 18:39:05.233000+00:00,58.20000076293945,0.0,0.0
2024-06-21 18:40:04.511000+00:00,58.09999847412109,0.0,0.0
2024-06-21 18:41:05.225000+00:00,58.09999847412109,0.0,0.0
2024-06-21 18:42:04.959000+00:00,57.900001525878906,0.0,0.0
2024-06-21 18:43:04.263000+00:00,57.970001220703125,0.0,0.0
2024-06-21 18:44:04.192000+00:00,58.0,0.0,0.0
2024-06-21 18:45:04.989000+00:00,57.65999984741211,0.0,0.0
2024-06-21 18:46:04.493000+00:00,57.59999847412109,0.0,0.0
2024-06-21 18:47:04.390000+00:00,57.709999084472656,0.0,0.0
2024-06-21 18:48:05.256000+00:00,57.900001525878906,0.0,0.0
2024-06-21 18:49:04.473000+00:00,58.09999847412109,0.0,0.0
2024-06-21 18:50:04.781000+00:00,58.20000076293945,0.0,0.0
2024-06-21 18:51:04.726000+00:00,58.29999923706055,0.0,0.0
2024-06-21 18:52:05.106000+00:00,58.400001525878906,0.0,0.0
2024-06-21 18:53:05.065000+00:00,58.4900016784668,0.0,0.0
2024-06-21 18:54:04.669000+00:00,58.5,0.0,0.0
2024-06-21 18:55:05.053000+00:00,58.5,0.0,0.0
2024-06-21 18:56:04.152000+00:00,58.59999847412109,0.0,0.0
2024-06-21 18:57:04.930000+00:00,58.59999847412109,0.0,0.0
2024-06-21 18:58:04.624000+00:00,58.59999847412109,0.0,0.0
2024-06-21 18:59:04.796000+00:00,58.59999847412109,0.0,0.0
2024-06-21 19:00:07.208000+00:00,58.59999847412109,0.0,0.0
2024-06-21 19:01:05.039000+00:00,58.5,0.0,0.0
2024-06-21 19:02:04.533000+00:00,58.4900016784668,0.0,0.0
2024-06-21 19:03:04.867000+00:00,58.400001525878906,0.0,0.0
2024-06-21 19:04:04.521000+00:00,58.400001525878906,0.0,0.0
2024-06-21 19:05:04.926000+00:00,58.29999923706055,0.0,0.0
2024-06-21 19:06:05.851000+00:00,58.29999923706055,0.0,0.0
2024-06-21 19:07:04.754000+00:00,58.29999923706055,0.0,0.0
2024-06-21 19:08:04.252000+00:00,58.20000076293945,0.0,0.0
2024-06-21 19:09:04.615000+00:00,58.20000076293945,0.0,0.0
2024-06-21 19:10:04.615000+00:00,58.09999847412109,0.0,0.0
2024-06-21 19:11:04.175000+00:00,58.09999847412109,0.0,0.0
2024-06-21 19:12:04.659000+00:00,58.09999847412109,0.0,0.0
2024-06-21 19:13:05.091000+00:00,58.09999847412109,0.0,0.0
2024-06-21 19:14:04.654000+00:00,58.09999847412109,0.0,0.0
2024-06-21 19:15:05.100000+00:00,58.09999847412109,0.0,0.0
2024-06-21 19:16:03.800000+00:00,58.0,0.0,0.0
2024-06-21 19:17:04.557000+00:00,58.09999847412109,0.0,0.0
2024-06-21 19:18:04.493000+00:00,57.20000076293945,0.0,0.0
2024-06-21 19:19:05.034000+00:00,57.470001220703125,0.0,0.0
2024-06-21 19:20:04.710000+00:00,57.68999862670898,0.0,0.0
2024-06-21 19:21:04.137000+00:00,57.70000076293945,0.0,0.0
2024-06-21 19:22:04.480000+00:00,57.900001525878906,0.0,0.0
2024-06-21 19:23:04.249000+00:00,58.09999847412109,0.0,0.0
2024-06-21 19:24:04.370000+00:00,58.29999923706055,0.0,0.0
2024-06-21 19:25:04.642000+00:00,58.40999984741211,0.0,0.0
2024-06-21 19:26:05.183000+00:00,58.59999847412109,0.0,0.0
2024-06-21 19:27:04.319000+00:00,58.70000076293945,0.0,0.0
2024-06-21 19:28:05.279000+00:00,58.79999923706055,0.0,0.0
2024-06-21 19:29:04.722000+00:00,58.79999923706055,0.0,0.0
2024-06-21 19:30:05.082000+00:00,58.790000915527344,0.0,0.0
2024-06-21 19:31:04.402000+00:00,58.70000076293945,0.0,0.0
2024-06-21 19:32:04.472000+00:00,58.59999847412109,0.0,0.0
2024-06-21 19:33:04.003000+00:00,58.59999847412109,0.0,0.0
2024-06-21 19:34:04.264000+00:00,58.5,0.0,0.0
2024-06-21 19:35:04.946000+00:00,58.470001220703125,0.0,0.0
2024-06-21 19:36:04.748000+00:00,58.29999923706055,0.0,0.0
2024-06-21 19:37:04.530000+00:00,58.150001525878906,0.0,0.0
2024-06-21 19:38:04.846000+00:00,58.09999847412109,0.0,0.0
2024-06-21 19:39:05.212000+00:00,58.0,0.0,0.0
2024-06-21 19:40:04.783000+00:00,58.0,0.0,0.0
2024-06-21 19:41:04.561000+00:00,58.0,0.0,0.0
2024-06-21 19:42:04.608000+00:00,58.0,0.0,0.0
2024-06-21 19:43:04.821000+00:00,58.0,0.0,0.0
2024-06-21 19:44:04.728000+00:00,58.0,0.0,0.0
2024-06-21 19:45:04.710000+00:00,58.09999847412109,0.0,0.0
2024-06-21 19:46:04.597000+00:00,58.09999847412109,0.0,0.0
2024-06-21 19:47:04.093000+00:00,58.09999847412109,0.0,0.0
2024-06-21 19:48:04.411000+00:00,58.20000076293945,0.0,0.0
2024-06-21 19:49:04.904000+00:00,58.20000076293945,0.0,0.0
2024-06-21 19:50:05.165000+00:00,58.20000076293945,0.0,0.0
2024-06-21 19:51:04.398000+00:00,58.29999923706055,0.0,0.0
2024-06-21 19:52:05.361000+00:00,58.29999923706055,0.0,0.0
2024-06-21 19:53:04.393000+00:00,58.33000183105469,0.0,0.0
2024-06-21 19:54:04.607000+00:00,58.400001525878906,0.0,0.0
2024-06-21 19:55:04.760000+00:00,58.400001525878906,0.0,0.0
2024-06-21 19:56:04.938000+00:00,58.400001525878906,0.0,0.0
2024-06-21 19:57:04.158000+00:00,58.400001525878906,0.0,0.0
2024-06-21 19:58:04.389000+00:00,58.400001525878906,0.0,0.0
2024-06-21 19:59:05.089000+00:00,58.400001525878906,0.0,0.0
2024-06-21 20:00:06.403000+00:00,58.400001525878906,0.0,0.0
2024-06-21 20:01:05.402000+00:00,58.36000061035156,0.0,0.0
2024-06-21 20:02:04.721000+00:00,58.29999923706055,0.0,0.0
2024-06-21 20:03:03.988000+00:00,58.29999923706055,0.0,0.0
2024-06-21 20:04:04.481000+00:00,58.20000076293945,0.0,0.0
2024-06-21 20:05:04.472000+00:00,58.20000076293945,0.0,0.0
2024-06-21 20:06:05.558000+00:00,58.20000076293945,0.0,0.0
2024-06-21 20:07:04.213000+00:00,58.20000076293945,0.0,0.0
2024-06-21 20:08:04.563000+00:00,58.20000076293945,0.0,0.0
2024-06-21 20:09:04.779000+00:00,58.20000076293945,0.0,0.0
2024-06-21 20:10:04.801000+00:00,58.20000076293945,0.0,0.0
2024-06-21 20:11:04.964000+00:00,58.20000076293945,0.0,0.0
2024-06-21 20:12:05.235000+00:00,58.20000076293945,0.0,0.0
2024-06-21 20:13:05.137000+00:00,58.20000076293945,0.0,0.0
2024-06-21 20:14:04.945000+00:00,58.20000076293945,0.0,0.0
2024-06-21 20:15:04.234000+00:00,58.20000076293945,0.0,0.0
2024-06-21 20:16:04.567000+00:00,58.20000076293945,0.0,0.0
2024-06-21 20:17:05.204000+00:00,58.20000076293945,0.0,0.0
2024-06-21 20:18:04.715000+00:00,58.20000076293945,0.0,0.0
2024-06-21 20:19:04.829000+00:00,58.20000076293945,0.0,0.0
2024-06-21 20:20:05.080000+00:00,58.20000076293945,0.0,0.0
2024-06-21 20:21:04.544000+00:00,58.20000076293945,0.0,0.0
2024-06-21 20:22:04.253000+00:00,58.20000076293945,0.0,0.0
2024-06-21 20:23:04.789000+00:00,58.20000076293945,0.0,0.0
2024-06-21 20:24:04.296000+00:00,58.20000076293945,0.0,0.0
2024-06-21 20:25:04.621000+00:00,57.75,0.0,0.0
2024-06-21 20:26:05.084000+00:00,49.45000076293945,0.0,0.0
2024-06-21 20:27:04.389000+00:00,43.43999862670898,0.0,0.0
2024-06-21 20:28:05.166000+00:00,42.56999969482422,0.0,0.0
2024-06-21 20:29:04.514000+00:00,44.0,0.0,0.0
2024-06-21 20:30:05.332000+00:00,45.70000076293945,0.0,0.0
2024-06-21 20:31:04.613000+00:00,45.900001525878906,0.0,0.0
2024-06-21 20:32:04.739000+00:00,46.0,0.0,0.0
2024-06-21 20:33:04.952000+00:00,46.20000076293945,0.0,0.0
2024-06-21 20:34:04.331000+00:00,53.79999923706055,0.0,0.0
2024-06-21 20:35:05.514000+00:00,59.77999877929688,402.3599853515625,100686190.50718397
2024-06-21 20:36:04.698000+00:00,62.5099983215332,300.3999938964844,78604721.03628324
2024-06-21 20:37:04.411000+00:00,63.5,300.3999938964844,79849622.77761841
2024-06-21 20:38:04.652000+00:00,63.66999816894531,242.52999877929688,64639728.8443123
2024-06-21 20:39:05.636000+00:00,63.40999984741211,171.8300018310547,45609569.27207117
2024-06-21 20:40:04.877000+00:00,63.11000061035156,133.9499969482422,35386704.25302441
2024-06-21 20:41:04.803000+00:00,62.79999923706055,109.7699966430664,28856424.182958063
2024-06-21 20:42:05.452000+00:00,62.59999847412109,92.51000213623048,24241653.404893696
2024-06-21 20:43:04.930000+00:00,62.29999923706055,80.30000305175781,20941260.87940993
2024-06-21 20:44:04.194000+00:00,62.09999847412109,70.94000244140625,18440895.745527875
2024-06-21 20:45:04.431000+00:00,61.900001525878906,63.45000076293945,16440745.832963873
2024-06-21 20:46:04.354000+00:00,61.650001525878906,0.0,0.0
2024-06-21 20:47:04.515000+00:00,61.5,0.0,0.0
2024-06-21 20:48:04.640000+00:00,60.900001525878906,0.0,0.0
2024-06-21 20:49:04.346000+00:00,60.70000076293945,0.0,0.0
2024-06-21 20:50:05.643000+00:00,60.5,0.0,0.0
2024-06-21 20:51:03.997000+00:00,60.29999923706055,0.0,0.0
2024-06-21 20:52:05+00:00,60.09999847412109,0.0,0.0
2024-06-21 20:53:04.743000+00:00,59.290000915527344,0.0,0.0
2024-06-21 20:54:04.533000+00:00,58.900001525878906,0.0,0.0
2024-06-21 20:55:04.755000+00:00,58.0,0.0,0.0
2024-06-21 20:56:04.699000+00:00,57.70000076293945,0.0,0.0
2024-06-21 20:57:04.203000+00:00,57.400001525878906,0.0,0.0
2024-06-21 20:58:04.340000+00:00,57.20000076293945,0.0,0.0
2024-06-21 20:59:04.015000+00:00,56.900001525878906,0.0,0.0
2024-06-21 21:00:07.040000+00:00,56.400001525878906,0.0,0.0
2024-06-21 21:01:05.150000+00:00,56.29999923706055,0.0,0.0
2024-06-21 21:02:04.053000+00:00,56.09999847412109,0.0,0.0
2024-06-21 21:03:04.431000+00:00,56.0,0.0,0.0
2024-06-21 21:04:04.782000+00:00,55.29999923706055,0.0,0.0
2024-06-21 21:05:06.092000+00:00,54.70000076293945,0.0,0.0
2024-06-21 21:06:05.038000+00:00,54.400001525878906,0.0,0.0
2024-06-21 21:07:03.837000+00:00,54.20000076293945,0.0,0.0
2024-06-21 21:08:04.514000+00:00,54.0,0.0,0.0
2024-06-21 21:09:04.392000+00:00,53.79999923706055,0.0,0.0
2024-06-21 21:10:04.390000+00:00,53.79999923706055,0.0,0.0
2024-06-21 21:11:04.300000+00:00,53.72999954223633,0.0,0.0
2024-06-21 21:12:04.962000+00:00,53.79999923706055,0.0,0.0
2024-06-21 21:13:05.061000+00:00,54.09999847412109,0.0,0.0
2024-06-21 21:14:04.798000+00:00,54.29999923706055,0.0,0.0
2024-06-21 21:15:04.863000+00:00,54.59999847412109,0.0,0.0
2024-06-21 21:16:04.710000+00:00,54.900001525878906,0.0,0.0
2024-06-21 21:17:04.664000+00:00,55.20000076293945,0.0,0.0
2024-06-21 21:18:04.699000+00:00,55.5,0.0,0.0
2024-06-21 21:19:04.298000+00:00,55.70000076293945,0.0,0.0
2024-06-21 21:20:04.742000+00:00,55.900001525878906,0.0,0.0
2024-06-21 21:21:04.825000+00:00,56.0,0.0,0.0
2024-06-21 21:22:04.122000+00:00,56.0,0.0,0.0
2024-06-21 21:23:04.424000+00:00,56.0,0.0,0.0
2024-06-21 21:24:04.963000+00:00,56.0,0.0,0.0
2024-06-21 21:25:04.454000+00:00,55.900001525878906,0.0,0.0
2024-06-21 21:26:04.873000+00:00,55.79999923706055,0.0,0.0
2024-06-21 21:27:04.944000+00:00,55.790000915527344,0.0,0.0
2024-06-21 21:28:04.597000+00:00,55.70000076293945,0.0,0.0
2024-06-21 21:29:04.633000+00:00,55.59999847412109,0.0,0.0
2024-06-21 21:30:04.683000+00:00,55.5099983215332,0.0,0.0
2024-06-21 21:31:04.796000+00:00,55.5,0.0,0.0
2024-06-21 21:32:04.649000+00:00,55.400001525878906,0.0,0.0
2024-06-21 21:33:04.584000+00:00,55.29999923706055,0.0,0.0
2024-06-21 21:34:04.505000+00:00,55.20000076293945,0.0,0.0
2024-06-21 21:35:04.457000+00:00,55.16999816894531,0.0,0.0
2024-06-21 21:36:04.184000+00:00,55.09999847412109,0.0,0.0
2024-06-21 21:37:04.336000+00:00,55.0,0.0,0.0
2024-06-21 21:38:04.750000+00:00,54.900001525878906,0.0,0.0
2024-06-21 21:39:05.872000+00:00,54.900001525878906,0.0,0.0
2024-06-21 21:40:04.962000+00:00,54.79999923706055,0.0,0.0
2024-06-21 21:41:04.699000+00:00,54.79999923706055,0.0,0.0
2024-06-21 21:42:04.713000+00:00,54.79999923706055,0.0,0.0
2024-06-21 21:43:04.141000+00:00,54.79999923706055,0.0,0.0
2024-06-21 21:44:04.138000+00:00,54.84000015258789,0.0,0.0
2024-06-21 21:45:05.055000+00:00,54.900001525878906,0.0,0.0
2024-06-21 21:46:04.374000+00:00,55.0,0.0,0.0
2024-06-21 21:47:04.038000+00:00,55.0,0.0,0.0
2024-06-21 21:48:04.423000+00:00,55.09999847412109,0.0,0.0
2024-06-21 21:49:04.451000+00:00,55.20000076293945,0.0,0.0
2024-06-21 21:50:04.764000+00:00,55.400001525878906,0.0,0.0
2024-06-21 21:51:04.641000+00:00,55.59000015258789,0.0,0.0
2024-06-21 21:52:05.163000+00:00,55.70000076293945,0.0,0.0
2024-06-21 21:53:04.475000+00:00,55.79999923706055,0.0,0.0
2024-06-21 21:54:04.574000+00:00,55.900001525878906,0.0,0.0
2024-06-21 21:55:04.645000+00:00,55.900001525878906,0.0,0.0
2024-06-21 21:56:04.409000+00:00,55.900001525878906,0.0,0.0
2024-06-21 21:57:04.109000+00:00,55.79999923706055,0.0,0.0
2024-06-21 21:58:04.487000+00:00,55.79999923706055,0.0,0.0
2024-06-21 21:59:03.826000+00:00,55.70000076293945,0.0,0.0
2024-06-21 22:00:07.381000+00:00,55.70000076293945,0.0,0.0
2024-06-21 22:01:05.178000+00:00,55.59999847412109,0.0,0.0
2024-06-21 22:02:04.733000+00:00,55.5,0.0,0.0
2024-06-21 22:03:04.802000+00:00,55.31999969482422,0.0,0.0
2024-06-21 22:04:04.054000+00:00,55.20000076293945,0.0,0.0
2024-06-21 22:05:04.504000+00:00,54.900001525878906,0.0,0.0
2024-06-21 22:06:05.444000+00:00,54.59999847412109,0.0,0.0
2024-06-21 22:07:04.692000+00:00,54.31999969482422,0.0,0.0
2024-06-21 22:08:04.165000+00:00,54.20000076293945,0.0,0.0
2024-06-21 22:09:04.980000+00:00,54.02000045776367,0.0,0.0
2024-06-21 22:10:04.945000+00:00,54.09999847412109,0.0,0.0
2024-06-21 22:11:04.512000+00:00,54.09999847412109,0.0,0.0
2024-06-21 22:12:04.973000+00:00,54.29999923706055,0.0,0.0
2024-06-21 22:13:04.958000+00:00,54.59999847412109,0.0,0.0
2024-06-21 22:14:04.556000+00:00,54.900001525878906,0.0,0.0
2024-06-21 22:15:05.003000+00:00,55.20000076293945,0.0,0.0
2024-06-21 22:16:04.829000+00:00,55.400001525878906,0.0,0.0
2024-06-21 22:17:04.739000+00:00,55.59999847412109,0.0,0.0
2024-06-21 22:18:04.867000+00:00,55.66999816894531,0.0,0.0
2024-06-21 22:19:04.050000+00:00,55.59999847412109,0.0,0.0
2024-06-21 22:20:04.538000+00:00,55.560001373291016,0.0,0.0
2024-06-21 22:21:04.250000+00:00,55.470001220703125,0.0,0.0
2024-06-21 22:22:04.913000+00:00,55.400001525878906,0.0,0.0
2024-06-21 22:23:03.908000+00:00,55.29999923706055,0.0,0.0
2024-06-21 22:24:04.059000+00:00,55.29999923706055,0.0,0.0
2024-06-21 22:25:05.144000+00:00,55.20000076293945,0.0,0.0
2024-06-21 22:26:05.040000+00:00,55.20000076293945,0.0,0.0
2024-06-21 22:27:04.607000+00:00,55.11000061035156,0.0,0.0
2024-06-21 22:28:04.747000+00:00,55.20000076293945,0.0,0.0
2024-06-21 22:29:04.053000+00:00,55.20000076293945,0.0,0.0
2024-06-21 22:30:04.855000+00:00,55.20000076293945,0.0,0.0
2024-06-21 22:31:04.570000+00:00,55.20000076293945,0.0,0.0
2024-06-21 22:32:04.896000+00:00,55.20000076293945,0.0,0.0
2024-06-21 22:33:03.928000+00:00,55.20000076293945,0.0,0.0
2024-06-21 22:34:04.820000+00:00,55.20000076293945,0.0,0.0
2024-06-21 22:35:04.314000+00:00,55.20000076293945,0.0,0.0
2024-06-21 22:36:04.361000+00:00,55.2599983215332,0.0,0.0
2024-06-21 22:37:04.554000+00:00,55.29999923706055,0.0,0.0
2024-06-21 22:38:04.959000+00:00,55.29999923706055,0.0,0.0
2024-06-21 22:39:05.229000+00:00,55.369998931884766,0.0,0.0
2024-06-21 22:40:04.549000+00:00,55.400001525878906,0.0,0.0
2024-06-21 22:41:04.274000+00:00,55.400001525878906,0.0,0.0
2024-06-21 22:42:05.215000+00:00,55.400001525878906,0.0,0.0
2024-06-21 22:43:04.513000+00:00,55.400001525878906,0.0,0.0
2024-06-21 22:44:04.802000+00:00,55.400001525878906,0.0,0.0
2024-06-21 22:45:04.390000+00:00,55.400001525878906,0.0,0.0
2024-06-21 22:46:04.563000+00:00,55.400001525878906,0.0,0.0
2024-06-21 22:47:04.422000+00:00,55.400001525878906,0.0,0.0
2024-06-21 22:48:04.597000+00:00,55.400001525878906,0.0,0.0
2024-06-21 22:49:04.379000+00:00,55.400001525878906,0.0,0.0
2024-06-21 22:50:05.041000+00:00,55.400001525878906,0.0,0.0
2024-06-21 22:51:04.966000+00:00,55.400001525878906,0.0,0.0
2024-06-21 22:52:04.865000+00:00,55.310001373291016,0.0,0.0
2024-06-21 22:53:04.642000+00:00,55.34000015258789,0.0,0.0
2024-06-21 22:54:04.631000+00:00,55.369998931884766,0.0,0.0
2024-06-21 22:55:05.101000+00:00,55.29999923706055,0.0,0.0
2024-06-21 22:56:04.593000+00:00,55.38999938964844,0.0,0.0
2024-06-21 22:57:04.565000+00:00,55.29999923706055,0.0,0.0
2024-06-21 22:58:04.318000+00:00,55.38999938964844,0.0,0.0
2024-06-21 22:59:04.632000+00:00,55.29999923706055,0.0,0.0
2024-06-21 23:00:07.462000+00:00,55.29999923706055,0.0,0.0
2024-06-22 00:00:08.112000+00:00,55.20000076293945,0.0,0.0
2024-06-22 00:01:05.866000+00:00,55.20000076293945,0.0,0.0
2024-06-22 00:02:04.678000+00:00,55.20000076293945,0.0,0.0
2024-06-22 00:03:04.969000+00:00,55.20000076293945,0.0,0.0
2024-06-22 00:04:04.599000+00:00,55.20000076293945,0.0,0.0
2024-06-22 00:05:05.075000+00:00,55.11000061035156,0.0,0.0
2024-06-22 00:06:05.372000+00:00,55.20000076293945,0.0,0.0
2024-06-22 00:07:05.085000+00:00,55.18999862670898,0.0,0.0
2024-06-22 00:08:04.382000+00:00,55.20000076293945,0.0,0.0
2024-06-22 00:09:04.804000+00:00,55.09999847412109,0.0,0.0
2024-06-22 00:10:05.290000+00:00,55.20000076293945,0.0,0.0
2024-06-22 00:11:04.700000+00:00,55.20000076293945,0.0,0.0
2024-06-22 00:12:04.476000+00:00,55.20000076293945,0.0,0.0
2024-06-22 00:13:05.130000+00:00,55.20000076293945,0.0,0.0
2024-06-22 00:14:04.592000+00:00,55.29999923706055,0.0,0.0
2024-06-22 00:15:04.693000+00:00,55.29999923706055,0.0,0.0
2024-06-22 00:16:04.514000+00:00,55.29999923706055,0.0,0.0
2024-06-22 00:17:04.491000+00:00,55.31999969482422,0.0,0.0
2024-06-22 00:18:05.021000+00:00,55.400001525878906,0.0,0.0
2024-06-22 00:19:04.146000+00:00,55.400001525878906,0.0,0.0
2024-06-22 00:20:05.356000+00:00,55.400001525878906,0.0,0.0
2024-06-22 00:21:04.616000+00:00,55.29999923706055,0.0,0.0
2024-06-22 00:22:04.728000+00:00,55.310001373291016,0.0,0.0
2024-06-22 00:23:04.816000+00:00,55.29999923706055,0.0,0.0
2024-06-22 00:24:05.114000+00:00,55.29999923706055,0.0,0.0
2024-06-22 00:25:04.781000+00:00,55.29999923706055,0.0,0.0
2024-06-22 00:26:05.137000+00:00,55.29999923706055,0.0,0.0
2024-06-22 00:27:04.270000+00:00,55.27999877929688,0.0,0.0
2024-06-22 00:28:04.852000+00:00,55.20000076293945,0.0,0.0
2024-06-22 00:29:05.123000+00:00,55.20000076293945,0.0,0.0
2024-06-22 00:30:04.845000+00:00,55.20000076293945,0.0,0.0
2024-06-22 00:31:04.264000+00:00,55.20000076293945,0.0,0.0
2024-06-22 00:32:04.485000+00:00,55.20000076293945,0.0,0.0
2024-06-22 00:33:04.695000+00:00,55.20000076293945,0.0,0.0
2024-06-22 00:34:04.419000+00:00,55.2599983215332,0.0,0.0
2024-06-22 00:35:04.426000+00:00,55.29999923706055,0.0,0.0
2024-06-22 00:36:04.347000+00:00,55.29999923706055,0.0,0.0
2024-06-22 00:37:04.056000+00:00,55.29999923706055,0.0,0.0
2024-06-22 00:38:04.674000+00:00,55.29999923706055,0.0,0.0
2024-06-22 00:39:05.579000+00:00,55.29999923706055,0.0,0.0
2024-06-22 00:40:04.936000+00:00,55.29999923706055,0.0,0.0
2024-06-22 00:41:04.188000+00:00,55.29999923706055,0.0,0.0
2024-06-22 00:42:05.091000+00:00,55.290000915527344,0.0,0.0
2024-06-22 00:43:04.698000+00:00,55.20000076293945,0.0,0.0
2024-06-22 00:44:04.414000+00:00,55.20000076293945,0.0,0.0
2024-06-22 00:45:04.611000+00:00,55.20000076293945,0.0,0.0
2024-06-22 00:46:04.157000+00:00,55.20000076293945,0.0,0.0
2024-06-22 00:47:04.319000+00:00,55.20000076293945,0.0,0.0
2024-06-22 00:48:04.716000+00:00,55.20000076293945,0.0,0.0
2024-06-22 00:49:04.314000+00:00,55.20000076293945,0.0,0.0
2024-06-22 00:50:04.850000+00:00,55.20000076293945,0.0,0.0
2024-06-22 00:51:04.583000+00:00,55.20000076293945,0.0,0.0
2024-06-22 00:52:04.975000+00:00,55.29999923706055,0.0,0.0
2024-06-22 00:53:04.536000+00:00,55.29999923706055,0.0,0.0
2024-06-22 00:54:04.694000+00:00,55.29999923706055,0.0,0.0
2024-06-22 00:55:04.525000+00:00,55.29999923706055,0.0,0.0
2024-06-22 00:56:05.150000+00:00,55.29999923706055,0.0,0.0
2024-06-22 00:57:04.908000+00:00,55.29999923706055,0.0,0.0
2024-06-22 00:58:04.676000+00:00,55.29999923706055,0.0,0.0
2024-06-22 00:59:04.531000+00:00,55.29999923706055,0.0,0.0
2024-06-22 01:00:07.324000+00:00,55.20000076293945,0.0,0.0
2024-06-22 01:01:04.812000+00:00,55.20000076293945,0.0,0.0
2024-06-22 01:02:04.621000+00:00,55.20000076293945,0.0,0.0
2024-06-22 01:03:04.899000+00:00,55.20000076293945,0.0,0.0
2024-06-22 01:04:04.519000+00:00,55.20000076293945,0.0,0.0
2024-06-22 01:05:04.676000+00:00,55.20000076293945,0.0,0.0
2024-06-22 01:06:05.727000+00:00,55.20000076293945,0.0,0.0
2024-06-22 01:07:04.237000+00:00,55.29999923706055,0.0,0.0
2024-06-22 01:08:05.222000+00:00,55.29999923706055,0.0,0.0
2024-06-22 01:09:04.719000+00:00,55.29999923706055,0.0,0.0
2024-06-22 01:10:04.829000+00:00,55.29999923706055,0.0,0.0
2024-06-22 01:11:04.722000+00:00,55.29999923706055,0.0,0.0
2024-06-22 01:12:04.462000+00:00,55.29999923706055,0.0,0.0
2024-06-22 01:13:04.582000+00:00,55.29999923706055,0.0,0.0
2024-06-22 01:14:04.828000+00:00,55.29999923706055,0.0,0.0
2024-06-22 01:15:04.347000+00:00,55.29999923706055,0.0,0.0
2024-06-22 01:16:04.338000+00:00,55.29999923706055,0.0,0.0
2024-06-22 01:17:04.844000+00:00,55.209999084472656,0.0,0.0
2024-06-22 01:18:04.891000+00:00,55.29999923706055,0.0,0.0
2024-06-22 01:19:04.747000+00:00,55.2599983215332,0.0,0.0
2024-06-22 01:20:04.775000+00:00,55.20000076293945,0.0,0.0
2024-06-22 01:21:04.647000+00:00,55.20000076293945,0.0,0.0
2024-06-22 01:22:04.856000+00:00,55.20000076293945,0.0,0.0
2024-06-22 01:23:04.518000+00:00,55.20000076293945,0.0,0.0
2024-06-22 01:24:04.626000+00:00,55.20000076293945,0.0,0.0
2024-06-22 01:25:04.934000+00:00,55.20000076293945,0.0,0.0
2024-06-22 01:26:04.940000+00:00,55.20000076293945,0.0,0.0
2024-06-22 01:27:04.583000+00:00,55.20000076293945,0.0,0.0
2024-06-22 01:28:04.463000+00:00,55.20000076293945,0.0,0.0
2024-06-22 01:29:04.410000+00:00,55.290000915527344,0.0,0.0
2024-06-22 01:30:04.620000+00:00,55.29999923706055,0.0,0.0
2024-06-22 01:31:04.263000+00:00,55.29999923706055,0.0,0.0
2024-06-22 01:32:04.797000+00:00,55.29999923706055,0.0,0.0
2024-06-22 01:33:04.695000+00:00,55.29999923706055,0.0,0.0
2024-06-22 01:34:05.490000+00:00,55.29999923706055,0.0,0.0
2024-06-22 01:35:04.616000+00:00,55.29999923706055,0.0,0.0
2024-06-22 01:36:04.928000+00:00,55.29999923706055,0.0,0.0
2024-06-22 01:37:04.218000+00:00,55.29999923706055,0.0,0.0
2024-06-22 01:38:04.659000+00:00,55.29999923706055,0.0,0.0
2024-06-22 01:39:05.096000+00:00,55.29999923706055,0.0,0.0
2024-06-22 01:40:04.537000+00:00,55.209999084472656,0.0,0.0
2024-06-22 01:41:04.533000+00:00,55.29999923706055,0.0,0.0
2024-06-22 01:42:05.069000+00:00,55.20000076293945,0.0,0.0
2024-06-22 01:43:04.019000+00:00,55.20000076293945,0.0,0.0
2024-06-22 01:44:03.914000+00:00,55.20000076293945,0.0,0.0
2024-06-22 01:45:04.785000+00:00,55.20000076293945,0.0,0.0
2024-06-22 01:46:04.415000+00:00,55.20000076293945,0.0,0.0
2024-06-22 01:47:04.725000+00:00,55.20000076293945,0.0,0.0
2024-06-22 01:48:04.582000+00:00,55.20000076293945,0.0,0.0
2024-06-22 01:49:04.528000+00:00,55.20000076293945,0.0,0.0
2024-06-22 01:50:05.091000+00:00,55.20000076293945,0.0,0.0
2024-06-22 01:51:04.324000+00:00,55.27000045776367,0.0,0.0
2024-06-22 01:52:04.847000+00:00,55.209999084472656,0.0,0.0
2024-06-22 01:53:04.293000+00:00,55.29999923706055,0.0,0.0
2024-06-22 01:54:04.478000+00:00,55.29999923706055,0.0,0.0
2024-06-22 01:55:05.125000+00:00,55.29999923706055,0.0,0.0
2024-06-22 01:56:04.982000+00:00,55.29999923706055,0.0,0.0
2024-06-22 01:57:04.671000+00:00,55.29999923706055,0.0,0.0
2024-06-22 01:58:04.569000+00:00,55.29999923706055,0.0,0.0
2024-06-22 01:59:04.359000+00:00,55.29999923706055,0.0,0.0
2024-06-22 02:00:05.570000+00:00,55.29999923706055,0.0,0.0
2024-06-22 02:01:05.274000+00:00,55.400001525878906,0.0,0.0
2024-06-22 02:02:04.148000+00:00,56.400001525878906,0.0,0.0
2024-06-22 02:03:04.932000+00:00,57.380001068115234,0.0,0.0
2024-06-22 02:04:04.919000+00:00,58.09999847412109,0.0,0.0
2024-06-22 02:05:04.752000+00:00,58.5,0.0,0.0
2024-06-22 02:06:06.222000+00:00,58.79999923706055,0.0,0.0
2024-06-22 02:07:04.546000+00:00,58.79999923706055,0.0,0.0
2024-06-22 02:08:04.260000+00:00,58.900001525878906,0.0,0.0
2024-06-22 02:09:04.844000+00:00,58.900001525878906,0.0,0.0
2024-06-22 02:10:04.659000+00:00,58.79999923706055,0.0,0.0
2024-06-22 02:11:04.652000+00:00,58.70000076293945,0.0,0.0
2024-06-22 02:12:03.955000+00:00,58.59999847412109,0.0,0.0
2024-06-22 02:13:04.759000+00:00,58.59999847412109,0.0,0.0
2024-06-22 02:14:04.843000+00:00,58.5,0.0,0.0
2024-06-22 02:15:05.007000+00:00,58.400001525878906,0.0,0.0
2024-06-22 02:16:04.953000+00:00,58.29999923706055,0.0,0.0
2024-06-22 02:17:04.746000+00:00,58.2599983215332,0.0,0.0
2024-06-22 02:18:04.773000+00:00,58.20000076293945,0.0,0.0
2024-06-22 02:19:04.965000+00:00,58.09999847412109,0.0,0.0
2024-06-22 02:20:04.327000+00:00,58.0,0.0,0.0
2024-06-22 02:21:04.907000+00:00,57.900001525878906,0.0,0.0
2024-06-22 02:22:04.368000+00:00,57.900001525878906,0.0,0.0
2024-06-22 02:23:04.870000+00:00,57.79999923706055,0.0,0.0
2024-06-22 02:24:04.905000+00:00,57.79999923706055,0.0,0.0
2024-06-22 02:25:04.397000+00:00,57.79999923706055,0.0,0.0
2024-06-22 02:26:04.858000+00:00,57.70000076293945,0.0,0.0
2024-06-22 02:27:04.158000+00:00,57.79999923706055,0.0,0.0
2024-06-22 02:28:04.780000+00:00,57.77000045776367,0.0,0.0
2024-06-22 02:29:05.226000+00:00,57.720001220703125,0.0,0.0
2024-06-22 02:30:05.299000+00:00,57.79999923706055,0.0,0.0
2024-06-22 02:31:04.742000+00:00,57.900001525878906,0.0,0.0
2024-06-22 02:32:04.848000+00:00,57.900001525878906,0.0,0.0
2024-06-22 02:33:04.585000+00:00,57.970001220703125,0.0,0.0
2024-06-22 02:34:04.408000+00:00,58.060001373291016,0.0,0.0
2024-06-22 02:35:05.148000+00:00,58.09999847412109,0.0,0.0
2024-06-22 02:36:04.771000+00:00,58.150001525878906,0.0,0.0
2024-06-22 02:37:04.368000+00:00,58.20000076293945,0.0,0.0
2024-06-22 02:38:04.509000+00:00,58.22999954223633,0.0,0.0
2024-06-22 02:39:05.031000+00:00,58.29999923706055,0.0,0.0
2024-06-22 02:40:04.931000+00:00,58.29999923706055,0.0,0.0
2024-06-22 02:41:04.487000+00:00,58.29999923706055,0.0,0.0
2024-06-22 02:42:05.135000+00:00,58.29999923706055,0.0,0.0
2024-06-22 02:43:04.317000+00:00,58.310001373291016,0.0,0.0
2024-06-22 02:44:04.591000+00:00,58.400001525878906,0.0,0.0
2024-06-22 02:45:04.994000+00:00,58.400001525878906,0.0,0.0
2024-06-22 02:46:04.514000+00:00,58.31999969482422,0.0,0.0
2024-06-22 02:47:04.603000+00:00,58.310001373291016,0.0,0.0
2024-06-22 02:48:05.063000+00:00,58.29999923706055,0.0,0.0
2024-06-22 02:49:04.378000+00:00,58.29999923706055,0.0,0.0
2024-06-22 02:50:04.772000+00:00,58.29999923706055,0.0,0.0
2024-06-22 02:51:04.397000+00:00,58.29999923706055,0.0,0.0
2024-06-22 02:52:05.098000+00:00,58.29999923706055,0.0,0.0
2024-06-22 02:53:04.535000+00:00,58.29999923706055,0.0,0.0
2024-06-22 02:54:05.328000+00:00,58.20000076293945,0.0,0.0
2024-06-22 02:55:04.708000+00:00,58.09999847412109,0.0,0.0
2024-06-22 02:56:05.155000+00:00,58.09999847412109,0.0,0.0
2024-06-22 02:57:04.984000+00:00,58.040000915527344,0.0,0.0
2024-06-22 02:58:04.596000+00:00,58.0,0.0,0.0
2024-06-22 02:59:04.826000+00:00,57.900001525878906,0.0,0.0
2024-06-22 03:00:07.646000+00:00,58.0,0.0,0.0
2024-06-22 03:01:05.396000+00:00,57.90999984741211,0.0,0.0
2024-06-22 03:02:04.632000+00:00,57.9900016784668,0.0,0.0
2024-06-22 03:03:04.765000+00:00,57.900001525878906,0.0,0.0
2024-06-22 03:04:04.738000+00:00,57.900001525878906,0.0,0.0
2024-06-22 03:05:04.652000+00:00,57.900001525878906,0.0,0.0
2024-06-22 03:06:05.404000+00:00,57.900001525878906,0.0,0.0
2024-06-22 03:07:04.515000+00:00,57.900001525878906,0.0,0.0
2024-06-22 03:08:04.715000+00:00,57.900001525878906,0.0,0.0
2024-06-22 03:09:04.392000+00:00,57.900001525878906,0.0,0.0
2024-06-22 03:10:04.705000+00:00,58.0,0.0,0.0
2024-06-22 03:11:04.219000+00:00,58.09999847412109,0.0,0.0
2024-06-22 03:12:04.973000+00:00,58.09999847412109,0.0,0.0
2024-06-22 03:13:04.942000+00:00,58.20000076293945,0.0,0.0
2024-06-22 03:14:05.192000+00:00,58.209999084472656,0.0,0.0
2024-06-22 03:15:04.547000+00:00,58.29999923706055,0.0,0.0
2024-06-22 03:16:04.883000+00:00,58.29999923706055,0.0,0.0
2024-06-22 03:17:04.738000+00:00,58.29999923706055,0.0,0.0
2024-06-22 03:18:04.874000+00:00,58.29999923706055,0.0,0.0
2024-06-22 03:19:04.507000+00:00,58.29999923706055,0.0,0.0
2024-06-22 03:20:04.824000+00:00,58.400001525878906,0.0,0.0
2024-06-22 03:21:04.587000+00:00,58.400001525878906,0.0,0.0
2024-06-22 03:22:04.796000+00:00,58.36000061035156,0.0,0.0
2024-06-22 03:23:04.617000+00:00,57.0,0.0,0.0
2024-06-22 03:24:04.998000+00:00,57.09999847412109,0.0,0.0
2024-06-22 03:25:04.155000+00:00,55.20000076293945,0.0,0.0
2024-06-22 03:26:05.094000+00:00,55.09999847412109,0.0,0.0
2024-06-22 03:27:04.608000+00:00,56.290000915527344,0.0,0.0
2024-06-22 03:28:04.865000+00:00,57.29999923706055,0.0,0.0
2024-06-22 03:29:04.621000+00:00,58.09999847412109,0.0,0.0
2024-06-22 03:30:05.021000+00:00,58.70000076293945,0.0,0.0
2024-06-22 03:31:04.137000+00:00,59.0,0.0,0.0
2024-06-22 03:32:05.002000+00:00,59.20000076293945,0.0,0.0
2024-06-22 03:33:04.908000+00:00,59.20000076293945,0.0,0.0
2024-06-22 03:34:04.026000+00:00,59.20000076293945,0.0,0.0
2024-06-22 03:35:04.878000+00:00,59.09999847412109,0.0,0.0
2024-06-22 03:36:05.316000+00:00,59.0,0.0,0.0
2024-06-22 03:37:04.903000+00:00,58.40999984741211,0.0,0.0
2024-06-22 03:38:04.421000+00:00,58.400001525878906,0.0,0.0
2024-06-22 03:39:05.356000+00:00,58.29999923706055,0.0,0.0
2024-06-22 03:40:04.940000+00:00,58.20000076293945,0.0,0.0
2024-06-22 03:41:04.489000+00:00,58.18000030517578,0.0,0.0
2024-06-22 03:42:05.088000+00:00,58.09999847412109,0.0,0.0
2024-06-22 03:43:04.717000+00:00,57.900001525878906,0.0,0.0
2024-06-22 03:44:04.244000+00:00,57.900001525878906,0.0,0.0
2024-06-22 03:45:04.834000+00:00,57.79999923706055,0.0,0.0
2024-06-22 03:46:04.214000+00:00,57.79999923706055,0.0,0.0
2024-06-22 03:47:04.338000+00:00,57.72999954223633,0.0,0.0
2024-06-22 03:48:04.948000+00:00,57.79999923706055,0.0,0.0
2024-06-22 03:49:04.527000+00:00,57.70000076293945,0.0,0.0
2024-06-22 03:50:04.653000+00:00,57.709999084472656,0.0,0.0
2024-06-22 03:51:05.474000+00:00,57.79999923706055,0.0,0.0
2024-06-22 03:52:05.435000+00:00,57.900001525878906,0.0,0.0
2024-06-22 03:53:05.019000+00:00,57.90999984741211,0.0,0.0
2024-06-22 03:54:04.778000+00:00,58.0,0.0,0.0
2024-06-22 03:55:04.364000+00:00,58.09999847412109,0.0,0.0
2024-06-22 03:56:04.903000+00:00,58.20000076293945,0.0,0.0
2024-06-22 03:57:04.567000+00:00,58.20000076293945,0.0,0.0
2024-06-22 03:58:03.908000+00:00,58.29999923706055,0.0,0.0
2024-06-22 03:59:04.379000+00:00,58.29999923706055,0.0,0.0
2024-06-22 04:00:07.237000+00:00,58.29999923706055,0.0,0.0
2024-06-22 04:01:05.282000+00:00,58.38999938964844,0.0,0.0
2024-06-22 04:02:04.518000+00:00,58.34000015258789,0.0,0.0
2024-06-22 04:03:04.627000+00:00,58.29999923706055,0.0,0.0
2024-06-22 04:04:04.745000+00:00,58.310001373291016,0.0,0.0
2024-06-22 04:05:04.765000+00:00,58.29999923706055,0.0,0.0
2024-06-22 04:06:06.276000+00:00,58.38999938964844,0.0,0.0
2024-06-22 04:07:04.834000+00:00,58.400001525878906,0.0,0.0
2024-06-22 04:08:04.970000+00:00,58.400001525878906,0.0,0.0
2024-06-22 04:09:04.660000+00:00,58.29999923706055,0.0,0.0
2024-06-22 04:10:04.225000+00:00,58.29999923706055,0.0,0.0
2024-06-22 04:11:04.325000+00:00,58.29999923706055,0.0,0.0
2024-06-22 04:12:04.913000+00:00,58.29999923706055,0.0,0.0
2024-06-22 04:13:04.689000+00:00,58.29999923706055,0.0,0.0
2024-06-22 04:14:04.934000+00:00,58.209999084472656,0.0,0.0
2024-06-22 04:15:05.099000+00:00,58.20000076293945,0.0,0.0
2024-06-22 04:16:04.929000+00:00,58.20000076293945,0.0,0.0
2024-06-22 04:17:05.434000+00:00,58.20000076293945,0.0,0.0
2024-06-22 04:18:04.773000+00:00,58.20000076293945,0.0,0.0
2024-06-22 04:19:05.318000+00:00,58.20000076293945,0.0,0.0
2024-06-22 04:20:04.647000+00:00,58.11000061035156,0.0,0.0
2024-06-22 04:21:04.516000+00:00,58.09999847412109,0.0,0.0
2024-06-22 04:22:04.493000+00:00,58.09999847412109,0.0,0.0
2024-06-22 04:23:04.615000+00:00,58.09999847412109,0.0,0.0
2024-06-22 04:24:04.854000+00:00,58.09999847412109,0.0,0.0
2024-06-22 04:25:05.479000+00:00,57.900001525878906,0.0,0.0
2024-06-22 04:26:05.138000+00:00,57.900001525878906,0.0,0.0
2024-06-22 04:27:04.571000+00:00,57.900001525878906,0.0,0.0
2024-06-22 04:28:05.153000+00:00,57.900001525878906,0.0,0.0
2024-06-22 04:29:04.309000+00:00,57.900001525878906,0.0,0.0
2024-06-22 04:30:05.168000+00:00,57.900001525878906,0.0,0.0
2024-06-22 04:31:04.138000+00:00,57.900001525878906,0.0,0.0
2024-06-22 04:32:05.093000+00:00,57.900001525878906,0.0,0.0
2024-06-22 04:33:04.306000+00:00,58.0,0.0,0.0
2024-06-22 04:34:04.455000+00:00,58.0,0.0,0.0
2024-06-22 04:35:04.931000+00:00,58.0,0.0,0.0
2024-06-22 04:36:05.104000+00:00,58.0,0.0,0.0
2024-06-22 04:37:04.390000+00:00,58.08000183105469,0.0,0.0
2024-06-22 04:38:04.671000+00:00,58.09999847412109,0.0,0.0
2024-06-22 04:39:05.391000+00:00,58.09999847412109,0.0,0.0
2024-06-22 04:40:04.807000+00:00,58.09999847412109,0.0,0.0
2024-06-22 04:41:04.388000+00:00,58.20000076293945,0.0,0.0
2024-06-22 04:42:05.302000+00:00,58.20000076293945,0.0,0.0
2024-06-22 04:43:04.398000+00:00,58.20000076293945,0.0,0.0
2024-06-22 04:44:04.086000+00:00,58.20000076293945,0.0,0.0
2024-06-22 04:45:04.612000+00:00,58.27999877929688,0.0,0.0
2024-06-22 04:46:04.328000+00:00,58.290000915527344,0.0,0.0
2024-06-22 04:47:04.717000+00:00,58.29999923706055,0.0,0.0
2024-06-22 04:48:04.537000+00:00,58.29999923706055,0.0,0.0
2024-06-22 04:49:04.719000+00:00,58.29999923706055,0.0,0.0
2024-06-22 04:50:05.117000+00:00,58.29999923706055,0.0,0.0
2024-06-22 04:51:04.292000+00:00,58.29999923706055,0.0,0.0
2024-06-22 04:52:05.226000+00:00,58.29999923706055,0.0,0.0
2024-06-22 04:53:04.912000+00:00,58.220001220703125,0.0,0.0
2024-06-22 04:54:04.902000+00:00,58.20000076293945,0.0,0.0
2024-06-22 04:55:04.879000+00:00,58.20000076293945,0.0,0.0
2024-06-22 04:56:05.059000+00:00,58.20000076293945,0.0,0.0
2024-06-22 04:57:04.646000+00:00,58.20000076293945,0.0,0.0
2024-06-22 04:58:04.459000+00:00,58.20000076293945,0.0,0.0
2024-06-22 04:59:04.416000+00:00,58.20000076293945,0.0,0.0
2024-06-22 05:00:06.476000+00:00,58.09999847412109,0.0,0.0
2024-06-22 05:01:05.178000+00:00,58.09999847412109,0.0,0.0
2024-06-22 05:02:04.915000+00:00,58.09999847412109,0.0,0.0
2024-06-22 05:03:04.753000+00:00,58.09999847412109,0.0,0.0
2024-06-22 05:04:04.034000+00:00,58.09999847412109,0.0,0.0
2024-06-22 05:05:04.559000+00:00,58.09999847412109,0.0,0.0
2024-06-22 05:06:05.584000+00:00,58.09999847412109,0.0,0.0
2024-06-22 05:07:04.633000+00:00,58.09999847412109,0.0,0.0
2024-06-22 05:08:04.142000+00:00,58.0,0.0,0.0
2024-06-22 05:09:04.659000+00:00,58.0,0.0,0.0
2024-06-22 05:10:04.628000+00:00,58.0,0.0,0.0
2024-06-22 05:11:04.122000+00:00,58.0,0.0,0.0
2024-06-22 05:12:04.745000+00:00,58.0,0.0,0.0
2024-06-22 05:13:04.698000+00:00,58.060001373291016,0.0,0.0
2024-06-22 05:14:05.219000+00:00,58.040000915527344,0.0,0.0
2024-06-22 05:15:05.037000+00:00,58.04999923706055,0.0,0.0
2024-06-22 05:16:04.322000+00:00,58.09999847412109,0.0,0.0
2024-06-22 05:17:04.824000+00:00,58.09999847412109,0.0,0.0
2024-06-22 05:18:05.257000+00:00,58.09999847412109,0.0,0.0
2024-06-22 05:19:04.737000+00:00,58.09999847412109,0.0,0.0
2024-06-22 05:20:04.790000+00:00,58.0,0.0,0.0
2024-06-22 05:21:04.726000+00:00,56.18000030517578,0.0,0.0
2024-06-22 05:22:05.082000+00:00,56.70000076293945,0.0,0.0
2024-06-22 05:23:04.933000+00:00,57.2599983215332,0.0,0.0
2024-06-22 05:24:04.550000+00:00,57.70000076293945,0.0,0.0
2024-06-22 05:25:04.561000+00:00,58.0,0.0,0.0
2024-06-22 05:26:05.054000+00:00,58.20000076293945,0.0,0.0
2024-06-22 05:27:04.557000+00:00,58.400001525878906,0.0,0.0
2024-06-22 05:28:04.405000+00:00,58.59999847412109,0.0,0.0
2024-06-22 05:29:04.298000+00:00,58.70000076293945,0.0,0.0
2024-06-22 05:30:05.422000+00:00,58.70000076293945,0.0,0.0
2024-06-22 05:31:04.863000+00:00,58.79999923706055,0.0,0.0
2024-06-22 05:32:04.610000+00:00,58.79999923706055,0.0,0.0
2024-06-22 05:33:05.086000+00:00,58.70000076293945,0.0,0.0
2024-06-22 05:34:04.553000+00:00,58.59999847412109,0.0,0.0
2024-06-22 05:35:04.979000+00:00,58.5,0.0,0.0
2024-06-22 05:36:04.556000+00:00,58.400001525878906,0.0,0.0
2024-06-22 05:37:04.409000+00:00,58.400001525878906,0.0,0.0
2024-06-22 05:38:04.740000+00:00,58.29999923706055,0.0,0.0
2024-06-22 05:39:05.018000+00:00,58.20000076293945,0.0,0.0
2024-06-22 05:40:04.819000+00:00,58.15999984741211,0.0,0.0
2024-06-22 05:41:04.537000+00:00,58.09999847412109,0.0,0.0
2024-06-22 05:42:05.389000+00:00,57.91999816894531,0.0,0.0
2024-06-22 05:43:04.343000+00:00,58.0,0.0,0.0
2024-06-22 05:44:04.156000+00:00,57.900001525878906,0.0,0.0
2024-06-22 05:45:04.296000+00:00,57.900001525878906,0.0,0.0
2024-06-22 05:46:04.843000+00:00,57.79999923706055,0.0,0.0
2024-06-22 05:47:04.686000+00:00,57.79999923706055,0.0,0.0
2024-06-22 05:48:05.109000+00:00,57.79999923706055,0.0,0.0
2024-06-22 05:49:04.427000+00:00,57.79999923706055,0.0,0.0
2024-06-22 05:50:04.568000+00:00,57.79999923706055,0.0,0.0
2024-06-22 05:51:05.235000+00:00,57.900001525878906,0.0,0.0
2024-06-22 05:52:05.721000+00:00,57.900001525878906,0.0,0.0
2024-06-22 05:53:04.531000+00:00,57.91999816894531,0.0,0.0
2024-06-22 05:54:04.651000+00:00,58.0,0.0,0.0
2024-06-22 05:55:04.928000+00:00,58.09999847412109,0.0,0.0
2024-06-22 05:56:04.381000+00:00,58.09999847412109,0.0,0.0
2024-06-22 05:57:04.502000+00:00,58.119998931884766,0.0,0.0
2024-06-22 05:58:04.978000+00:00,58.20000076293945,0.0,0.0
2024-06-22 05:59:05+00:00,58.20000076293945,0.0,0.0
2024-06-22 06:00:06.860000+00:00,58.29999923706055,0.0,0.0
2024-06-22 06:01:04.877000+00:00,58.290000915527344,0.0,0.0
2024-06-22 06:02:05.103000+00:00,58.29999923706055,0.0,0.0
2024-06-22 06:03:04.715000+00:00,58.29999923706055,0.0,0.0
2024-06-22 06:04:04.124000+00:00,58.29999923706055,0.0,0.0
2024-06-22 06:05:04.898000+00:00,58.29999923706055,0.0,0.0
2024-06-22 06:06:05.239000+00:00,58.29999923706055,0.0,0.0
2024-06-22 06:07:04.856000+00:00,58.29999923706055,0.0,0.0
2024-06-22 06:08:04.534000+00:00,58.29999923706055,0.0,0.0
2024-06-22 06:09:04.091000+00:00,58.29999923706055,0.0,0.0
2024-06-22 06:10:04.678000+00:00,58.29999923706055,0.0,0.0
2024-06-22 06:11:04.138000+00:00,58.29999923706055,0.0,0.0
2024-06-22 06:12:05.221000+00:00,58.29999923706055,0.0,0.0
2024-06-22 06:13:04.868000+00:00,58.20000076293945,0.0,0.0
2024-06-22 06:14:04.895000+00:00,58.20000076293945,0.0,0.0
2024-06-22 06:15:05.110000+00:00,58.20000076293945,0.0,0.0
2024-06-22 06:16:04.289000+00:00,58.18000030517578,0.0,0.0
2024-06-22 06:17:04.730000+00:00,58.18999862670898,0.0,0.0
2024-06-22 06:18:04.824000+00:00,58.09999847412109,0.0,0.0
2024-06-22 06:19:04.868000+00:00,58.09999847412109,0.0,0.0
2024-06-22 06:20:04.417000+00:00,58.09999847412109,0.0,0.0
2024-06-22 06:21:04.556000+00:00,58.09000015258789,0.0,0.0
2024-06-22 06:22:04.510000+00:00,58.09999847412109,0.0,0.0
2024-06-22 06:23:04.935000+00:00,58.09999847412109,0.0,0.0
2024-06-22 06:24:04.977000+00:00,58.09999847412109,0.0,0.0
2024-06-22 06:25:05.008000+00:00,58.09999847412109,0.0,0.0
2024-06-22 06:26:04.831000+00:00,58.09999847412109,0.0,0.0
2024-06-22 06:27:04.904000+00:00,58.09999847412109,0.0,0.0
2024-06-22 06:28:05.165000+00:00,58.09999847412109,0.0,0.0
2024-06-22 06:29:04.720000+00:00,58.09999847412109,0.0,0.0
2024-06-22 06:30:04.716000+00:00,58.09999847412109,0.0,0.0
2024-06-22 06:31:04.492000+00:00,58.09999847412109,0.0,0.0
2024-06-22 06:32:04.797000+00:00,58.09999847412109,0.0,0.0
2024-06-22 06:33:04.528000+00:00,58.09999847412109,0.0,0.0
2024-06-22 06:34:04.228000+00:00,58.09999847412109,0.0,0.0
2024-06-22 06:35:04.881000+00:00,58.09999847412109,0.0,0.0
2024-06-22 06:36:04.232000+00:00,58.09999847412109,0.0,0.0
2024-06-22 06:37:05.015000+00:00,58.09999847412109,0.0,0.0
2024-06-22 06:38:05.101000+00:00,58.09999847412109,0.0,0.0
2024-06-22 06:39:04.961000+00:00,58.09999847412109,0.0,0.0
2024-06-22 06:40:04.381000+00:00,58.09999847412109,0.0,0.0
2024-06-22 06:41:04.603000+00:00,58.09999847412109,0.0,0.0
2024-06-22 06:42:05.069000+00:00,58.09999847412109,0.0,0.0
2024-06-22 06:43:04.195000+00:00,58.09999847412109,0.0,0.0
2024-06-22 06:44:04.761000+00:00,58.09999847412109,0.0,0.0
2024-06-22 06:45:05.201000+00:00,58.09999847412109,0.0,0.0
2024-06-22 06:46:05.038000+00:00,58.09999847412109,0.0,0.0
2024-06-22 06:47:04.595000+00:00,58.20000076293945,0.0,0.0
2024-06-22 06:48:05.044000+00:00,58.20000076293945,0.0,0.0
2024-06-22 06:49:04.893000+00:00,58.20000076293945,0.0,0.0
2024-06-22 06:50:04.911000+00:00,58.20000076293945,0.0,0.0
2024-06-22 06:51:04.833000+00:00,58.2400016784668,0.0,0.0
2024-06-22 06:52:05.153000+00:00,58.25,0.0,0.0
2024-06-22 06:53:04.564000+00:00,58.29999923706055,0.0,0.0
2024-06-22 06:54:04.900000+00:00,58.20000076293945,0.0,0.0
2024-06-22 06:55:04.893000+00:00,58.20000076293945,0.0,0.0
2024-06-22 06:56:04.539000+00:00,58.20000076293945,0.0,0.0
2024-06-22 06:57:04.299000+00:00,58.20000076293945,0.0,0.0
2024-06-22 06:58:04.457000+00:00,58.20000076293945,0.0,0.0
2024-06-22 06:59:04.629000+00:00,58.20000076293945,0.0,0.0
2024-06-22 07:00:05.661000+00:00,58.20000076293945,0.0,0.0
2024-06-22 07:01:04.854000+00:00,58.20000076293945,0.0,0.0
2024-06-22 07:02:04.648000+00:00,58.20000076293945,0.0,0.0
2024-06-22 07:03:05.165000+00:00,58.20000076293945,0.0,0.0
2024-06-22 07:04:04.483000+00:00,58.20000076293945,0.0,0.0
2024-06-22 07:05:05.265000+00:00,58.09999847412109,0.0,0.0
2024-06-22 07:06:05.301000+00:00,58.20000076293945,0.0,0.0
2024-06-22 07:07:04.818000+00:00,58.20000076293945,0.0,0.0
2024-06-22 07:08:04.734000+00:00,58.20000076293945,0.0,0.0
2024-06-22 07:09:05.130000+00:00,58.20000076293945,0.0,0.0
2024-06-22 07:10:04.569000+00:00,58.09999847412109,0.0,0.0
2024-06-22 07:11:04.489000+00:00,57.900001525878906,0.0,0.0
2024-06-22 07:12:05.257000+00:00,57.79999923706055,0.0,0.0
2024-06-22 07:13:04.750000+00:00,57.79999923706055,0.0,0.0
2024-06-22 07:14:04.845000+00:00,54.52000045776367,0.0,0.0
2024-06-22 07:15:05.057000+00:00,54.88999938964844,0.0,0.0
2024-06-22 07:16:04.681000+00:00,56.02999877929688,0.0,0.0
2024-06-22 07:17:05.099000+00:00,57.29999923706055,0.0,0.0
2024-06-22 07:18:04.632000+00:00,58.09999847412109,0.0,0.0
2024-06-22 07:19:04.707000+00:00,58.59999847412109,0.0,0.0
2024-06-22 07:20:04.743000+00:00,58.900001525878906,0.0,0.0
2024-06-22 07:21:04.529000+00:00,59.0,0.0,0.0
2024-06-22 07:22:03.834000+00:00,59.0,0.0,0.0
2024-06-22 07:23:04.609000+00:00,59.0,0.0,0.0
2024-06-22 07:24:04.888000+00:00,59.0,0.0,0.0
2024-06-22 07:25:04.673000+00:00,58.900001525878906,0.0,0.0
2024-06-22 07:26:05.017000+00:00,58.79999923706055,0.0,0.0
2024-06-22 07:27:04.743000+00:00,58.70000076293945,0.0,0.0
2024-06-22 07:28:04.300000+00:00,58.59999847412109,0.0,0.0
2024-06-22 07:29:04.422000+00:00,58.5,0.0,0.0
2024-06-22 07:30:04.801000+00:00,58.400001525878906,0.0,0.0
2024-06-22 07:31:04.057000+00:00,58.29999923706055,0.0,0.0
2024-06-22 07:32:04.732000+00:00,58.20000076293945,0.0,0.0
2024-06-22 07:33:04.379000+00:00,58.09999847412109,0.0,0.0
2024-06-22 07:34:03.809000+00:00,58.0,0.0,0.0
2024-06-22 07:35:04.496000+00:00,55.5099983215332,0.0,0.0
2024-06-22 07:36:04.581000+00:00,55.20000076293945,0.0,0.0
2024-06-22 07:37:04.828000+00:00,55.70000076293945,0.0,0.0
2024-06-22 07:38:04.738000+00:00,56.5,0.0,0.0
2024-06-22 07:39:05.541000+00:00,57.29999923706055,0.0,0.0
2024-06-22 07:40:04.685000+00:00,57.900001525878906,0.0,0.0
2024-06-22 07:41:04.928000+00:00,58.29999923706055,0.0,0.0
2024-06-22 07:42:05.238000+00:00,58.59999847412109,0.0,0.0
2024-06-22 07:43:04.578000+00:00,58.79999923706055,0.0,0.0
2024-06-22 07:44:04.315000+00:00,58.900001525878906,0.0,0.0
2024-06-22 07:45:04.550000+00:00,58.900001525878906,0.0,0.0
2024-06-22 07:46:04.320000+00:00,58.900001525878906,0.0,0.0
2024-06-22 07:47:04.135000+00:00,58.79999923706055,0.0,0.0
2024-06-22 07:48:04.899000+00:00,58.70000076293945,0.0,0.0
2024-06-22 07:49:04.484000+00:00,58.59999847412109,0.0,0.0
2024-06-22 07:50:04.407000+00:00,58.5,0.0,0.0
2024-06-22 07:51:04.698000+00:00,58.400001525878906,0.0,0.0
2024-06-22 07:52:04.750000+00:00,58.29999923706055,0.0,0.0
2024-06-22 07:53:04.519000+00:00,57.59999847412109,0.0,0.0
2024-06-22 07:54:04.780000+00:00,57.59000015258789,0.0,0.0
2024-06-22 07:55:05.397000+00:00,57.59999847412109,0.0,0.0
2024-06-22 07:56:04.654000+00:00,57.5,0.0,0.0
2024-06-22 07:57:04.545000+00:00,57.5,0.0,0.0
2024-06-22 07:58:04.922000+00:00,57.5,0.0,0.0
2024-06-22 07:59:04.565000+00:00,57.59999847412109,0.0,0.0
2024-06-22 08:00:07.503000+00:00,57.70000076293945,0.0,0.0
2024-06-22 08:01:05.072000+00:00,57.70000076293945,0.0,0.0
2024-06-22 08:02:04.890000+00:00,57.900001525878906,0.0,0.0
2024-06-22 08:03:04.976000+00:00,57.90999984741211,0.0,0.0
2024-06-22 08:04:04.389000+00:00,58.09999847412109,0.0,0.0
2024-06-22 08:05:05.056000+00:00,58.20000076293945,0.0,0.0
2024-06-22 08:06:05.360000+00:00,58.20000076293945,0.0,0.0
2024-06-22 08:07:04.373000+00:00,58.29999923706055,0.0,0.0
2024-06-22 08:08:04.489000+00:00,58.400001525878906,0.0,0.0
2024-06-22 08:09:04.585000+00:00,58.400001525878906,0.0,0.0
2024-06-22 08:10:05.019000+00:00,58.400001525878906,0.0,0.0
2024-06-22 08:11:04.427000+00:00,58.400001525878906,0.0,0.0
2024-06-22 08:12:04.877000+00:00,58.29999923706055,0.0,0.0
2024-06-22 08:13:05.254000+00:00,58.29999923706055,0.0,0.0
2024-06-22 08:14:04.751000+00:00,58.29999923706055,0.0,0.0
2024-06-22 08:15:04.795000+00:00,58.29999923706055,0.0,0.0
2024-06-22 08:16:04.713000+00:00,58.29999923706055,0.0,0.0
2024-06-22 08:17:04.934000+00:00,58.29999923706055,0.0,0.0
2024-06-22 08:18:04.715000+00:00,58.29999923706055,0.0,0.0
2024-06-22 08:19:04.614000+00:00,58.29999923706055,0.0,0.0
2024-06-22 08:20:04.608000+00:00,58.29999923706055,0.0,0.0
2024-06-22 08:21:04.497000+00:00,58.29999923706055,0.0,0.0
2024-06-22 08:22:04.738000+00:00,58.29999923706055,0.0,0.0
2024-06-22 08:23:04.606000+00:00,58.29999923706055,0.0,0.0
2024-06-22 08:24:04.969000+00:00,58.20000076293945,0.0,0.0
2024-06-22 08:25:04.958000+00:00,58.20000076293945,0.0,0.0
2024-06-22 08:26:04.776000+00:00,58.16999816894531,0.0,0.0
2024-06-22 08:27:04.905000+00:00,58.09999847412109,0.0,0.0
2024-06-22 08:28:04.803000+00:00,58.09999847412109,0.0,0.0
2024-06-22 08:29:04.527000+00:00,58.09999847412109,0.0,0.0
2024-06-22 08:30:04.836000+00:00,58.0,0.0,0.0
2024-06-22 08:31:04.199000+00:00,58.0,0.0,0.0
2024-06-22 08:32:04.621000+00:00,58.0,0.0,0.0
2024-06-22 08:33:04.758000+00:00,58.0,0.0,0.0
2024-06-22 08:34:04.226000+00:00,58.0,0.0,0.0
2024-06-22 08:35:04.735000+00:00,58.0,0.0,0.0
2024-06-22 08:36:04.621000+00:00,58.0,0.0,0.0
2024-06-22 08:37:04.321000+00:00,58.0,0.0,0.0
2024-06-22 08:38:04.387000+00:00,58.0,0.0,0.0
2024-06-22 08:39:05.636000+00:00,58.0,0.0,0.0
2024-06-22 08:40:04.629000+00:00,58.0,0.0,0.0
2024-06-22 08:41:04.385000+00:00,57.900001525878906,0.0,0.0
2024-06-22 08:42:05.177000+00:00,57.900001525878906,0.0,0.0
2024-06-22 08:43:04.426000+00:00,57.900001525878906,0.0,0.0
2024-06-22 08:44:04.661000+00:00,57.900001525878906,0.0,0.0
2024-06-22 08:45:04.985000+00:00,57.84000015258789,0.0,0.0
2024-06-22 08:46:04.478000+00:00,57.79999923706055,0.0,0.0
2024-06-22 08:47:04.193000+00:00,57.79999923706055,0.0,0.0
2024-06-22 08:48:04.540000+00:00,57.81999969482422,0.0,0.0
2024-06-22 08:49:04.182000+00:00,57.900001525878906,0.0,0.0
2024-06-22 08:50:04.728000+00:00,57.900001525878906,0.0,0.0
2024-06-22 08:51:04.532000+00:00,58.0,0.0,0.0
2024-06-22 08:52:05.305000+00:00,57.20000076293945,0.0,0.0
2024-06-22 08:53:04.538000+00:00,57.400001525878906,0.0,0.0
2024-06-22 08:54:04.861000+00:00,57.59999847412109,0.0,0.0
2024-06-22 08:55:05.237000+00:00,57.70000076293945,0.0,0.0
2024-06-22 08:56:05.039000+00:00,57.900001525878906,0.0,0.0
2024-06-22 08:57:04.264000+00:00,58.0,0.0,0.0
2024-06-22 08:58:05.073000+00:00,58.09999847412109,0.0,0.0
2024-06-22 08:59:04.545000+00:00,58.20000076293945,0.0,0.0
2024-06-22 09:00:06.286000+00:00,58.29999923706055,0.0,0.0
2024-06-22 09:01:04.623000+00:00,58.400001525878906,0.0,0.0
2024-06-22 09:02:04.988000+00:00,58.400001525878906,0.0,0.0
2024-06-22 09:03:05.043000+00:00,58.40999984741211,0.0,0.0
2024-06-22 09:04:04.543000+00:00,58.5,0.0,0.0
2024-06-22 09:05:04.733000+00:00,58.5,0.0,0.0
2024-06-22 09:06:05.492000+00:00,58.59999847412109,0.0,0.0
2024-06-22 09:07:04.465000+00:00,58.5,0.0,0.0
2024-06-22 09:08:04.705000+00:00,58.5,0.0,0.0
2024-06-22 09:09:04.483000+00:00,58.5,0.0,0.0
2024-06-22 09:10:04.520000+00:00,58.400001525878906,0.0,0.0
2024-06-22 09:11:04.661000+00:00,58.400001525878906,0.0,0.0
2024-06-22 09:12:04.460000+00:00,58.36000061035156,0.0,0.0
2024-06-22 09:13:04.976000+00:00,58.29999923706055,0.0,0.0
2024-06-22 09:14:04.717000+00:00,58.20000076293945,0.0,0.0
2024-06-22 09:15:05.086000+00:00,58.150001525878906,0.0,0.0
2024-06-22 09:16:04.281000+00:00,58.09999847412109,0.0,0.0
2024-06-22 09:17:04.728000+00:00,58.09999847412109,0.0,0.0
2024-06-22 09:18:05.236000+00:00,58.0,0.0,0.0
2024-06-22 09:19:04.747000+00:00,57.97999954223633,0.0,0.0
2024-06-22 09:20:04.883000+00:00,57.900001525878906,0.0,0.0
2024-06-22 09:21:04.811000+00:00,57.59999847412109,0.0,0.0
2024-06-22 09:22:05.101000+00:00,57.5,0.0,0.0
2024-06-22 09:23:04.550000+00:00,57.5,0.0,0.0
2024-06-22 09:24:04.730000+00:00,57.5,0.0,0.0
2024-06-22 09:25:04.877000+00:00,57.65999984741211,0.0,0.0
2024-06-22 09:26:05.427000+00:00,57.70000076293945,0.0,0.0
2024-06-22 09:27:04.425000+00:00,57.79999923706055,0.0,0.0
2024-06-22 09:28:04.694000+00:00,57.900001525878906,0.0,0.0
2024-06-22 09:29:04.614000+00:00,58.0,0.0,0.0
2024-06-22 09:30:04.769000+00:00,58.18999862670898,0.0,0.0
2024-06-22 09:31:04.674000+00:00,58.20000076293945,0.0,0.0
2024-06-22 09:32:04.822000+00:00,58.29999923706055,0.0,0.0
2024-06-22 09:33:04.751000+00:00,58.400001525878906,0.0,0.0
2024-06-22 09:34:04.357000+00:00,58.43999862670898,0.0,0.0
2024-06-22 09:35:04.046000+00:00,58.5,0.0,0.0
2024-06-22 09:36:04.345000+00:00,58.59999847412109,0.0,0.0
2024-06-22 09:37:04.235000+00:00,58.59999847412109,0.0,0.0
2024-06-22 09:38:04.613000+00:00,58.59999847412109,0.0,0.0
2024-06-22 09:39:04.880000+00:00,58.59999847412109,0.0,0.0
2024-06-22 09:40:04.928000+00:00,58.59999847412109,0.0,0.0
2024-06-22 09:41:04.291000+00:00,58.5099983215332,0.0,0.0
2024-06-22 09:42:04.849000+00:00,58.5,0.0,0.0
2024-06-22 09:43:04.570000+00:00,58.400001525878906,0.0,0.0
2024-06-22 09:44:03.867000+00:00,58.400001525878906,0.0,0.0
2024-06-22 09:45:04.652000+00:00,58.29999923706055,0.0,0.0
2024-06-22 09:46:04.641000+00:00,58.20000076293945,0.0,0.0
2024-06-22 09:47:04.335000+00:00,58.20000076293945,0.0,0.0
2024-06-22 09:48:05.042000+00:00,58.09999847412109,0.0,0.0
2024-06-22 09:49:04.107000+00:00,58.09999847412109,0.0,0.0
2024-06-22 09:50:04.465000+00:00,58.0,0.0,0.0
2024-06-22 09:51:04.535000+00:00,57.900001525878906,0.0,0.0
2024-06-22 09:52:05.083000+00:00,57.900001525878906,0.0,0.0
2024-06-22 09:53:04.605000+00:00,57.900001525878906,0.0,0.0
2024-06-22 09:54:04.323000+00:00,57.79999923706055,0.0,0.0
2024-06-22 09:55:04.608000+00:00,57.79999923706055,0.0,0.0
2024-06-22 09:56:05.194000+00:00,57.79999923706055,0.0,0.0
2024-06-22 09:57:04.434000+00:00,57.79999923706055,0.0,0.0
2024-06-22 09:58:04.496000+00:00,57.880001068115234,0.0,0.0
2024-06-22 09:59:04.381000+00:00,57.900001525878906,0.0,0.0
2024-06-22 10:00:07.151000+00:00,57.900001525878906,0.0,0.0
2024-06-22 10:01:05.125000+00:00,58.0,0.0,0.0
2024-06-22 10:02:04.734000+00:00,58.0,0.0,0.0
2024-06-22 10:03:04.377000+00:00,58.060001373291016,0.0,0.0
2024-06-22 10:04:04.764000+00:00,57.900001525878906,0.0,0.0
2024-06-22 10:05:04.421000+00:00,58.0,0.0,0.0
2024-06-22 10:06:05.392000+00:00,58.040000915527344,0.0,0.0
2024-06-22 10:07:04.507000+00:00,58.20000076293945,0.0,0.0
2024-06-22 10:08:04.739000+00:00,58.290000915527344,0.0,0.0
2024-06-22 10:09:04.422000+00:00,58.29999923706055,0.0,0.0
2024-06-22 10:10:04.065000+00:00,58.29999923706055,0.0,0.0
2024-06-22 10:11:04.664000+00:00,58.400001525878906,0.0,0.0
2024-06-22 10:12:04.967000+00:00,58.33000183105469,0.0,0.0
2024-06-22 10:13:05.256000+00:00,58.31999969482422,0.0,0.0
2024-06-22 10:14:04.428000+00:00,58.29999923706055,0.0,0.0
2024-06-22 10:15:04.747000+00:00,58.29999923706055,0.0,0.0
2024-06-22 10:16:04.731000+00:00,58.29999923706055,0.0,0.0
2024-06-22 10:17:04.707000+00:00,58.20000076293945,0.0,0.0
2024-06-22 10:18:04.998000+00:00,58.09999847412109,0.0,0.0
2024-06-22 10:19:04.398000+00:00,58.0,0.0,0.0
2024-06-22 10:20:04.751000+00:00,57.900001525878906,0.0,0.0
2024-06-22 10:21:04.868000+00:00,57.70000076293945,0.0,0.0
2024-06-22 10:22:04.614000+00:00,57.70000076293945,0.0,0.0
2024-06-22 10:23:04.727000+00:00,57.5,0.0,0.0
2024-06-22 10:24:04.972000+00:00,57.400001525878906,0.0,0.0
2024-06-22 10:25:04.426000+00:00,57.400001525878906,0.0,0.0
2024-06-22 10:26:04.918000+00:00,57.29999923706055,0.0,0.0
2024-06-22 10:27:04.439000+00:00,57.29999923706055,0.0,0.0
2024-06-22 10:28:04.780000+00:00,57.36000061035156,0.0,0.0
2024-06-22 10:29:04.376000+00:00,57.400001525878906,0.0,0.0
2024-06-22 10:30:04.890000+00:00,57.5,0.0,0.0
2024-06-22 10:31:04.842000+00:00,57.65999984741211,0.0,0.0
2024-06-22 10:32:04.376000+00:00,57.70000076293945,0.0,0.0
2024-06-22 10:33:04.257000+00:00,57.79999923706055,0.0,0.0
2024-06-22 10:34:04.574000+00:00,57.900001525878906,0.0,0.0
2024-06-22 10:35:05.030000+00:00,58.0,0.0,0.0
2024-06-22 10:36:04.562000+00:00,58.09999847412109,0.0,0.0
2024-06-22 10:37:04.243000+00:00,58.20000076293945,0.0,0.0
2024-06-22 10:38:04.916000+00:00,58.20000076293945,0.0,0.0
2024-06-22 10:39:05.281000+00:00,58.29999923706055,0.0,0.0
2024-06-22 10:40:04.539000+00:00,58.29999923706055,0.0,0.0
2024-06-22 10:41:04.107000+00:00,58.400001525878906,0.0,0.0
2024-06-22 10:42:05.149000+00:00,58.5,0.0,0.0
2024-06-22 10:43:05.212000+00:00,58.59999847412109,0.0,0.0
2024-06-22 10:44:05.066000+00:00,58.68999862670898,0.0,0.0
2024-06-22 10:45:04.829000+00:00,58.79999923706055,0.0,0.0
2024-06-22 10:46:04.443000+00:00,58.77000045776367,0.0,0.0
2024-06-22 10:47:04.133000+00:00,58.79999923706055,0.0,0.0
2024-06-22 10:48:04.967000+00:00,58.79999923706055,0.0,0.0
2024-06-22 10:49:04.343000+00:00,58.70000076293945,0.0,0.0
2024-06-22 10:50:04.393000+00:00,58.70000076293945,0.0,0.0
2024-06-22 10:51:04.655000+00:00,58.70000076293945,0.0,0.0
2024-06-22 10:52:04.593000+00:00,58.59999847412109,0.0,0.0
2024-06-22 10:53:04.085000+00:00,58.59999847412109,0.0,0.0
2024-06-22 10:54:04.744000+00:00,58.5099983215332,0.0,0.0
2024-06-22 10:55:04.088000+00:00,58.5,0.0,0.0
2024-06-22 10:56:04.609000+00:00,58.5,0.0,0.0
2024-06-22 10:57:04.789000+00:00,58.560001373291016,0.0,0.0
2024-06-22 10:58:04.823000+00:00,58.59999847412109,0.0,0.0
2024-06-22 10:59:04.266000+00:00,58.70000076293945,0.0,0.0
2024-06-22 11:00:06.646000+00:00,58.70000076293945,0.0,0.0
2024-06-22 11:01:04.644000+00:00,58.70000076293945,0.0,0.0
2024-06-22 11:02:04.471000+00:00,58.630001068115234,0.0,0.0
2024-06-22 11:03:04.253000+00:00,58.59999847412109,0.0,0.0
2024-06-22 11:04:04.650000+00:00,58.59999847412109,0.0,0.0
2024-06-22 11:05:04.757000+00:00,58.560001373291016,0.0,0.0
2024-06-22 11:06:05.395000+00:00,58.5,0.0,0.0
2024-06-22 11:07:04.779000+00:00,58.400001525878906,0.0,0.0
2024-06-22 11:08:04.745000+00:00,58.400001525878906,0.0,0.0
2024-06-22 11:09:05.054000+00:00,58.29999923706055,0.0,0.0
2024-06-22 11:10:04.904000+00:00,58.0,0.0,0.0
2024-06-22 11:11:04.511000+00:00,57.900001525878906,0.0,0.0
2024-06-22 11:12:04.918000+00:00,57.79999923706055,0.0,0.0
2024-06-22 11:13:04.713000+00:00,57.70000076293945,0.0,0.0
2024-06-22 11:14:05.055000+00:00,57.70000076293945,0.0,0.0
2024-06-22 11:15:04.804000+00:00,57.709999084472656,0.0,0.0
2024-06-22 11:16:04.267000+00:00,57.880001068115234,0.0,0.0
2024-06-22 11:17:04.818000+00:00,58.0,0.0,0.0
2024-06-22 11:18:04.672000+00:00,58.20000076293945,0.0,0.0
2024-06-22 11:19:04.796000+00:00,58.400001525878906,0.0,0.0
2024-06-22 11:20:04.390000+00:00,58.59999847412109,0.0,0.0
2024-06-22 11:21:04.581000+00:00,58.70000076293945,0.0,0.0
2024-06-22 11:22:04.670000+00:00,58.79999923706055,0.0,0.0
2024-06-22 11:23:05.111000+00:00,58.900001525878906,0.0,0.0
2024-06-22 11:24:05+00:00,58.900001525878906,0.0,0.0
2024-06-22 11:25:04.281000+00:00,58.900001525878906,0.0,0.0
2024-06-22 11:26:05.138000+00:00,58.900001525878906,0.0,0.0
2024-06-22 11:27:04.707000+00:00,58.900001525878906,0.0,0.0
2024-06-22 11:28:05.115000+00:00,58.900001525878906,0.0,0.0
2024-06-22 11:29:04.534000+00:00,58.79999923706055,0.0,0.0
2024-06-22 11:30:05.083000+00:00,58.79999923706055,0.0,0.0
2024-06-22 11:31:04.840000+00:00,58.70000076293945,0.0,0.0
2024-06-22 11:32:04.728000+00:00,58.59999847412109,0.0,0.0
2024-06-22 11:33:04.977000+00:00,58.59999847412109,0.0,0.0
2024-06-22 11:34:04.843000+00:00,58.470001220703125,0.0,0.0
2024-06-22 11:35:05.494000+00:00,58.400001525878906,0.0,0.0
2024-06-22 11:36:05.095000+00:00,58.400001525878906,0.0,0.0
2024-06-22 11:37:04.568000+00:00,58.29999923706055,0.0,0.0
2024-06-22 11:38:04.963000+00:00,58.20000076293945,0.0,0.0
2024-06-22 11:39:04.827000+00:00,58.20000076293945,0.0,0.0
2024-06-22 11:40:05.304000+00:00,58.20000076293945,0.0,0.0
2024-06-22 11:41:05.121000+00:00,58.09999847412109,0.0,0.0
2024-06-22 11:42:04.793000+00:00,58.09999847412109,0.0,0.0
2024-06-22 11:43:04.484000+00:00,58.09999847412109,0.0,0.0
2024-06-22 11:44:04.680000+00:00,58.0,0.0,0.0
2024-06-22 11:45:04.300000+00:00,58.0,0.0,0.0
2024-06-22 11:46:04.985000+00:00,58.060001373291016,0.0,0.0
2024-06-22 11:47:04.448000+00:00,58.09999847412109,0.0,0.0
2024-06-22 11:48:04.565000+00:00,58.09999847412109,0.0,0.0
2024-06-22 11:49:04.321000+00:00,58.18999862670898,0.0,0.0
2024-06-22 11:50:04.593000+00:00,58.20000076293945,0.0,0.0
2024-06-22 11:51:04.487000+00:00,57.2400016784668,0.0,0.0
2024-06-22 11:52:04.687000+00:00,55.9900016784668,0.0,0.0
2024-06-22 11:53:04.140000+00:00,56.70000076293945,0.0,0.0
2024-06-22 11:54:04.704000+00:00,57.5,0.0,0.0
2024-06-22 11:55:04.654000+00:00,58.16999816894531,0.0,0.0
2024-06-22 11:56:05.087000+00:00,57.38999938964844,0.0,0.0
2024-06-22 11:57:05.002000+00:00,57.70000076293945,0.0,0.0
2024-06-22 11:58:04.609000+00:00,57.400001525878906,0.0,0.0
2024-06-22 11:59:05.049000+00:00,57.900001525878906,0.0,0.0
2024-06-22 12:00:06.819000+00:00,58.400001525878906,0.0,0.0
2024-06-22 12:01:04.751000+00:00,58.900001525878906,0.0,0.0
2024-06-22 12:02:04.455000+00:00,59.20000076293945,0.0,0.0
2024-06-22 12:03:04.676000+00:00,59.400001525878906,0.0,0.0
2024-06-22 12:04:04.092000+00:00,59.5,0.0,0.0
2024-06-22 12:05:04.394000+00:00,59.59999847412109,0.0,0.0
2024-06-22 12:06:05.385000+00:00,59.59999847412109,0.0,0.0
2024-06-22 12:07:04.676000+00:00,59.59999847412109,0.0,0.0
2024-06-22 12:08:04.758000+00:00,59.59000015258789,0.0,0.0
2024-06-22 12:09:04.387000+00:00,59.400001525878906,0.0,0.0
2024-06-22 12:10:04.627000+00:00,59.38999938964844,0.0,0.0
2024-06-22 12:11:04.288000+00:00,59.20000076293945,0.0,0.0
2024-06-22 12:12:04.181000+00:00,59.09999847412109,0.0,0.0
2024-06-22 12:13:04.778000+00:00,59.0,0.0,0.0
2024-06-22 12:14:04.359000+00:00,58.79999923706055,0.0,0.0
2024-06-22 12:15:04.334000+00:00,58.70000076293945,0.0,0.0
2024-06-22 12:16:04.776000+00:00,58.59999847412109,0.0,0.0
2024-06-22 12:17:04.768000+00:00,58.400001525878906,0.0,0.0
2024-06-22 12:18:04.442000+00:00,58.29999923706055,0.0,0.0
2024-06-22 12:19:04.588000+00:00,58.20000076293945,0.0,0.0
2024-06-22 12:20:05.086000+00:00,58.09999847412109,0.0,0.0
2024-06-22 12:21:04.541000+00:00,55.09999847412109,0.0,0.0
2024-06-22 12:22:04.870000+00:00,54.34000015258789,0.0,0.0
2024-06-22 12:23:04.713000+00:00,55.27999877929688,0.0,0.0
2024-06-22 12:24:04.551000+00:00,56.29999923706055,0.0,0.0
2024-06-22 12:25:05.138000+00:00,54.70000076293945,0.0,0.0
2024-06-22 12:26:04.776000+00:00,55.75,0.0,0.0
2024-06-22 12:27:04.816000+00:00,57.29999923706055,0.0,0.0
2024-06-22 12:28:05.088000+00:00,58.31999969482422,0.0,0.0
2024-06-22 12:29:04.337000+00:00,59.0,0.0,0.0
2024-06-22 12:30:05.095000+00:00,59.400001525878906,0.0,0.0
2024-06-22 12:31:04.263000+00:00,58.70000076293945,0.0,0.0
2024-06-22 12:32:04.448000+00:00,58.79999923706055,0.0,0.0
2024-06-22 12:33:04.893000+00:00,59.0,0.0,0.0
2024-06-22 12:34:04.528000+00:00,59.20000076293945,0.0,0.0
2024-06-22 12:35:04.366000+00:00,59.20000076293945,0.0,0.0
2024-06-22 12:36:04.351000+00:00,59.20000076293945,0.0,0.0
2024-06-22 12:37:04.476000+00:00,58.900001525878906,0.0,0.0
2024-06-22 12:38:05.008000+00:00,58.900001525878906,0.0,0.0
2024-06-22 12:39:04.838000+00:00,58.79999923706055,0.0,0.0
2024-06-22 12:40:05.040000+00:00,58.790000915527344,0.0,0.0
2024-06-22 12:41:04.425000+00:00,58.650001525878906,0.0,0.0
2024-06-22 12:42:04.645000+00:00,58.59999847412109,0.0,0.0
2024-06-22 12:43:04.842000+00:00,58.5,0.0,0.0
2024-06-22 12:44:04.768000+00:00,58.400001525878906,0.0,0.0
2024-06-22 12:45:04.329000+00:00,58.400001525878906,0.0,0.0
2024-06-22 12:46:04.453000+00:00,58.36000061035156,0.0,0.0
2024-06-22 12:47:04.891000+00:00,58.29999923706055,0.0,0.0
2024-06-22 12:48:04.647000+00:00,58.29999923706055,0.0,0.0
2024-06-22 12:49:05.203000+00:00,58.20000076293945,0.0,0.0
2024-06-22 12:50:04.772000+00:00,58.20000076293945,0.0,0.0
2024-06-22 12:51:04.332000+00:00,58.20000076293945,0.0,0.0
2024-06-22 12:52:06.313000+00:00,58.20000076293945,0.0,0.0
2024-06-22 12:53:04.740000+00:00,58.20000076293945,0.0,0.0
2024-06-22 12:54:04.414000+00:00,58.20000076293945,0.0,0.0
2024-06-22 12:55:04.630000+00:00,58.09999847412109,0.0,0.0
2024-06-22 12:56:04.567000+00:00,58.11000061035156,0.0,0.0
2024-06-22 12:57:04.222000+00:00,58.20000076293945,0.0,0.0
2024-06-22 12:58:04.641000+00:00,58.18999862670898,0.0,0.0
2024-06-22 12:59:04.465000+00:00,58.20000076293945,0.0,0.0
2024-06-22 13:00:07.446000+00:00,58.20000076293945,0.0,0.0
2024-06-22 13:01:04.922000+00:00,58.29999923706055,0.0,0.0
2024-06-22 13:02:04.190000+00:00,58.29999923706055,0.0,0.0
2024-06-22 13:03:04.600000+00:00,58.400001525878906,0.0,0.0
2024-06-22 13:04:04.886000+00:00,58.400001525878906,0.0,0.0
2024-06-22 13:05:04.530000+00:00,58.400001525878906,0.0,0.0
2024-06-22 13:06:05.985000+00:00,58.5,0.0,0.0
2024-06-22 13:07:05.934000+00:00,58.5,0.0,0.0
2024-06-22 13:08:04.311000+00:00,58.59999847412109,0.0,0.0
2024-06-22 13:09:04.454000+00:00,58.59999847412109,0.0,0.0
2024-06-22 13:10:04.534000+00:00,58.59999847412109,0.0,0.0
2024-06-22 13:11:04.774000+00:00,58.59999847412109,0.0,0.0
2024-06-22 13:12:04.654000+00:00,58.59999847412109,0.0,0.0
2024-06-22 13:13:05.393000+00:00,58.59999847412109,0.0,0.0
2024-06-22 13:14:04.664000+00:00,58.59999847412109,0.0,0.0
2024-06-22 13:15:04.430000+00:00,58.59999847412109,0.0,0.0
2024-06-22 13:16:04.631000+00:00,58.5,0.0,0.0
2024-06-22 13:17:04.961000+00:00,58.400001525878906,0.0,0.0
2024-06-22 13:18:04.619000+00:00,58.400001525878906,0.0,0.0
2024-06-22 13:19:04.603000+00:00,58.29999923706055,0.0,0.0
2024-06-22 13:20:04.895000+00:00,58.20000076293945,0.0,0.0
2024-06-22 13:21:04.241000+00:00,58.20000076293945,0.0,0.0
2024-06-22 13:22:05.874000+00:00,58.130001068115234,0.0,0.0
2024-06-22 13:23:04.124000+00:00,58.09999847412109,0.0,0.0
2024-06-22 13:24:05.088000+00:00,58.040000915527344,0.0,0.0
2024-06-22 13:25:04.086000+00:00,58.0,0.0,0.0
2024-06-22 13:26:05.305000+00:00,57.900001525878906,0.0,0.0
2024-06-22 13:27:04.091000+00:00,57.900001525878906,0.0,0.0
2024-06-22 13:28:04.795000+00:00,57.79999923706055,0.0,0.0
2024-06-22 13:29:04.862000+00:00,57.79999923706055,0.0,0.0
2024-06-22 13:30:05.131000+00:00,57.79999923706055,0.0,0.0
2024-06-22 13:31:04.472000+00:00,57.79999923706055,0.0,0.0
2024-06-22 13:32:04.370000+00:00,57.900001525878906,0.0,0.0
2024-06-22 13:33:04.295000+00:00,57.93000030517578,0.0,0.0
2024-06-22 13:34:04.493000+00:00,58.0,0.0,0.0
2024-06-22 13:35:04.932000+00:00,58.0099983215332,0.0,0.0
2024-06-22 13:36:04.335000+00:00,58.09999847412109,0.0,0.0
2024-06-22 13:37:05.589000+00:00,58.18999862670898,0.0,0.0
2024-06-22 13:38:04.170000+00:00,58.09999847412109,0.0,0.0
2024-06-22 13:39:05.289000+00:00,58.18000030517578,0.0,0.0
2024-06-22 13:40:04.481000+00:00,58.09999847412109,0.0,0.0
2024-06-22 13:41:04.493000+00:00,58.09999847412109,0.0,0.0
2024-06-22 13:42:05.048000+00:00,58.20000076293945,0.0,0.0
2024-06-22 13:43:04.616000+00:00,58.20000076293945,0.0,0.0
2024-06-22 13:44:04.861000+00:00,58.29999923706055,0.0,0.0
2024-06-22 13:45:04.168000+00:00,58.369998931884766,0.0,0.0
2024-06-22 13:46:04.245000+00:00,58.400001525878906,0.0,0.0
2024-06-22 13:47:04.376000+00:00,58.5,0.0,0.0
2024-06-22 13:48:04.672000+00:00,58.5,0.0,0.0
2024-06-22 13:49:04.805000+00:00,58.52000045776367,0.0,0.0
2024-06-22 13:50:04.779000+00:00,58.59999847412109,0.0,0.0
2024-06-22 13:51:03.964000+00:00,58.59999847412109,0.0,0.0
2024-06-22 13:52:04.660000+00:00,58.70000076293945,0.0,0.0
2024-06-22 13:53:04.994000+00:00,58.79999923706055,0.0,0.0
2024-06-22 13:54:04.642000+00:00,58.79999923706055,0.0,0.0
2024-06-22 13:55:04.765000+00:00,58.88999938964844,0.0,0.0
2024-06-22 13:56:05.168000+00:00,58.79999923706055,0.0,0.0
2024-06-22 13:57:04.523000+00:00,58.79999923706055,0.0,0.0
2024-06-22 13:58:05.017000+00:00,58.79999923706055,0.0,0.0
2024-06-22 13:59:04.830000+00:00,58.709999084472656,0.0,0.0
2024-06-22 14:00:06.909000+00:00,58.59999847412109,0.0,0.0
2024-06-22 14:01:04.835000+00:00,58.400001525878906,0.0,0.0
2024-06-22 14:02:04.793000+00:00,58.29999923706055,0.0,0.0
2024-06-22 14:03:04.511000+00:00,58.20000076293945,0.0,0.0
2024-06-22 14:04:04.262000+00:00,58.09999847412109,0.0,0.0
2024-06-22 14:05:04.948000+00:00,58.0,0.0,0.0
2024-06-22 14:06:04.809000+00:00,57.900001525878906,0.0,0.0
2024-06-22 14:07:03.763000+00:00,57.900001525878906,0.0,0.0
2024-06-22 14:08:04.494000+00:00,57.79999923706055,0.0,0.0
2024-06-22 14:09:03.845000+00:00,57.79999923706055,0.0,0.0
2024-06-22 14:10:05.157000+00:00,57.79999923706055,0.0,0.0
2024-06-22 14:11:04.578000+00:00,57.869998931884766,0.0,0.0
2024-06-22 14:12:04.683000+00:00,57.900001525878906,0.0,0.0
2024-06-22 14:13:05.746000+00:00,58.0,0.0,0.0
2024-06-22 14:14:04.702000+00:00,58.09999847412109,0.0,0.0
2024-06-22 14:15:04.896000+00:00,58.20000076293945,0.0,0.0
2024-06-22 14:16:04.505000+00:00,58.22999954223633,0.0,0.0
2024-06-22 14:17:05.031000+00:00,58.400001525878906,0.0,0.0
2024-06-22 14:18:03.924000+00:00,58.70000076293945,0.0,0.0
2024-06-22 14:19:03.955000+00:00,58.88999938964844,0.0,0.0
2024-06-22 14:20:04.423000+00:00,58.900001525878906,0.0,0.0
2024-06-22 14:21:04.682000+00:00,59.0,0.0,0.0
2024-06-22 14:22:04.430000+00:00,59.09999847412109,0.0,0.0
2024-06-22 14:23:05.232000+00:00,59.0,0.0,0.0
2024-06-22 14:24:04.773000+00:00,59.0,0.0,0.0
2024-06-22 14:25:04.683000+00:00,58.90999984741211,0.0,0.0
2024-06-22 14:26:04.853000+00:00,58.900001525878906,0.0,0.0
2024-06-22 14:27:04.270000+00:00,58.61000061035156,0.0,0.0
2024-06-22 14:28:05.046000+00:00,58.5,0.0,0.0
2024-06-22 14:29:04.301000+00:00,58.400001525878906,0.0,0.0
2024-06-22 14:30:04.823000+00:00,58.31999969482422,0.0,0.0
2024-06-22 14:31:04.213000+00:00,58.29999923706055,0.0,0.0
2024-06-22 14:32:04.586000+00:00,58.20000076293945,0.0,0.0
2024-06-22 14:33:04.873000+00:00,58.09999847412109,0.0,0.0
2024-06-22 14:34:04.471000+00:00,58.09999847412109,0.0,0.0
2024-06-22 14:35:04.697000+00:00,58.09999847412109,0.0,0.0
2024-06-22 14:36:04.653000+00:00,58.04999923706055,0.0,0.0
2024-06-22 14:37:03.975000+00:00,58.0,0.0,0.0
2024-06-22 14:38:04.681000+00:00,58.0,0.0,0.0
2024-06-22 14:39:04.846000+00:00,57.900001525878906,0.0,0.0
2024-06-22 14:40:05.219000+00:00,57.900001525878906,0.0,0.0
2024-06-22 14:41:04.763000+00:00,58.0,0.0,0.0
2024-06-22 14:42:05.241000+00:00,57.90999984741211,0.0,0.0
2024-06-22 14:43:04.365000+00:00,58.0,0.0,0.0
2024-06-22 14:44:04.360000+00:00,58.08000183105469,0.0,0.0
2024-06-22 14:45:04.655000+00:00,58.09999847412109,0.0,0.0
2024-06-22 14:46:04.397000+00:00,58.09999847412109,0.0,0.0
2024-06-22 14:47:04.062000+00:00,58.20000076293945,0.0,0.0
2024-06-22 14:48:05.018000+00:00,58.20000076293945,0.0,0.0
2024-06-22 14:49:04.458000+00:00,58.29999923706055,0.0,0.0
2024-06-22 14:50:05.134000+00:00,58.38999938964844,0.0,0.0
2024-06-22 14:51:04.737000+00:00,58.400001525878906,0.0,0.0
2024-06-22 14:52:05.100000+00:00,58.400001525878906,0.0,0.0
2024-06-22 14:53:04.312000+00:00,58.400001525878906,0.0,0.0
2024-06-22 14:54:05.199000+00:00,58.5,0.0,0.0
2024-06-22 14:55:04.628000+00:00,58.59999847412109,0.0,0.0
2024-06-22 14:56:04.400000+00:00,58.59999847412109,0.0,0.0
2024-06-22 14:57:04.503000+00:00,58.59999847412109,0.0,0.0
2024-06-22 14:58:04.722000+00:00,58.68999862670898,0.0,0.0
2024-06-22 14:59:04.297000+00:00,58.70000076293945,0.0,0.0
2024-06-22 15:00:07.525000+00:00,58.619998931884766,0.0,0.0
2024-06-22 15:01:04.489000+00:00,58.70000076293945,0.0,0.0
2024-06-22 15:02:04.632000+00:00,58.59999847412109,0.0,0.0
2024-06-22 15:03:04.767000+00:00,58.59999847412109,0.0,0.0
2024-06-22 15:04:05.175000+00:00,54.209999084472656,0.0,0.0
2024-06-22 15:05:04.857000+00:00,49.2400016784668,0.0,0.0
2024-06-22 15:06:05.272000+00:00,53.88999938964844,0.0,0.0
2024-06-22 15:07:04.428000+00:00,57.400001525878906,0.0,0.0
2024-06-22 15:08:04.377000+00:00,59.20000076293945,0.0,0.0
2024-06-22 15:09:04.681000+00:00,59.900001525878906,0.0,0.0
2024-06-22 15:10:04.858000+00:00,60.20000076293945,0.0,0.0
2024-06-22 15:11:04.409000+00:00,60.29999923706055,0.0,0.0
2024-06-22 15:12:04.975000+00:00,60.20000076293945,0.0,0.0
2024-06-22 15:13:05.163000+00:00,60.09999847412109,0.0,0.0
2024-06-22 15:14:04.774000+00:00,59.900001525878906,0.0,0.0
2024-06-22 15:15:05.028000+00:00,59.70000076293945,0.0,0.0
2024-06-22 15:16:04.822000+00:00,59.5,0.0,0.0
2024-06-22 15:17:04.788000+00:00,59.20000076293945,0.0,0.0
2024-06-22 15:18:04.567000+00:00,59.0,0.0,0.0
2024-06-22 15:19:04.886000+00:00,58.810001373291016,0.0,0.0
2024-06-22 15:20:04.945000+00:00,58.650001525878906,0.0,0.0
2024-06-22 15:21:04.799000+00:00,58.400001525878906,0.0,0.0
2024-06-22 15:22:04.728000+00:00,58.20000076293945,0.0,0.0
2024-06-22 15:23:04.578000+00:00,58.09999847412109,0.0,0.0
2024-06-22 15:24:04.588000+00:00,57.900001525878906,0.0,0.0
2024-06-22 15:25:04.403000+00:00,57.79999923706055,0.0,0.0
2024-06-22 15:26:05.203000+00:00,57.70000076293945,0.0,0.0
2024-06-22 15:27:04.545000+00:00,57.400001525878906,0.0,0.0
2024-06-22 15:28:05.036000+00:00,57.400001525878906,0.0,0.0
2024-06-22 15:29:04.934000+00:00,57.5,0.0,0.0
2024-06-22 15:30:04.981000+00:00,57.59999847412109,0.0,0.0
2024-06-22 15:31:04.574000+00:00,57.70000076293945,0.0,0.0
2024-06-22 15:32:04.897000+00:00,57.900001525878906,0.0,0.0
2024-06-22 15:33:04.039000+00:00,58.0,0.0,0.0
2024-06-22 15:34:04.249000+00:00,58.20000076293945,0.0,0.0
2024-06-22 15:35:05.014000+00:00,58.29999923706055,0.0,0.0
2024-06-22 15:36:04.923000+00:00,58.400001525878906,0.0,0.0
2024-06-22 15:37:03.928000+00:00,58.59999847412109,0.0,0.0
2024-06-22 15:38:04.570000+00:00,58.70000076293945,0.0,0.0
2024-06-22 15:39:04.589000+00:00,58.79999923706055,0.0,0.0
2024-06-22 15:40:05.022000+00:00,58.79999923706055,0.0,0.0
2024-06-22 15:41:04.362000+00:00,58.79999923706055,0.0,0.0
2024-06-22 15:42:04.970000+00:00,58.79999923706055,0.0,0.0
2024-06-22 15:43:04.590000+00:00,58.79999923706055,0.0,0.0
2024-06-22 15:44:04.463000+00:00,58.79999923706055,0.0,0.0
2024-06-22 15:45:04.500000+00:00,58.709999084472656,0.0,0.0
2024-06-22 15:46:04.837000+00:00,58.70000076293945,0.0,0.0
2024-06-22 15:47:04.324000+00:00,58.59999847412109,0.0,0.0
2024-06-22 15:48:04.691000+00:00,58.5,0.0,0.0
2024-06-22 15:49:04.588000+00:00,58.400001525878906,0.0,0.0
2024-06-22 15:50:04.831000+00:00,58.400001525878906,0.0,0.0
2024-06-22 15:51:03.727000+00:00,58.29999923706055,0.0,0.0
2024-06-22 15:52:04.775000+00:00,58.29999923706055,0.0,0.0
2024-06-22 15:53:04.964000+00:00,58.20000076293945,0.0,0.0
2024-06-22 15:54:04.745000+00:00,58.20000076293945,0.0,0.0
2024-06-22 15:55:04.390000+00:00,58.20000076293945,0.0,0.0
2024-06-22 15:56:04.523000+00:00,58.20000076293945,0.0,0.0
2024-06-22 15:57:04.681000+00:00,58.18000030517578,0.0,0.0
2024-06-22 15:58:04.168000+00:00,58.20000076293945,0.0,0.0
2024-06-22 15:59:04.715000+00:00,58.20000076293945,0.0,0.0
2024-06-22 16:00:06.281000+00:00,58.20000076293945,0.0,0.0
2024-06-22 16:01:04.909000+00:00,58.20000076293945,0.0,0.0
2024-06-22 16:02:04.708000+00:00,58.20000076293945,0.0,0.0
2024-06-22 16:03:04.656000+00:00,58.20000076293945,0.0,0.0
2024-06-22 16:04:04.922000+00:00,58.20000076293945,0.0,0.0
2024-06-22 16:05:05.172000+00:00,58.20000076293945,0.0,0.0
2024-06-22 16:06:05.057000+00:00,58.2599983215332,0.0,0.0
2024-06-22 16:07:04.018000+00:00,58.310001373291016,0.0,0.0
2024-06-22 16:08:04.764000+00:00,58.400001525878906,0.0,0.0
2024-06-22 16:09:04.820000+00:00,58.400001525878906,0.0,0.0
2024-06-22 16:10:04.747000+00:00,58.400001525878906,0.0,0.0
2024-06-22 16:11:04.503000+00:00,58.5,0.0,0.0
2024-06-22 16:12:04.885000+00:00,58.5,0.0,0.0
2024-06-22 16:13:04.780000+00:00,58.5,0.0,0.0
2024-06-22 16:14:04.897000+00:00,58.59999847412109,0.0,0.0
2024-06-22 16:15:04.740000+00:00,58.59999847412109,0.0,0.0
2024-06-22 16:16:03.813000+00:00,58.59999847412109,0.0,0.0
2024-06-22 16:17:04.541000+00:00,58.59999847412109,0.0,0.0
2024-06-22 16:18:04.994000+00:00,58.59999847412109,0.0,0.0
2024-06-22 16:19:04.184000+00:00,58.59999847412109,0.0,0.0
2024-06-22 16:20:05.422000+00:00,57.70000076293945,0.0,0.0
2024-06-22 16:21:04.793000+00:00,57.84000015258789,0.0,0.0
2024-06-22 16:22:04.605000+00:00,58.0,0.0,0.0
2024-06-22 16:23:04.518000+00:00,58.0,0.0,0.0
2024-06-22 16:24:05.217000+00:00,58.02000045776367,0.0,0.0
2024-06-22 16:25:04.681000+00:00,58.09999847412109,0.0,0.0
2024-06-22 16:26:05.266000+00:00,58.09999847412109,0.0,0.0
2024-06-22 16:27:04.567000+00:00,58.20000076293945,0.0,0.0
2024-06-22 16:28:05.107000+00:00,58.290000915527344,0.0,0.0
2024-06-22 16:29:04.031000+00:00,58.29999923706055,0.0,0.0
2024-06-22 16:30:04.463000+00:00,58.400001525878906,0.0,0.0
2024-06-22 16:31:04.743000+00:00,58.400001525878906,0.0,0.0
2024-06-22 16:32:04.913000+00:00,58.470001220703125,0.0,0.0
2024-06-22 16:33:04.659000+00:00,58.5,0.0,0.0
2024-06-22 16:34:03.843000+00:00,58.5,0.0,0.0
2024-06-22 16:35:04.736000+00:00,58.5,0.0,0.0
2024-06-22 16:36:04.730000+00:00,58.59999847412109,0.0,0.0
2024-06-22 16:37:04.589000+00:00,58.59999847412109,0.0,0.0
2024-06-22 16:38:04.745000+00:00,58.59999847412109,0.0,0.0
2024-06-22 16:39:05.298000+00:00,58.59999847412109,0.0,0.0
2024-06-22 16:40:04.720000+00:00,58.59999847412109,0.0,0.0
2024-06-22 16:41:04.656000+00:00,58.59999847412109,0.0,0.0
2024-06-22 16:42:05.061000+00:00,58.59999847412109,0.0,0.0
2024-06-22 16:43:04.719000+00:00,58.5099983215332,0.0,0.0
2024-06-22 16:44:04.292000+00:00,58.59999847412109,0.0,0.0
2024-06-22 16:45:04.237000+00:00,58.5,0.0,0.0
2024-06-22 16:46:04.844000+00:00,58.400001525878906,0.0,0.0
2024-06-22 16:47:04.044000+00:00,58.29999923706055,0.0,0.0
2024-06-22 16:48:04.576000+00:00,58.29999923706055,0.0,0.0
2024-06-22 16:49:04.990000+00:00,58.29999923706055,0.0,0.0
2024-06-22 16:50:04.906000+00:00,58.29999923706055,0.0,0.0
2024-06-22 16:51:03.990000+00:00,58.20000076293945,0.0,0.0
2024-06-22 16:52:05.525000+00:00,58.09999847412109,0.0,0.0
2024-06-22 16:53:04.698000+00:00,58.09999847412109,0.0,0.0
2024-06-22 16:54:04.980000+00:00,58.060001373291016,0.0,0.0
2024-06-22 16:55:03.920000+00:00,58.02000045776367,0.0,0.0
2024-06-22 16:56:04.369000+00:00,58.0,0.0,0.0
2024-06-22 16:57:04.392000+00:00,58.09999847412109,0.0,0.0
2024-06-22 16:58:04.680000+00:00,58.09999847412109,0.0,0.0
2024-06-22 16:59:04.819000+00:00,58.09999847412109,0.0,0.0
2024-06-22 17:00:07.147000+00:00,58.20000076293945,0.0,0.0
2024-06-22 17:01:05.201000+00:00,58.20000076293945,0.0,0.0
2024-06-22 17:02:04.491000+00:00,58.29999923706055,0.0,0.0
2024-06-22 17:03:04.757000+00:00,58.400001525878906,0.0,0.0
2024-06-22 17:04:04.825000+00:00,58.400001525878906,0.0,0.0
2024-06-22 17:05:05.160000+00:00,58.400001525878906,0.0,0.0
2024-06-22 17:06:05.442000+00:00,58.5,0.0,0.0
2024-06-22 17:07:04.670000+00:00,58.5,0.0,0.0
2024-06-22 17:08:04.559000+00:00,58.5,0.0,0.0
2024-06-22 17:09:04.873000+00:00,58.5,0.0,0.0
2024-06-22 17:10:04.807000+00:00,58.59999847412109,0.0,0.0
2024-06-22 17:11:04.678000+00:00,58.59999847412109,0.0,0.0
2024-06-22 17:12:04.904000+00:00,58.59999847412109,0.0,0.0
2024-06-22 17:13:05.040000+00:00,58.59999847412109,0.0,0.0
2024-06-22 17:14:04.516000+00:00,58.5,0.0,0.0
2024-06-22 17:15:04.117000+00:00,58.5,0.0,0.0
2024-06-22 17:16:04.998000+00:00,58.400001525878906,0.0,0.0
2024-06-22 17:17:04.401000+00:00,58.400001525878906,0.0,0.0
2024-06-22 17:18:04.722000+00:00,58.400001525878906,0.0,0.0
2024-06-22 17:19:04.916000+00:00,58.29999923706055,0.0,0.0
2024-06-22 17:20:04.234000+00:00,58.29999923706055,0.0,0.0
2024-06-22 17:21:04.203000+00:00,58.29999923706055,0.0,0.0
2024-06-22 17:22:04.965000+00:00,58.20000076293945,0.0,0.0
2024-06-22 17:23:04.566000+00:00,58.29999923706055,0.0,0.0
2024-06-22 17:24:04.654000+00:00,58.20000076293945,0.0,0.0
2024-06-22 17:25:04.898000+00:00,58.20000076293945,0.0,0.0
2024-06-22 17:26:04.572000+00:00,58.20000076293945,0.0,0.0
2024-06-22 17:27:04.983000+00:00,58.2599983215332,0.0,0.0
2024-06-22 17:28:04.360000+00:00,58.20000076293945,0.0,0.0
2024-06-22 17:29:04.375000+00:00,58.20000076293945,0.0,0.0
2024-06-22 17:30:04.625000+00:00,58.27999877929688,0.0,0.0
2024-06-22 17:31:04.303000+00:00,58.2599983215332,0.0,0.0
2024-06-22 17:32:04.384000+00:00,58.20000076293945,0.0,0.0
2024-06-22 17:33:04.594000+00:00,58.20000076293945,0.0,0.0
2024-06-22 17:34:04.794000+00:00,58.09999847412109,0.0,0.0
2024-06-22 17:35:04.645000+00:00,58.09999847412109,0.0,0.0
2024-06-22 17:36:04.697000+00:00,58.09999847412109,0.0,0.0
2024-06-22 17:37:04.799000+00:00,58.09999847412109,0.0,0.0
2024-06-22 17:38:04.935000+00:00,58.20000076293945,0.0,0.0
2024-06-22 17:39:05.331000+00:00,58.20000076293945,0.0,0.0
2024-06-22 17:40:05.034000+00:00,58.20000076293945,0.0,0.0
2024-06-22 17:41:04.580000+00:00,58.20000076293945,0.0,0.0
2024-06-22 17:42:04.791000+00:00,58.29999923706055,0.0,0.0
2024-06-22 17:43:04.707000+00:00,58.29999923706055,0.0,0.0
2024-06-22 17:44:05.104000+00:00,58.29999923706055,0.0,0.0
2024-06-22 17:45:04.645000+00:00,58.38999938964844,0.0,0.0
2024-06-22 17:46:04.849000+00:00,58.400001525878906,0.0,0.0
2024-06-22 17:47:04.269000+00:00,58.400001525878906,0.0,0.0
2024-06-22 17:48:04.910000+00:00,58.400001525878906,0.0,0.0
2024-06-22 17:49:04.790000+00:00,58.5,0.0,0.0
2024-06-22 17:50:04.577000+00:00,58.5,0.0,0.0
2024-06-22 17:51:05.073000+00:00,58.459999084472656,0.0,0.0
2024-06-22 17:52:05.217000+00:00,58.40999984741211,0.0,0.0
2024-06-22 17:53:04.761000+00:00,58.5,0.0,0.0
2024-06-22 17:54:04.964000+00:00,58.5,0.0,0.0
2024-06-22 17:55:04.850000+00:00,58.40999984741211,0.0,0.0
2024-06-22 17:56:04.590000+00:00,58.0,0.0,0.0
2024-06-22 17:57:04.607000+00:00,58.09999847412109,0.0,0.0
2024-06-22 17:58:04.341000+00:00,58.09999847412109,0.0,0.0
2024-06-22 17:59:04.576000+00:00,58.09999847412109,0.0,0.0
2024-06-22 18:00:06.924000+00:00,58.09999847412109,0.0,0.0
2024-06-22 18:01:04.980000+00:00,58.09999847412109,0.0,0.0
2024-06-22 18:02:04.654000+00:00,58.11000061035156,0.0,0.0
2024-06-22 18:03:04.943000+00:00,58.20000076293945,0.0,0.0
2024-06-22 18:04:04.278000+00:00,58.20000076293945,0.0,0.0
2024-06-22 18:05:04.454000+00:00,58.209999084472656,0.0,0.0
2024-06-22 18:06:05.804000+00:00,58.2400016784668,0.0,0.0
2024-06-22 18:07:04.466000+00:00,58.29999923706055,0.0,0.0
2024-06-22 18:08:04.571000+00:00,58.29999923706055,0.0,0.0
2024-06-22 18:09:04.600000+00:00,58.400001525878906,0.0,0.0
2024-06-22 18:10:05.198000+00:00,58.400001525878906,0.0,0.0
2024-06-22 18:11:04.581000+00:00,58.400001525878906,0.0,0.0
2024-06-22 18:12:05.050000+00:00,58.4900016784668,0.0,0.0
2024-06-22 18:13:04.764000+00:00,58.5,0.0,0.0
2024-06-22 18:14:04.648000+00:00,58.5,0.0,0.0
2024-06-22 18:15:04.715000+00:00,58.5,0.0,0.0
2024-06-22 18:16:04.152000+00:00,58.5,0.0,0.0
2024-06-22 18:17:04.624000+00:00,58.400001525878906,0.0,0.0
2024-06-22 18:18:04.217000+00:00,58.400001525878906,0.0,0.0
2024-06-22 18:19:04.802000+00:00,58.400001525878906,0.0,0.0
2024-06-22 18:20:05.051000+00:00,57.20000076293945,0.0,0.0
2024-06-22 18:21:04.744000+00:00,57.5,0.0,0.0
2024-06-22 18:22:04.469000+00:00,57.59999847412109,0.0,0.0
2024-06-22 18:23:04.265000+00:00,57.77999877929688,0.0,0.0
2024-06-22 18:24:04.745000+00:00,57.79999923706055,0.0,0.0
2024-06-22 18:25:05.123000+00:00,53.18999862670898,0.0,0.0
2024-06-22 18:26:05.392000+00:00,53.91999816894531,0.0,0.0
2024-06-22 18:27:04.701000+00:00,48.29999923706055,0.0,0.0
2024-06-22 18:28:04.697000+00:00,52.68999862670898,0.0,0.0
2024-06-22 18:29:04.540000+00:00,57.09999847412109,0.0,0.0
2024-06-22 18:30:04.884000+00:00,59.119998931884766,0.0,0.0
2024-06-22 18:31:03.987000+00:00,59.9900016784668,0.0,0.0
2024-06-22 18:32:04.599000+00:00,60.29999923706055,0.0,0.0
2024-06-22 18:33:04.420000+00:00,60.400001525878906,0.0,0.0
2024-06-22 18:34:04.107000+00:00,60.29999923706055,0.0,0.0
2024-06-22 18:35:04.735000+00:00,60.20000076293945,0.0,0.0
2024-06-22 18:36:04.640000+00:00,60.0,0.0,0.0
2024-06-22 18:37:04.351000+00:00,59.79999923706055,0.0,0.0
2024-06-22 18:38:04.652000+00:00,59.59999847412109,0.0,0.0
2024-06-22 18:39:05.125000+00:00,59.29999923706055,0.0,0.0
2024-06-22 18:40:05.517000+00:00,59.09999847412109,0.0,0.0
2024-06-22 18:41:04.316000+00:00,58.900001525878906,0.0,0.0
2024-06-22 18:42:04.957000+00:00,58.70000076293945,0.0,0.0
2024-06-22 18:43:04.516000+00:00,58.400001525878906,0.0,0.0
2024-06-22 18:44:04.686000+00:00,58.27999877929688,0.0,0.0
2024-06-22 18:45:04.981000+00:00,58.09999847412109,0.0,0.0
2024-06-22 18:46:04.955000+00:00,57.900001525878906,0.0,0.0
2024-06-22 18:47:04.580000+00:00,57.70000076293945,0.0,0.0
2024-06-22 18:48:04.733000+00:00,57.59999847412109,0.0,0.0
2024-06-22 18:49:04.484000+00:00,57.5,0.0,0.0
2024-06-22 18:50:04.378000+00:00,57.400001525878906,0.0,0.0
2024-06-22 18:51:04.121000+00:00,57.43999862670898,0.0,0.0
2024-06-22 18:52:05.156000+00:00,57.5,0.0,0.0
2024-06-22 18:53:04.340000+00:00,57.5,0.0,0.0
2024-06-22 18:54:04.569000+00:00,57.68999862670898,0.0,0.0
2024-06-22 18:55:04.507000+00:00,57.79999923706055,0.0,0.0
2024-06-22 18:56:05.199000+00:00,58.0,0.0,0.0
2024-06-22 18:57:04.557000+00:00,58.20000076293945,0.0,0.0
2024-06-22 18:58:04.750000+00:00,58.29999923706055,0.0,0.0
2024-06-22 18:59:04.317000+00:00,58.400001525878906,0.0,0.0
2024-06-22 19:00:07.290000+00:00,58.5,0.0,0.0
2024-06-22 19:01:05.150000+00:00,58.59999847412109,0.0,0.0
2024-06-22 19:02:04.359000+00:00,58.59999847412109,0.0,0.0
2024-06-22 19:03:04.408000+00:00,58.70000076293945,0.0,0.0
2024-06-22 19:04:04.449000+00:00,58.70000076293945,0.0,0.0
2024-06-22 19:05:04.945000+00:00,58.70000076293945,0.0,0.0
2024-06-22 19:06:04.974000+00:00,58.70000076293945,0.0,0.0
2024-06-22 19:07:04.681000+00:00,58.59999847412109,0.0,0.0
2024-06-22 19:08:04.753000+00:00,58.5,0.0,0.0
2024-06-22 19:09:04.351000+00:00,58.5,0.0,0.0
2024-06-22 19:10:04.765000+00:00,58.400001525878906,0.0,0.0
2024-06-22 19:11:04.024000+00:00,58.29999923706055,0.0,0.0
2024-06-22 19:12:05.091000+00:00,58.29999923706055,0.0,0.0
2024-06-22 19:13:05.070000+00:00,58.20000076293945,0.0,0.0
2024-06-22 19:14:04.452000+00:00,58.20000076293945,0.0,0.0
2024-06-22 19:15:04.757000+00:00,58.20000076293945,0.0,0.0
2024-06-22 19:16:04.560000+00:00,58.09999847412109,0.0,0.0
2024-06-22 19:17:05+00:00,58.09999847412109,0.0,0.0
2024-06-22 19:18:04.301000+00:00,58.09999847412109,0.0,0.0
2024-06-22 19:19:04.196000+00:00,58.09999847412109,0.0,0.0
2024-06-22 19:20:04.691000+00:00,58.09999847412109,0.0,0.0
2024-06-22 19:21:04.902000+00:00,58.09999847412109,0.0,0.0
2024-06-22 19:22:04.700000+00:00,58.09999847412109,0.0,0.0
2024-06-22 19:23:04.326000+00:00,58.09999847412109,0.0,0.0
2024-06-22 19:24:05.233000+00:00,58.09999847412109,0.0,0.0
2024-06-22 19:25:04.213000+00:00,58.09999847412109,0.0,0.0
2024-06-22 19:26:04.677000+00:00,58.09999847412109,0.0,0.0
2024-06-22 19:27:04.260000+00:00,58.20000076293945,0.0,0.0
2024-06-22 19:28:04.621000+00:00,58.29999923706055,0.0,0.0
2024-06-22 19:29:04.910000+00:00,58.29999923706055,0.0,0.0
2024-06-22 19:30:04.869000+00:00,58.400001525878906,0.0,0.0
2024-06-22 19:31:04.415000+00:00,58.400001525878906,0.0,0.0
2024-06-22 19:32:04.680000+00:00,58.400001525878906,0.0,0.0
2024-06-22 19:33:04.998000+00:00,58.400001525878906,0.0,0.0
2024-06-22 19:34:04.649000+00:00,58.400001525878906,0.0,0.0
2024-06-22 19:35:04.859000+00:00,58.400001525878906,0.0,0.0
2024-06-22 19:36:04.801000+00:00,58.4900016784668,0.0,0.0
2024-06-22 19:37:04.533000+00:00,58.5,0.0,0.0
2024-06-22 19:38:04.671000+00:00,58.5,0.0,0.0
2024-06-22 19:39:04.774000+00:00,58.5,0.0,0.0
2024-06-22 19:40:05.213000+00:00,58.47999954223633,0.0,0.0
2024-06-22 19:41:04.404000+00:00,58.400001525878906,0.0,0.0
2024-06-22 19:42:04.651000+00:00,58.400001525878906,0.0,0.0
2024-06-22 19:43:04.707000+00:00,58.400001525878906,0.0,0.0
2024-06-22 19:44:03.943000+00:00,57.619998931884766,0.0,0.0
2024-06-22 19:45:04.507000+00:00,57.79999923706055,0.0,0.0
2024-06-22 19:46:04.650000+00:00,57.79999923706055,0.0,0.0
2024-06-22 19:47:04.911000+00:00,53.72999954223633,0.0,0.0
2024-06-22 19:48:04.228000+00:00,48.5,0.0,0.0
2024-06-22 19:49:04.507000+00:00,46.18000030517578,0.0,0.0
2024-06-22 19:50:04.610000+00:00,48.93999862670898,0.0,0.0
2024-06-22 19:51:04.503000+00:00,53.400001525878906,0.0,0.0
2024-06-22 19:52:05.252000+00:00,57.70000076293945,0.0,0.0
2024-06-22 19:53:04.878000+00:00,59.900001525878906,0.0,0.0
2024-06-22 19:54:05.071000+00:00,60.0099983215332,0.0,0.0
2024-06-22 19:55:05.103000+00:00,60.68999862670898,0.0,0.0
2024-06-22 19:56:04.980000+00:00,61.0,0.0,0.0
2024-06-22 19:57:04.590000+00:00,61.09999847412109,0.0,0.0
2024-06-22 19:58:05.224000+00:00,60.900001525878906,0.0,0.0
2024-06-22 19:59:04.664000+00:00,60.79999923706055,0.0,0.0
2024-06-22 20:00:07.201000+00:00,60.59999847412109,0.0,0.0
2024-06-22 20:01:05.373000+00:00,60.400001525878906,0.0,0.0
2024-06-22 20:02:04.793000+00:00,60.20000076293945,0.0,0.0
2024-06-22 20:03:04.005000+00:00,60.0,0.0,0.0
2024-06-22 20:04:04.424000+00:00,59.79999923706055,0.0,0.0
2024-06-22 20:05:04.784000+00:00,59.59999847412109,0.0,0.0
2024-06-22 20:06:05.410000+00:00,59.43999862670898,0.0,0.0
2024-06-22 20:07:04.082000+00:00,59.29999923706055,0.0,0.0
2024-06-22 20:08:04.430000+00:00,59.09999847412109,0.0,0.0
2024-06-22 20:09:04.587000+00:00,58.900001525878906,0.0,0.0
2024-06-22 20:10:04.557000+00:00,58.70000076293945,0.0,0.0
2024-06-22 20:11:04.760000+00:00,58.58000183105469,0.0,0.0
2024-06-22 20:12:04.645000+00:00,58.38999938964844,0.0,0.0
2024-06-22 20:13:04.750000+00:00,58.20000076293945,0.0,0.0
2024-06-22 20:14:05.065000+00:00,58.0,0.0,0.0
2024-06-22 20:15:04.603000+00:00,57.79999923706055,0.0,0.0
2024-06-22 20:16:04.461000+00:00,57.619998931884766,0.0,0.0
2024-06-22 20:17:04.987000+00:00,57.5,0.0,0.0
2024-06-22 20:18:04.363000+00:00,57.29999923706055,0.0,0.0
2024-06-22 20:19:04.565000+00:00,57.09999847412109,0.0,0.0
2024-06-22 20:20:04.789000+00:00,57.0,0.0,0.0
2024-06-22 20:21:04.088000+00:00,56.880001068115234,0.0,0.0
2024-06-22 20:22:04.089000+00:00,56.79999923706055,0.0,0.0
2024-06-22 20:23:04.418000+00:00,56.79999923706055,0.0,0.0
2024-06-22 20:24:04.359000+00:00,56.900001525878906,0.0,0.0
2024-06-22 20:25:04.216000+00:00,57.0,0.0,0.0
2024-06-22 20:26:05.294000+00:00,57.29999923706055,0.0,0.0
2024-06-22 20:27:04.879000+00:00,57.59999847412109,0.0,0.0
2024-06-22 20:28:05.231000+00:00,57.900001525878906,0.0,0.0
2024-06-22 20:29:04.756000+00:00,58.09999847412109,0.0,0.0
2024-06-22 20:30:05.121000+00:00,58.400001525878906,0.0,0.0
2024-06-22 20:31:04.280000+00:00,58.59999847412109,0.0,0.0
2024-06-22 20:32:04.128000+00:00,58.70000076293945,0.0,0.0
2024-06-22 20:33:04.177000+00:00,58.79999923706055,0.0,0.0
2024-06-22 20:34:05.046000+00:00,58.900001525878906,0.0,0.0
2024-06-22 20:35:04.630000+00:00,58.900001525878906,0.0,0.0
2024-06-22 20:36:04.460000+00:00,58.900001525878906,0.0,0.0
2024-06-22 20:37:04.650000+00:00,58.79999923706055,0.0,0.0
2024-06-22 20:38:04.296000+00:00,58.79999923706055,0.0,0.0
2024-06-22 20:39:05.372000+00:00,58.70000076293945,0.0,0.0
2024-06-22 20:40:05.073000+00:00,58.59999847412109,0.0,0.0
2024-06-22 20:41:04.574000+00:00,58.5099983215332,0.0,0.0
2024-06-22 20:42:05.059000+00:00,58.5,0.0,0.0
2024-06-22 20:43:04.269000+00:00,58.4900016784668,0.0,0.0
2024-06-22 20:44:04.417000+00:00,58.400001525878906,0.0,0.0
2024-06-22 20:45:04.137000+00:00,58.31999969482422,0.0,0.0
2024-06-22 20:46:04.687000+00:00,58.29999923706055,0.0,0.0
2024-06-22 20:47:04.407000+00:00,58.20000076293945,0.0,0.0
2024-06-22 20:48:04.694000+00:00,58.20000076293945,0.0,0.0
2024-06-22 20:49:04.737000+00:00,58.09999847412109,0.0,0.0
2024-06-22 20:50:04.858000+00:00,58.060001373291016,0.0,0.0
2024-06-22 20:51:04.029000+00:00,58.0,0.0,0.0
2024-06-22 20:52:04.998000+00:00,57.900001525878906,0.0,0.0
2024-06-22 20:53:05.038000+00:00,57.900001525878906,0.0,0.0
2024-06-22 20:54:04.826000+00:00,57.900001525878906,0.0,0.0
2024-06-22 20:55:04.797000+00:00,57.900001525878906,0.0,0.0
2024-06-22 20:56:04.526000+00:00,57.900001525878906,0.0,0.0
2024-06-22 20:57:04.679000+00:00,57.900001525878906,0.0,0.0
2024-06-22 20:58:04.325000+00:00,57.900001525878906,0.0,0.0
2024-06-22 20:59:04.559000+00:00,57.900001525878906,0.0,0.0
2024-06-22 21:00:07.541000+00:00,58.0,0.0,0.0
2024-06-22 21:01:05.132000+00:00,58.09999847412109,0.0,0.0
2024-06-22 21:02:04.158000+00:00,58.0,0.0,0.0
2024-06-22 21:03:04.641000+00:00,57.79999923706055,0.0,0.0
2024-06-22 21:04:04.716000+00:00,57.59999847412109,0.0,0.0
2024-06-22 21:05:04.965000+00:00,57.400001525878906,0.0,0.0
2024-06-22 21:06:05.277000+00:00,57.20000076293945,0.0,0.0
2024-06-22 21:07:04.378000+00:00,57.0,0.0,0.0
2024-06-22 21:08:04.715000+00:00,56.79999923706055,0.0,0.0
2024-06-22 21:09:04.744000+00:00,56.5,0.0,0.0
2024-06-22 21:10:04.641000+00:00,56.29999923706055,0.0,0.0
2024-06-22 21:11:04.710000+00:00,56.09999847412109,0.0,0.0
2024-06-22 21:12:05.152000+00:00,55.900001525878906,0.0,0.0
2024-06-22 21:13:05.345000+00:00,55.70000076293945,0.0,0.0
2024-06-22 21:14:04.687000+00:00,55.400001525878906,0.0,0.0
2024-06-22 21:15:04.803000+00:00,55.20000076293945,0.0,0.0
2024-06-22 21:16:04.551000+00:00,54.900001525878906,0.0,0.0
2024-06-22 21:17:04.918000+00:00,54.59999847412109,0.0,0.0
2024-06-22 21:18:04.321000+00:00,54.400001525878906,0.0,0.0
2024-06-22 21:19:04.591000+00:00,54.09999847412109,0.0,0.0
2024-06-22 21:20:04.868000+00:00,53.79999923706055,0.0,0.0
2024-06-22 21:21:04.868000+00:00,53.5,0.0,0.0
2024-06-22 21:22:04.376000+00:00,53.20000076293945,0.0,0.0
2024-06-22 21:23:04.445000+00:00,53.09999847412109,0.0,0.0
2024-06-22 21:24:04.790000+00:00,53.0,0.0,0.0
2024-06-22 21:25:04.506000+00:00,53.0,0.0,0.0
2024-06-22 21:26:04.371000+00:00,53.290000915527344,0.0,0.0
2024-06-22 21:27:04.568000+00:00,53.70000076293945,0.0,0.0
2024-06-22 21:28:04.359000+00:00,54.20000076293945,0.0,0.0
2024-06-22 21:29:04.842000+00:00,54.68000030517578,0.0,0.0
2024-06-22 21:30:04.734000+00:00,55.0099983215332,0.0,0.0
2024-06-22 21:31:04.215000+00:00,55.400001525878906,0.0,0.0
2024-06-22 21:32:04.796000+00:00,55.70000076293945,0.0,0.0
2024-06-22 21:33:04.304000+00:00,55.900001525878906,0.0,0.0
2024-06-22 21:34:04.074000+00:00,55.810001373291016,0.0,0.0
2024-06-22 21:35:04.831000+00:00,56.0,0.0,0.0
2024-06-22 21:36:05.035000+00:00,56.0,0.0,0.0
2024-06-22 21:37:04.720000+00:00,56.0,0.0,0.0
2024-06-22 21:38:04.881000+00:00,56.0,0.0,0.0
2024-06-22 21:39:05.090000+00:00,56.0,0.0,0.0
2024-06-22 21:40:05.309000+00:00,55.93000030517578,0.0,0.0
2024-06-22 21:41:04.300000+00:00,55.900001525878906,0.0,0.0
2024-06-22 21:42:04.863000+00:00,55.79999923706055,0.0,0.0
2024-06-22 21:43:04.657000+00:00,55.70000076293945,0.0,0.0
2024-06-22 21:44:04.719000+00:00,55.59999847412109,0.0,0.0
2024-06-22 21:45:04.968000+00:00,55.5,0.0,0.0
2024-06-22 21:46:03.864000+00:00,55.5,0.0,0.0
2024-06-22 21:47:04.307000+00:00,55.400001525878906,0.0,0.0
2024-06-22 21:48:04.474000+00:00,55.29999923706055,0.0,0.0
2024-06-22 21:49:04.816000+00:00,55.20000076293945,0.0,0.0
2024-06-22 21:50:05.352000+00:00,55.09999847412109,0.0,0.0
2024-06-22 21:51:04.323000+00:00,55.08000183105469,0.0,0.0
2024-06-22 21:52:04.624000+00:00,55.0,0.0,0.0
2024-06-22 21:53:04.257000+00:00,54.93000030517578,0.0,0.0
2024-06-22 21:54:04.478000+00:00,54.900001525878906,0.0,0.0
2024-06-22 21:55:04.783000+00:00,54.900001525878906,0.0,0.0
2024-06-22 21:56:04.905000+00:00,54.900001525878906,0.0,0.0
2024-06-22 21:57:04.789000+00:00,55.0,0.0,0.0
2024-06-22 21:58:04.099000+00:00,55.0,0.0,0.0
2024-06-22 21:59:04.727000+00:00,55.09999847412109,0.0,0.0
2024-06-22 22:00:06.970000+00:00,55.09999847412109,0.0,0.0
2024-06-22 22:01:05.133000+00:00,55.20000076293945,0.0,0.0
2024-06-22 22:02:04.849000+00:00,55.20000076293945,0.0,0.0
2024-06-22 22:03:04.731000+00:00,55.290000915527344,0.0,0.0
2024-06-22 22:04:04.817000+00:00,55.29999923706055,0.0,0.0
2024-06-22 22:05:04.111000+00:00,55.29999923706055,0.0,0.0
2024-06-22 22:06:05.315000+00:00,55.400001525878906,0.0,0.0
2024-06-22 22:07:04.508000+00:00,55.400001525878906,0.0,0.0
2024-06-22 22:08:04.826000+00:00,55.5,0.0,0.0
2024-06-22 22:09:04.893000+00:00,55.5,0.0,0.0
2024-06-22 22:10:04.465000+00:00,55.59999847412109,0.0,0.0
2024-06-22 22:11:04.782000+00:00,55.59999847412109,0.0,0.0
2024-06-22 22:12:04.726000+00:00,55.59999847412109,0.0,0.0
2024-06-22 22:13:05.141000+00:00,55.59999847412109,0.0,0.0
2024-06-22 22:14:04.646000+00:00,55.59999847412109,0.0,0.0
2024-06-22 22:15:04.390000+00:00,55.59999847412109,0.0,0.0
2024-06-22 22:16:04.222000+00:00,55.59999847412109,0.0,0.0
2024-06-22 22:17:04.826000+00:00,55.5,0.0,0.0
2024-06-22 22:18:04.615000+00:00,55.5,0.0,0.0
2024-06-22 22:19:04.180000+00:00,55.5,0.0,0.0
2024-06-22 22:20:05.024000+00:00,55.400001525878906,0.0,0.0
2024-06-22 22:21:04.535000+00:00,55.400001525878906,0.0,0.0
2024-06-22 22:22:04.329000+00:00,55.400001525878906,0.0,0.0
2024-06-22 22:23:04.389000+00:00,55.400001525878906,0.0,0.0
2024-06-22 22:24:04.345000+00:00,55.29999923706055,0.0,0.0
2024-06-22 22:25:04.726000+00:00,55.29999923706055,0.0,0.0
2024-06-22 22:26:05.336000+00:00,55.29999923706055,0.0,0.0
2024-06-22 22:27:04.677000+00:00,55.27000045776367,0.0,0.0
2024-06-22 22:28:04.787000+00:00,55.20000076293945,0.0,0.0
2024-06-22 22:29:04.745000+00:00,55.20000076293945,0.0,0.0
2024-06-22 22:30:04.785000+00:00,55.20000076293945,0.0,0.0
2024-06-22 22:31:04.711000+00:00,55.20000076293945,0.0,0.0
2024-06-22 22:32:04.469000+00:00,55.20000076293945,0.0,0.0
2024-06-22 22:33:04.689000+00:00,55.20000076293945,0.0,0.0
2024-06-22 22:34:04.090000+00:00,55.20000076293945,0.0,0.0
2024-06-22 22:35:04.865000+00:00,55.20000076293945,0.0,0.0
2024-06-22 22:36:04.756000+00:00,55.20000076293945,0.0,0.0
2024-06-22 22:37:04.629000+00:00,55.20000076293945,0.0,0.0
2024-06-22 22:38:04.629000+00:00,55.20000076293945,0.0,0.0
2024-06-22 22:39:05.438000+00:00,55.20000076293945,0.0,0.0
2024-06-22 22:40:04.849000+00:00,55.20000076293945,0.0,0.0
2024-06-22 22:41:04.876000+00:00,55.20000076293945,0.0,0.0
2024-06-22 22:42:05.180000+00:00,55.20000076293945,0.0,0.0
2024-06-22 22:43:04.687000+00:00,55.29999923706055,0.0,0.0
2024-06-22 22:44:04.741000+00:00,55.29999923706055,0.0,0.0
2024-06-22 22:45:04.629000+00:00,55.29999923706055,0.0,0.0
2024-06-22 22:46:04.304000+00:00,55.29999923706055,0.0,0.0
2024-06-22 22:47:03.871000+00:00,55.29999923706055,0.0,0.0
2024-06-22 22:48:04.306000+00:00,55.29999923706055,0.0,0.0
2024-06-22 22:49:04.550000+00:00,55.29999923706055,0.0,0.0
2024-06-22 22:50:04.703000+00:00,55.29999923706055,0.0,0.0
2024-06-22 22:51:04.313000+00:00,55.29999923706055,0.0,0.0
2024-06-22 22:52:05.096000+00:00,55.29999923706055,0.0,0.0
2024-06-22 22:53:04.101000+00:00,55.29999923706055,0.0,0.0
2024-06-22 22:54:04.591000+00:00,55.29999923706055,0.0,0.0
2024-06-22 22:55:04.804000+00:00,55.22999954223633,0.0,0.0
2024-06-22 22:56:04.771000+00:00,55.29999923706055,0.0,0.0
2024-06-22 22:57:04.579000+00:00,55.29999923706055,0.0,0.0
2024-06-22 22:58:04.575000+00:00,55.29999923706055,0.0,0.0
2024-06-22 22:59:04.557000+00:00,55.29999923706055,0.0,0.0
2024-06-22 23:00:06.639000+00:00,55.290000915527344,0.0,0.0
2024-06-23 00:00:07.006000+00:00,55.34000015258789,0.0,0.0
2024-06-23 00:01:05.571000+00:00,55.29999923706055,0.0,0.0
2024-06-23 00:02:04.766000+00:00,55.29999923706055,0.0,0.0
2024-06-23 00:03:05.216000+00:00,55.29999923706055,0.0,0.0
2024-06-23 00:04:04.218000+00:00,55.29999923706055,0.0,0.0
2024-06-23 00:05:04.750000+00:00,55.29999923706055,0.0,0.0
2024-06-23 00:06:05.544000+00:00,55.29999923706055,0.0,0.0
2024-06-23 00:07:04.686000+00:00,55.29999923706055,0.0,0.0
2024-06-23 00:08:04.792000+00:00,55.29999923706055,0.0,0.0
2024-06-23 00:09:05.213000+00:00,55.29999923706055,0.0,0.0
2024-06-23 00:10:04.702000+00:00,55.29999923706055,0.0,0.0
2024-06-23 00:11:04.488000+00:00,55.29999923706055,0.0,0.0
2024-06-23 00:12:04.971000+00:00,55.29999923706055,0.0,0.0
2024-06-23 00:13:05.104000+00:00,55.29999923706055,0.0,0.0
2024-06-23 00:14:05.205000+00:00,55.29999923706055,0.0,0.0
2024-06-23 00:15:04.559000+00:00,55.25,0.0,0.0
2024-06-23 00:16:04.253000+00:00,55.29999923706055,0.0,0.0
2024-06-23 00:17:04.785000+00:00,55.29999923706055,0.0,0.0
2024-06-23 00:18:04.941000+00:00,55.29999923706055,0.0,0.0
2024-06-23 00:19:04.673000+00:00,55.2400016784668,0.0,0.0
2024-06-23 00:20:04.709000+00:00,55.20000076293945,0.0,0.0
2024-06-23 00:21:04.787000+00:00,55.20000076293945,0.0,0.0
2024-06-23 00:22:04.291000+00:00,55.220001220703125,0.0,0.0
2024-06-23 00:23:05.185000+00:00,55.27999877929688,0.0,0.0
2024-06-23 00:24:04.646000+00:00,55.20000076293945,0.0,0.0
2024-06-23 00:25:04.805000+00:00,55.20000076293945,0.0,0.0
2024-06-23 00:26:05.023000+00:00,55.20000076293945,0.0,0.0
2024-06-23 00:27:04.770000+00:00,55.20000076293945,0.0,0.0
2024-06-23 00:28:04.707000+00:00,55.20000076293945,0.0,0.0
2024-06-23 00:29:04.593000+00:00,55.20000076293945,0.0,0.0
2024-06-23 00:30:04.775000+00:00,55.20000076293945,0.0,0.0
2024-06-23 00:31:04.854000+00:00,55.20000076293945,0.0,0.0
2024-06-23 00:32:04.643000+00:00,55.220001220703125,0.0,0.0
2024-06-23 00:33:04.316000+00:00,55.29999923706055,0.0,0.0
2024-06-23 00:34:04.714000+00:00,55.29999923706055,0.0,0.0
2024-06-23 00:35:04.795000+00:00,55.29999923706055,0.0,0.0
2024-06-23 00:36:04.740000+00:00,55.38999938964844,0.0,0.0
2024-06-23 00:37:04.706000+00:00,55.400001525878906,0.0,0.0
2024-06-23 00:38:04.409000+00:00,55.400001525878906,0.0,0.0
2024-06-23 00:39:05.880000+00:00,55.400001525878906,0.0,0.0
2024-06-23 00:40:05.306000+00:00,55.400001525878906,0.0,0.0
2024-06-23 00:41:04.603000+00:00,55.400001525878906,0.0,0.0
2024-06-23 00:42:04.602000+00:00,55.380001068115234,0.0,0.0
2024-06-23 00:43:04.677000+00:00,55.29999923706055,0.0,0.0
2024-06-23 00:44:04.824000+00:00,55.36000061035156,0.0,0.0
2024-06-23 00:45:04.440000+00:00,55.29999923706055,0.0,0.0
2024-06-23 00:46:04.885000+00:00,55.29999923706055,0.0,0.0
2024-06-23 00:47:04.132000+00:00,55.29999923706055,0.0,0.0
2024-06-23 00:48:04.872000+00:00,55.29999923706055,0.0,0.0
2024-06-23 00:49:04.465000+00:00,55.29999923706055,0.0,0.0
2024-06-23 00:50:04.275000+00:00,55.20000076293945,0.0,0.0
2024-06-23 00:51:04.235000+00:00,55.25,0.0,0.0
2024-06-23 00:52:05.029000+00:00,55.29999923706055,0.0,0.0
2024-06-23 00:53:04.840000+00:00,55.20000076293945,0.0,0.0
2024-06-23 00:54:05.022000+00:00,55.220001220703125,0.0,0.0
2024-06-23 00:55:04.776000+00:00,55.20000076293945,0.0,0.0
2024-06-23 00:56:04.780000+00:00,55.20000076293945,0.0,0.0
2024-06-23 00:57:04.634000+00:00,55.20000076293945,0.0,0.0
2024-06-23 00:58:04.481000+00:00,55.20000076293945,0.0,0.0
2024-06-23 00:59:04.812000+00:00,55.20000076293945,0.0,0.0
2024-06-23 01:00:06.476000+00:00,55.20000076293945,0.0,0.0
2024-06-23 01:01:05.107000+00:00,55.20000076293945,0.0,0.0
2024-06-23 01:02:04.291000+00:00,55.29999923706055,0.0,0.0
2024-06-23 01:03:04.348000+00:00,55.29999923706055,0.0,0.0
2024-06-23 01:04:04.267000+00:00,55.29999923706055,0.0,0.0
2024-06-23 01:05:04.448000+00:00,55.400001525878906,0.0,0.0
2024-06-23 01:06:05.571000+00:00,55.400001525878906,0.0,0.0
2024-06-23 01:07:04.799000+00:00,55.400001525878906,0.0,0.0
2024-06-23 01:08:05.107000+00:00,55.400001525878906,0.0,0.0
2024-06-23 01:09:04.657000+00:00,55.310001373291016,0.0,0.0
2024-06-23 01:10:04.513000+00:00,55.38999938964844,0.0,0.0
2024-06-23 01:11:04.194000+00:00,55.29999923706055,0.0,0.0
2024-06-23 01:12:04.584000+00:00,55.29999923706055,0.0,0.0
2024-06-23 01:13:04.938000+00:00,55.29999923706055,0.0,0.0
2024-06-23 01:14:04.291000+00:00,55.29999923706055,0.0,0.0
2024-06-23 01:15:04.750000+00:00,55.29999923706055,0.0,0.0
2024-06-23 01:16:04.687000+00:00,55.29999923706055,0.0,0.0
2024-06-23 01:17:04.539000+00:00,55.29999923706055,0.0,0.0
2024-06-23 01:18:04.941000+00:00,55.29999923706055,0.0,0.0
2024-06-23 01:19:04.126000+00:00,55.209999084472656,0.0,0.0
2024-06-23 01:20:04.315000+00:00,55.20000076293945,0.0,0.0
2024-06-23 01:21:05.187000+00:00,55.20000076293945,0.0,0.0
2024-06-23 01:22:04.041000+00:00,55.2400016784668,0.0,0.0
2024-06-23 01:23:04.673000+00:00,55.20000076293945,0.0,0.0
2024-06-23 01:24:04.580000+00:00,55.20000076293945,0.0,0.0
2024-06-23 01:25:04.513000+00:00,55.20000076293945,0.0,0.0
2024-06-23 01:26:05.369000+00:00,55.20000076293945,0.0,0.0
2024-06-23 01:27:04.596000+00:00,55.20000076293945,0.0,0.0
2024-06-23 01:28:04.345000+00:00,55.20000076293945,0.0,0.0
2024-06-23 01:29:04.450000+00:00,55.29999923706055,0.0,0.0
2024-06-23 01:30:05.174000+00:00,55.29999923706055,0.0,0.0
2024-06-23 01:31:03.689000+00:00,55.29999923706055,0.0,0.0
2024-06-23 01:32:04.815000+00:00,55.29999923706055,0.0,0.0
2024-06-23 01:33:04.778000+00:00,55.400001525878906,0.0,0.0
2024-06-23 01:34:04.464000+00:00,55.400001525878906,0.0,0.0
2024-06-23 01:35:04.576000+00:00,55.29999923706055,0.0,0.0
2024-06-23 01:36:04.797000+00:00,55.29999923706055,0.0,0.0
2024-06-23 01:37:04.071000+00:00,55.29999923706055,0.0,0.0
2024-06-23 01:38:04.776000+00:00,55.29999923706055,0.0,0.0
2024-06-23 01:39:05.699000+00:00,55.29999923706055,0.0,0.0
2024-06-23 01:40:04.846000+00:00,55.29999923706055,0.0,0.0
2024-06-23 01:41:04.684000+00:00,55.29999923706055,0.0,0.0
2024-06-23 01:42:05.150000+00:00,55.290000915527344,0.0,0.0
2024-06-23 01:43:05.065000+00:00,55.20000076293945,0.0,0.0
2024-06-23 01:44:04.273000+00:00,55.20000076293945,0.0,0.0
2024-06-23 01:45:04.882000+00:00,55.20000076293945,0.0,0.0
2024-06-23 01:46:04.815000+00:00,55.20000076293945,0.0,0.0
2024-06-23 01:47:04.836000+00:00,55.20000076293945,0.0,0.0
2024-06-23 01:48:04.726000+00:00,55.20000076293945,0.0,0.0
2024-06-23 01:49:04.798000+00:00,55.20000076293945,0.0,0.0
2024-06-23 01:50:04.696000+00:00,55.20000076293945,0.0,0.0
2024-06-23 01:51:04.587000+00:00,55.20000076293945,0.0,0.0
2024-06-23 01:52:04.639000+00:00,55.20000076293945,0.0,0.0
2024-06-23 01:53:05.054000+00:00,55.29999923706055,0.0,0.0
2024-06-23 01:54:04.816000+00:00,55.29999923706055,0.0,0.0
2024-06-23 01:55:05.041000+00:00,55.29999923706055,0.0,0.0
2024-06-23 01:56:04.282000+00:00,55.29999923706055,0.0,0.0
2024-06-23 01:57:05.010000+00:00,55.369998931884766,0.0,0.0
2024-06-23 01:58:04.003000+00:00,55.29999923706055,0.0,0.0
2024-06-23 01:59:04.286000+00:00,55.29999923706055,0.0,0.0
2024-06-23 02:00:07.597000+00:00,55.29999923706055,0.0,0.0
2024-06-23 02:01:04.942000+00:00,55.400001525878906,0.0,0.0
2024-06-23 02:02:04.515000+00:00,56.33000183105469,0.0,0.0
2024-06-23 02:03:04.655000+00:00,57.20000076293945,0.0,0.0
2024-06-23 02:04:04.832000+00:00,57.88999938964844,0.0,0.0
2024-06-23 02:05:04.409000+00:00,58.400001525878906,0.0,0.0
2024-06-23 02:06:05.552000+00:00,58.59999847412109,0.0,0.0
2024-06-23 02:07:05.243000+00:00,58.650001525878906,0.0,0.0
2024-06-23 02:08:04.847000+00:00,58.70000076293945,0.0,0.0
2024-06-23 02:09:04.932000+00:00,58.70000076293945,0.0,0.0
2024-06-23 02:10:05.030000+00:00,58.70000076293945,0.0,0.0
2024-06-23 02:11:04.470000+00:00,58.59999847412109,0.0,0.0
2024-06-23 02:12:05.212000+00:00,58.5,0.0,0.0
2024-06-23 02:13:05.067000+00:00,58.400001525878906,0.0,0.0
2024-06-23 02:14:04.964000+00:00,58.29999923706055,0.0,0.0
2024-06-23 02:15:05.268000+00:00,58.29999923706055,0.0,0.0
2024-06-23 02:16:04.944000+00:00,58.20000076293945,0.0,0.0
2024-06-23 02:17:04.685000+00:00,58.09999847412109,0.0,0.0
2024-06-23 02:18:05.073000+00:00,58.09999847412109,0.0,0.0
2024-06-23 02:19:04.885000+00:00,58.09999847412109,0.0,0.0
2024-06-23 02:20:04.521000+00:00,58.09000015258789,0.0,0.0
2024-06-23 02:21:04.470000+00:00,58.0,0.0,0.0
2024-06-23 02:22:04.523000+00:00,57.9900016784668,0.0,0.0
2024-06-23 02:23:04.629000+00:00,57.900001525878906,0.0,0.0
2024-06-23 02:24:04.679000+00:00,57.900001525878906,0.0,0.0
2024-06-23 02:25:05.042000+00:00,57.900001525878906,0.0,0.0
2024-06-23 02:26:05.481000+00:00,57.900001525878906,0.0,0.0
2024-06-23 02:27:04.420000+00:00,57.900001525878906,0.0,0.0
2024-06-23 02:28:04.559000+00:00,57.900001525878906,0.0,0.0
2024-06-23 02:29:04.482000+00:00,57.900001525878906,0.0,0.0
2024-06-23 02:30:05.403000+00:00,58.0,0.0,0.0
2024-06-23 02:31:05.056000+00:00,58.0,0.0,0.0
2024-06-23 02:32:04.578000+00:00,58.09999847412109,0.0,0.0
2024-06-23 02:33:05.080000+00:00,58.18000030517578,0.0,0.0
2024-06-23 02:34:04.051000+00:00,58.20000076293945,0.0,0.0
2024-06-23 02:35:04.595000+00:00,58.20000076293945,0.0,0.0
2024-06-23 02:36:04.903000+00:00,58.29999923706055,0.0,0.0
2024-06-23 02:37:04.836000+00:00,58.29999923706055,0.0,0.0
2024-06-23 02:38:04.418000+00:00,58.29999923706055,0.0,0.0
2024-06-23 02:39:05.534000+00:00,58.29999923706055,0.0,0.0
2024-06-23 02:40:04.927000+00:00,58.29999923706055,0.0,0.0
2024-06-23 02:41:04.127000+00:00,58.29999923706055,0.0,0.0
2024-06-23 02:42:05.149000+00:00,58.29999923706055,0.0,0.0
2024-06-23 02:43:04.736000+00:00,58.369998931884766,0.0,0.0
2024-06-23 02:44:04.841000+00:00,58.400001525878906,0.0,0.0
2024-06-23 02:45:04.953000+00:00,58.400001525878906,0.0,0.0
2024-06-23 02:46:04.678000+00:00,58.31999969482422,0.0,0.0
2024-06-23 02:47:04.255000+00:00,58.29999923706055,0.0,0.0
2024-06-23 02:48:04.789000+00:00,58.29999923706055,0.0,0.0
2024-06-23 02:49:05.126000+00:00,58.29999923706055,0.0,0.0
2024-06-23 02:50:04.944000+00:00,58.29999923706055,0.0,0.0
2024-06-23 02:51:04.507000+00:00,58.29999923706055,0.0,0.0
2024-06-23 02:52:04.815000+00:00,58.29999923706055,0.0,0.0
2024-06-23 02:53:04.725000+00:00,58.20000076293945,0.0,0.0
2024-06-23 02:54:04.766000+00:00,58.20000076293945,0.0,0.0
2024-06-23 02:55:04.618000+00:00,58.20000076293945,0.0,0.0
2024-06-23 02:56:04.599000+00:00,58.20000076293945,0.0,0.0
2024-06-23 02:57:03.987000+00:00,58.20000076293945,0.0,0.0
2024-06-23 02:58:04.193000+00:00,58.20000076293945,0.0,0.0
2024-06-23 02:59:04.782000+00:00,58.09999847412109,0.0,0.0
2024-06-23 03:00:06.740000+00:00,58.09999847412109,0.0,0.0
2024-06-23 03:01:05.048000+00:00,58.20000076293945,0.0,0.0
2024-06-23 03:02:04.583000+00:00,58.09999847412109,0.0,0.0
2024-06-23 03:03:04.716000+00:00,58.09999847412109,0.0,0.0
2024-06-23 03:04:04.551000+00:00,58.09999847412109,0.0,0.0
2024-06-23 03:05:04.913000+00:00,58.09999847412109,0.0,0.0
2024-06-23 03:06:04.901000+00:00,58.09999847412109,0.0,0.0
2024-06-23 03:07:04.563000+00:00,58.09999847412109,0.0,0.0
2024-06-23 03:08:04.189000+00:00,58.06999969482422,0.0,0.0
2024-06-23 03:09:04.866000+00:00,58.0,0.0,0.0
2024-06-23 03:10:04.490000+00:00,58.06999969482422,0.0,0.0
2024-06-23 03:11:04.580000+00:00,58.0,0.0,0.0
2024-06-23 03:12:04.486000+00:00,58.0,0.0,0.0
2024-06-23 03:13:05.043000+00:00,58.0,0.0,0.0
2024-06-23 03:14:04.753000+00:00,58.0,0.0,0.0
2024-06-23 03:15:05.009000+00:00,58.0,0.0,0.0
2024-06-23 03:16:04.511000+00:00,58.0,0.0,0.0
2024-06-23 03:17:04.390000+00:00,58.06999969482422,0.0,0.0
2024-06-23 03:18:04.315000+00:00,58.09999847412109,0.0,0.0
2024-06-23 03:19:04.629000+00:00,58.0099983215332,0.0,0.0
2024-06-23 03:20:05.122000+00:00,58.09999847412109,0.0,0.0
2024-06-23 03:21:04.523000+00:00,58.09999847412109,0.0,0.0
2024-06-23 03:22:04.661000+00:00,58.09999847412109,0.0,0.0
2024-06-23 03:23:04.621000+00:00,58.09999847412109,0.0,0.0
2024-06-23 03:24:04.077000+00:00,58.09999847412109,0.0,0.0
2024-06-23 03:25:04.684000+00:00,58.20000076293945,0.0,0.0
2024-06-23 03:26:04.914000+00:00,58.20000076293945,0.0,0.0
2024-06-23 03:27:04.496000+00:00,58.20000076293945,0.0,0.0
2024-06-23 03:28:05.263000+00:00,58.20000076293945,0.0,0.0
2024-06-23 03:29:04.429000+00:00,58.20000076293945,0.0,0.0
2024-06-23 03:30:04.765000+00:00,58.20000076293945,0.0,0.0
2024-06-23 03:31:04.429000+00:00,58.20000076293945,0.0,0.0
2024-06-23 03:32:04.726000+00:00,58.20000076293945,0.0,0.0
2024-06-23 03:33:05.166000+00:00,58.29999923706055,0.0,0.0
2024-06-23 03:34:04.218000+00:00,58.29999923706055,0.0,0.0
2024-06-23 03:35:05.063000+00:00,58.29999923706055,0.0,0.0
2024-06-23 03:36:04.311000+00:00,58.29999923706055,0.0,0.0
2024-06-23 03:37:04.629000+00:00,58.29999923706055,0.0,0.0
2024-06-23 03:38:04.441000+00:00,58.400001525878906,0.0,0.0
2024-06-23 03:39:05.009000+00:00,58.29999923706055,0.0,0.0
2024-06-23 03:40:04.723000+00:00,58.29999923706055,0.0,0.0
2024-06-23 03:41:04.419000+00:00,58.29999923706055,0.0,0.0
2024-06-23 03:42:05.071000+00:00,58.29999923706055,0.0,0.0
2024-06-23 03:43:04.052000+00:00,58.29999923706055,0.0,0.0
2024-06-23 03:44:04.375000+00:00,58.29999923706055,0.0,0.0
2024-06-23 03:45:04.693000+00:00,58.29999923706055,0.0,0.0
2024-06-23 03:46:04.497000+00:00,58.29999923706055,0.0,0.0
2024-06-23 03:47:03.909000+00:00,58.29999923706055,0.0,0.0
2024-06-23 03:48:05.061000+00:00,58.20000076293945,0.0,0.0
2024-06-23 03:49:04.781000+00:00,58.20000076293945,0.0,0.0
2024-06-23 03:50:04.471000+00:00,58.09999847412109,0.0,0.0
2024-06-23 03:51:04.574000+00:00,58.09999847412109,0.0,0.0
2024-06-23 03:52:04.923000+00:00,58.09000015258789,0.0,0.0
2024-06-23 03:53:04.260000+00:00,58.0,0.0,0.0
2024-06-23 03:54:04.370000+00:00,58.0,0.0,0.0
2024-06-23 03:55:04.712000+00:00,58.0,0.0,0.0
2024-06-23 03:56:04.855000+00:00,58.0,0.0,0.0
2024-06-23 03:57:04.789000+00:00,57.90999984741211,0.0,0.0
2024-06-23 03:58:04.622000+00:00,57.900001525878906,0.0,0.0
2024-06-23 03:59:05.089000+00:00,57.93000030517578,0.0,0.0
2024-06-23 04:00:07.392000+00:00,58.0,0.0,0.0
2024-06-23 04:01:05.128000+00:00,58.0,0.0,0.0
2024-06-23 04:02:04.339000+00:00,58.0,0.0,0.0
2024-06-23 04:03:05.018000+00:00,58.0,0.0,0.0
2024-06-23 04:04:04.769000+00:00,58.0,0.0,0.0
2024-06-23 04:05:04.548000+00:00,58.0,0.0,0.0
2024-06-23 04:06:04.974000+00:00,58.09999847412109,0.0,0.0
2024-06-23 04:07:04.525000+00:00,58.09999847412109,0.0,0.0
2024-06-23 04:08:04.565000+00:00,58.20000076293945,0.0,0.0
2024-06-23 04:09:04.866000+00:00,58.20000076293945,0.0,0.0
2024-06-23 04:10:04.487000+00:00,58.29999923706055,0.0,0.0
2024-06-23 04:11:04.188000+00:00,58.29999923706055,0.0,0.0
2024-06-23 04:12:04.594000+00:00,58.29999923706055,0.0,0.0
2024-06-23 04:13:05.218000+00:00,58.29999923706055,0.0,0.0
2024-06-23 04:14:04.487000+00:00,58.369998931884766,0.0,0.0
2024-06-23 04:15:04.237000+00:00,58.400001525878906,0.0,0.0
2024-06-23 04:16:04.785000+00:00,58.400001525878906,0.0,0.0
2024-06-23 04:17:04.297000+00:00,58.400001525878906,0.0,0.0
2024-06-23 04:18:04.863000+00:00,58.400001525878906,0.0,0.0
2024-06-23 04:19:04.650000+00:00,58.400001525878906,0.0,0.0
2024-06-23 04:20:04.531000+00:00,58.400001525878906,0.0,0.0
2024-06-23 04:21:04.820000+00:00,58.310001373291016,0.0,0.0
2024-06-23 04:22:04.749000+00:00,58.29999923706055,0.0,0.0
2024-06-23 04:23:04.331000+00:00,58.29999923706055,0.0,0.0
2024-06-23 04:24:04.838000+00:00,58.29999923706055,0.0,0.0
2024-06-23 04:25:05.041000+00:00,58.20000076293945,0.0,0.0
2024-06-23 04:26:05.131000+00:00,58.20000076293945,0.0,0.0
2024-06-23 04:27:04.143000+00:00,58.09999847412109,0.0,0.0
2024-06-23 04:28:04.693000+00:00,58.09999847412109,0.0,0.0
2024-06-23 04:29:04.362000+00:00,58.09999847412109,0.0,0.0
2024-06-23 04:30:05.100000+00:00,58.0,0.0,0.0
2024-06-23 04:31:04.741000+00:00,58.0,0.0,0.0
2024-06-23 04:32:05.087000+00:00,58.0,0.0,0.0
2024-06-23 04:33:04.461000+00:00,58.0,0.0,0.0
2024-06-23 04:34:05.040000+00:00,57.97999954223633,0.0,0.0
2024-06-23 04:35:05.322000+00:00,57.91999816894531,0.0,0.0
2024-06-23 04:36:04.518000+00:00,57.900001525878906,0.0,0.0
2024-06-23 04:37:04.336000+00:00,57.900001525878906,0.0,0.0
2024-06-23 04:38:04.729000+00:00,57.900001525878906,0.0,0.0
2024-06-23 04:39:05.109000+00:00,58.0,0.0,0.0
2024-06-23 04:40:04.301000+00:00,58.0,0.0,0.0
2024-06-23 04:41:04.801000+00:00,58.0,0.0,0.0
2024-06-23 04:42:04.805000+00:00,58.0,0.0,0.0
2024-06-23 04:43:04.824000+00:00,58.09999847412109,0.0,0.0
2024-06-23 04:44:04.602000+00:00,58.09999847412109,0.0,0.0
2024-06-23 04:45:04.345000+00:00,58.09999847412109,0.0,0.0
2024-06-23 04:46:04.299000+00:00,58.09999847412109,0.0,0.0
2024-06-23 04:47:04.819000+00:00,58.15999984741211,0.0,0.0
2024-06-23 04:48:04.926000+00:00,58.09999847412109,0.0,0.0
2024-06-23 04:49:04.449000+00:00,58.20000076293945,0.0,0.0
2024-06-23 04:50:04.388000+00:00,58.20000076293945,0.0,0.0
2024-06-23 04:51:04.361000+00:00,58.20000076293945,0.0,0.0
2024-06-23 04:52:04.465000+00:00,58.20000076293945,0.0,0.0
2024-06-23 04:53:04.459000+00:00,58.27999877929688,0.0,0.0
2024-06-23 04:54:04.702000+00:00,58.29999923706055,0.0,0.0
2024-06-23 04:55:05.058000+00:00,58.29999923706055,0.0,0.0
2024-06-23 04:56:04.681000+00:00,58.29999923706055,0.0,0.0
2024-06-23 04:57:04.636000+00:00,58.27000045776367,0.0,0.0
2024-06-23 04:58:04.178000+00:00,58.20000076293945,0.0,0.0
2024-06-23 04:59:04.969000+00:00,58.20000076293945,0.0,0.0
2024-06-23 05:00:06.770000+00:00,58.27999877929688,0.0,0.0
2024-06-23 05:01:05.154000+00:00,58.20000076293945,0.0,0.0
2024-06-23 05:02:04.503000+00:00,58.20000076293945,0.0,0.0
2024-06-23 05:03:04.985000+00:00,58.20000076293945,0.0,0.0
2024-06-23 05:04:04.636000+00:00,58.20000076293945,0.0,0.0
2024-06-23 05:05:04.203000+00:00,58.20000076293945,0.0,0.0
2024-06-23 05:06:05.454000+00:00,58.20000076293945,0.0,0.0
2024-06-23 05:07:04.558000+00:00,58.20000076293945,0.0,0.0
2024-06-23 05:08:04.155000+00:00,58.11000061035156,0.0,0.0
2024-06-23 05:09:05.127000+00:00,58.20000076293945,0.0,0.0
2024-06-23 05:10:04.409000+00:00,58.290000915527344,0.0,0.0
2024-06-23 05:11:04.085000+00:00,58.400001525878906,0.0,0.0
2024-06-23 05:12:04.948000+00:00,58.400001525878906,0.0,0.0
2024-06-23 05:13:04.624000+00:00,58.400001525878906,0.0,0.0
2024-06-23 05:14:04.736000+00:00,58.5,0.0,0.0
2024-06-23 05:15:04.786000+00:00,58.5,0.0,0.0
2024-06-23 05:16:04.473000+00:00,58.5,0.0,0.0
2024-06-23 05:17:04.990000+00:00,58.5,0.0,0.0
2024-06-23 05:18:04.233000+00:00,58.5,0.0,0.0
2024-06-23 05:19:04.490000+00:00,58.5,0.0,0.0
2024-06-23 05:20:05.105000+00:00,58.400001525878906,0.0,0.0
2024-06-23 05:21:04.404000+00:00,58.400001525878906,0.0,0.0
2024-06-23 05:22:04.723000+00:00,58.400001525878906,0.0,0.0
2024-06-23 05:23:05.031000+00:00,58.29999923706055,0.0,0.0
2024-06-23 05:24:05.509000+00:00,58.29999923706055,0.0,0.0
2024-06-23 05:25:04.359000+00:00,58.2400016784668,0.0,0.0
2024-06-23 05:26:04.538000+00:00,58.20000076293945,0.0,0.0
2024-06-23 05:27:04.536000+00:00,58.20000076293945,0.0,0.0
2024-06-23 05:28:05.010000+00:00,58.09999847412109,0.0,0.0
2024-06-23 05:29:04.496000+00:00,58.09999847412109,0.0,0.0
2024-06-23 05:30:05.297000+00:00,58.09999847412109,0.0,0.0
2024-06-23 05:31:04.683000+00:00,58.02000045776367,0.0,0.0
2024-06-23 05:32:04.827000+00:00,58.0,0.0,0.0
2024-06-23 05:33:04.474000+00:00,58.0,0.0,0.0
2024-06-23 05:34:04.241000+00:00,58.0,0.0,0.0
2024-06-23 05:35:05.118000+00:00,58.0,0.0,0.0
2024-06-23 05:36:04.975000+00:00,58.0,0.0,0.0
2024-06-23 05:37:03.888000+00:00,58.0,0.0,0.0
2024-06-23 05:38:04.848000+00:00,58.0,0.0,0.0
2024-06-23 05:39:06.134000+00:00,58.0,0.0,0.0
2024-06-23 05:40:04.959000+00:00,58.0,0.0,0.0
2024-06-23 05:41:04.512000+00:00,58.0,0.0,0.0
2024-06-23 05:42:05.136000+00:00,58.0,0.0,0.0
2024-06-23 05:43:04.626000+00:00,58.0,0.0,0.0
2024-06-23 05:44:03.979000+00:00,58.09999847412109,0.0,0.0
2024-06-23 05:45:04.186000+00:00,58.09999847412109,0.0,0.0
2024-06-23 05:46:04.496000+00:00,58.09999847412109,0.0,0.0
2024-06-23 05:47:04.774000+00:00,58.09999847412109,0.0,0.0
2024-06-23 05:48:04.814000+00:00,58.09999847412109,0.0,0.0
2024-06-23 05:49:04.575000+00:00,58.20000076293945,0.0,0.0
2024-06-23 05:50:04.830000+00:00,58.20000076293945,0.0,0.0
2024-06-23 05:51:04.163000+00:00,58.20000076293945,0.0,0.0
2024-06-23 05:52:05.145000+00:00,58.20000076293945,0.0,0.0
2024-06-23 05:53:04.478000+00:00,58.20000076293945,0.0,0.0
2024-06-23 05:54:04.924000+00:00,58.20000076293945,0.0,0.0
2024-06-23 05:55:04.813000+00:00,58.29999923706055,0.0,0.0
2024-06-23 05:56:04.973000+00:00,58.20000076293945,0.0,0.0
2024-06-23 05:57:05.308000+00:00,58.20000076293945,0.0,0.0
2024-06-23 05:58:04.772000+00:00,58.20000076293945,0.0,0.0
2024-06-23 05:59:04.635000+00:00,58.09999847412109,0.0,0.0
2024-06-23 06:00:08.025000+00:00,58.09999847412109,0.0,0.0
2024-06-23 06:01:05.223000+00:00,58.09999847412109,0.0,0.0
2024-06-23 06:02:04.666000+00:00,58.0099983215332,0.0,0.0
2024-06-23 06:03:05.463000+00:00,58.0,0.0,0.0
2024-06-23 06:04:04.731000+00:00,58.0,0.0,0.0
2024-06-23 06:05:04.468000+00:00,58.0,0.0,0.0
2024-06-23 06:06:05.326000+00:00,57.970001220703125,0.0,0.0
2024-06-23 06:07:04.385000+00:00,58.0,0.0,0.0
2024-06-23 06:08:04.579000+00:00,57.90999984741211,0.0,0.0
2024-06-23 06:09:04.726000+00:00,58.0,0.0,0.0
2024-06-23 06:10:04.441000+00:00,57.900001525878906,0.0,0.0
2024-06-23 06:11:04.543000+00:00,57.900001525878906,0.0,0.0
2024-06-23 06:12:05.265000+00:00,58.040000915527344,0.0,0.0
2024-06-23 06:13:04.642000+00:00,58.09999847412109,0.0,0.0
2024-06-23 06:14:04.612000+00:00,58.09999847412109,0.0,0.0
2024-06-23 06:15:05.277000+00:00,58.09999847412109,0.0,0.0
2024-06-23 06:16:04.662000+00:00,58.20000076293945,0.0,0.0
2024-06-23 06:17:04.452000+00:00,58.20000076293945,0.0,0.0
2024-06-23 06:18:05.171000+00:00,58.29999923706055,0.0,0.0
2024-06-23 06:19:04.328000+00:00,58.29999923706055,0.0,0.0
2024-06-23 06:20:05.200000+00:00,58.29999923706055,0.0,0.0
2024-06-23 06:21:04.272000+00:00,58.29999923706055,0.0,0.0
2024-06-23 06:22:04.586000+00:00,58.29999923706055,0.0,0.0
2024-06-23 06:23:04.466000+00:00,58.29999923706055,0.0,0.0
2024-06-23 06:24:04.671000+00:00,58.33000183105469,0.0,0.0
2024-06-23 06:25:04.539000+00:00,58.369998931884766,0.0,0.0
2024-06-23 06:26:05.129000+00:00,58.400001525878906,0.0,0.0
2024-06-23 06:27:04.687000+00:00,58.36000061035156,0.0,0.0
2024-06-23 06:28:04.391000+00:00,58.400001525878906,0.0,0.0
2024-06-23 06:29:04.720000+00:00,58.369998931884766,0.0,0.0
2024-06-23 06:30:05.111000+00:00,58.34000015258789,0.0,0.0
2024-06-23 06:31:04.425000+00:00,58.29999923706055,0.0,0.0
2024-06-23 06:32:04.624000+00:00,58.29999923706055,0.0,0.0
2024-06-23 06:33:04.623000+00:00,58.29999923706055,0.0,0.0
2024-06-23 06:34:04.910000+00:00,58.29999923706055,0.0,0.0
2024-06-23 06:35:04.466000+00:00,58.29999923706055,0.0,0.0
2024-06-23 06:36:04.890000+00:00,58.20000076293945,0.0,0.0
2024-06-23 06:37:04.589000+00:00,58.20000076293945,0.0,0.0
2024-06-23 06:38:04.571000+00:00,58.20000076293945,0.0,0.0
2024-06-23 06:39:05.122000+00:00,58.20000076293945,0.0,0.0
2024-06-23 06:40:04.698000+00:00,58.20000076293945,0.0,0.0
2024-06-23 06:41:04.518000+00:00,58.20000076293945,0.0,0.0
2024-06-23 06:42:05.273000+00:00,57.70000076293945,0.0,0.0
2024-06-23 06:43:04.347000+00:00,57.70000076293945,0.0,0.0
2024-06-23 06:44:04.976000+00:00,57.79999923706055,0.0,0.0
2024-06-23 06:45:04.456000+00:00,54.18000030517578,0.0,0.0
2024-06-23 06:46:04.804000+00:00,55.09000015258789,0.0,0.0
2024-06-23 06:47:04.787000+00:00,56.709999084472656,0.0,0.0
2024-06-23 06:48:05.290000+00:00,57.77999877929688,0.0,0.0
2024-06-23 06:49:04.737000+00:00,58.5,0.0,0.0
2024-06-23 06:50:04.890000+00:00,58.900001525878906,0.0,0.0
2024-06-23 06:51:04.242000+00:00,59.09999847412109,0.0,0.0
2024-06-23 06:52:04.821000+00:00,59.20000076293945,0.0,0.0
2024-06-23 06:53:04.395000+00:00,59.29999923706055,0.0,0.0
2024-06-23 06:54:04.815000+00:00,59.20000076293945,0.0,0.0
2024-06-23 06:55:04.960000+00:00,59.20000076293945,0.0,0.0
2024-06-23 06:56:04.980000+00:00,59.09999847412109,0.0,0.0
2024-06-23 06:57:04.415000+00:00,58.970001220703125,0.0,0.0
2024-06-23 06:58:04.579000+00:00,58.79999923706055,0.0,0.0
2024-06-23 06:59:04.378000+00:00,58.70000076293945,0.0,0.0
2024-06-23 07:00:08.573000+00:00,58.59999847412109,0.0,0.0
2024-06-23 07:01:05.194000+00:00,58.5,0.0,0.0
2024-06-23 07:02:04.499000+00:00,58.400001525878906,0.0,0.0
2024-06-23 07:03:04.520000+00:00,58.29999923706055,0.0,0.0
2024-06-23 07:04:04.762000+00:00,58.20000076293945,0.0,0.0
2024-06-23 07:05:04.843000+00:00,58.09999847412109,0.0,0.0
2024-06-23 07:06:05.162000+00:00,58.0,0.0,0.0
2024-06-23 07:07:04.820000+00:00,57.900001525878906,0.0,0.0
2024-06-23 07:08:04.499000+00:00,57.900001525878906,0.0,0.0
2024-06-23 07:09:04.775000+00:00,57.79999923706055,0.0,0.0
2024-06-23 07:10:04.464000+00:00,57.79999923706055,0.0,0.0
2024-06-23 07:11:04.532000+00:00,57.709999084472656,0.0,0.0
2024-06-23 07:12:04.890000+00:00,57.70000076293945,0.0,0.0
2024-06-23 07:13:04.115000+00:00,57.790000915527344,0.0,0.0
2024-06-23 07:14:05.087000+00:00,57.84000015258789,0.0,0.0
2024-06-23 07:15:04.802000+00:00,57.900001525878906,0.0,0.0
2024-06-23 07:16:04.468000+00:00,58.0,0.0,0.0
2024-06-23 07:17:04.768000+00:00,58.09999847412109,0.0,0.0
2024-06-23 07:18:04.408000+00:00,58.20000076293945,0.0,0.0
2024-06-23 07:19:04.828000+00:00,58.20000076293945,0.0,0.0
2024-06-23 07:20:04.736000+00:00,58.29999923706055,0.0,0.0
2024-06-23 07:21:04.826000+00:00,58.29999923706055,0.0,0.0
2024-06-23 07:22:04.334000+00:00,58.400001525878906,0.0,0.0
2024-06-23 07:23:04.294000+00:00,58.400001525878906,0.0,0.0
2024-06-23 07:24:04.228000+00:00,58.400001525878906,0.0,0.0
2024-06-23 07:25:04.985000+00:00,58.400001525878906,0.0,0.0
2024-06-23 07:26:05.159000+00:00,58.400001525878906,0.0,0.0
2024-06-23 07:27:04.073000+00:00,58.400001525878906,0.0,0.0
2024-06-23 07:28:04.687000+00:00,58.400001525878906,0.0,0.0
2024-06-23 07:29:04.775000+00:00,58.29999923706055,0.0,0.0
2024-06-23 07:30:04.965000+00:00,58.29999923706055,0.0,0.0
2024-06-23 07:31:04.727000+00:00,58.20000076293945,0.0,0.0
2024-06-23 07:32:04.739000+00:00,58.20000076293945,0.0,0.0
2024-06-23 07:33:04.471000+00:00,58.09999847412109,0.0,0.0
2024-06-23 07:34:04.724000+00:00,58.09999847412109,0.0,0.0
2024-06-23 07:35:04.793000+00:00,58.0,0.0,0.0
2024-06-23 07:36:05.008000+00:00,58.0,0.0,0.0
2024-06-23 07:37:04.513000+00:00,57.900001525878906,0.0,0.0
2024-06-23 07:38:04.646000+00:00,57.900001525878906,0.0,0.0
2024-06-23 07:39:04.972000+00:00,57.900001525878906,0.0,0.0
2024-06-23 07:40:04.966000+00:00,57.900001525878906,0.0,0.0
2024-06-23 07:41:04.159000+00:00,57.93000030517578,0.0,0.0
2024-06-23 07:42:05.556000+00:00,57.93000030517578,0.0,0.0
2024-06-23 07:43:03.796000+00:00,58.0,0.0,0.0
2024-06-23 07:44:05.132000+00:00,58.09999847412109,0.0,0.0
2024-06-23 07:45:04.475000+00:00,58.09999847412109,0.0,0.0
2024-06-23 07:46:04.773000+00:00,58.09999847412109,0.0,0.0
2024-06-23 07:47:03.865000+00:00,58.09999847412109,0.0,0.0
2024-06-23 07:48:04.783000+00:00,58.20000076293945,0.0,0.0
2024-06-23 07:49:04.304000+00:00,58.20000076293945,0.0,0.0
2024-06-23 07:50:04.225000+00:00,58.15999984741211,0.0,0.0
2024-06-23 07:51:04.046000+00:00,58.20000076293945,0.0,0.0
2024-06-23 07:52:04.927000+00:00,58.29999923706055,0.0,0.0
2024-06-23 07:53:04.635000+00:00,58.400001525878906,0.0,0.0
2024-06-23 07:54:04.433000+00:00,58.400001525878906,0.0,0.0
2024-06-23 07:55:05.152000+00:00,58.400001525878906,0.0,0.0
2024-06-23 07:56:04.752000+00:00,58.400001525878906,0.0,0.0
2024-06-23 07:57:05.256000+00:00,58.5,0.0,0.0
2024-06-23 07:58:04.622000+00:00,58.5,0.0,0.0
2024-06-23 07:59:04.681000+00:00,58.5,0.0,0.0
2024-06-23 08:00:07.111000+00:00,58.5,0.0,0.0
2024-06-23 08:01:04.810000+00:00,58.5,0.0,0.0
2024-06-23 08:02:04.711000+00:00,58.43000030517578,0.0,0.0
2024-06-23 08:03:04.102000+00:00,58.400001525878906,0.0,0.0
2024-06-23 08:04:04.638000+00:00,58.400001525878906,0.0,0.0
2024-06-23 08:05:04.838000+00:00,58.29999923706055,0.0,0.0
2024-06-23 08:06:05.637000+00:00,58.209999084472656,0.0,0.0
2024-06-23 08:07:04.439000+00:00,58.20000076293945,0.0,0.0
2024-06-23 08:08:04.487000+00:00,58.20000076293945,0.0,0.0
2024-06-23 08:09:04.540000+00:00,58.15999984741211,0.0,0.0
2024-06-23 08:10:04.513000+00:00,58.09999847412109,0.0,0.0
2024-06-23 08:11:04.220000+00:00,58.0,0.0,0.0
2024-06-23 08:12:04.848000+00:00,58.02000045776367,0.0,0.0
2024-06-23 08:13:05.175000+00:00,58.0099983215332,0.0,0.0
2024-06-23 08:14:04.495000+00:00,58.0,0.0,0.0
2024-06-23 08:15:05.056000+00:00,58.0,0.0,0.0
2024-06-23 08:16:04.247000+00:00,58.09999847412109,0.0,0.0
2024-06-23 08:17:04.804000+00:00,58.09999847412109,0.0,0.0
2024-06-23 08:18:04.748000+00:00,58.09999847412109,0.0,0.0
2024-06-23 08:19:05.218000+00:00,57.70000076293945,0.0,0.0
2024-06-23 08:20:04.577000+00:00,57.59999847412109,0.0,0.0
2024-06-23 08:21:05.023000+00:00,57.70000076293945,0.0,0.0
2024-06-23 08:22:04.582000+00:00,52.18000030517578,0.0,0.0
2024-06-23 08:23:03.926000+00:00,47.470001220703125,0.0,0.0
2024-06-23 08:24:04.392000+00:00,51.5,0.0,0.0
2024-06-23 08:25:04.838000+00:00,55.79999923706055,0.0,0.0
2024-06-23 08:26:04.686000+00:00,58.290000915527344,0.0,0.0
2024-06-23 08:27:04.535000+00:00,59.59999847412109,0.0,0.0
2024-06-23 08:28:05.084000+00:00,60.29999923706055,0.0,0.0
2024-06-23 08:29:04.882000+00:00,60.5,0.0,0.0
2024-06-23 08:30:05.251000+00:00,60.59999847412109,0.0,0.0
2024-06-23 08:31:04.808000+00:00,60.59999847412109,0.0,0.0
2024-06-23 08:32:04.096000+00:00,60.5,0.0,0.0
2024-06-23 08:33:04.428000+00:00,60.29999923706055,0.0,0.0
2024-06-23 08:34:04.563000+00:00,60.18999862670898,0.0,0.0
2024-06-23 08:35:04.966000+00:00,59.900001525878906,0.0,0.0
2024-06-23 08:36:05.632000+00:00,59.720001220703125,0.0,0.0
2024-06-23 08:37:04.401000+00:00,59.5,0.0,0.0
2024-06-23 08:38:04.370000+00:00,59.20000076293945,0.0,0.0
2024-06-23 08:39:05.365000+00:00,58.79999923706055,0.0,0.0
2024-06-23 08:40:04.906000+00:00,58.59999847412109,0.0,0.0
2024-06-23 08:41:04.691000+00:00,58.29999923706055,0.0,0.0
2024-06-23 08:42:05.243000+00:00,58.09999847412109,0.0,0.0
2024-06-23 08:43:04.161000+00:00,57.900001525878906,0.0,0.0
2024-06-23 08:44:04.426000+00:00,57.70000076293945,0.0,0.0
2024-06-23 08:45:05.216000+00:00,57.61000061035156,0.0,0.0
2024-06-23 08:46:04.134000+00:00,57.5,0.0,0.0
2024-06-23 08:47:04.285000+00:00,57.5,0.0,0.0
2024-06-23 08:48:05.012000+00:00,57.5,0.0,0.0
2024-06-23 08:49:04.065000+00:00,57.59999847412109,0.0,0.0
2024-06-23 08:50:04.424000+00:00,57.63999938964844,0.0,0.0
2024-06-23 08:51:04.277000+00:00,57.79999923706055,0.0,0.0
2024-06-23 08:52:05.247000+00:00,57.11000061035156,0.0,0.0
2024-06-23 08:53:04.580000+00:00,56.43999862670898,0.0,0.0
2024-06-23 08:54:04.718000+00:00,56.810001373291016,0.0,0.0
2024-06-23 08:55:04.864000+00:00,57.59999847412109,0.0,0.0
2024-06-23 08:56:04.963000+00:00,58.20000076293945,0.0,0.0
2024-06-23 08:57:04.573000+00:00,58.70000076293945,0.0,0.0
2024-06-23 08:58:04.646000+00:00,59.0,0.0,0.0
2024-06-23 08:59:04.752000+00:00,59.09999847412109,0.0,0.0
2024-06-23 09:00:08.024000+00:00,59.20000076293945,0.0,0.0
2024-06-23 09:01:04.908000+00:00,59.20000076293945,0.0,0.0
2024-06-23 09:02:04.122000+00:00,59.150001525878906,0.0,0.0
2024-06-23 09:03:04.533000+00:00,59.0,0.0,0.0
2024-06-23 09:04:04.563000+00:00,58.900001525878906,0.0,0.0
2024-06-23 09:05:04.631000+00:00,58.77999877929688,0.0,0.0
2024-06-23 09:06:05.705000+00:00,58.59999847412109,0.0,0.0
2024-06-23 09:07:04.680000+00:00,58.5,0.0,0.0
2024-06-23 09:08:04.679000+00:00,58.400001525878906,0.0,0.0
2024-06-23 09:09:04.354000+00:00,58.29999923706055,0.0,0.0
2024-06-23 09:10:04.658000+00:00,58.20000076293945,0.0,0.0
2024-06-23 09:11:04.737000+00:00,58.09999847412109,0.0,0.0
2024-06-23 09:12:04.708000+00:00,58.09999847412109,0.0,0.0
2024-06-23 09:13:04.513000+00:00,58.0,0.0,0.0
2024-06-23 09:14:04.622000+00:00,58.0,0.0,0.0
2024-06-23 09:15:05.201000+00:00,57.900001525878906,0.0,0.0
2024-06-23 09:16:04.417000+00:00,57.900001525878906,0.0,0.0
2024-06-23 09:17:04.906000+00:00,57.900001525878906,0.0,0.0
2024-06-23 09:18:04.983000+00:00,57.900001525878906,0.0,0.0
2024-06-23 09:19:03.813000+00:00,57.90999984741211,0.0,0.0
2024-06-23 09:20:04.643000+00:00,58.09999847412109,0.0,0.0
2024-06-23 09:21:04.757000+00:00,58.20000076293945,0.0,0.0
2024-06-23 09:22:04.604000+00:00,58.29999923706055,0.0,0.0
2024-06-23 09:23:04.756000+00:00,58.400001525878906,0.0,0.0
2024-06-23 09:24:04.916000+00:00,58.4900016784668,0.0,0.0
2024-06-23 09:25:04.525000+00:00,58.59999847412109,0.0,0.0
2024-06-23 09:26:05.231000+00:00,58.59999847412109,0.0,0.0
2024-06-23 09:27:05.046000+00:00,58.59999847412109,0.0,0.0
2024-06-23 09:28:04.401000+00:00,58.79999923706055,0.0,0.0
2024-06-23 09:29:04.465000+00:00,58.79999923706055,0.0,0.0
2024-06-23 09:30:04.910000+00:00,58.79999923706055,0.0,0.0
2024-06-23 09:31:04.538000+00:00,58.7400016784668,0.0,0.0
2024-06-23 09:32:04.664000+00:00,58.70000076293945,0.0,0.0
2024-06-23 09:33:05.227000+00:00,58.59999847412109,0.0,0.0
2024-06-23 09:34:05.285000+00:00,58.5099983215332,0.0,0.0
2024-06-23 09:35:04.943000+00:00,58.5,0.0,0.0
2024-06-23 09:36:04.617000+00:00,58.400001525878906,0.0,0.0
2024-06-23 09:37:04.199000+00:00,58.400001525878906,0.0,0.0
2024-06-23 09:38:04.658000+00:00,58.29999923706055,0.0,0.0
2024-06-23 09:39:05.256000+00:00,58.29999923706055,0.0,0.0
2024-06-23 09:40:05.147000+00:00,57.900001525878906,0.0,0.0
2024-06-23 09:41:04.998000+00:00,57.61000061035156,0.0,0.0
2024-06-23 09:42:04.866000+00:00,57.630001068115234,0.0,0.0
2024-06-23 09:43:04.663000+00:00,57.709999084472656,0.0,0.0
2024-06-23 09:44:04.455000+00:00,58.0,0.0,0.0
2024-06-23 09:45:04.655000+00:00,58.20000076293945,0.0,0.0
2024-06-23 09:46:04.403000+00:00,58.400001525878906,0.0,0.0
2024-06-23 09:47:04.145000+00:00,58.70000076293945,0.0,0.0
2024-06-23 09:48:04.785000+00:00,58.900001525878906,0.0,0.0
2024-06-23 09:49:04.632000+00:00,58.900001525878906,0.0,0.0
2024-06-23 09:50:04.858000+00:00,59.0,0.0,0.0
2024-06-23 09:51:04.212000+00:00,58.9900016784668,0.0,0.0
2024-06-23 09:52:04.666000+00:00,58.900001525878906,0.0,0.0
2024-06-23 09:53:04.901000+00:00,58.900001525878906,0.0,0.0
2024-06-23 09:54:04.405000+00:00,58.900001525878906,0.0,0.0
2024-06-23 09:55:04.656000+00:00,58.70000076293945,0.0,0.0
2024-06-23 09:56:04.460000+00:00,58.59999847412109,0.0,0.0
2024-06-23 09:57:04.761000+00:00,58.5,0.0,0.0
2024-06-23 09:58:04.449000+00:00,58.400001525878906,0.0,0.0
2024-06-23 09:59:04.164000+00:00,58.29999923706055,0.0,0.0
2024-06-23 10:00:07.112000+00:00,58.290000915527344,0.0,0.0
2024-06-23 10:01:05.387000+00:00,58.20000076293945,0.0,0.0
2024-06-23 10:02:04.740000+00:00,58.18000030517578,0.0,0.0
2024-06-23 10:03:04.730000+00:00,58.09999847412109,0.0,0.0
2024-06-23 10:04:04.585000+00:00,58.09999847412109,0.0,0.0
2024-06-23 10:05:05.095000+00:00,58.09999847412109,0.0,0.0
2024-06-23 10:06:04.608000+00:00,58.09999847412109,0.0,0.0
2024-06-23 10:07:05.037000+00:00,58.09999847412109,0.0,0.0
2024-06-23 10:08:04.702000+00:00,58.20000076293945,0.0,0.0
2024-06-23 10:09:04.407000+00:00,58.27999877929688,0.0,0.0
2024-06-23 10:10:04.864000+00:00,58.29999923706055,0.0,0.0
2024-06-23 10:11:04.048000+00:00,58.400001525878906,0.0,0.0
2024-06-23 10:12:05.606000+00:00,58.41999816894531,0.0,0.0
2024-06-23 10:13:04.288000+00:00,58.5,0.0,0.0
2024-06-23 10:14:04.353000+00:00,58.5,0.0,0.0
2024-06-23 10:15:04.940000+00:00,58.5099983215332,0.0,0.0
2024-06-23 10:16:04.853000+00:00,58.59999847412109,0.0,0.0
2024-06-23 10:17:04.714000+00:00,58.59999847412109,0.0,0.0
2024-06-23 10:18:05.206000+00:00,58.59999847412109,0.0,0.0
2024-06-23 10:19:04.666000+00:00,58.59999847412109,0.0,0.0
2024-06-23 10:20:04.592000+00:00,58.59999847412109,0.0,0.0
2024-06-23 10:21:04.827000+00:00,58.59999847412109,0.0,0.0
2024-06-23 10:22:04.330000+00:00,58.52000045776367,0.0,0.0
2024-06-23 10:23:04.672000+00:00,58.5,0.0,0.0
2024-06-23 10:24:04.067000+00:00,58.40999984741211,0.0,0.0
2024-06-23 10:25:04.409000+00:00,58.400001525878906,0.0,0.0
2024-06-23 10:26:05.193000+00:00,58.400001525878906,0.0,0.0
2024-06-23 10:27:04.706000+00:00,58.29999923706055,0.0,0.0
2024-06-23 10:28:04.999000+00:00,58.29999923706055,0.0,0.0
2024-06-23 10:29:04.313000+00:00,58.09999847412109,0.0,0.0
2024-06-23 10:30:05.399000+00:00,56.310001373291016,0.0,0.0
2024-06-23 10:31:04.582000+00:00,56.5,0.0,0.0
2024-06-23 10:32:05.007000+00:00,57.29999923706055,0.0,0.0
2024-06-23 10:33:04.007000+00:00,58.0,0.0,0.0
2024-06-23 10:34:04.446000+00:00,58.63999938964844,0.0,0.0
2024-06-23 10:35:05.087000+00:00,59.0,0.0,0.0
2024-06-23 10:36:04.533000+00:00,59.09999847412109,0.0,0.0
2024-06-23 10:37:04.642000+00:00,59.13999938964844,0.0,0.0
2024-06-23 10:38:04.379000+00:00,59.20000076293945,0.0,0.0
2024-06-23 10:39:05.107000+00:00,59.09999847412109,0.0,0.0
2024-06-23 10:40:04.894000+00:00,59.0,0.0,0.0
2024-06-23 10:41:04.703000+00:00,58.900001525878906,0.0,0.0
2024-06-23 10:42:05.432000+00:00,58.79999923706055,0.0,0.0
2024-06-23 10:43:04.323000+00:00,58.59999847412109,0.0,0.0
2024-06-23 10:44:04.761000+00:00,58.29999923706055,0.0,0.0
2024-06-23 10:45:05.128000+00:00,58.20000076293945,0.0,0.0
2024-06-23 10:46:04.299000+00:00,58.0,0.0,0.0
2024-06-23 10:47:04.263000+00:00,57.810001373291016,0.0,0.0
2024-06-23 10:48:04.780000+00:00,57.70000076293945,0.0,0.0
2024-06-23 10:49:04.471000+00:00,57.59999847412109,0.0,0.0
2024-06-23 10:50:04.960000+00:00,57.59999847412109,0.0,0.0
2024-06-23 10:51:04.355000+00:00,57.59999847412109,0.0,0.0
2024-06-23 10:52:04.913000+00:00,57.70000076293945,0.0,0.0
2024-06-23 10:53:04.421000+00:00,57.880001068115234,0.0,0.0
2024-06-23 10:54:04.765000+00:00,58.0,0.0,0.0
2024-06-23 10:55:04.694000+00:00,58.09999847412109,0.0,0.0
2024-06-23 10:56:04.324000+00:00,58.29999923706055,0.0,0.0
2024-06-23 10:57:04.225000+00:00,58.400001525878906,0.0,0.0
2024-06-23 10:58:04.291000+00:00,58.5099983215332,0.0,0.0
2024-06-23 10:59:04.342000+00:00,58.59999847412109,0.0,0.0
2024-06-23 11:00:07.412000+00:00,58.70000076293945,0.0,0.0
2024-06-23 11:01:05.498000+00:00,58.79999923706055,0.0,0.0
2024-06-23 11:02:04.431000+00:00,58.0,0.0,0.0
2024-06-23 11:03:04.710000+00:00,58.150001525878906,0.0,0.0
2024-06-23 11:04:04.726000+00:00,58.38999938964844,0.0,0.0
2024-06-23 11:05:04.895000+00:00,58.09999847412109,0.0,0.0
2024-06-23 11:06:05.437000+00:00,58.18000030517578,0.0,0.0
2024-06-23 11:07:04.381000+00:00,58.20000076293945,0.0,0.0
2024-06-23 11:08:04.103000+00:00,58.29999923706055,0.0,0.0
2024-06-23 11:09:04.525000+00:00,58.41999816894531,0.0,0.0
2024-06-23 11:10:04.913000+00:00,58.59000015258789,0.0,0.0
2024-06-23 11:11:04.675000+00:00,58.59999847412109,0.0,0.0
2024-06-23 11:12:04.579000+00:00,58.70000076293945,0.0,0.0
2024-06-23 11:13:04.519000+00:00,58.79999923706055,0.0,0.0
2024-06-23 11:14:04.963000+00:00,58.79999923706055,0.0,0.0
2024-06-23 11:15:04.752000+00:00,58.79999923706055,0.0,0.0
2024-06-23 11:16:04.331000+00:00,58.79999923706055,0.0,0.0
2024-06-23 11:17:04.823000+00:00,58.79999923706055,0.0,0.0
2024-06-23 11:18:05.067000+00:00,58.79999923706055,0.0,0.0
2024-06-23 11:19:04.592000+00:00,58.79999923706055,0.0,0.0
2024-06-23 11:20:05.628000+00:00,58.79999923706055,0.0,0.0
2024-06-23 11:21:04.778000+00:00,58.79999923706055,0.0,0.0
2024-06-23 11:22:04.904000+00:00,58.29999923706055,0.0,0.0
2024-06-23 11:23:04.186000+00:00,58.29999923706055,0.0,0.0
2024-06-23 11:24:04.698000+00:00,58.29999923706055,0.0,0.0
2024-06-23 11:25:04.605000+00:00,58.400001525878906,0.0,0.0
2024-06-23 11:26:05.103000+00:00,58.400001525878906,0.0,0.0
2024-06-23 11:27:04.460000+00:00,58.400001525878906,0.0,0.0
2024-06-23 11:28:05.087000+00:00,58.400001525878906,0.0,0.0
2024-06-23 11:29:04.972000+00:00,58.400001525878906,0.0,0.0
2024-06-23 11:30:04.586000+00:00,58.400001525878906,0.0,0.0
2024-06-23 11:31:04.431000+00:00,58.400001525878906,0.0,0.0
2024-06-23 11:32:04.731000+00:00,58.400001525878906,0.0,0.0
2024-06-23 11:33:04.774000+00:00,58.400001525878906,0.0,0.0
2024-06-23 11:34:04.191000+00:00,58.400001525878906,0.0,0.0
2024-06-23 11:35:04.642000+00:00,58.400001525878906,0.0,0.0
2024-06-23 11:36:04.583000+00:00,58.400001525878906,0.0,0.0
2024-06-23 11:37:04.683000+00:00,58.400001525878906,0.0,0.0
2024-06-23 11:38:04.840000+00:00,58.400001525878906,0.0,0.0
2024-06-23 11:39:05.402000+00:00,58.400001525878906,0.0,0.0
2024-06-23 11:40:04.745000+00:00,58.400001525878906,0.0,0.0
2024-06-23 11:41:04.939000+00:00,58.400001525878906,0.0,0.0
2024-06-23 11:42:05.444000+00:00,58.29999923706055,0.0,0.0
2024-06-23 11:43:04.052000+00:00,58.20000076293945,0.0,0.0
2024-06-23 11:44:04.174000+00:00,58.27000045776367,0.0,0.0
2024-06-23 11:45:05.436000+00:00,58.20000076293945,0.0,0.0
2024-06-23 11:46:04.393000+00:00,58.29999923706055,0.0,0.0
2024-06-23 11:47:04.173000+00:00,58.29999923706055,0.0,0.0
2024-06-23 11:48:04.554000+00:00,58.400001525878906,0.0,0.0
2024-06-23 11:49:04.461000+00:00,58.540000915527344,0.0,0.0
2024-06-23 11:50:04.789000+00:00,58.61000061035156,0.0,0.0
2024-06-23 11:51:04.240000+00:00,58.70000076293945,0.0,0.0
2024-06-23 11:52:05.603000+00:00,58.79999923706055,0.0,0.0
2024-06-23 11:53:04.413000+00:00,58.79999923706055,0.0,0.0
2024-06-23 11:54:04.739000+00:00,58.70000076293945,0.0,0.0
2024-06-23 11:55:04.897000+00:00,58.5,0.0,0.0
2024-06-23 11:56:04.544000+00:00,58.400001525878906,0.0,0.0
2024-06-23 11:57:04.912000+00:00,58.400001525878906,0.0,0.0
2024-06-23 11:58:04.272000+00:00,58.29999923706055,0.0,0.0
2024-06-23 11:59:04.525000+00:00,58.29999923706055,0.0,0.0
2024-06-23 12:00:07.143000+00:00,58.20000076293945,0.0,0.0
2024-06-23 12:01:04.990000+00:00,58.11000061035156,0.0,0.0
2024-06-23 12:02:04.801000+00:00,58.09999847412109,0.0,0.0
2024-06-23 12:03:04.606000+00:00,58.09999847412109,0.0,0.0
2024-06-23 12:04:04.296000+00:00,58.09999847412109,0.0,0.0
2024-06-23 12:05:04.855000+00:00,58.09999847412109,0.0,0.0
2024-06-23 12:06:05.569000+00:00,58.09999847412109,0.0,0.0
2024-06-23 12:07:04.288000+00:00,58.20000076293945,0.0,0.0
2024-06-23 12:08:03.918000+00:00,58.29999923706055,0.0,0.0
2024-06-23 12:09:04.884000+00:00,58.29999923706055,0.0,0.0
2024-06-23 12:10:04.499000+00:00,58.400001525878906,0.0,0.0
2024-06-23 12:11:04.820000+00:00,58.5,0.0,0.0
2024-06-23 12:12:05.334000+00:00,58.52000045776367,0.0,0.0
2024-06-23 12:13:04.344000+00:00,58.59999847412109,0.0,0.0
2024-06-23 12:14:04.767000+00:00,58.59999847412109,0.0,0.0
2024-06-23 12:15:04.693000+00:00,58.630001068115234,0.0,0.0
2024-06-23 12:16:04.894000+00:00,58.70000076293945,0.0,0.0
2024-06-23 12:17:04.601000+00:00,58.70000076293945,0.0,0.0
2024-06-23 12:18:04.066000+00:00,58.709999084472656,0.0,0.0
2024-06-23 12:19:04.352000+00:00,58.70000076293945,0.0,0.0
2024-06-23 12:20:04.890000+00:00,58.70000076293945,0.0,0.0
2024-06-23 12:21:04.321000+00:00,58.59999847412109,0.0,0.0
2024-06-23 12:22:04.779000+00:00,58.5,0.0,0.0
2024-06-23 12:23:04.823000+00:00,58.5,0.0,0.0
2024-06-23 12:24:04.694000+00:00,58.400001525878906,0.0,0.0
2024-06-23 12:25:04.461000+00:00,58.380001068115234,0.0,0.0
2024-06-23 12:26:05.385000+00:00,58.400001525878906,0.0,0.0
2024-06-23 12:27:04.598000+00:00,58.36000061035156,0.0,0.0
2024-06-23 12:28:04.690000+00:00,58.29999923706055,0.0,0.0
2024-06-23 12:29:04.593000+00:00,58.29999923706055,0.0,0.0
2024-06-23 12:30:05.179000+00:00,58.400001525878906,0.0,0.0
2024-06-23 12:31:04.448000+00:00,58.400001525878906,0.0,0.0
2024-06-23 12:32:04.884000+00:00,58.400001525878906,0.0,0.0
2024-06-23 12:33:04.687000+00:00,58.5,0.0,0.0
2024-06-23 12:34:04.804000+00:00,58.5,0.0,0.0
2024-06-23 12:35:04.888000+00:00,58.5,0.0,0.0
2024-06-23 12:36:04.622000+00:00,58.5,0.0,0.0
2024-06-23 12:37:05.198000+00:00,58.59000015258789,0.0,0.0
2024-06-23 12:38:04.557000+00:00,58.5,0.0,0.0
2024-06-23 12:39:04.851000+00:00,58.5,0.0,0.0
2024-06-23 12:40:04.937000+00:00,58.5,0.0,0.0
2024-06-23 12:41:04.921000+00:00,58.5,0.0,0.0
2024-06-23 12:42:05.230000+00:00,58.5,0.0,0.0
2024-06-23 12:43:04.340000+00:00,58.5,0.0,0.0
2024-06-23 12:44:04.229000+00:00,57.79999923706055,0.0,0.0
2024-06-23 12:45:04.897000+00:00,57.52000045776367,0.0,0.0
2024-06-23 12:46:03.973000+00:00,57.79999923706055,0.0,0.0
2024-06-23 12:47:03.747000+00:00,58.09999847412109,0.0,0.0
2024-06-23 12:48:04.592000+00:00,58.59999847412109,0.0,0.0
2024-06-23 12:49:04.723000+00:00,58.900001525878906,0.0,0.0
2024-06-23 12:50:04.870000+00:00,59.20000076293945,0.0,0.0
2024-06-23 12:51:04.891000+00:00,59.29999923706055,0.0,0.0
2024-06-23 12:52:05.283000+00:00,59.29999923706055,0.0,0.0
2024-06-23 12:53:05.112000+00:00,59.27000045776367,0.0,0.0
2024-06-23 12:54:04.693000+00:00,59.18000030517578,0.0,0.0
2024-06-23 12:55:04.471000+00:00,59.09999847412109,0.0,0.0
2024-06-23 12:56:05.040000+00:00,58.900001525878906,0.0,0.0
2024-06-23 12:57:04.348000+00:00,52.52999877929688,0.0,0.0
2024-06-23 12:58:04.943000+00:00,49.5099983215332,0.0,0.0
2024-06-23 12:59:04.488000+00:00,50.20000076293945,0.0,0.0
2024-06-23 13:00:07.495000+00:00,55.02000045776367,0.0,0.0
2024-06-23 13:01:05.192000+00:00,56.5,0.0,0.0
2024-06-23 13:02:04.392000+00:00,57.5,0.0,0.0
2024-06-23 13:03:05.231000+00:00,58.20000076293945,0.0,0.0
2024-06-23 13:04:04.084000+00:00,58.79999923706055,0.0,0.0
2024-06-23 13:05:04.333000+00:00,59.20000076293945,0.0,0.0
2024-06-23 13:06:04.738000+00:00,59.5,0.0,0.0
2024-06-23 13:07:04.441000+00:00,59.79999923706055,0.0,0.0
2024-06-23 13:08:04.617000+00:00,59.900001525878906,0.0,0.0
2024-06-23 13:09:05.408000+00:00,60.0,0.0,0.0
2024-06-23 13:10:04.756000+00:00,60.09999847412109,0.0,0.0
2024-06-23 13:11:04.079000+00:00,60.20000076293945,0.0,0.0
2024-06-23 13:12:04.595000+00:00,60.09999847412109,0.0,0.0
2024-06-23 13:13:05.109000+00:00,60.09999847412109,0.0,0.0
2024-06-23 13:14:04.703000+00:00,59.900001525878906,0.0,0.0
2024-06-23 13:15:04.555000+00:00,59.79999923706055,0.0,0.0
2024-06-23 13:16:04.656000+00:00,59.68999862670898,0.0,0.0
2024-06-23 13:17:05.059000+00:00,59.5,0.0,0.0
2024-06-23 13:18:05.103000+00:00,59.29999923706055,0.0,0.0
2024-06-23 13:19:04.530000+00:00,59.09999847412109,0.0,0.0
2024-06-23 13:20:04.995000+00:00,59.0,0.0,0.0
2024-06-23 13:21:04.067000+00:00,58.79999923706055,0.0,0.0
2024-06-23 13:22:04.914000+00:00,58.59999847412109,0.0,0.0
2024-06-23 13:23:04.356000+00:00,58.5,0.0,0.0
2024-06-23 13:24:04.775000+00:00,58.29999923706055,0.0,0.0
2024-06-23 13:25:04.767000+00:00,58.20000076293945,0.0,0.0
2024-06-23 13:26:05.225000+00:00,58.09999847412109,0.0,0.0
2024-06-23 13:27:05.276000+00:00,58.0,0.0,0.0
2024-06-23 13:28:04.492000+00:00,58.0,0.0,0.0
2024-06-23 13:29:04.722000+00:00,57.900001525878906,0.0,0.0
2024-06-23 13:30:05.173000+00:00,57.900001525878906,0.0,0.0
2024-06-23 13:31:04.319000+00:00,58.0,0.0,0.0
2024-06-23 13:32:05.150000+00:00,58.09999847412109,0.0,0.0
2024-06-23 13:33:03.939000+00:00,58.20000076293945,0.0,0.0
2024-06-23 13:34:03.754000+00:00,58.20000076293945,0.0,0.0
2024-06-23 13:35:04.930000+00:00,58.29999923706055,0.0,0.0
2024-06-23 13:36:04.642000+00:00,58.400001525878906,0.0,0.0
2024-06-23 13:37:04.616000+00:00,58.400001525878906,0.0,0.0
2024-06-23 13:38:04.919000+00:00,58.400001525878906,0.0,0.0
2024-06-23 13:39:04.869000+00:00,58.0,0.0,0.0
2024-06-23 13:40:05.099000+00:00,58.09999847412109,0.0,0.0
2024-06-23 13:41:04.257000+00:00,58.20000076293945,0.0,0.0
2024-06-23 13:42:05.227000+00:00,58.20000076293945,0.0,0.0
2024-06-23 13:43:04.798000+00:00,58.29999923706055,0.0,0.0
2024-06-23 13:44:04.889000+00:00,58.29999923706055,0.0,0.0
2024-06-23 13:45:04.649000+00:00,58.400001525878906,0.0,0.0
2024-06-23 13:46:04.442000+00:00,58.400001525878906,0.0,0.0
2024-06-23 13:47:04.250000+00:00,58.400001525878906,0.0,0.0
2024-06-23 13:48:04.925000+00:00,58.5,0.0,0.0
2024-06-23 13:49:04.902000+00:00,58.5,0.0,0.0
2024-06-23 13:50:05.097000+00:00,58.59999847412109,0.0,0.0
2024-06-23 13:51:05.060000+00:00,55.59000015258789,0.0,0.0
2024-06-23 13:52:05.250000+00:00,56.540000915527344,0.0,0.0
2024-06-23 13:53:04.282000+00:00,56.70000076293945,0.0,0.0
2024-06-23 13:54:04.654000+00:00,56.900001525878906,0.0,0.0
2024-06-23 13:55:04.858000+00:00,57.0,0.0,0.0
2024-06-23 13:56:04.773000+00:00,57.400001525878906,0.0,0.0
2024-06-23 13:57:04.976000+00:00,57.70000076293945,0.0,0.0
2024-06-23 13:58:04.411000+00:00,58.0,0.0,0.0
2024-06-23 13:59:03.779000+00:00,58.380001068115234,0.0,0.0
2024-06-23 14:00:07.102000+00:00,58.59999847412109,0.0,0.0
2024-06-23 14:01:05.813000+00:00,58.900001525878906,0.0,0.0
2024-06-23 14:02:04.792000+00:00,59.0,0.0,0.0
2024-06-23 14:03:04.563000+00:00,59.09999847412109,0.0,0.0
2024-06-23 14:04:04.814000+00:00,59.20000076293945,0.0,0.0
2024-06-23 14:05:04.462000+00:00,59.20000076293945,0.0,0.0
2024-06-23 14:06:05.414000+00:00,59.29999923706055,0.0,0.0
2024-06-23 14:07:04.340000+00:00,59.34000015258789,0.0,0.0
2024-06-23 14:08:04.546000+00:00,59.400001525878906,0.0,0.0
2024-06-23 14:09:04.503000+00:00,59.400001525878906,0.0,0.0
2024-06-23 14:10:05.939000+00:00,59.29999923706055,0.0,0.0
2024-06-23 14:11:04.229000+00:00,59.29999923706055,0.0,0.0
2024-06-23 14:12:05.004000+00:00,59.29999923706055,0.0,0.0
2024-06-23 14:13:04.990000+00:00,59.20000076293945,0.0,0.0
2024-06-23 14:14:04.573000+00:00,59.09999847412109,0.0,0.0
2024-06-23 14:15:04.913000+00:00,59.0,0.0,0.0
2024-06-23 14:16:04.285000+00:00,58.900001525878906,0.0,0.0
2024-06-23 14:17:04.447000+00:00,58.900001525878906,0.0,0.0
2024-06-23 14:18:05.111000+00:00,58.79999923706055,0.0,0.0
2024-06-23 14:19:04.680000+00:00,58.70000076293945,0.0,0.0
2024-06-23 14:20:04.865000+00:00,58.59999847412109,0.0,0.0
2024-06-23 14:21:05.325000+00:00,58.5,0.0,0.0
2024-06-23 14:22:05.047000+00:00,58.4900016784668,0.0,0.0
2024-06-23 14:23:04.859000+00:00,58.380001068115234,0.0,0.0
2024-06-23 14:24:04.542000+00:00,58.29999923706055,0.0,0.0
2024-06-23 14:25:05.160000+00:00,58.20000076293945,0.0,0.0
2024-06-23 14:26:05.003000+00:00,58.16999816894531,0.0,0.0
2024-06-23 14:27:04.765000+00:00,58.09999847412109,0.0,0.0
2024-06-23 14:28:05.193000+00:00,58.0,0.0,0.0
2024-06-23 14:29:04.864000+00:00,57.900001525878906,0.0,0.0
2024-06-23 14:30:05.410000+00:00,57.900001525878906,0.0,0.0
2024-06-23 14:31:04.535000+00:00,57.900001525878906,0.0,0.0
2024-06-23 14:32:04.961000+00:00,57.79999923706055,0.0,0.0
2024-06-23 14:33:04.622000+00:00,57.79999923706055,0.0,0.0
2024-06-23 14:34:04.294000+00:00,57.79999923706055,0.0,0.0
2024-06-23 14:35:05.011000+00:00,57.709999084472656,0.0,0.0
2024-06-23 14:36:04.992000+00:00,57.79999923706055,0.0,0.0
2024-06-23 14:37:04.097000+00:00,57.79999923706055,0.0,0.0
2024-06-23 14:38:04.500000+00:00,57.79999923706055,0.0,0.0
2024-06-23 14:39:05.334000+00:00,57.84000015258789,0.0,0.0
2024-06-23 14:40:05.856000+00:00,57.900001525878906,0.0,0.0
2024-06-23 14:41:04.852000+00:00,57.900001525878906,0.0,0.0
2024-06-23 14:42:04.693000+00:00,57.900001525878906,0.0,0.0
2024-06-23 14:43:04.567000+00:00,55.40999984741211,0.0,0.0
2024-06-23 14:44:04.250000+00:00,53.33000183105469,0.0,0.0
2024-06-23 14:45:04.953000+00:00,53.70000076293945,0.0,0.0
2024-06-23 14:46:04.231000+00:00,54.79999923706055,0.0,0.0
2024-06-23 14:47:04.427000+00:00,56.29999923706055,0.0,0.0
2024-06-23 14:48:04.782000+00:00,57.5,0.0,0.0
2024-06-23 14:49:04.631000+00:00,58.29999923706055,0.0,0.0
2024-06-23 14:50:04.450000+00:00,58.79999923706055,0.0,0.0
2024-06-23 14:51:04.209000+00:00,59.20000076293945,0.0,0.0
2024-06-23 14:52:05.671000+00:00,59.400001525878906,0.0,0.0
2024-06-23 14:53:04.791000+00:00,59.59999847412109,0.0,0.0
2024-06-23 14:54:05.037000+00:00,59.70000076293945,0.0,0.0
2024-06-23 14:55:04.754000+00:00,59.79999923706055,0.0,0.0
2024-06-23 14:56:04.681000+00:00,59.79999923706055,0.0,0.0
2024-06-23 14:57:04.553000+00:00,59.79999923706055,0.0,0.0
2024-06-23 14:58:04.837000+00:00,59.79999923706055,0.0,0.0
2024-06-23 14:59:04.294000+00:00,59.79999923706055,0.0,0.0
2024-06-23 15:00:07.364000+00:00,59.790000915527344,0.0,0.0
2024-06-23 15:01:05.935000+00:00,59.70000076293945,0.0,0.0
2024-06-23 15:02:04.671000+00:00,59.59999847412109,0.0,0.0
2024-06-23 15:03:04.741000+00:00,59.59999847412109,0.0,0.0
2024-06-23 15:04:04.740000+00:00,59.5,0.0,0.0
2024-06-23 15:05:05.136000+00:00,59.400001525878906,0.0,0.0
2024-06-23 15:06:05.646000+00:00,59.29999923706055,0.0,0.0
2024-06-23 15:07:04.606000+00:00,59.20000076293945,0.0,0.0
2024-06-23 15:08:03.846000+00:00,59.09999847412109,0.0,0.0
2024-06-23 15:09:04.856000+00:00,59.0,0.0,0.0
2024-06-23 15:10:05.005000+00:00,58.79999923706055,0.0,0.0
2024-06-23 15:11:04.594000+00:00,58.70000076293945,0.0,0.0
2024-06-23 15:12:05.106000+00:00,58.59999847412109,0.0,0.0
2024-06-23 15:13:05.475000+00:00,50.630001068115234,0.0,0.0
2024-06-23 15:14:05.085000+00:00,48.58000183105469,0.0,0.0
2024-06-23 15:15:05.049000+00:00,48.77999877929688,0.0,0.0
2024-06-23 15:16:04.212000+00:00,54.11000061035156,0.0,0.0
2024-06-23 15:17:05.147000+00:00,56.2400016784668,0.0,0.0
2024-06-23 15:18:05.191000+00:00,57.27999877929688,0.0,0.0
2024-06-23 15:19:04.501000+00:00,57.900001525878906,0.0,0.0
2024-06-23 15:20:05.285000+00:00,58.29999923706055,0.0,0.0
2024-06-23 15:21:05.113000+00:00,58.59999847412109,0.0,0.0
2024-06-23 15:22:04.561000+00:00,58.900001525878906,0.0,0.0
2024-06-23 15:23:04.373000+00:00,59.0,0.0,0.0
2024-06-23 15:24:05.122000+00:00,59.20000076293945,0.0,0.0
2024-06-23 15:25:05.328000+00:00,59.29999923706055,0.0,0.0
2024-06-23 15:26:05.250000+00:00,59.400001525878906,0.0,0.0
2024-06-23 15:27:04.346000+00:00,59.5,0.0,0.0
2024-06-23 15:28:04.793000+00:00,59.5,0.0,0.0
2024-06-23 15:29:04.792000+00:00,59.5,0.0,0.0
2024-06-23 15:30:05.027000+00:00,59.5,0.0,0.0
2024-06-23 15:31:04.477000+00:00,59.400001525878906,0.0,0.0
2024-06-23 15:32:04.774000+00:00,59.29999923706055,0.0,0.0
2024-06-23 15:33:05.055000+00:00,59.29999923706055,0.0,0.0
2024-06-23 15:34:04.723000+00:00,59.29999923706055,0.0,0.0
2024-06-23 15:35:04.594000+00:00,59.20000076293945,0.0,0.0
2024-06-23 15:36:04.655000+00:00,59.20000076293945,0.0,0.0
2024-06-23 15:37:04.284000+00:00,59.09999847412109,0.0,0.0
2024-06-23 15:38:04.398000+00:00,59.0,0.0,0.0
2024-06-23 15:39:05.230000+00:00,59.0,0.0,0.0
2024-06-23 15:40:04.493000+00:00,58.900001525878906,0.0,0.0
2024-06-23 15:41:04.939000+00:00,58.79999923706055,0.0,0.0
2024-06-23 15:42:05.089000+00:00,58.79999923706055,0.0,0.0
2024-06-23 15:43:04.548000+00:00,58.70000076293945,0.0,0.0
2024-06-23 15:44:04.647000+00:00,58.59999847412109,0.0,0.0
2024-06-23 15:45:04.095000+00:00,58.09999847412109,0.0,0.0
2024-06-23 15:46:04.605000+00:00,57.59999847412109,0.0,0.0
2024-06-23 15:47:04.288000+00:00,57.29999923706055,0.0,0.0
2024-06-23 15:48:04.867000+00:00,57.20000076293945,0.0,0.0
2024-06-23 15:49:04.500000+00:00,57.20000076293945,0.0,0.0
2024-06-23 15:50:04.785000+00:00,57.20000076293945,0.0,0.0
2024-06-23 15:51:04.097000+00:00,57.290000915527344,0.0,0.0
2024-06-23 15:52:04.593000+00:00,57.29999923706055,0.0,0.0
2024-06-23 15:53:05.026000+00:00,57.400001525878906,0.0,0.0
2024-06-23 15:54:04.975000+00:00,53.0099983215332,0.0,0.0
2024-06-23 15:55:05.125000+00:00,48.02999877929688,0.0,0.0
2024-06-23 15:56:04.883000+00:00,48.79999923706055,0.0,0.0
2024-06-23 15:57:05.260000+00:00,49.900001525878906,0.0,0.0
2024-06-23 15:58:04.815000+00:00,55.5,0.0,0.0
2024-06-23 15:59:04.177000+00:00,57.900001525878906,0.0,0.0
2024-06-23 16:00:06.953000+00:00,58.84999847412109,0.0,0.0
2024-06-23 16:01:04.930000+00:00,59.29999923706055,0.0,0.0
2024-06-23 16:02:04.512000+00:00,59.5,0.0,0.0
2024-06-23 16:03:04.772000+00:00,59.59999847412109,0.0,0.0
2024-06-23 16:04:04.437000+00:00,59.59999847412109,0.0,0.0
2024-06-23 16:05:05.227000+00:00,59.59999847412109,0.0,0.0
2024-06-23 16:06:05.420000+00:00,59.5,0.0,0.0
2024-06-23 16:07:04.619000+00:00,59.400001525878906,0.0,0.0
2024-06-23 16:08:04.387000+00:00,59.29999923706055,0.0,0.0
2024-06-23 16:09:04.595000+00:00,59.2400016784668,0.0,0.0
2024-06-23 16:10:04.404000+00:00,59.09999847412109,0.0,0.0
2024-06-23 16:11:04.639000+00:00,59.0,0.0,0.0
2024-06-23 16:12:05.131000+00:00,58.900001525878906,0.0,0.0
2024-06-23 16:13:04.656000+00:00,58.79999923706055,0.0,0.0
2024-06-23 16:14:04.694000+00:00,58.59999847412109,0.0,0.0
2024-06-23 16:15:04.749000+00:00,58.43000030517578,0.0,0.0
2024-06-23 16:16:04.320000+00:00,58.38999938964844,0.0,0.0
2024-06-23 16:17:04.879000+00:00,58.20000076293945,0.0,0.0
2024-06-23 16:18:04.568000+00:00,58.02000045776367,0.0,0.0
2024-06-23 16:19:05.033000+00:00,57.83000183105469,0.0,0.0
2024-06-23 16:20:04.836000+00:00,57.70000076293945,0.0,0.0
2024-06-23 16:21:04.873000+00:00,57.5,0.0,0.0
2024-06-23 16:22:04.887000+00:00,57.400001525878906,0.0,0.0
2024-06-23 16:23:05.478000+00:00,57.400001525878906,0.0,0.0
2024-06-23 16:24:04.271000+00:00,57.400001525878906,0.0,0.0
2024-06-23 16:25:04.756000+00:00,57.400001525878906,0.0,0.0
2024-06-23 16:26:05.027000+00:00,57.400001525878906,0.0,0.0
2024-06-23 16:27:04.585000+00:00,57.5,0.0,0.0
2024-06-23 16:28:05.313000+00:00,57.59999847412109,0.0,0.0
2024-06-23 16:29:05.022000+00:00,57.70000076293945,0.0,0.0
2024-06-23 16:30:05.163000+00:00,57.900001525878906,0.0,0.0
2024-06-23 16:31:04.541000+00:00,58.09999847412109,0.0,0.0
2024-06-23 16:32:04.384000+00:00,58.29999923706055,0.0,0.0
2024-06-23 16:33:04.307000+00:00,58.400001525878906,0.0,0.0
2024-06-23 16:34:04.342000+00:00,58.59999847412109,0.0,0.0
2024-06-23 16:35:04.296000+00:00,57.22999954223633,0.0,0.0
2024-06-23 16:36:04.528000+00:00,51.119998931884766,0.0,0.0
2024-06-23 16:37:04.443000+00:00,50.59999847412109,0.0,0.0
2024-06-23 16:38:04.724000+00:00,55.29999923706055,0.0,0.0
2024-06-23 16:39:05.061000+00:00,58.59999847412109,0.0,0.0
2024-06-23 16:40:04.917000+00:00,59.09999847412109,0.0,0.0
2024-06-23 16:41:05.274000+00:00,59.29999923706055,0.0,0.0
2024-06-23 16:42:05.170000+00:00,59.400001525878906,0.0,0.0
2024-06-23 16:43:04.664000+00:00,59.40999984741211,0.0,0.0
2024-06-23 16:44:04.255000+00:00,59.400001525878906,0.0,0.0
2024-06-23 16:45:05.269000+00:00,59.400001525878906,0.0,0.0
2024-06-23 16:46:04.848000+00:00,59.29999923706055,0.0,0.0
2024-06-23 16:47:04.017000+00:00,59.20000076293945,0.0,0.0
2024-06-23 16:48:04.378000+00:00,59.20000076293945,0.0,0.0
2024-06-23 16:49:04.957000+00:00,59.09999847412109,0.0,0.0
2024-06-23 16:50:04.608000+00:00,59.0,0.0,0.0
2024-06-23 16:51:04.779000+00:00,58.900001525878906,0.0,0.0
2024-06-23 16:52:04.882000+00:00,58.79999923706055,0.0,0.0
2024-06-23 16:53:05.249000+00:00,58.79999923706055,0.0,0.0
2024-06-23 16:54:04.742000+00:00,58.59999847412109,0.0,0.0
2024-06-23 16:55:04.457000+00:00,58.56999969482422,0.0,0.0
2024-06-23 16:56:05.211000+00:00,58.43000030517578,0.0,0.0
2024-06-23 16:57:04.536000+00:00,58.400001525878906,0.0,0.0
2024-06-23 16:58:04.893000+00:00,58.29999923706055,0.0,0.0
2024-06-23 16:59:04.476000+00:00,58.20000076293945,0.0,0.0
2024-06-23 17:00:07.111000+00:00,58.11000061035156,0.0,0.0
2024-06-23 17:01:05.019000+00:00,58.09999847412109,0.0,0.0
2024-06-23 17:02:04.689000+00:00,58.0,0.0,0.0
2024-06-23 17:03:04.389000+00:00,58.0,0.0,0.0
2024-06-23 17:04:04.280000+00:00,57.900001525878906,0.0,0.0
2024-06-23 17:05:05.355000+00:00,57.869998931884766,0.0,0.0
2024-06-23 17:06:05.260000+00:00,57.79999923706055,0.0,0.0
2024-06-23 17:07:04.405000+00:00,57.79999923706055,0.0,0.0
2024-06-23 17:08:04.781000+00:00,57.72999954223633,0.0,0.0
2024-06-23 17:09:04.269000+00:00,57.79999923706055,0.0,0.0
2024-06-23 17:10:04.986000+00:00,57.79999923706055,0.0,0.0
2024-06-23 17:11:04.702000+00:00,57.79999923706055,0.0,0.0
2024-06-23 17:12:04.941000+00:00,57.900001525878906,0.0,0.0
2024-06-23 17:13:04.451000+00:00,58.0,0.0,0.0
2024-06-23 17:14:04.822000+00:00,58.0,0.0,0.0
2024-06-23 17:15:05.438000+00:00,58.09999847412109,0.0,0.0
2024-06-23 17:16:04.567000+00:00,58.18999862670898,0.0,0.0
2024-06-23 17:17:04.550000+00:00,58.20000076293945,0.0,0.0
2024-06-23 17:18:04.995000+00:00,58.29999923706055,0.0,0.0
2024-06-23 17:19:04.151000+00:00,58.29999923706055,0.0,0.0
2024-06-23 17:20:05.074000+00:00,58.29999923706055,0.0,0.0
2024-06-23 17:21:04.391000+00:00,58.29999923706055,0.0,0.0
2024-06-23 17:22:04.560000+00:00,58.400001525878906,0.0,0.0
2024-06-23 17:23:04.561000+00:00,58.400001525878906,0.0,0.0
2024-06-23 17:24:04.733000+00:00,58.45000076293945,0.0,0.0
2024-06-23 17:25:04.973000+00:00,58.5,0.0,0.0
2024-06-23 17:26:05.214000+00:00,58.5,0.0,0.0
2024-06-23 17:27:04.586000+00:00,58.5099983215332,0.0,0.0
2024-06-23 17:28:04.867000+00:00,58.540000915527344,0.0,0.0
2024-06-23 17:29:04.547000+00:00,55.61000061035156,0.0,0.0
2024-06-23 17:30:04.877000+00:00,53.79999923706055,0.0,0.0
2024-06-23 17:31:04.695000+00:00,52.22999954223633,0.0,0.0
2024-06-23 17:32:04.628000+00:00,51.400001525878906,0.0,0.0
2024-06-23 17:33:04.443000+00:00,50.70000076293945,0.0,0.0
2024-06-23 17:34:04.229000+00:00,50.0,0.0,0.0
2024-06-23 17:35:04.987000+00:00,49.790000915527344,0.0,0.0
2024-06-23 17:36:04.661000+00:00,49.70000076293945,0.0,0.0
2024-06-23 17:37:04.495000+00:00,49.84000015258789,0.0,0.0
2024-06-23 17:38:04.755000+00:00,50.70000076293945,0.0,0.0
2024-06-23 17:39:05.574000+00:00,50.5,0.0,0.0
2024-06-23 17:40:04.950000+00:00,57.43999862670898,0.0,0.0
2024-06-23 17:41:04.429000+00:00,61.4900016784668,0.0,0.0
2024-06-23 17:42:05.225000+00:00,61.79999923706055,0.0,0.0
2024-06-23 17:43:04.544000+00:00,61.59999847412109,0.0,0.0
2024-06-23 17:44:04.597000+00:00,61.29999923706055,0.0,0.0
2024-06-23 17:45:04.673000+00:00,61.04999923706055,0.0,0.0
2024-06-23 17:46:04.798000+00:00,60.79999923706055,0.0,0.0
2024-06-23 17:47:04.160000+00:00,60.59999847412109,0.0,0.0
2024-06-23 17:48:05.182000+00:00,60.29999923706055,0.0,0.0
2024-06-23 17:49:03.905000+00:00,60.09999847412109,0.0,0.0
2024-06-23 17:50:04.389000+00:00,59.900001525878906,0.0,0.0
2024-06-23 17:51:04.607000+00:00,59.77000045776367,0.0,0.0
2024-06-23 17:52:05.210000+00:00,59.59000015258789,0.0,0.0
2024-06-23 17:53:04.494000+00:00,59.400001525878906,0.0,0.0
2024-06-23 17:54:04.737000+00:00,59.20000076293945,0.0,0.0
2024-06-23 17:55:05.180000+00:00,59.060001373291016,0.0,0.0
2024-06-23 17:56:04.789000+00:00,58.900001525878906,0.0,0.0
2024-06-23 17:57:04.958000+00:00,58.79999923706055,0.0,0.0
2024-06-23 17:58:04.092000+00:00,58.59999847412109,0.0,0.0
2024-06-23 17:59:04.229000+00:00,58.47999954223633,0.0,0.0
2024-06-23 18:00:07.813000+00:00,58.29999923706055,0.0,0.0
2024-06-23 18:01:04.887000+00:00,58.20000076293945,0.0,0.0
2024-06-23 18:02:04.966000+00:00,58.0,0.0,0.0
2024-06-23 18:03:03.992000+00:00,57.900001525878906,0.0,0.0
2024-06-23 18:04:04.260000+00:00,57.790000915527344,0.0,0.0
2024-06-23 18:05:04.802000+00:00,57.59999847412109,0.0,0.0
2024-06-23 18:06:05.222000+00:00,57.5,0.0,0.0
2024-06-23 18:07:04.585000+00:00,57.400001525878906,0.0,0.0
2024-06-23 18:08:04.043000+00:00,57.20000076293945,0.0,0.0
2024-06-23 18:09:04.890000+00:00,57.09999847412109,0.0,0.0
2024-06-23 18:10:04.638000+00:00,57.0,0.0,0.0
2024-06-23 18:11:04.399000+00:00,56.900001525878906,0.0,0.0
2024-06-23 18:12:05.097000+00:00,56.79999923706055,0.0,0.0
2024-06-23 18:13:04.684000+00:00,56.70000076293945,0.0,0.0
2024-06-23 18:14:04.420000+00:00,56.70000076293945,0.0,0.0
2024-06-23 18:15:04.595000+00:00,57.11000061035156,0.0,0.0
2024-06-23 18:16:04.630000+00:00,57.88999938964844,0.0,0.0
2024-06-23 18:17:04.724000+00:00,58.29999923706055,0.0,0.0
2024-06-23 18:18:05.096000+00:00,58.29999923706055,0.0,0.0
2024-06-23 18:19:04.097000+00:00,58.20000076293945,0.0,0.0
2024-06-23 18:20:05.041000+00:00,58.09999847412109,0.0,0.0
2024-06-23 18:21:04.061000+00:00,58.09999847412109,0.0,0.0
2024-06-23 18:22:04.579000+00:00,58.20000076293945,0.0,0.0
2024-06-23 18:23:04.424000+00:00,58.310001373291016,0.0,0.0
2024-06-23 18:24:04.613000+00:00,58.41999816894531,0.0,0.0
2024-06-23 18:25:04.298000+00:00,58.470001220703125,0.0,0.0
2024-06-23 18:26:05.107000+00:00,58.400001525878906,0.0,0.0
2024-06-23 18:27:04.406000+00:00,58.400001525878906,0.0,0.0
2024-06-23 18:28:05.022000+00:00,58.29999923706055,0.0,0.0
2024-06-23 18:29:04.705000+00:00,58.29999923706055,0.0,0.0
2024-06-23 18:30:04.977000+00:00,58.29999923706055,0.0,0.0
2024-06-23 18:31:04.418000+00:00,58.29999923706055,0.0,0.0
2024-06-23 18:32:04.383000+00:00,58.29999923706055,0.0,0.0
2024-06-23 18:33:04.405000+00:00,58.31999969482422,0.0,0.0
2024-06-23 18:34:04.609000+00:00,58.400001525878906,0.0,0.0
2024-06-23 18:35:04.986000+00:00,58.400001525878906,0.0,0.0
2024-06-23 18:36:04.753000+00:00,58.400001525878906,0.0,0.0
2024-06-23 18:37:04.563000+00:00,58.470001220703125,0.0,0.0
2024-06-23 18:38:04.551000+00:00,58.4900016784668,0.0,0.0
2024-06-23 18:39:05.440000+00:00,58.5,0.0,0.0
2024-06-23 18:40:04.339000+00:00,58.5,0.0,0.0
2024-06-23 18:41:04.947000+00:00,58.5,0.0,0.0
2024-06-23 18:42:04.617000+00:00,58.400001525878906,0.0,0.0
2024-06-23 18:43:03.925000+00:00,58.29999923706055,0.0,0.0
2024-06-23 18:44:04.485000+00:00,58.29999923706055,0.0,0.0
2024-06-23 18:45:04.424000+00:00,58.20000076293945,0.0,0.0
2024-06-23 18:46:04.095000+00:00,58.09999847412109,0.0,0.0
2024-06-23 18:47:04.301000+00:00,58.09999847412109,0.0,0.0
2024-06-23 18:48:04.303000+00:00,58.060001373291016,0.0,0.0
2024-06-23 18:49:04.683000+00:00,58.20000076293945,0.0,0.0
2024-06-23 18:50:04.860000+00:00,58.29999923706055,0.0,0.0
2024-06-23 18:51:04.899000+00:00,58.400001525878906,0.0,0.0
2024-06-23 18:52:05.112000+00:00,58.59999847412109,0.0,0.0
2024-06-23 18:53:04.562000+00:00,58.52000045776367,0.0,0.0
2024-06-23 18:54:04.811000+00:00,58.5,0.0,0.0
2024-06-23 18:55:05.130000+00:00,58.400001525878906,0.0,0.0
2024-06-23 18:56:04.574000+00:00,58.400001525878906,0.0,0.0
2024-06-23 18:57:04.285000+00:00,57.79999923706055,0.0,0.0
2024-06-23 18:58:04.301000+00:00,57.79999923706055,0.0,0.0
2024-06-23 18:59:04.635000+00:00,57.88999938964844,0.0,0.0
2024-06-23 19:00:05.747000+00:00,58.29999923706055,0.0,0.0
2024-06-23 19:01:04.901000+00:00,58.5,0.0,0.0
2024-06-23 19:02:04.243000+00:00,58.5,0.0,0.0
2024-06-23 19:03:04.418000+00:00,58.5099983215332,0.0,0.0
2024-06-23 19:04:04.687000+00:00,58.59999847412109,0.0,0.0
2024-06-23 19:05:04.731000+00:00,58.400001525878906,0.0,0.0
2024-06-23 19:06:04.681000+00:00,58.29999923706055,0.0,0.0
2024-06-23 19:07:04.729000+00:00,58.29999923706055,0.0,0.0
2024-06-23 19:08:04.203000+00:00,58.29999923706055,0.0,0.0
2024-06-23 19:09:04.686000+00:00,58.29999923706055,0.0,0.0
2024-06-23 19:10:04.771000+00:00,58.29999923706055,0.0,0.0
2024-06-23 19:11:04.597000+00:00,58.2400016784668,0.0,0.0
2024-06-23 19:12:04.529000+00:00,58.20000076293945,0.0,0.0
2024-06-23 19:13:05.169000+00:00,58.20000076293945,0.0,0.0
2024-06-23 19:14:04.372000+00:00,58.29999923706055,0.0,0.0
2024-06-23 19:15:04.900000+00:00,58.20000076293945,0.0,0.0
2024-06-23 19:16:04.638000+00:00,58.20000076293945,0.0,0.0
2024-06-23 19:17:04.416000+00:00,58.20000076293945,0.0,0.0
2024-06-23 19:18:05.144000+00:00,58.20000076293945,0.0,0.0
2024-06-23 19:19:04.777000+00:00,58.11000061035156,0.0,0.0
2024-06-23 19:20:05.267000+00:00,58.09999847412109,0.0,0.0
2024-06-23 19:21:04.560000+00:00,58.09999847412109,0.0,0.0
2024-06-23 19:22:04.520000+00:00,58.29999923706055,0.0,0.0
2024-06-23 19:23:04.948000+00:00,58.29999923706055,0.0,0.0
2024-06-23 19:24:04.630000+00:00,58.20000076293945,0.0,0.0
2024-06-23 19:25:04.474000+00:00,58.09999847412109,0.0,0.0
2024-06-23 19:26:04.956000+00:00,57.95000076293945,0.0,0.0
2024-06-23 19:27:04.742000+00:00,58.0,0.0,0.0
2024-06-23 19:28:05.141000+00:00,58.29999923706055,0.0,0.0
2024-06-23 19:29:04.688000+00:00,58.11000061035156,0.0,0.0
2024-06-23 19:30:05.073000+00:00,58.09999847412109,0.0,0.0
2024-06-23 19:31:04.152000+00:00,58.0,0.0,0.0
2024-06-23 19:32:04.609000+00:00,58.20000076293945,0.0,0.0
2024-06-23 19:33:04.201000+00:00,58.209999084472656,0.0,0.0
2024-06-23 19:34:04.280000+00:00,58.20000076293945,0.0,0.0
2024-06-23 19:35:05.441000+00:00,58.09999847412109,0.0,0.0
2024-06-23 19:36:04.776000+00:00,58.09999847412109,0.0,0.0
2024-06-23 19:37:04.366000+00:00,58.20000076293945,0.0,0.0
2024-06-23 19:38:04.496000+00:00,58.29999923706055,0.0,0.0
2024-06-23 19:39:05.037000+00:00,58.29999923706055,0.0,0.0
2024-06-23 19:40:04.542000+00:00,58.29999923706055,0.0,0.0
2024-06-23 19:41:04.552000+00:00,58.400001525878906,0.0,0.0
2024-06-23 19:42:04.838000+00:00,58.400001525878906,0.0,0.0
2024-06-23 19:43:03.961000+00:00,58.400001525878906,0.0,0.0
2024-06-23 19:44:05.080000+00:00,58.400001525878906,0.0,0.0
2024-06-23 19:45:04.839000+00:00,58.400001525878906,0.0,0.0
2024-06-23 19:46:04.570000+00:00,58.400001525878906,0.0,0.0
2024-06-23 19:47:04.577000+00:00,58.400001525878906,0.0,0.0
2024-06-23 19:48:04.781000+00:00,58.400001525878906,0.0,0.0
2024-06-23 19:49:04.632000+00:00,58.400001525878906,0.0,0.0
2024-06-23 19:50:04.823000+00:00,58.41999816894531,0.0,0.0
2024-06-23 19:51:04.101000+00:00,58.29999923706055,0.0,0.0
2024-06-23 19:52:04.847000+00:00,58.20000076293945,0.0,0.0
2024-06-23 19:53:04.139000+00:00,58.11000061035156,0.0,0.0
2024-06-23 19:54:04.529000+00:00,58.09999847412109,0.0,0.0
2024-06-23 19:55:04.523000+00:00,58.09999847412109,0.0,0.0
2024-06-23 19:56:05.401000+00:00,58.20000076293945,0.0,0.0
2024-06-23 19:57:04.735000+00:00,58.29999923706055,0.0,0.0
2024-06-23 19:58:04.523000+00:00,58.400001525878906,0.0,0.0
2024-06-23 19:59:04.463000+00:00,58.5,0.0,0.0
2024-06-23 20:00:07.087000+00:00,58.5,0.0,0.0
2024-06-23 20:01:05.507000+00:00,58.400001525878906,0.0,0.0
2024-06-23 20:02:04.259000+00:00,58.400001525878906,0.0,0.0
2024-06-23 20:03:04.496000+00:00,58.29999923706055,0.0,0.0
2024-06-23 20:04:04.691000+00:00,58.29999923706055,0.0,0.0
2024-06-23 20:05:04.827000+00:00,58.20000076293945,0.0,0.0
2024-06-23 20:06:05.788000+00:00,58.09999847412109,0.0,0.0
2024-06-23 20:07:05.085000+00:00,57.2400016784668,0.0,0.0
2024-06-23 20:08:04.308000+00:00,58.02000045776367,0.0,0.0
2024-06-23 20:09:04.287000+00:00,58.5,0.0,0.0
2024-06-23 20:10:04.645000+00:00,58.77999877929688,0.0,0.0
2024-06-23 20:11:04.757000+00:00,58.70000076293945,0.0,0.0
2024-06-23 20:12:04.703000+00:00,58.59999847412109,0.0,0.0
2024-06-23 20:13:04.673000+00:00,58.5,0.0,0.0
2024-06-23 20:14:04.733000+00:00,58.400001525878906,0.0,0.0
2024-06-23 20:15:04.921000+00:00,58.29999923706055,0.0,0.0
2024-06-23 20:16:04.586000+00:00,58.20000076293945,0.0,0.0
2024-06-23 20:17:04.681000+00:00,58.20000076293945,0.0,0.0
2024-06-23 20:18:04.512000+00:00,58.09999847412109,0.0,0.0
2024-06-23 20:19:04.942000+00:00,58.09999847412109,0.0,0.0
2024-06-23 20:20:04.791000+00:00,58.09999847412109,0.0,0.0
2024-06-23 20:21:04.197000+00:00,58.09999847412109,0.0,0.0
2024-06-23 20:22:04.777000+00:00,58.09999847412109,0.0,0.0
2024-06-23 20:23:04.570000+00:00,58.29999923706055,0.0,0.0
2024-06-23 20:24:04.755000+00:00,58.5,0.0,0.0
2024-06-23 20:25:04.606000+00:00,58.5,0.0,0.0
2024-06-23 20:26:05.877000+00:00,58.59999847412109,0.0,0.0
2024-06-23 20:27:04.846000+00:00,58.59999847412109,0.0,0.0
2024-06-23 20:28:04.675000+00:00,58.59999847412109,0.0,0.0
2024-06-23 20:29:04.225000+00:00,58.5,0.0,0.0
2024-06-23 20:30:04.418000+00:00,58.29999923706055,0.0,0.0
2024-06-23 20:31:05.075000+00:00,58.29999923706055,0.0,0.0
2024-06-23 20:32:04.389000+00:00,58.29999923706055,0.0,0.0
2024-06-23 20:33:04.540000+00:00,58.220001220703125,0.0,0.0
2024-06-23 20:34:04.321000+00:00,58.20000076293945,0.0,0.0
2024-06-23 20:35:04.860000+00:00,58.20000076293945,0.0,0.0
2024-06-23 20:36:05.021000+00:00,58.09999847412109,0.0,0.0
2024-06-23 20:37:04.086000+00:00,58.2400016784668,0.0,0.0
2024-06-23 20:38:04.584000+00:00,58.20000076293945,0.0,0.0
2024-06-23 20:39:04.768000+00:00,58.09999847412109,0.0,0.0
2024-06-23 20:40:05.677000+00:00,58.09999847412109,0.0,0.0
2024-06-23 20:41:06.072000+00:00,58.29999923706055,0.0,0.0
2024-06-23 20:42:04.824000+00:00,58.400001525878906,0.0,0.0
2024-06-23 20:43:05.122000+00:00,58.400001525878906,0.0,0.0
2024-06-23 20:44:04.758000+00:00,58.400001525878906,0.0,0.0
2024-06-23 20:45:05.003000+00:00,58.400001525878906,0.0,0.0
2024-06-23 20:46:04.471000+00:00,58.400001525878906,0.0,0.0
2024-06-23 20:47:04.814000+00:00,58.400001525878906,0.0,0.0
2024-06-23 20:48:04.679000+00:00,58.400001525878906,0.0,0.0
2024-06-23 20:49:04.535000+00:00,58.400001525878906,0.0,0.0
2024-06-23 20:50:04.487000+00:00,58.400001525878906,0.0,0.0
2024-06-23 20:51:04.814000+00:00,58.400001525878906,0.0,0.0
2024-06-23 20:52:04.975000+00:00,58.400001525878906,0.0,0.0
2024-06-23 20:53:04.907000+00:00,58.29999923706055,0.0,0.0
2024-06-23 20:54:04.873000+00:00,58.20000076293945,0.0,0.0
2024-06-23 20:55:05.048000+00:00,58.20000076293945,0.0,0.0
2024-06-23 20:56:05.511000+00:00,58.09999847412109,0.0,0.0
2024-06-23 20:57:04.628000+00:00,58.0,0.0,0.0
2024-06-23 20:58:04.658000+00:00,57.400001525878906,0.0,0.0
2024-06-23 20:59:04.613000+00:00,57.900001525878906,0.0,0.0
2024-06-23 21:00:06.982000+00:00,58.20000076293945,0.0,0.0
2024-06-23 21:01:05.286000+00:00,58.59999847412109,0.0,0.0
2024-06-23 21:02:04.377000+00:00,58.400001525878906,0.0,0.0
2024-06-23 21:03:04.209000+00:00,57.5,0.0,0.0
2024-06-23 21:04:04.258000+00:00,57.400001525878906,0.0,0.0
2024-06-23 21:05:04.305000+00:00,57.20000076293945,0.0,0.0
2024-06-23 21:06:05.182000+00:00,57.0,0.0,0.0
2024-06-23 21:07:04.587000+00:00,56.790000915527344,0.0,0.0
2024-06-23 21:08:04.304000+00:00,54.16999816894531,0.0,0.0
2024-06-23 21:09:04.400000+00:00,54.09999847412109,0.0,0.0
2024-06-23 21:10:04.382000+00:00,54.0,0.0,0.0
2024-06-23 21:11:04.685000+00:00,53.900001525878906,0.0,0.0
2024-06-23 21:12:04.438000+00:00,53.70000076293945,0.0,0.0
2024-06-23 21:13:04.912000+00:00,53.5,0.0,0.0
2024-06-23 21:14:04.685000+00:00,53.400001525878906,0.0,0.0
2024-06-23 21:15:04.896000+00:00,53.70000076293945,0.0,0.0
2024-06-23 21:16:04.057000+00:00,54.59999847412109,0.0,0.0
2024-06-23 21:17:04.647000+00:00,54.90999984741211,0.0,0.0
2024-06-23 21:18:04.383000+00:00,55.27000045776367,0.0,0.0
2024-06-23 21:19:04.149000+00:00,55.20000076293945,0.0,0.0
2024-06-23 21:20:04.479000+00:00,55.09999847412109,0.0,0.0
2024-06-23 21:21:04.481000+00:00,55.09999847412109,0.0,0.0
2024-06-23 21:22:04.578000+00:00,55.09999847412109,0.0,0.0
2024-06-23 21:23:05.083000+00:00,55.150001525878906,0.0,0.0
2024-06-23 21:24:04.460000+00:00,55.09999847412109,0.0,0.0
2024-06-23 21:25:04.434000+00:00,55.09999847412109,0.0,0.0
2024-06-23 21:26:04.991000+00:00,55.09999847412109,0.0,0.0
2024-06-23 21:27:04.655000+00:00,55.18999862670898,0.0,0.0
2024-06-23 21:28:04.621000+00:00,51.66999816894531,0.0,0.0
2024-06-23 21:29:04.605000+00:00,53.310001373291016,0.0,0.0
2024-06-23 21:30:05.102000+00:00,55.369998931884766,0.0,0.0
2024-06-23 21:31:04.203000+00:00,55.79999923706055,0.0,0.0
2024-06-23 21:32:04.258000+00:00,55.84999847412109,0.0,0.0
2024-06-23 21:33:05.067000+00:00,55.79999923706055,0.0,0.0
2024-06-23 21:34:05.007000+00:00,55.70000076293945,0.0,0.0
2024-06-23 21:35:04.577000+00:00,55.5,0.0,0.0
2024-06-23 21:36:04.985000+00:00,55.400001525878906,0.0,0.0
2024-06-23 21:37:04.463000+00:00,55.20000076293945,0.0,0.0
2024-06-23 21:38:04.267000+00:00,55.0,0.0,0.0
2024-06-23 21:39:05.066000+00:00,54.900001525878906,0.0,0.0
2024-06-23 21:40:04.599000+00:00,54.79999923706055,0.0,0.0
2024-06-23 21:41:05.200000+00:00,54.900001525878906,0.0,0.0
2024-06-23 21:42:04.899000+00:00,55.16999816894531,0.0,0.0
2024-06-23 21:43:04.328000+00:00,55.400001525878906,0.0,0.0
2024-06-23 21:44:04.505000+00:00,55.400001525878906,0.0,0.0
2024-06-23 21:45:04.795000+00:00,55.31999969482422,0.0,0.0
2024-06-23 21:46:04.904000+00:00,54.59999847412109,0.0,0.0
2024-06-23 21:47:04.399000+00:00,55.0,0.0,0.0
2024-06-23 21:48:04.889000+00:00,55.29999923706055,0.0,0.0
2024-06-23 21:49:04.306000+00:00,54.900001525878906,0.0,0.0
2024-06-23 21:50:04.788000+00:00,55.20000076293945,0.0,0.0
2024-06-23 21:51:04.945000+00:00,55.27999877929688,0.0,0.0
2024-06-23 21:52:04.578000+00:00,55.400001525878906,0.0,0.0
2024-06-23 21:53:04.644000+00:00,55.5,0.0,0.0
2024-06-23 21:54:04.042000+00:00,55.5,0.0,0.0
2024-06-23 21:55:04.828000+00:00,55.400001525878906,0.0,0.0
2024-06-23 21:56:04.473000+00:00,55.400001525878906,0.0,0.0
2024-06-23 21:57:04.295000+00:00,55.400001525878906,0.0,0.0
2024-06-23 21:58:04.471000+00:00,55.400001525878906,0.0,0.0
2024-06-23 21:59:03.867000+00:00,55.29999923706055,0.0,0.0
2024-06-23 22:00:07.006000+00:00,55.29999923706055,0.0,0.0
2024-06-23 22:01:05.302000+00:00,55.20000076293945,0.0,0.0
2024-06-23 22:02:04.303000+00:00,55.20000076293945,0.0,0.0
2024-06-23 22:03:04.447000+00:00,55.20000076293945,0.0,0.0
2024-06-23 22:04:04.490000+00:00,55.400001525878906,0.0,0.0
2024-06-23 22:05:04.763000+00:00,55.400001525878906,0.0,0.0
2024-06-23 22:06:05.193000+00:00,55.400001525878906,0.0,0.0
2024-06-23 22:07:04.315000+00:00,55.400001525878906,0.0,0.0
2024-06-23 22:08:04.253000+00:00,55.34999847412109,0.0,0.0
2024-06-23 22:09:04.362000+00:00,55.29999923706055,0.0,0.0
2024-06-23 22:10:04.668000+00:00,55.29999923706055,0.0,0.0
2024-06-23 22:11:04.564000+00:00,55.20000076293945,0.0,0.0
2024-06-23 22:12:04.945000+00:00,55.20000076293945,0.0,0.0
2024-06-23 22:13:04.463000+00:00,55.400001525878906,0.0,0.0
2024-06-23 22:14:04.679000+00:00,55.5,0.0,0.0
2024-06-23 22:15:04.545000+00:00,55.459999084472656,0.0,0.0
2024-06-23 22:16:04.664000+00:00,55.400001525878906,0.0,0.0
2024-06-23 22:17:04.504000+00:00,55.400001525878906,0.0,0.0
2024-06-23 22:18:04.660000+00:00,55.29999923706055,0.0,0.0
2024-06-23 22:19:04.864000+00:00,55.29999923706055,0.0,0.0
2024-06-23 22:20:05.334000+00:00,55.209999084472656,0.0,0.0
2024-06-23 22:21:04.171000+00:00,55.29999923706055,0.0,0.0
2024-06-23 22:22:04.829000+00:00,55.5,0.0,0.0
2024-06-23 22:23:04.392000+00:00,55.400001525878906,0.0,0.0
2024-06-23 22:24:04.619000+00:00,55.400001525878906,0.0,0.0
2024-06-23 22:25:04.796000+00:00,55.400001525878906,0.0,0.0
2024-06-23 22:26:04.474000+00:00,55.310001373291016,0.0,0.0
2024-06-23 22:27:04.457000+00:00,55.29999923706055,0.0,0.0
2024-06-23 22:28:04.935000+00:00,55.25,0.0,0.0
2024-06-23 22:29:04.326000+00:00,55.400001525878906,0.0,0.0
2024-06-23 22:30:05.061000+00:00,55.45000076293945,0.0,0.0
2024-06-23 22:31:04.466000+00:00,55.5,0.0,0.0
2024-06-23 22:32:04.787000+00:00,55.400001525878906,0.0,0.0
2024-06-23 22:33:04.933000+00:00,55.400001525878906,0.0,0.0
2024-06-23 22:34:04.450000+00:00,55.33000183105469,0.0,0.0
2024-06-23 22:35:05.145000+00:00,55.29999923706055,0.0,0.0
2024-06-23 22:36:05.134000+00:00,55.29999923706055,0.0,0.0
2024-06-23 22:37:04.716000+00:00,55.29999923706055,0.0,0.0
2024-06-23 22:38:04.819000+00:00,55.400001525878906,0.0,0.0
2024-06-23 22:39:05.358000+00:00,55.5,0.0,0.0
2024-06-23 22:40:04.541000+00:00,55.5,0.0,0.0
2024-06-23 22:41:04.390000+00:00,55.400001525878906,0.0,0.0
2024-06-23 22:42:04.873000+00:00,55.400001525878906,0.0,0.0
2024-06-23 22:43:03.859000+00:00,55.400001525878906,0.0,0.0
2024-06-23 22:44:04.169000+00:00,55.29999923706055,0.0,0.0
2024-06-23 22:45:04.751000+00:00,55.29999923706055,0.0,0.0
2024-06-23 22:46:04.834000+00:00,55.20000076293945,0.0,0.0
2024-06-23 22:47:04.548000+00:00,55.20000076293945,0.0,0.0
2024-06-23 22:48:04.784000+00:00,55.400001525878906,0.0,0.0
2024-06-23 22:49:03.837000+00:00,55.400001525878906,0.0,0.0
2024-06-23 22:50:05.258000+00:00,55.400001525878906,0.0,0.0
2024-06-23 22:51:05.038000+00:00,55.400001525878906,0.0,0.0
2024-06-23 22:52:05.437000+00:00,55.29999923706055,0.0,0.0
2024-06-23 22:53:04.669000+00:00,55.290000915527344,0.0,0.0
2024-06-23 22:54:04.895000+00:00,55.29999923706055,0.0,0.0
2024-06-23 22:55:05+00:00,55.41999816894531,0.0,0.0
2024-06-23 22:56:04.870000+00:00,55.400001525878906,0.0,0.0
2024-06-23 22:57:04.672000+00:00,55.400001525878906,0.0,0.0
2024-06-23 22:58:04.688000+00:00,55.29999923706055,0.0,0.0
2024-06-23 22:59:04.585000+00:00,55.29999923706055,0.0,0.0
2024-06-23 23:00:06.554000+00:00,55.29999923706055,0.0,0.0
2024-06-24 00:00:06.880000+00:00,55.29999923706055,0.0,0.0
2024-06-24 00:01:05.865000+00:00,55.20000076293945,0.0,0.0
2024-06-24 00:02:05.012000+00:00,55.09999847412109,0.0,0.0
2024-06-24 00:03:04.629000+00:00,55.0,0.0,0.0
2024-06-24 00:04:04.527000+00:00,55.0,0.0,0.0
2024-06-24 00:05:04.769000+00:00,55.0,0.0,0.0
2024-06-24 00:06:05.209000+00:00,55.29999923706055,0.0,0.0
2024-06-24 00:07:04.425000+00:00,55.400001525878906,0.0,0.0
2024-06-24 00:08:04.583000+00:00,55.43999862670898,0.0,0.0
2024-06-24 00:09:04.132000+00:00,55.5,0.0,0.0
2024-06-24 00:10:04.982000+00:00,55.59999847412109,0.0,0.0
2024-06-24 00:11:04.703000+00:00,55.52000045776367,0.0,0.0
2024-06-24 00:12:04.858000+00:00,55.400001525878906,0.0,0.0
2024-06-24 00:13:05.152000+00:00,55.29999923706055,0.0,0.0
2024-06-24 00:14:04.943000+00:00,55.20000076293945,0.0,0.0
2024-06-24 00:15:04.877000+00:00,55.09999847412109,0.0,0.0
2024-06-24 00:16:04.261000+00:00,55.09999847412109,0.0,0.0
2024-06-24 00:17:04.306000+00:00,55.09999847412109,0.0,0.0
2024-06-24 00:18:05.186000+00:00,55.2599983215332,0.0,0.0
2024-06-24 00:19:04.759000+00:00,55.29999923706055,0.0,0.0
2024-06-24 00:20:05.169000+00:00,55.29999923706055,0.0,0.0
2024-06-24 00:21:04.863000+00:00,55.29999923706055,0.0,0.0
2024-06-24 00:22:04.086000+00:00,55.20000076293945,0.0,0.0
2024-06-24 00:23:03.994000+00:00,55.29999923706055,0.0,0.0
2024-06-24 00:24:04.970000+00:00,55.400001525878906,0.0,0.0
2024-06-24 00:25:04.499000+00:00,55.400001525878906,0.0,0.0
2024-06-24 00:26:05.202000+00:00,55.29999923706055,0.0,0.0
2024-06-24 00:27:04.268000+00:00,55.29999923706055,0.0,0.0
2024-06-24 00:28:05.147000+00:00,55.29999923706055,0.0,0.0
2024-06-24 00:29:04.326000+00:00,55.20000076293945,0.0,0.0
2024-06-24 00:30:05.621000+00:00,55.20000076293945,0.0,0.0
2024-06-24 00:31:04.523000+00:00,55.400001525878906,0.0,0.0
2024-06-24 00:32:04.699000+00:00,55.400001525878906,0.0,0.0
2024-06-24 00:33:04.394000+00:00,55.38999938964844,0.0,0.0
2024-06-24 00:34:04.247000+00:00,55.29999923706055,0.0,0.0
2024-06-24 00:35:05.047000+00:00,55.27000045776367,0.0,0.0
2024-06-24 00:36:04.635000+00:00,55.20000076293945,0.0,0.0
2024-06-24 00:37:04.666000+00:00,55.29999923706055,0.0,0.0
2024-06-24 00:38:04.520000+00:00,55.45000076293945,0.0,0.0
2024-06-24 00:39:05.438000+00:00,55.400001525878906,0.0,0.0
2024-06-24 00:40:05.160000+00:00,55.29999923706055,0.0,0.0
2024-06-24 00:41:04.427000+00:00,55.209999084472656,0.0,0.0
2024-06-24 00:42:04.863000+00:00,55.20000076293945,0.0,0.0
2024-06-24 00:43:04.808000+00:00,55.29999923706055,0.0,0.0
2024-06-24 00:44:04.510000+00:00,55.400001525878906,0.0,0.0
2024-06-24 00:45:04.999000+00:00,55.400001525878906,0.0,0.0
2024-06-24 00:46:04.493000+00:00,55.29999923706055,0.0,0.0
2024-06-24 00:47:04.428000+00:00,55.20000076293945,0.0,0.0
2024-06-24 00:48:04.258000+00:00,55.29999923706055,0.0,0.0
2024-06-24 00:49:04.369000+00:00,55.400001525878906,0.0,0.0
2024-06-24 00:50:04.557000+00:00,55.400001525878906,0.0,0.0
2024-06-24 00:51:04.717000+00:00,55.29999923706055,0.0,0.0
2024-06-24 00:52:05.280000+00:00,55.20000076293945,0.0,0.0
2024-06-24 00:53:04.105000+00:00,55.20000076293945,0.0,0.0
2024-06-24 00:54:04.347000+00:00,55.29999923706055,0.0,0.0
2024-06-24 00:55:04.512000+00:00,55.400001525878906,0.0,0.0
2024-06-24 00:56:04.465000+00:00,55.400001525878906,0.0,0.0
2024-06-24 00:57:04.556000+00:00,55.29999923706055,0.0,0.0
2024-06-24 00:58:04.723000+00:00,55.20000076293945,0.0,0.0
2024-06-24 00:59:05.001000+00:00,55.20000076293945,0.0,0.0
2024-06-24 01:00:05.937000+00:00,55.29999923706055,0.0,0.0
2024-06-24 01:01:04.906000+00:00,55.400001525878906,0.0,0.0
2024-06-24 01:02:04.215000+00:00,55.400001525878906,0.0,0.0
2024-06-24 01:03:04.153000+00:00,55.29999923706055,0.0,0.0
2024-06-24 01:04:04.753000+00:00,55.290000915527344,0.0,0.0
2024-06-24 01:05:05.028000+00:00,55.20000076293945,0.0,0.0
2024-06-24 01:06:04.821000+00:00,55.20000076293945,0.0,0.0
2024-06-24 01:07:04.440000+00:00,55.400001525878906,0.0,0.0
2024-06-24 01:08:03.895000+00:00,55.310001373291016,0.0,0.0
2024-06-24 01:09:04.340000+00:00,55.29999923706055,0.0,0.0
2024-06-24 01:10:04.802000+00:00,55.20000076293945,0.0,0.0
2024-06-24 01:11:04.197000+00:00,55.20000076293945,0.0,0.0
2024-06-24 01:12:04.708000+00:00,55.20000076293945,0.0,0.0
2024-06-24 01:13:05.058000+00:00,55.400001525878906,0.0,0.0
2024-06-24 01:14:04.902000+00:00,55.400001525878906,0.0,0.0
2024-06-24 01:15:05.049000+00:00,55.29999923706055,0.0,0.0
2024-06-24 01:16:04.858000+00:00,55.20000076293945,0.0,0.0
2024-06-24 01:17:04.672000+00:00,55.20000076293945,0.0,0.0
2024-06-24 01:18:05.123000+00:00,55.29999923706055,0.0,0.0
2024-06-24 01:19:04.396000+00:00,55.400001525878906,0.0,0.0
2024-06-24 01:20:05.135000+00:00,55.400001525878906,0.0,0.0
2024-06-24 01:21:04.651000+00:00,55.29999923706055,0.0,0.0
2024-06-24 01:22:04.817000+00:00,55.2400016784668,0.0,0.0
2024-06-24 01:23:04.370000+00:00,55.20000076293945,0.0,0.0
2024-06-24 01:24:05.120000+00:00,55.29999923706055,0.0,0.0
2024-06-24 01:25:04.834000+00:00,55.400001525878906,0.0,0.0
2024-06-24 01:26:05.314000+00:00,55.400001525878906,0.0,0.0
2024-06-24 01:27:04.311000+00:00,55.29999923706055,0.0,0.0
2024-06-24 01:28:04.325000+00:00,55.29999923706055,0.0,0.0
2024-06-24 01:29:04.287000+00:00,55.20000076293945,0.0,0.0
2024-06-24 01:30:04.863000+00:00,55.20000076293945,0.0,0.0
2024-06-24 01:31:04.795000+00:00,55.29999923706055,0.0,0.0
2024-06-24 01:32:04.348000+00:00,55.400001525878906,0.0,0.0
2024-06-24 01:33:04.537000+00:00,55.29999923706055,0.0,0.0
2024-06-24 01:34:04.133000+00:00,55.20000076293945,0.0,0.0
2024-06-24 01:35:05.232000+00:00,55.20000076293945,0.0,0.0
2024-06-24 01:36:05.142000+00:00,55.29999923706055,0.0,0.0
2024-06-24 01:37:03.996000+00:00,55.400001525878906,0.0,0.0
2024-06-24 01:38:04.753000+00:00,55.380001068115234,0.0,0.0
2024-06-24 01:39:04.824000+00:00,55.29999923706055,0.0,0.0
2024-06-24 01:40:04.989000+00:00,55.20000076293945,0.0,0.0
2024-06-24 01:41:04.683000+00:00,55.20000076293945,0.0,0.0
2024-06-24 01:42:05.348000+00:00,55.29999923706055,0.0,0.0
2024-06-24 01:43:04.339000+00:00,55.400001525878906,0.0,0.0
2024-06-24 01:44:04.401000+00:00,55.29999923706055,0.0,0.0
2024-06-24 01:45:04.934000+00:00,55.29999923706055,0.0,0.0
2024-06-24 01:46:04.381000+00:00,55.20000076293945,0.0,0.0
2024-06-24 01:47:04.347000+00:00,55.20000076293945,0.0,0.0
2024-06-24 01:48:04.759000+00:00,55.29999923706055,0.0,0.0
2024-06-24 01:49:04.418000+00:00,55.29999923706055,0.0,0.0
2024-06-24 01:50:04.910000+00:00,55.29999923706055,0.0,0.0
2024-06-24 01:51:04.336000+00:00,55.20000076293945,0.0,0.0
2024-06-24 01:52:05.218000+00:00,55.25,0.0,0.0
2024-06-24 01:53:04.697000+00:00,55.29999923706055,0.0,0.0
2024-06-24 01:54:04.952000+00:00,55.38999938964844,0.0,0.0
2024-06-24 01:55:04.551000+00:00,55.29999923706055,0.0,0.0
2024-06-24 01:56:04.815000+00:00,55.20000076293945,0.0,0.0
2024-06-24 01:57:04.732000+00:00,55.20000076293945,0.0,0.0
2024-06-24 01:58:04.677000+00:00,55.310001373291016,0.0,0.0
2024-06-24 01:59:04.827000+00:00,55.38999938964844,0.0,0.0
2024-06-24 02:00:07.026000+00:00,55.29999923706055,0.0,0.0
2024-06-24 02:01:04.696000+00:00,55.560001373291016,0.0,0.0
2024-06-24 02:02:04.835000+00:00,57.869998931884766,0.0,0.0
2024-06-24 02:03:04.797000+00:00,59.369998931884766,0.0,0.0
2024-06-24 02:04:04.590000+00:00,59.400001525878906,0.0,0.0
2024-06-24 02:05:04.638000+00:00,59.09999847412109,0.0,0.0
2024-06-24 02:06:05.291000+00:00,58.900001525878906,0.0,0.0
2024-06-24 02:07:04.034000+00:00,58.59999847412109,0.0,0.0
2024-06-24 02:08:04.331000+00:00,58.400001525878906,0.0,0.0
2024-06-24 02:09:04.718000+00:00,58.20000076293945,0.0,0.0
2024-06-24 02:10:04.712000+00:00,58.0,0.0,0.0
2024-06-24 02:11:05.090000+00:00,57.79999923706055,0.0,0.0
2024-06-24 02:12:05.056000+00:00,57.61000061035156,0.0,0.0
2024-06-24 02:13:04.946000+00:00,57.70000076293945,0.0,0.0
2024-06-24 02:14:04.125000+00:00,57.79999923706055,0.0,0.0
2024-06-24 02:15:05.186000+00:00,58.0,0.0,0.0
2024-06-24 02:16:04.815000+00:00,58.20000076293945,0.0,0.0
2024-06-24 02:17:04.811000+00:00,58.20000076293945,0.0,0.0
2024-06-24 02:18:04.591000+00:00,58.09999847412109,0.0,0.0
2024-06-24 02:19:04.701000+00:00,58.0,0.0,0.0
2024-06-24 02:20:05.132000+00:00,58.20000076293945,0.0,0.0
2024-06-24 02:21:04.138000+00:00,58.400001525878906,0.0,0.0
2024-06-24 02:22:04.659000+00:00,58.29999923706055,0.0,0.0
2024-06-24 02:23:04.404000+00:00,58.20000076293945,0.0,0.0
2024-06-24 02:24:05.102000+00:00,58.09999847412109,0.0,0.0
2024-06-24 02:25:04.593000+00:00,58.09999847412109,0.0,0.0
2024-06-24 02:26:05.379000+00:00,58.20000076293945,0.0,0.0
2024-06-24 02:27:04.656000+00:00,58.29999923706055,0.0,0.0
2024-06-24 02:28:04.989000+00:00,58.20000076293945,0.0,0.0
2024-06-24 02:29:04.773000+00:00,58.09999847412109,0.0,0.0
2024-06-24 02:30:04.986000+00:00,58.09999847412109,0.0,0.0
2024-06-24 02:31:05.435000+00:00,58.29999923706055,0.0,0.0
2024-06-24 02:32:04.375000+00:00,58.29999923706055,0.0,0.0
2024-06-24 02:33:04.716000+00:00,58.20000076293945,0.0,0.0
2024-06-24 02:34:04.546000+00:00,58.09999847412109,0.0,0.0
2024-06-24 02:35:05.113000+00:00,58.11000061035156,0.0,0.0
2024-06-24 02:36:05.015000+00:00,58.29999923706055,0.0,0.0
2024-06-24 02:37:04.132000+00:00,58.209999084472656,0.0,0.0
2024-06-24 02:38:04.431000+00:00,58.20000076293945,0.0,0.0
2024-06-24 02:39:05.169000+00:00,58.09999847412109,0.0,0.0
2024-06-24 02:40:04.656000+00:00,58.29999923706055,0.0,0.0
2024-06-24 02:41:05.077000+00:00,58.20000076293945,0.0,0.0
2024-06-24 02:42:05.173000+00:00,58.20000076293945,0.0,0.0
2024-06-24 02:43:04.368000+00:00,58.09999847412109,0.0,0.0
2024-06-24 02:44:04.716000+00:00,58.09999847412109,0.0,0.0
2024-06-24 02:45:04.565000+00:00,58.29999923706055,0.0,0.0
2024-06-24 02:46:04.020000+00:00,58.29999923706055,0.0,0.0
2024-06-24 02:47:04.758000+00:00,58.20000076293945,0.0,0.0
2024-06-24 02:48:04.245000+00:00,58.0,0.0,0.0
2024-06-24 02:49:04.615000+00:00,58.20000076293945,0.0,0.0
2024-06-24 02:50:04.884000+00:00,58.29999923706055,0.0,0.0
2024-06-24 02:51:04.583000+00:00,58.20000076293945,0.0,0.0
2024-06-24 02:52:04.891000+00:00,58.09999847412109,0.0,0.0
2024-06-24 02:53:04.432000+00:00,58.09999847412109,0.0,0.0
2024-06-24 02:54:04.955000+00:00,58.09999847412109,0.0,0.0
2024-06-24 02:55:04.634000+00:00,58.09999847412109,0.0,0.0
2024-06-24 02:56:05.123000+00:00,58.09999847412109,0.0,0.0
2024-06-24 02:57:04.442000+00:00,58.09999847412109,0.0,0.0
2024-06-24 02:58:04.696000+00:00,58.20000076293945,0.0,0.0
2024-06-24 02:59:05.037000+00:00,58.29999923706055,0.0,0.0
2024-06-24 03:00:07.787000+00:00,58.5,0.0,0.0
2024-06-24 03:01:04.950000+00:00,58.400001525878906,0.0,0.0
2024-06-24 03:02:04.841000+00:00,58.25,0.0,0.0
2024-06-24 03:03:04.534000+00:00,58.20000076293945,0.0,0.0
2024-06-24 03:04:04.840000+00:00,58.20000076293945,0.0,0.0
2024-06-24 03:05:04.941000+00:00,56.880001068115234,0.0,0.0
2024-06-24 03:06:05.103000+00:00,55.11000061035156,0.0,0.0
2024-06-24 03:07:04.425000+00:00,55.65999984741211,0.0,0.0
2024-06-24 03:08:04.780000+00:00,57.20000076293945,0.0,0.0
2024-06-24 03:09:04.519000+00:00,58.59999847412109,0.0,0.0
2024-06-24 03:10:04.626000+00:00,59.0,0.0,0.0
2024-06-24 03:11:04.733000+00:00,58.900001525878906,0.0,0.0
2024-06-24 03:12:04.958000+00:00,58.70000076293945,0.0,0.0
2024-06-24 03:13:04.553000+00:00,58.5,0.0,0.0
2024-06-24 03:14:05.110000+00:00,58.29999923706055,0.0,0.0
2024-06-24 03:15:05.082000+00:00,58.09999847412109,0.0,0.0
2024-06-24 03:16:04.269000+00:00,57.900001525878906,0.0,0.0
2024-06-24 03:17:04.899000+00:00,57.77999877929688,0.0,0.0
2024-06-24 03:18:05.138000+00:00,57.79999923706055,0.0,0.0
2024-06-24 03:19:05.312000+00:00,57.93000030517578,0.0,0.0
2024-06-24 03:20:05.110000+00:00,58.09999847412109,0.0,0.0
2024-06-24 03:21:04.607000+00:00,58.29999923706055,0.0,0.0
2024-06-24 03:22:04.838000+00:00,58.20000076293945,0.0,0.0
2024-06-24 03:23:05.030000+00:00,58.20000076293945,0.0,0.0
2024-06-24 03:24:04.647000+00:00,58.09999847412109,0.0,0.0
2024-06-24 03:25:04.980000+00:00,58.09999847412109,0.0,0.0
2024-06-24 03:26:04.367000+00:00,58.09999847412109,0.0,0.0
2024-06-24 03:27:05.147000+00:00,58.29999923706055,0.0,0.0
2024-06-24 03:28:04.871000+00:00,58.20000076293945,0.0,0.0
2024-06-24 03:29:04.829000+00:00,58.20000076293945,0.0,0.0
2024-06-24 03:30:05.734000+00:00,58.09999847412109,0.0,0.0
2024-06-24 03:31:04.685000+00:00,58.09999847412109,0.0,0.0
2024-06-24 03:32:04.619000+00:00,58.150001525878906,0.0,0.0
2024-06-24 03:33:04.241000+00:00,58.29999923706055,0.0,0.0
2024-06-24 03:34:04.496000+00:00,58.29999923706055,0.0,0.0
2024-06-24 03:35:04.717000+00:00,58.20000076293945,0.0,0.0
2024-06-24 03:36:05.003000+00:00,58.20000076293945,0.0,0.0
2024-06-24 03:37:04.552000+00:00,58.09999847412109,0.0,0.0
2024-06-24 03:38:04.792000+00:00,58.09999847412109,0.0,0.0
2024-06-24 03:39:04.678000+00:00,58.20000076293945,0.0,0.0
2024-06-24 03:40:05.040000+00:00,58.29999923706055,0.0,0.0
2024-06-24 03:41:04.676000+00:00,58.29999923706055,0.0,0.0
2024-06-24 03:42:04.984000+00:00,58.20000076293945,0.0,0.0
2024-06-24 03:43:04.213000+00:00,58.18999862670898,0.0,0.0
2024-06-24 03:44:04.522000+00:00,58.09999847412109,0.0,0.0
2024-06-24 03:45:04.852000+00:00,58.09999847412109,0.0,0.0
2024-06-24 03:46:04.650000+00:00,58.18999862670898,0.0,0.0
2024-06-24 03:47:04.185000+00:00,58.29999923706055,0.0,0.0
2024-06-24 03:48:05.017000+00:00,58.220001220703125,0.0,0.0
2024-06-24 03:49:04.436000+00:00,58.20000076293945,0.0,0.0
2024-06-24 03:50:04.629000+00:00,58.09999847412109,0.0,0.0
2024-06-24 03:51:04.601000+00:00,58.09999847412109,0.0,0.0
2024-06-24 03:52:04.580000+00:00,58.09999847412109,0.0,0.0
2024-06-24 03:53:04.640000+00:00,58.09999847412109,0.0,0.0
2024-06-24 03:54:04.187000+00:00,58.20000076293945,0.0,0.0
2024-06-24 03:55:04.338000+00:00,58.20000076293945,0.0,0.0
2024-06-24 03:56:04.769000+00:00,58.29999923706055,0.0,0.0
2024-06-24 03:57:04.489000+00:00,58.29999923706055,0.0,0.0
2024-06-24 03:58:04.340000+00:00,58.400001525878906,9.59000015258789,2344394.514556489
2024-06-24 03:59:05.224000+00:00,58.29999923706055,0.0,0.0
2024-06-24 04:00:06.465000+00:00,58.20000076293945,0.0,0.0
2024-06-24 04:01:04.971000+00:00,58.09999847412109,0.0,0.0
2024-06-24 04:02:04.539000+00:00,58.09999847412109,0.0,0.0
2024-06-24 04:03:04.826000+00:00,58.09999847412109,0.0,0.0
2024-06-24 04:04:04.472000+00:00,58.09999847412109,0.0,0.0
2024-06-24 04:05:04.446000+00:00,58.09999847412109,0.0,0.0
2024-06-24 04:06:05.393000+00:00,58.09999847412109,0.0,0.0
2024-06-24 04:07:04.659000+00:00,58.09999847412109,0.0,0.0
2024-06-24 04:08:04.656000+00:00,58.09999847412109,0.0,0.0
2024-06-24 04:09:04.679000+00:00,58.09999847412109,0.0,0.0
2024-06-24 04:10:04.928000+00:00,58.09999847412109,0.0,0.0
2024-06-24 04:11:04.507000+00:00,58.09999847412109,0.0,0.0
2024-06-24 04:12:04.622000+00:00,58.119998931884766,0.0,0.0
2024-06-24 04:13:04.868000+00:00,58.09999847412109,0.0,0.0
2024-06-24 04:14:04.615000+00:00,58.09999847412109,0.0,0.0
2024-06-24 04:15:04.964000+00:00,58.29999923706055,9.59000015258789,2340380.048610885
2024-06-24 04:16:04.323000+00:00,58.400001525878906,9.59000015258789,2344394.514556489
2024-06-24 04:17:04.550000+00:00,58.400001525878906,9.59000015258789,2344394.514556489
2024-06-24 04:18:04.964000+00:00,58.400001525878906,9.59000015258789,2344394.514556489
2024-06-24 04:19:05.025000+00:00,58.20000076293945,9.59000015258789,2336365.735801499
2024-06-24 04:20:04.653000+00:00,58.150001525878906,9.59000015258789,2334358.5793968057
2024-06-24 04:21:04.825000+00:00,58.09999847412109,9.59000015258789,2332351.2698558946
2024-06-24 04:22:04.888000+00:00,58.09999847412109,9.59000015258789,2332351.2698558946
2024-06-24 04:23:04.848000+00:00,58.09999847412109,9.59000015258789,2332351.2698558946
2024-06-24 04:24:04.230000+00:00,58.09999847412109,9.59000015258789,2332351.2698558946
2024-06-24 04:25:04.443000+00:00,58.09999847412109,9.59000015258789,2332351.2698558946
2024-06-24 04:26:04.848000+00:00,58.09999847412109,9.59000015258789,2332351.2698558946
2024-06-24 04:27:04.910000+00:00,58.09999847412109,9.59000015258789,2332351.2698558946
2024-06-24 04:28:04.693000+00:00,58.09999847412109,9.59000015258789,2332351.2698558946
2024-06-24 04:29:04.708000+00:00,58.09999847412109,9.59000015258789,2332351.2698558946
2024-06-24 04:30:05.173000+00:00,58.18999862670898,9.59000015258789,2335964.2126388294
2024-06-24 04:31:04.855000+00:00,58.15999984741211,9.59000015258789,2334759.9494232573
2024-06-24 04:32:04.689000+00:00,58.20000076293945,9.59000015258789,2336365.735801499
2024-06-24 04:33:04.856000+00:00,58.20000076293945,9.59000015258789,2336365.735801499
2024-06-24 04:34:05.159000+00:00,58.09999847412109,9.59000015258789,2332351.2698558946
2024-06-24 04:35:05.013000+00:00,57.310001373291016,0.0,0.0
2024-06-24 04:36:04.812000+00:00,56.31999969482422,0.0,0.0
2024-06-24 04:37:04.738000+00:00,57.290000915527344,0.0,0.0
2024-06-24 04:38:05.085000+00:00,58.29999923706055,9.59000015258789,2340380.048610885
2024-06-24 04:39:05.423000+00:00,59.0,6.510000228881836,1607800.7965278625
2024-06-24 04:40:04.837000+00:00,59.29999923706055,6.510000228881836,1615976.0340245354
2024-06-24 04:41:04.691000+00:00,55.34999847412109,0.0,0.0
2024-06-24 04:42:04.812000+00:00,57.77000045776367,6.510000228881836,1574282.2500238544
2024-06-24 04:43:04.880000+00:00,59.400001525878906,6.510000228881836,1618701.1824926161
2024-06-24 04:44:04.446000+00:00,59.5,6.510000228881836,1621426.2270069122
2024-06-24 04:45:04.955000+00:00,59.20000076293945,6.510000228881836,1613250.9895102393
2024-06-24 04:46:04.872000+00:00,58.900001525878906,6.510000228881836,1605075.7520135664
2024-06-24 04:47:04.662000+00:00,53.68000030517578,0.0,0.0
2024-06-24 04:48:04.624000+00:00,56.52999877929688,0.0,0.0
2024-06-24 04:49:04.404000+00:00,58.790000915527344,69.0199966430664,16985472.19718769
2024-06-24 04:50:04.787000+00:00,59.5,69.0199966430664,17190603.50389862
2024-06-24 04:51:04.341000+00:00,59.20000076293945,69.0199966430664,17103928.412540976
2024-06-24 04:52:04.360000+00:00,58.90999984741211,69.0199966430664,17020142.01330403
2024-06-24 04:53:04.785000+00:00,58.70000076293945,69.0199966430664,16959469.559567038
2024-06-24 04:54:05.297000+00:00,58.5,69.0199966430664,16901685.797950745
2024-06-24 04:55:04.639000+00:00,58.09999847412109,69.0199966430664,16786118.274718158
2024-06-24 04:56:04.663000+00:00,57.900001525878906,67.16999816894531,16279952.583245259
2024-06-24 04:57:04.920000+00:00,57.70000076293945,60.290000915527344,14561976.751675373
2024-06-24 04:58:03.926000+00:00,57.59999847412109,54.86000061035156,13227491.892755182
2024-06-24 04:59:04.848000+00:00,57.29999923706055,50.18999862670898,12038462.492315417
2024-06-24 05:00:06.476000+00:00,55.209999084472656,0.0,0.0
2024-06-24 05:01:05.280000+00:00,56.84000015258789,0.0,0.0
2024-06-24 05:02:05.829000+00:00,58.400001525878906,41.61000061035156,10172080.878984775
2024-06-24 05:03:05.009000+00:00,58.90999984741211,41.61000061035156,10260912.112533346
2024-06-24 05:04:04.606000+00:00,58.66999816894531,41.61000061035156,10219108.749165718
2024-06-24 05:05:04.861000+00:00,58.5,41.61000061035156,10189498.559463501
2024-06-24 05:06:05.392000+00:00,58.29999923706055,41.61000061035156,10154662.53406413
2024-06-24 05:07:03.886000+00:00,57.630001068115234,41.61000061035156,10037962.613084449
2024-06-24 05:08:04.416000+00:00,56.41999816894531,0.0,0.0
2024-06-24 05:09:04.605000+00:00,56.25,0.0,0.0
2024-06-24 05:10:04.716000+00:00,57.5,41.61000061035156,10015319.09690857
2024-06-24 05:11:04.576000+00:00,58.400001525878906,41.61000061035156,10172080.878984775
2024-06-24 05:12:04.740000+00:00,58.5,41.61000061035156,10189498.559463501
2024-06-24 05:13:05.016000+00:00,58.400001525878906,41.61000061035156,10172080.878984775
2024-06-24 05:14:04.825000+00:00,58.29999923706055,41.61000061035156,10154662.53406413
2024-06-24 05:15:05.294000+00:00,58.20000076293945,41.61000061035156,10137244.853585405
2024-06-24 05:16:04.561000+00:00,58.09999847412109,41.31999969482422,10049296.373854797
2024-06-24 05:17:04.369000+00:00,57.900001525878906,38.68999862670898,9377272.000282032
2024-06-24 05:18:05.288000+00:00,57.900001525878906,36.29999923706055,8798009.266946863
2024-06-24 05:19:04.775000+00:00,57.79999923706055,34.2599983215332,8289233.892478674
2024-06-24 05:20:05.126000+00:00,58.16999816894531,32.369998931884766,7882082.191204943
2024-06-24 05:21:04.208000+00:00,58.29999923706055,30.75,7504346.751794815
2024-06-24 05:22:04.444000+00:00,58.400001525878906,29.26000022888184,7152970.066846255
2024-06-24 05:23:04.525000+00:00,58.29999923706055,27.8700008392334,6801500.821802274
2024-06-24 05:24:05.050000+00:00,58.209999084472656,26.6200008392334,6486417.239675111
2024-06-24 05:25:05.059000+00:00,58.20000076293945,25.5,6212442.681438446
2024-06-24 05:26:05.030000+00:00,58.13999938964844,24.46999931335449,5955362.529169132
2024-06-24 05:27:05.235000+00:00,58.20000076293945,23.489999771118164,5722755.967257797
2024-06-24 05:28:04.950000+00:00,58.20000076293945,22.6200008392334,5510802.300699099
2024-06-24 05:29:04.567000+00:00,58.209999084472656,21.809999465942383,5314378.364883164
2024-06-24 05:30:05.384000+00:00,58.29999923706055,21.030000686645508,5132241.214408811
2024-06-24 05:31:04.599000+00:00,58.29999923706055,20.32999992370605,4961410.370453735
2024-06-24 05:32:04.701000+00:00,58.29999923706055,19.64999961853028,4795460.514149173
2024-06-24 05:33:04.680000+00:00,58.20000076293945,19.030000686645508,4636187.784059588
2024-06-24 05:34:04.947000+00:00,58.09999847412109,18.459999084472656,4489593.495427618
2024-06-24 05:35:05.376000+00:00,58.20000076293945,17.899999618530273,4360891.044230956
2024-06-24 05:36:04.734000+00:00,58.20000076293945,17.3799991607666,4234205.827047483
2024-06-24 05:37:04.382000+00:00,58.20000076293945,16.899999618530273,4117265.841037291
2024-06-24 05:38:04.954000+00:00,58.20000076293945,16.43000030517578,4002762.16282042
2024-06-24 05:39:05.198000+00:00,58.29999923706055,15.979999542236328,3899819.761250856
2024-06-24 05:40:04.214000+00:00,58.34999847412109,15.56999969482422,3803020.593009157
2024-06-24 05:41:04.464000+00:00,58.20000076293945,15.1899995803833,3700666.734282561
2024-06-24 05:42:05.815000+00:00,58.20000076293945,14.800000190734863,3605653.0537340553
2024-06-24 05:43:04.062000+00:00,58.13999938964844,14.449999809265137,3516754.794661324
2024-06-24 05:44:04.282000+00:00,58.18999862670898,14.119999885559082,3439396.651753921
2024-06-24 05:45:04.623000+00:00,58.20000076293945,13.789999961853027,3359591.54274707
2024-06-24 05:46:04.919000+00:00,58.20000076293945,13.470000267028809,3281631.552073609
2024-06-24 05:47:03.989000+00:00,55.790000915527344,13.1899995803833,3080352.191153321
2024-06-24 05:48:04.569000+00:00,57.400001525878906,13.020000457763672,3128398.921152835
2024-06-24 05:49:04.912000+00:00,56.720001220703125,13.020000457763672,3091337.7336172145
2024-06-24 05:50:04.722000+00:00,58.09999847412109,13.020000457763672,3166549.960168118
2024-06-24 05:51:04.746000+00:00,58.70000076293945,13.020000457763672,3199251.1180623793
2024-06-24 05:52:04.975000+00:00,58.70000076293945,13.020000457763672,3199251.1180623793
2024-06-24 05:53:04.787000+00:00,58.59999847412109,13.020000457763672,3193800.8211262175
2024-06-24 05:54:04.913000+00:00,58.400001525878906,13.020000457763672,3182900.6430690335
2024-06-24 05:55:04.600000+00:00,58.29999923706055,13.020000457763672,3177450.346132872
2024-06-24 05:56:04.856000+00:00,58.09999847412109,13.020000457763672,3166549.960168118
2024-06-24 05:57:05.478000+00:00,57.70000076293945,13.020000457763672,3144749.3961461806
2024-06-24 05:58:04.595000+00:00,57.720001220703125,13.020000457763672,3145839.455533413
2024-06-24 05:59:04.926000+00:00,58.0,13.020000457763672,3161099.8711395264
2024-06-24 06:00:05.696000+00:00,58.29999923706055,13.020000457763672,3177450.346132872
2024-06-24 06:01:04.791000+00:00,58.38999938964844,13.020000457763672,3182355.5094216326
2024-06-24 06:02:05.312000+00:00,58.400001525878906,13.020000457763672,3182900.6430690335
2024-06-24 06:03:04.524000+00:00,58.29999923706055,13.020000457763672,3177450.346132872
2024-06-24 06:04:04.654000+00:00,58.20000076293945,13.020000457763672,3172000.25710428
2024-06-24 06:05:04.922000+00:00,57.90999984741211,13.020000457763672,3156194.707850766
2024-06-24 06:06:05.020000+00:00,58.0,13.020000457763672,3161099.8711395264
2024-06-24 06:07:04.483000+00:00,58.0,13.020000457763672,3161099.8711395264
2024-06-24 06:08:04.671000+00:00,58.20000076293945,13.020000457763672,3172000.25710428
2024-06-24 06:09:05.020000+00:00,58.29999923706055,13.020000457763672,3177450.346132872
2024-06-24 06:10:04.433000+00:00,58.29999923706055,13.020000457763672,3177450.346132872
2024-06-24 06:11:04.816000+00:00,58.400001525878906,13.020000457763672,3182900.6430690335
2024-06-24 06:12:04.694000+00:00,58.400001525878906,13.020000457763672,3182900.6430690335
2024-06-24 06:13:05.496000+00:00,58.20000076293945,13.020000457763672,3172000.25710428
2024-06-24 06:14:04.732000+00:00,58.130001068115234,13.020000457763672,3168185.1532027517
2024-06-24 06:15:04.547000+00:00,58.09999847412109,13.020000457763672,3166549.960168118
2024-06-24 06:16:04.314000+00:00,58.09999847412109,13.020000457763672,3166549.960168118
2024-06-24 06:17:04.574000+00:00,58.119998931884766,13.020000457763672,3167640.0195553508
2024-06-24 06:18:05.251000+00:00,58.13999938964844,13.020000457763672,3168730.078942583
2024-06-24 06:19:04.374000+00:00,58.11000061035156,13.020000457763672,3167095.0938155195
2024-06-24 06:20:05.061000+00:00,55.900001525878906,13.020000457763672,3046646.3382785367
2024-06-24 06:21:04.146000+00:00,56.59999847412109,13.020000457763672,3084797.37729382
2024-06-24 06:22:04.959000+00:00,57.77999877929688,13.020000457763672,3149109.4257875406
2024-06-24 06:23:04.605000+00:00,58.29999923706055,13.020000457763672,3177450.346132872
2024-06-24 06:24:04.605000+00:00,58.20000076293945,13.020000457763672,3172000.25710428
2024-06-24 06:25:05.002000+00:00,58.06999969482422,13.020000457763672,3164914.9750410547
2024-06-24 06:26:05.465000+00:00,57.119998931884766,13.020000457763672,3113138.297639152
2024-06-24 06:27:04.951000+00:00,57.5,13.020000457763672,3133849.010181427
2024-06-24 06:28:04.296000+00:00,57.900001525878906,13.020000457763672,3155649.782110934
2024-06-24 06:29:04.742000+00:00,58.20000076293945,13.020000457763672,3172000.25710428
2024-06-24 06:30:04.874000+00:00,58.209999084472656,13.020000457763672,3172545.182844111
2024-06-24 06:31:04.391000+00:00,58.20000076293945,13.020000457763672,3172000.25710428
2024-06-24 06:32:04.522000+00:00,58.29999923706055,13.020000457763672,3177450.346132872
2024-06-24 06:33:04.774000+00:00,58.29999923706055,13.020000457763672,3177450.346132872
2024-06-24 06:34:04.461000+00:00,58.09999847412109,12.920000076293944,3142229.2080308977
2024-06-24 06:35:04.575000+00:00,58.0,12.649999618530272,3071268.1073837276
2024-06-24 06:36:04.665000+00:00,58.0,12.390000343322754,3008143.403354645
2024-06-24 06:37:04.453000+00:00,58.0,12.140000343322754,2947446.403354645
2024-06-24 06:38:04.072000+00:00,58.09999847412109,11.899999618530272,2894158.3712148303
2024-06-24 06:39:05.579000+00:00,58.29999923706055,11.65999984741211,2845550.633523743
2024-06-24 06:40:04.311000+00:00,58.400001525878906,11.449999809265137,2799094.5065074144
2024-06-24 06:41:05.027000+00:00,58.29999923706055,11.229999542236328,2740611.7264207625
2024-06-24 06:42:04.774000+00:00,58.09999847412109,11.020000457763672,2680136.7729427763
2024-06-24 06:43:03.953000+00:00,58.09999847412109,10.829999923706056,2633927.3902700352
2024-06-24 06:44:04.062000+00:00,58.09999847412109,10.630000114440918,2585286.1179354773
2024-06-24 06:45:05.119000+00:00,57.400001525878906,10.449999809265137,2510888.4009185014
2024-06-24 06:46:04.091000+00:00,57.70000076293945,10.270000457763672,2480535.837363603
2024-06-24 06:47:04.332000+00:00,58.20000076293945,10.100000381469728,2460614.6451916522
2024-06-24 06:48:05.040000+00:00,58.20000076293945,10.0,2436252.0319366455
2024-06-24 06:49:04.124000+00:00,58.29999923706055,10.0,2440437.9680633545
2024-06-24 06:50:04.826000+00:00,58.29999923706055,10.0,2440437.9680633545
2024-06-24 06:51:04.045000+00:00,58.400001525878906,10.0,2444624.063873291
2024-06-24 06:52:04.964000+00:00,58.20000076293945,10.0,2436252.0319366455
2024-06-24 06:53:05.040000+00:00,58.09999847412109,10.0,2432065.9361267085
2024-06-24 06:54:04.852000+00:00,58.150001525878906,10.0,2434159.063873291
2024-06-24 06:55:04.806000+00:00,58.20000076293945,10.0,2436252.0319366455
2024-06-24 06:56:04.736000+00:00,58.20000076293945,10.0,2436252.0319366455
2024-06-24 06:57:04.154000+00:00,58.09000015258789,10.0,2431647.406387329
2024-06-24 06:58:04.794000+00:00,58.20000076293945,10.0,2436252.0319366455
2024-06-24 06:59:04.297000+00:00,58.400001525878906,10.0,2444624.063873291
2024-06-24 07:00:06.764000+00:00,58.400001525878906,10.0,2444624.063873291
2024-06-24 07:01:04.992000+00:00,58.29999923706055,10.0,2440437.9680633545
2024-06-24 07:02:04.140000+00:00,58.20000076293945,10.0,2436252.0319366455
2024-06-24 07:03:04.868000+00:00,58.150001525878906,10.0,2434159.063873291
2024-06-24 07:04:04.172000+00:00,58.20000076293945,10.0,2436252.0319366455
2024-06-24 07:05:04.780000+00:00,58.29999923706055,10.0,2440437.9680633545
2024-06-24 07:06:05.267000+00:00,58.29999923706055,10.0,2440437.9680633545
2024-06-24 07:07:03.944000+00:00,58.400001525878906,10.0,2444624.063873291
2024-06-24 07:08:04.059000+00:00,58.20000076293945,10.0,2436252.0319366455
2024-06-24 07:09:03.908000+00:00,58.20000076293945,10.0,2436252.0319366455
2024-06-24 07:10:04.631000+00:00,58.20000076293945,10.0,2436252.0319366455
2024-06-24 07:11:05.063000+00:00,58.20000076293945,10.0,2436252.0319366455
2024-06-24 07:12:04.683000+00:00,58.29999923706055,10.0,2440437.9680633545
2024-06-24 07:13:05.036000+00:00,58.29999923706055,10.0,2440437.9680633545
2024-06-24 07:14:04.797000+00:00,58.29999923706055,10.0,2440437.9680633545
2024-06-24 07:15:05.138000+00:00,58.34999847412109,10.0,2442530.9361267085
2024-06-24 07:16:04.860000+00:00,58.209999084472656,10.0,2436670.5616760254
2024-06-24 07:17:04.608000+00:00,58.09999847412109,10.0,2432065.9361267085
2024-06-24 07:18:04.843000+00:00,58.09999847412109,10.0,2432065.9361267085
2024-06-24 07:19:04.181000+00:00,58.20000076293945,10.0,2436252.0319366455
2024-06-24 07:20:04.847000+00:00,58.20000076293945,10.0,2436252.0319366455
2024-06-24 07:21:04.484000+00:00,58.20000076293945,10.0,2436252.0319366455
2024-06-24 07:22:04.533000+00:00,58.29999923706055,10.0,2440437.9680633545
2024-06-24 07:23:04.167000+00:00,58.29999923706055,10.0,2440437.9680633545
2024-06-24 07:24:05.057000+00:00,58.400001525878906,10.0,2444624.063873291
2024-06-24 07:25:04.788000+00:00,58.29999923706055,10.0,2440437.9680633545
2024-06-24 07:26:05.159000+00:00,58.20000076293945,10.0,2436252.0319366455
2024-06-24 07:27:04.900000+00:00,58.20000076293945,10.0,2436252.0319366455
2024-06-24 07:28:05.051000+00:00,58.20000076293945,10.0,2436252.0319366455
2024-06-24 07:29:04.492000+00:00,58.20000076293945,10.0,2436252.0319366455
2024-06-24 07:30:04.983000+00:00,58.29999923706055,10.0,2440437.9680633545
2024-06-24 07:31:04.915000+00:00,58.20000076293945,10.0,2436252.0319366455
2024-06-24 07:32:04.170000+00:00,58.20000076293945,10.0,2436252.0319366455
2024-06-24 07:33:04.707000+00:00,58.29999923706055,10.0,2440437.9680633545
2024-06-24 07:34:04.431000+00:00,58.29999923706055,10.0,2440437.9680633545
2024-06-24 07:35:05.036000+00:00,58.310001373291016,10.0,2440856.657485962
2024-06-24 07:36:04.662000+00:00,58.400001525878906,10.0,2444624.063873291
2024-06-24 07:37:04.441000+00:00,58.29999923706055,10.0,2440437.9680633545
2024-06-24 07:38:04.706000+00:00,58.20000076293945,10.0,2436252.0319366455
2024-06-24 07:39:05.748000+00:00,58.20000076293945,10.0,2436252.0319366455
2024-06-24 07:40:04.821000+00:00,58.20000076293945,10.0,2436252.0319366455
2024-06-24 07:41:04.821000+00:00,58.20000076293945,10.0,2436252.0319366455
2024-06-24 07:42:04.894000+00:00,58.29999923706055,10.0,2440437.9680633545
2024-06-24 07:43:04.650000+00:00,58.29999923706055,10.0,2440437.9680633545
2024-06-24 07:44:04.491000+00:00,58.400001525878906,10.0,2444624.063873291
2024-06-24 07:45:04.726000+00:00,58.400001525878906,10.0,2444624.063873291
2024-06-24 07:46:04.718000+00:00,58.29999923706055,10.0,2440437.9680633545
2024-06-24 07:47:03.606000+00:00,58.20000076293945,10.0,2436252.0319366455
2024-06-24 07:48:04.515000+00:00,58.20000076293945,10.0,2436252.0319366455
2024-06-24 07:49:04.708000+00:00,58.20000076293945,10.0,2436252.0319366455
2024-06-24 07:50:04.597000+00:00,58.29999923706055,10.0,2440437.9680633545
2024-06-24 07:51:04.945000+00:00,58.29999923706055,10.0,2440437.9680633545
2024-06-24 07:52:04.481000+00:00,58.29999923706055,10.0,2440437.9680633545
2024-06-24 07:53:04.769000+00:00,58.400001525878906,10.0,2444624.063873291
2024-06-24 07:54:05.145000+00:00,58.400001525878906,10.0,2444624.063873291
2024-06-24 07:55:05.031000+00:00,58.29999923706055,10.0,2440437.9680633545
2024-06-24 07:56:05.119000+00:00,57.70000076293945,4.690000057220459,1132786.0467988702
2024-06-24 07:57:04.659000+00:00,57.900001525878906,4.690000057220459,1136712.5298250623
2024-06-24 07:58:04.694000+00:00,57.93000030517578,4.690000057220459,1137301.476066989
2024-06-24 07:59:04.283000+00:00,58.29999923706055,4.690000057220459,1144565.4209860114
2024-06-24 08:00:06.637000+00:00,58.400001525878906,4.690000057220459,1146528.6999448247
2024-06-24 08:01:05.106000+00:00,58.29999923706055,4.690000057220459,1144565.4209860114
2024-06-24 08:02:04.270000+00:00,58.20000076293945,4.690000057220459,1142602.2169186326
2024-06-24 08:03:04.468000+00:00,58.29999923706055,4.690000057220459,1144565.4209860114
2024-06-24 08:04:04.464000+00:00,58.29999923706055,4.690000057220459,1144565.4209860114
2024-06-24 08:05:05.231000+00:00,58.400001525878906,4.690000057220459,1146528.6999448247
2024-06-24 08:06:05.378000+00:00,58.400001525878906,4.690000057220459,1146528.6999448247
2024-06-24 08:07:04.507000+00:00,58.09999847412109,4.690000057220459,1140638.9379598193
2024-06-24 08:08:04.521000+00:00,58.09999847412109,4.690000057220459,1140638.9379598193
2024-06-24 08:09:04.624000+00:00,58.20000076293945,4.690000057220459,1142602.2169186326
2024-06-24 08:10:05.152000+00:00,58.29999923706055,4.690000057220459,1144565.4209860114
2024-06-24 08:11:04.554000+00:00,58.5,4.690000057220459,1148491.9040122032
2024-06-24 08:12:05.395000+00:00,58.400001525878906,4.690000057220459,1146528.6999448247
2024-06-24 08:13:05.696000+00:00,58.400001525878906,4.690000057220459,1146528.6999448247
2024-06-24 08:14:04.930000+00:00,58.400001525878906,4.690000057220459,1146528.6999448247
2024-06-24 08:15:05.034000+00:00,58.400001525878906,4.690000057220459,1146528.6999448247
2024-06-24 08:16:04.957000+00:00,58.400001525878906,4.690000057220459,1146528.6999448247
2024-06-24 08:17:05.025000+00:00,58.400001525878906,0.0,0.0
2024-06-24 08:18:04.712000+00:00,58.400001525878906,0.0,0.0
2024-06-24 08:19:04.468000+00:00,58.400001525878906,0.0,0.0
2024-06-24 08:20:04.784000+00:00,58.400001525878906,0.0,0.0
2024-06-24 08:21:04.222000+00:00,58.5,0.0,0.0
2024-06-24 08:22:04.989000+00:00,58.400001525878906,0.0,0.0
2024-06-24 08:23:04.706000+00:00,58.29999923706055,0.0,0.0
2024-06-24 08:24:04.862000+00:00,58.20000076293945,0.0,0.0
2024-06-24 08:25:04.809000+00:00,58.13999938964844,0.0,0.0
2024-06-24 08:26:04.978000+00:00,58.09999847412109,0.0,0.0
2024-06-24 08:27:04.894000+00:00,58.0,0.0,0.0
2024-06-24 08:28:04.167000+00:00,58.09999847412109,0.0,0.0
2024-06-24 08:29:04.824000+00:00,58.20000076293945,0.0,0.0
2024-06-24 08:30:05.274000+00:00,58.38999938964844,0.0,0.0
2024-06-24 08:31:04.435000+00:00,58.29999923706055,0.0,0.0
2024-06-24 08:32:04.552000+00:00,58.20000076293945,0.0,0.0
2024-06-24 08:33:04.504000+00:00,58.20000076293945,0.0,0.0
2024-06-24 08:34:03.942000+00:00,58.29999923706055,0.0,0.0
2024-06-24 08:35:04.518000+00:00,58.400001525878906,0.0,0.0
2024-06-24 08:36:04.459000+00:00,57.040000915527344,0.0,0.0
2024-06-24 08:37:04.848000+00:00,57.5,0.0,0.0
2024-06-24 08:38:04.599000+00:00,57.79999923706055,0.0,0.0
2024-06-24 08:39:05.539000+00:00,58.20000076293945,0.0,0.0
2024-06-24 08:40:04.803000+00:00,58.400001525878906,0.0,0.0
2024-06-24 08:41:04.644000+00:00,58.400001525878906,0.0,0.0
2024-06-24 08:42:04.985000+00:00,58.400001525878906,0.0,0.0
2024-06-24 08:43:04.143000+00:00,58.29999923706055,0.0,0.0
2024-06-24 08:44:04.531000+00:00,58.20000076293945,0.0,0.0
2024-06-24 08:45:05.141000+00:00,57.77000045776367,0.0,0.0
2024-06-24 08:46:04.577000+00:00,58.0,0.0,0.0
2024-06-24 08:47:03.734000+00:00,58.09999847412109,0.0,0.0
2024-06-24 08:48:04.503000+00:00,57.90999984741211,0.0,0.0
2024-06-24 08:49:04.886000+00:00,58.11000061035156,0.0,0.0
2024-06-24 08:50:04.908000+00:00,58.29999923706055,0.0,0.0
2024-06-24 08:51:04.646000+00:00,58.400001525878906,0.0,0.0
2024-06-24 08:52:04.846000+00:00,58.29999923706055,0.0,0.0
2024-06-24 08:53:05.056000+00:00,58.09999847412109,0.0,0.0
2024-06-24 08:54:05.082000+00:00,58.18000030517578,0.0,0.0
2024-06-24 08:55:04.860000+00:00,58.09999847412109,0.0,0.0
2024-06-24 08:56:04.830000+00:00,58.29999923706055,0.0,0.0
2024-06-24 08:57:04.950000+00:00,58.400001525878906,0.0,0.0
2024-06-24 08:58:04.594000+00:00,58.400001525878906,0.0,0.0
2024-06-24 08:59:04.885000+00:00,58.310001373291016,0.0,0.0
2024-06-24 09:00:07.038000+00:00,58.29999923706055,0.0,0.0
2024-06-24 09:01:04.886000+00:00,58.29999923706055,0.0,0.0
2024-06-24 09:02:05.100000+00:00,58.29999923706055,0.0,0.0
2024-06-24 09:03:04.702000+00:00,58.29999923706055,0.0,0.0
2024-06-24 09:04:04.787000+00:00,58.29999923706055,0.0,0.0
2024-06-24 09:05:04.919000+00:00,58.29999923706055,0.0,0.0
2024-06-24 09:06:05.524000+00:00,58.29999923706055,0.0,0.0
2024-06-24 09:07:04.204000+00:00,58.29999923706055,0.0,0.0
2024-06-24 09:08:04.563000+00:00,58.20000076293945,0.0,0.0
2024-06-24 09:09:05.004000+00:00,58.20000076293945,0.0,0.0
2024-06-24 09:10:04.915000+00:00,58.20000076293945,0.0,0.0
2024-06-24 09:11:04.181000+00:00,58.20000076293945,0.0,0.0
2024-06-24 09:12:04.886000+00:00,58.400001525878906,0.0,0.0
2024-06-24 09:13:04.917000+00:00,58.400001525878906,0.0,0.0
2024-06-24 09:14:05.425000+00:00,58.400001525878906,0.0,0.0
2024-06-24 09:15:04.499000+00:00,58.400001525878906,0.0,0.0
2024-06-24 09:16:05.141000+00:00,58.34000015258789,0.0,0.0
2024-06-24 09:17:04.321000+00:00,58.29999923706055,0.0,0.0
2024-06-24 09:18:05.471000+00:00,58.29999923706055,0.0,0.0
2024-06-24 09:19:04.430000+00:00,58.29999923706055,0.0,0.0
2024-06-24 09:20:05.317000+00:00,58.29999923706055,0.0,0.0
2024-06-24 09:21:04.744000+00:00,58.209999084472656,0.0,0.0
2024-06-24 09:22:05.249000+00:00,58.29999923706055,0.0,0.0
2024-06-24 09:23:04.632000+00:00,58.20000076293945,0.0,0.0
2024-06-24 09:24:05.046000+00:00,58.20000076293945,0.0,0.0
2024-06-24 09:25:04.823000+00:00,58.29999923706055,0.0,0.0
2024-06-24 09:26:05.011000+00:00,58.43000030517578,0.0,0.0
2024-06-24 09:27:04.366000+00:00,58.5,0.0,0.0
2024-06-24 09:28:04.627000+00:00,58.5099983215332,0.0,0.0
2024-06-24 09:29:04.548000+00:00,58.59999847412109,0.0,0.0
2024-06-24 09:30:05.139000+00:00,58.59999847412109,0.0,0.0
2024-06-24 09:31:04.466000+00:00,58.59000015258789,0.0,0.0
2024-06-24 09:32:04.847000+00:00,58.400001525878906,0.0,0.0
2024-06-24 09:33:04.312000+00:00,58.22999954223633,0.0,0.0
2024-06-24 09:34:04.484000+00:00,58.20000076293945,0.0,0.0
2024-06-24 09:35:05.220000+00:00,58.09999847412109,0.0,0.0
2024-06-24 09:36:04.901000+00:00,58.09999847412109,0.0,0.0
2024-06-24 09:37:04.583000+00:00,58.20000076293945,0.0,0.0
2024-06-24 09:38:04.419000+00:00,58.22999954223633,0.0,0.0
2024-06-24 09:39:05.427000+00:00,58.29999923706055,0.0,0.0
2024-06-24 09:40:05.101000+00:00,58.400001525878906,0.0,0.0
2024-06-24 09:41:04.552000+00:00,58.5,0.0,0.0
2024-06-24 09:42:05.306000+00:00,58.59999847412109,0.0,0.0
2024-06-24 09:43:04.551000+00:00,58.59999847412109,0.0,0.0
2024-06-24 09:44:04.985000+00:00,58.5,0.0,0.0
2024-06-24 09:45:04.454000+00:00,58.5,0.0,0.0
2024-06-24 09:46:04.712000+00:00,58.400001525878906,0.0,0.0
2024-06-24 09:47:04.448000+00:00,58.29999923706055,0.0,0.0
2024-06-24 09:48:04.624000+00:00,58.29999923706055,0.0,0.0
2024-06-24 09:49:04.651000+00:00,58.369998931884766,0.0,0.0
2024-06-24 09:50:04.771000+00:00,58.400001525878906,0.0,0.0
2024-06-24 09:51:04.842000+00:00,58.400001525878906,0.0,0.0
2024-06-24 09:52:05.082000+00:00,58.4900016784668,0.0,0.0
2024-06-24 09:53:04.416000+00:00,58.400001525878906,0.0,0.0
2024-06-24 09:54:05.040000+00:00,58.400001525878906,0.0,0.0
2024-06-24 09:55:04.754000+00:00,58.400001525878906,0.0,0.0
2024-06-24 09:56:04.891000+00:00,58.29999923706055,0.0,0.0
2024-06-24 09:57:04.601000+00:00,58.29999923706055,0.0,0.0
2024-06-24 09:58:04.535000+00:00,58.29999923706055,0.0,0.0
2024-06-24 09:59:04.753000+00:00,58.31999969482422,0.0,0.0
2024-06-24 10:00:07.887000+00:00,58.400001525878906,0.0,0.0
2024-06-24 10:01:05.066000+00:00,58.400001525878906,0.0,0.0
2024-06-24 10:02:05.115000+00:00,58.400001525878906,0.0,0.0
2024-06-24 10:03:04.418000+00:00,58.400001525878906,0.0,0.0
2024-06-24 10:04:04.260000+00:00,58.29999923706055,0.0,0.0
2024-06-24 10:05:04.746000+00:00,58.29999923706055,0.0,0.0
2024-06-24 10:06:05.908000+00:00,58.29999923706055,0.0,0.0
2024-06-24 10:07:05.154000+00:00,58.29999923706055,0.0,0.0
2024-06-24 10:08:04.518000+00:00,58.29999923706055,0.0,0.0
2024-06-24 10:09:04.741000+00:00,58.400001525878906,0.0,0.0
2024-06-24 10:10:05.423000+00:00,58.400001525878906,0.0,0.0
2024-06-24 10:11:04.554000+00:00,58.47999954223633,0.0,0.0
2024-06-24 10:12:05.599000+00:00,58.29999923706055,0.0,0.0
2024-06-24 10:13:05.490000+00:00,58.20000076293945,0.0,0.0
2024-06-24 10:14:05.095000+00:00,58.22999954223633,0.0,0.0
2024-06-24 10:15:04.924000+00:00,58.20000076293945,0.0,0.0
2024-06-24 10:16:04.510000+00:00,58.29999923706055,0.0,0.0
2024-06-24 10:17:04.655000+00:00,58.29999923706055,0.0,0.0
2024-06-24 10:18:05.387000+00:00,58.29999923706055,0.0,0.0
2024-06-24 10:19:04.563000+00:00,58.29999923706055,0.0,0.0
2024-06-24 10:20:05.259000+00:00,58.400001525878906,0.0,0.0
2024-06-24 10:21:04.438000+00:00,58.400001525878906,0.0,0.0
2024-06-24 10:22:04.325000+00:00,58.400001525878906,0.0,0.0
2024-06-24 10:23:04.552000+00:00,58.400001525878906,0.0,0.0
2024-06-24 10:24:04.590000+00:00,58.400001525878906,0.0,0.0
2024-06-24 10:25:05.029000+00:00,58.5,0.0,0.0
2024-06-24 10:26:05.060000+00:00,58.5,0.0,0.0
2024-06-24 10:27:04.706000+00:00,58.59999847412109,0.0,0.0
2024-06-24 10:28:04.601000+00:00,58.5,0.0,0.0
2024-06-24 10:29:04.722000+00:00,58.29999923706055,0.0,0.0
2024-06-24 10:30:05.250000+00:00,58.29999923706055,0.0,0.0
2024-06-24 10:31:04.950000+00:00,58.29999923706055,0.0,0.0
2024-06-24 10:32:04.492000+00:00,58.400001525878906,0.0,0.0
2024-06-24 10:33:04.798000+00:00,58.5,0.0,0.0
2024-06-24 10:34:04.784000+00:00,58.5,0.0,0.0
2024-06-24 10:35:04.565000+00:00,58.38999938964844,0.0,0.0
2024-06-24 10:36:04.701000+00:00,58.29999923706055,0.0,0.0
2024-06-24 10:37:04.593000+00:00,58.29999923706055,0.0,0.0
2024-06-24 10:38:05.258000+00:00,58.400001525878906,0.0,0.0
2024-06-24 10:39:06.015000+00:00,58.459999084472656,0.0,0.0
2024-06-24 10:40:05.166000+00:00,58.400001525878906,0.0,0.0
2024-06-24 10:41:04.449000+00:00,58.29999923706055,0.0,0.0
2024-06-24 10:42:05.099000+00:00,58.2400016784668,0.0,0.0
2024-06-24 10:43:05.207000+00:00,58.29999923706055,0.0,0.0
2024-06-24 10:44:04.324000+00:00,58.400001525878906,0.0,0.0
2024-06-24 10:45:05.269000+00:00,58.400001525878906,0.0,0.0
2024-06-24 10:46:04.511000+00:00,58.29999923706055,0.0,0.0
2024-06-24 10:47:05+00:00,58.290000915527344,0.0,0.0
2024-06-24 10:48:04.826000+00:00,58.29999923706055,0.0,0.0
2024-06-24 10:49:04.207000+00:00,58.400001525878906,0.0,0.0
2024-06-24 10:50:04.930000+00:00,58.5,0.0,0.0
2024-06-24 10:51:04.247000+00:00,58.400001525878906,0.0,0.0
2024-06-24 10:52:05.503000+00:00,58.209999084472656,0.0,0.0
2024-06-24 10:53:05.065000+00:00,58.29999923706055,0.0,0.0
2024-06-24 10:54:04.654000+00:00,58.400001525878906,0.0,0.0
2024-06-24 10:55:04.902000+00:00,58.20000076293945,0.0,0.0
2024-06-24 10:56:05.233000+00:00,58.09999847412109,0.0,0.0
2024-06-24 10:57:04.679000+00:00,58.20000076293945,0.0,0.0
2024-06-24 10:58:04.309000+00:00,58.29999923706055,0.0,0.0
2024-06-24 10:59:05.194000+00:00,58.400001525878906,0.0,0.0
2024-06-24 11:00:07.502000+00:00,58.5,0.0,0.0
2024-06-24 11:01:05.193000+00:00,58.59999847412109,0.0,0.0
2024-06-24 11:02:04.661000+00:00,58.5,0.0,0.0
2024-06-24 11:03:04.561000+00:00,58.400001525878906,0.0,0.0
2024-06-24 11:04:05.219000+00:00,58.29999923706055,0.0,0.0
2024-06-24 11:05:04.814000+00:00,58.20000076293945,0.0,0.0
2024-06-24 11:06:05.607000+00:00,58.22999954223633,0.0,0.0
2024-06-24 11:07:04.520000+00:00,58.29999923706055,0.0,0.0
2024-06-24 11:08:04.639000+00:00,58.400001525878906,0.0,0.0
2024-06-24 11:09:04.323000+00:00,58.40999984741211,0.0,0.0
2024-06-24 11:10:04.626000+00:00,58.5,0.0,0.0
2024-06-24 11:11:04.646000+00:00,58.59999847412109,0.0,0.0
2024-06-24 11:12:05.195000+00:00,58.45000076293945,0.0,0.0
2024-06-24 11:13:05.231000+00:00,50.11000061035156,0.0,0.0
2024-06-24 11:14:05.257000+00:00,53.5099983215332,0.0,0.0
2024-06-24 11:15:04.887000+00:00,57.06999969482422,0.0,0.0
2024-06-24 11:16:04.575000+00:00,58.400001525878906,0.0,0.0
2024-06-24 11:17:05.125000+00:00,58.83000183105469,0.0,0.0
2024-06-24 11:18:05.138000+00:00,58.70000076293945,0.0,0.0
2024-06-24 11:19:04.598000+00:00,58.59999847412109,0.0,0.0
2024-06-24 11:20:04.964000+00:00,58.59999847412109,0.0,0.0
2024-06-24 11:21:04.345000+00:00,58.59999847412109,0.0,0.0
2024-06-24 11:22:04.580000+00:00,58.59999847412109,0.0,0.0
2024-06-24 11:23:04.681000+00:00,58.5,0.0,0.0
2024-06-24 11:24:05.033000+00:00,58.29999923706055,0.0,0.0
2024-06-24 11:25:04.167000+00:00,58.29999923706055,0.0,0.0
2024-06-24 11:26:05.067000+00:00,58.29999923706055,0.0,0.0
2024-06-24 11:27:04.637000+00:00,58.400001525878906,0.0,0.0
2024-06-24 11:28:04.743000+00:00,58.400001525878906,0.0,0.0
2024-06-24 11:29:04.398000+00:00,58.5,0.0,0.0
2024-06-24 11:30:05.072000+00:00,58.59999847412109,0.0,0.0
2024-06-24 11:31:04.891000+00:00,58.400001525878906,0.0,0.0
2024-06-24 11:32:04.807000+00:00,58.400001525878906,0.0,0.0
2024-06-24 11:33:04.840000+00:00,58.29999923706055,0.0,0.0
2024-06-24 11:34:04.792000+00:00,58.400001525878906,0.0,0.0
2024-06-24 11:35:04.589000+00:00,58.540000915527344,0.0,0.0
2024-06-24 11:36:04.764000+00:00,58.5,0.0,0.0
2024-06-24 11:37:04.642000+00:00,58.400001525878906,0.0,0.0
2024-06-24 11:38:04.588000+00:00,58.09999847412109,0.0,0.0
2024-06-24 11:39:06.594000+00:00,58.29999923706055,0.0,0.0
2024-06-24 11:40:04.893000+00:00,58.400001525878906,0.0,0.0
2024-06-24 11:41:04.842000+00:00,58.56999969482422,0.0,0.0
2024-06-24 11:42:04.754000+00:00,58.5,0.0,0.0
2024-06-24 11:43:04.432000+00:00,58.400001525878906,0.0,0.0
2024-06-24 11:44:04.796000+00:00,58.29999923706055,0.0,0.0
2024-06-24 11:45:05.303000+00:00,58.29999923706055,0.0,0.0
2024-06-24 11:46:04.744000+00:00,58.5,0.0,0.0
2024-06-24 11:47:05.052000+00:00,58.5,0.0,0.0
2024-06-24 11:48:04.898000+00:00,58.33000183105469,0.0,0.0
2024-06-24 11:49:05.174000+00:00,58.29999923706055,0.0,0.0
2024-06-24 11:50:05.142000+00:00,58.29999923706055,0.0,0.0
2024-06-24 11:51:04.626000+00:00,58.400001525878906,0.0,0.0
2024-06-24 11:52:05.870000+00:00,58.40999984741211,0.0,0.0
2024-06-24 11:53:04.051000+00:00,58.5,0.0,0.0
2024-06-24 11:54:04.657000+00:00,58.5,0.0,0.0
2024-06-24 11:55:05.175000+00:00,58.400001525878906,0.0,0.0
2024-06-24 11:56:04.832000+00:00,58.400001525878906,0.0,0.0
2024-06-24 11:57:04.951000+00:00,58.38999938964844,0.0,0.0
2024-06-24 11:58:05.391000+00:00,58.400001525878906,0.0,0.0
2024-06-24 11:59:04.599000+00:00,58.400001525878906,0.0,0.0
2024-06-24 12:00:06.699000+00:00,58.59000015258789,0.0,0.0
2024-06-24 12:01:05.246000+00:00,58.59999847412109,0.0,0.0
2024-06-24 12:02:04.516000+00:00,58.5,0.0,0.0
2024-06-24 12:03:04.269000+00:00,58.29999923706055,0.0,0.0
2024-06-24 12:04:03.963000+00:00,58.29999923706055,0.0,0.0
2024-06-24 12:05:04.363000+00:00,58.34000015258789,0.0,0.0
2024-06-24 12:06:05.971000+00:00,58.400001525878906,0.0,0.0
2024-06-24 12:07:04.694000+00:00,58.400001525878906,0.0,0.0
2024-06-24 12:08:04.668000+00:00,58.5,0.0,0.0
2024-06-24 12:09:04.350000+00:00,58.34000015258789,0.0,0.0
2024-06-24 12:10:04.479000+00:00,58.400001525878906,0.0,0.0
2024-06-24 12:11:04.574000+00:00,58.5,0.0,0.0
2024-06-24 12:12:05.167000+00:00,58.5,0.0,0.0
2024-06-24 12:13:04.665000+00:00,58.5099983215332,0.0,0.0
2024-06-24 12:14:04.968000+00:00,58.59999847412109,0.0,0.0
2024-06-24 12:15:04.675000+00:00,58.70000076293945,0.0,0.0
2024-06-24 12:16:05.087000+00:00,58.70000076293945,0.0,0.0
2024-06-24 12:17:04.725000+00:00,58.5,0.0,0.0
2024-06-24 12:18:05.085000+00:00,58.400001525878906,0.0,0.0
2024-06-24 12:19:04.916000+00:00,58.29999923706055,0.0,0.0
2024-06-24 12:20:04.606000+00:00,58.20000076293945,0.0,0.0
2024-06-24 12:21:04.322000+00:00,58.09999847412109,0.0,0.0
2024-06-24 12:22:04.560000+00:00,58.20000076293945,0.0,0.0
2024-06-24 12:23:04.876000+00:00,58.29999923706055,0.0,0.0
2024-06-24 12:24:05.333000+00:00,58.5,0.0,0.0
2024-06-24 12:25:04.692000+00:00,58.59999847412109,0.0,0.0
2024-06-24 12:26:05.411000+00:00,58.79999923706055,0.0,0.0
2024-06-24 12:27:04.702000+00:00,58.70000076293945,0.0,0.0
2024-06-24 12:28:04.890000+00:00,58.70000076293945,0.0,0.0
2024-06-24 12:29:04.729000+00:00,58.59999847412109,0.0,0.0
2024-06-24 12:30:05.449000+00:00,58.5,0.0,0.0
2024-06-24 12:31:04.255000+00:00,58.400001525878906,0.0,0.0
2024-06-24 12:32:05.118000+00:00,58.29999923706055,0.0,0.0
2024-06-24 12:33:04.195000+00:00,58.27999877929688,0.0,0.0
2024-06-24 12:34:04.903000+00:00,58.20000076293945,0.0,0.0
2024-06-24 12:35:04.467000+00:00,58.20000076293945,0.0,0.0
2024-06-24 12:36:04.899000+00:00,58.400001525878906,0.0,0.0
2024-06-24 12:37:04.354000+00:00,58.59999847412109,0.0,0.0
2024-06-24 12:38:04.053000+00:00,58.70000076293945,0.0,0.0
2024-06-24 12:39:05.570000+00:00,58.59999847412109,0.0,0.0
2024-06-24 12:40:05.381000+00:00,58.59999847412109,0.0,0.0
2024-06-24 12:41:04.905000+00:00,58.5,0.0,0.0
2024-06-24 12:42:05.467000+00:00,58.470001220703125,0.0,0.0
2024-06-24 12:43:05.375000+00:00,58.400001525878906,0.0,0.0
2024-06-24 12:44:04.595000+00:00,58.29999923706055,0.0,0.0
2024-06-24 12:45:05.003000+00:00,58.20000076293945,0.0,0.0
2024-06-24 12:46:04.406000+00:00,58.20000076293945,0.0,0.0
2024-06-24 12:47:04.584000+00:00,58.29999923706055,0.0,0.0
2024-06-24 12:48:04.984000+00:00,58.5,0.0,0.0
2024-06-24 12:49:04.509000+00:00,58.70000076293945,0.0,0.0
2024-06-24 12:50:04.919000+00:00,58.59999847412109,0.0,0.0
2024-06-24 12:51:04.534000+00:00,58.5,0.0,0.0
2024-06-24 12:52:04.885000+00:00,58.400001525878906,0.0,0.0
2024-06-24 12:53:05.005000+00:00,58.34999847412109,0.0,0.0
2024-06-24 12:54:04.455000+00:00,58.29999923706055,0.0,0.0
2024-06-24 12:55:04.494000+00:00,58.20000076293945,0.0,0.0
2024-06-24 12:56:04.843000+00:00,58.29999923706055,0.0,0.0
2024-06-24 12:57:05.193000+00:00,58.5,0.0,0.0
2024-06-24 12:58:04.618000+00:00,58.70000076293945,0.0,0.0
2024-06-24 12:59:05.022000+00:00,58.70000076293945,0.0,0.0
2024-06-24 13:00:06.842000+00:00,58.70000076293945,0.0,0.0
2024-06-24 13:01:05.413000+00:00,58.59999847412109,0.0,0.0
2024-06-24 13:02:04.955000+00:00,58.400001525878906,0.0,0.0
2024-06-24 13:03:05.051000+00:00,58.400001525878906,0.0,0.0
2024-06-24 13:04:04.275000+00:00,58.400001525878906,0.0,0.0
2024-06-24 13:05:04.216000+00:00,58.400001525878906,0.0,0.0
2024-06-24 13:06:05.688000+00:00,58.400001525878906,0.0,0.0
2024-06-24 13:07:04.854000+00:00,58.40999984741211,0.0,0.0
2024-06-24 13:08:04.474000+00:00,58.5,0.0,0.0
2024-06-24 13:09:04.438000+00:00,58.5,0.0,0.0
2024-06-24 13:10:05.189000+00:00,58.5,0.0,0.0
2024-06-24 13:11:04.533000+00:00,58.5,0.0,0.0
2024-06-24 13:12:05.180000+00:00,58.5,0.0,0.0
2024-06-24 13:13:04.824000+00:00,58.59999847412109,0.0,0.0
2024-06-24 13:14:04.972000+00:00,58.59999847412109,0.0,0.0
2024-06-24 13:15:05.226000+00:00,58.59999847412109,0.0,0.0
2024-06-24 13:16:04.466000+00:00,58.59999847412109,0.0,0.0
2024-06-24 13:17:04.949000+00:00,58.61000061035156,0.0,0.0
2024-06-24 13:18:05.379000+00:00,58.70000076293945,0.0,0.0
2024-06-24 13:19:04.837000+00:00,58.59999847412109,0.0,0.0
2024-06-24 13:20:04.470000+00:00,58.5,0.0,0.0
2024-06-24 13:21:04.344000+00:00,58.02999877929688,0.0,0.0
2024-06-24 13:22:04.499000+00:00,58.09999847412109,0.0,0.0
2024-06-24 13:23:04.839000+00:00,57.5,0.0,0.0
2024-06-24 13:24:04.739000+00:00,58.08000183105469,0.0,0.0
2024-06-24 13:25:05.118000+00:00,58.38999938964844,0.0,0.0
2024-06-24 13:26:05.530000+00:00,58.900001525878906,0.0,0.0
2024-06-24 13:27:04.826000+00:00,59.09999847412109,0.0,0.0
2024-06-24 13:28:04.398000+00:00,59.0,0.0,0.0
2024-06-24 13:29:05.133000+00:00,58.79999923706055,0.0,0.0
2024-06-24 13:30:06.049000+00:00,58.70000076293945,0.0,0.0
2024-06-24 13:31:04.564000+00:00,58.59999847412109,0.0,0.0
2024-06-24 13:32:04.440000+00:00,58.40999984741211,0.0,0.0
2024-06-24 13:33:04.813000+00:00,58.5,0.0,0.0
2024-06-24 13:34:05.013000+00:00,58.5,0.0,0.0
2024-06-24 13:35:04.642000+00:00,58.52000045776367,0.0,0.0
2024-06-24 13:36:05.034000+00:00,58.59999847412109,0.0,0.0
2024-06-24 13:37:04.708000+00:00,58.70000076293945,0.0,0.0
2024-06-24 13:38:04.624000+00:00,58.59999847412109,0.0,0.0
2024-06-24 13:39:05.673000+00:00,58.40999984741211,0.0,0.0
2024-06-24 13:40:05.398000+00:00,58.5,0.0,0.0
2024-06-24 13:41:05.054000+00:00,58.4900016784668,0.0,0.0
2024-06-24 13:42:05.083000+00:00,58.5,0.0,0.0
2024-06-24 13:43:04.618000+00:00,58.59999847412109,0.0,0.0
2024-06-24 13:44:04.593000+00:00,58.59999847412109,0.0,0.0
2024-06-24 13:45:05.085000+00:00,58.59999847412109,0.0,0.0
2024-06-24 13:46:04.898000+00:00,58.70000076293945,0.0,0.0
2024-06-24 13:47:04.180000+00:00,58.59999847412109,0.0,0.0
2024-06-24 13:48:04.855000+00:00,58.400001525878906,0.0,0.0
2024-06-24 13:49:04.562000+00:00,58.400001525878906,0.0,0.0
2024-06-24 13:50:05.453000+00:00,58.400001525878906,0.0,0.0
2024-06-24 13:51:04.419000+00:00,58.400001525878906,0.0,0.0
2024-06-24 13:52:05.019000+00:00,58.47999954223633,0.0,0.0
2024-06-24 13:53:04.415000+00:00,58.5,0.0,0.0
2024-06-24 13:54:05.143000+00:00,58.5,0.0,0.0
2024-06-24 13:55:04.885000+00:00,58.52999877929688,0.0,0.0
2024-06-24 13:56:04.619000+00:00,58.59999847412109,0.0,0.0
2024-06-24 13:57:04.982000+00:00,58.59999847412109,0.0,0.0
2024-06-24 13:58:04.450000+00:00,58.70000076293945,0.0,0.0
2024-06-24 13:59:05.146000+00:00,58.61000061035156,0.0,0.0
2024-06-24 14:00:08.383000+00:00,58.5099983215332,0.0,0.0
2024-06-24 14:01:05.330000+00:00,58.400001525878906,0.0,0.0
2024-06-24 14:02:04.744000+00:00,58.5,0.0,0.0
2024-06-24 14:03:05.159000+00:00,58.5,0.0,0.0
2024-06-24 14:04:05.169000+00:00,58.540000915527344,0.0,0.0
2024-06-24 14:05:04.759000+00:00,58.59999847412109,0.0,0.0
2024-06-24 14:06:06.371000+00:00,58.59999847412109,0.0,0.0
2024-06-24 14:07:04.528000+00:00,58.59999847412109,0.0,0.0
2024-06-24 14:08:04.579000+00:00,58.70000076293945,0.0,0.0
2024-06-24 14:09:04.892000+00:00,58.59999847412109,0.0,0.0
2024-06-24 14:10:05.349000+00:00,58.400001525878906,0.0,0.0
2024-06-24 14:11:04.043000+00:00,58.41999816894531,0.0,0.0
2024-06-24 14:12:04.747000+00:00,53.06999969482422,0.0,0.0
2024-06-24 14:13:05.303000+00:00,53.9900016784668,0.0,0.0
2024-06-24 14:14:05.751000+00:00,59.060001373291016,0.0,0.0
2024-06-24 14:15:05.051000+00:00,61.310001373291016,0.0,0.0
2024-06-24 14:16:05.110000+00:00,62.869998931884766,0.0,0.0
2024-06-24 14:17:05.140000+00:00,63.709999084472656,0.0,0.0
2024-06-24 14:18:05.084000+00:00,63.84999847412109,0.0,0.0
2024-06-24 14:19:04.756000+00:00,63.70000076293945,0.0,0.0
2024-06-24 14:20:04.770000+00:00,63.5,0.0,0.0
2024-06-24 14:21:04.941000+00:00,61.369998931884766,0.0,0.0
2024-06-24 14:22:04.790000+00:00,61.18999862670898,0.0,0.0
2024-06-24 14:23:05.127000+00:00,60.900001525878906,0.0,0.0
2024-06-24 14:24:04.998000+00:00,60.5099983215332,0.0,0.0
2024-06-24 14:25:04.525000+00:00,60.20000076293945,0.0,0.0
2024-06-24 14:26:05.107000+00:00,59.72999954223633,0.0,0.0
2024-06-24 14:27:04.601000+00:00,59.5,0.0,0.0
2024-06-24 14:28:04.502000+00:00,59.20000076293945,0.0,0.0
2024-06-24 14:29:05.337000+00:00,59.0,0.0,0.0
2024-06-24 14:30:05.772000+00:00,58.86000061035156,0.0,0.0
2024-06-24 14:31:05.006000+00:00,58.59999847412109,0.0,0.0
2024-06-24 14:32:04.528000+00:00,58.400001525878906,0.0,0.0
2024-06-24 14:33:04.816000+00:00,58.20000076293945,0.0,0.0
2024-06-24 14:34:05.255000+00:00,58.09999847412109,0.0,0.0
2024-06-24 14:35:04.919000+00:00,57.900001525878906,0.0,0.0
2024-06-24 14:36:04.118000+00:00,57.70000076293945,0.0,0.0
2024-06-24 14:37:04.327000+00:00,57.5,0.0,0.0
2024-06-24 14:38:04.776000+00:00,57.400001525878906,0.0,0.0
2024-06-24 14:39:05.276000+00:00,57.20000076293945,0.0,0.0
2024-06-24 14:40:05.043000+00:00,57.09999847412109,0.0,0.0
2024-06-24 14:41:05.175000+00:00,57.11000061035156,0.0,0.0
2024-06-24 14:42:05.217000+00:00,57.20000076293945,0.0,0.0
2024-06-24 14:43:04.875000+00:00,57.400001525878906,0.0,0.0
2024-06-24 14:44:04.616000+00:00,57.70000076293945,0.0,0.0
2024-06-24 14:45:05.054000+00:00,57.900001525878906,0.0,0.0
2024-06-24 14:46:04.245000+00:00,58.20000076293945,0.0,0.0
2024-06-24 14:47:04.688000+00:00,58.5,0.0,0.0
2024-06-24 14:48:05.048000+00:00,58.59999847412109,0.0,0.0
2024-06-24 14:49:04.269000+00:00,57.900001525878906,0.0,0.0
2024-06-24 14:50:05.196000+00:00,56.59999847412109,0.0,0.0
2024-06-24 14:51:04.631000+00:00,56.20000076293945,0.0,0.0
2024-06-24 14:52:05.186000+00:00,57.310001373291016,0.0,0.0
2024-06-24 14:53:04.224000+00:00,58.59999847412109,0.0,0.0
2024-06-24 14:54:05.071000+00:00,59.02000045776367,0.0,0.0
2024-06-24 14:55:05.168000+00:00,59.29999923706055,0.0,0.0
2024-06-24 14:56:04.260000+00:00,59.59999847412109,0.0,0.0
2024-06-24 14:57:04.771000+00:00,59.70000076293945,0.0,0.0
2024-06-24 14:58:05.031000+00:00,59.70000076293945,0.0,0.0
2024-06-24 14:59:04.449000+00:00,59.59999847412109,0.0,0.0
2024-06-24 15:00:07.449000+00:00,59.5,0.0,0.0
2024-06-24 15:01:05.235000+00:00,59.29999923706055,0.0,0.0
2024-06-24 15:02:04.708000+00:00,59.20000076293945,0.0,0.0
2024-06-24 15:03:04.735000+00:00,59.0,0.0,0.0
2024-06-24 15:04:04.613000+00:00,58.79999923706055,0.0,0.0
2024-06-24 15:05:05.154000+00:00,58.70000076293945,0.0,0.0
2024-06-24 15:06:05.670000+00:00,58.52000045776367,0.0,0.0
2024-06-24 15:07:04.948000+00:00,58.400001525878906,0.0,0.0
2024-06-24 15:08:03.937000+00:00,58.29999923706055,0.0,0.0
2024-06-24 15:09:04.149000+00:00,58.20000076293945,0.0,0.0
2024-06-24 15:10:05.478000+00:00,58.09999847412109,0.0,0.0
2024-06-24 15:11:04.672000+00:00,58.02000045776367,0.0,0.0
2024-06-24 15:12:04.982000+00:00,58.0,0.0,0.0
2024-06-24 15:13:04.427000+00:00,58.0,0.0,0.0
2024-06-24 15:14:04.832000+00:00,58.09999847412109,0.0,0.0
2024-06-24 15:15:05.533000+00:00,58.20000076293945,0.0,0.0
2024-06-24 15:16:04.995000+00:00,58.29999923706055,0.0,0.0
2024-06-24 15:17:05.154000+00:00,58.400001525878906,0.0,0.0
2024-06-24 15:18:05.329000+00:00,58.5,0.0,0.0
2024-06-24 15:19:04.603000+00:00,58.59999847412109,0.0,0.0
2024-06-24 15:20:05.233000+00:00,58.70000076293945,0.0,0.0
2024-06-24 15:21:04.222000+00:00,58.70000076293945,0.0,0.0
2024-06-24 15:22:04.681000+00:00,58.79999923706055,0.0,0.0
2024-06-24 15:23:04.882000+00:00,58.79999923706055,0.0,0.0
2024-06-24 15:24:04.642000+00:00,58.79999923706055,0.0,0.0
2024-06-24 15:25:05.173000+00:00,58.79999923706055,0.0,0.0
2024-06-24 15:26:05.256000+00:00,58.900001525878906,0.0,0.0
2024-06-24 15:27:04.990000+00:00,58.900001525878906,0.0,0.0
2024-06-24 15:28:04.558000+00:00,58.79999923706055,0.0,0.0
2024-06-24 15:29:04.752000+00:00,58.79999923706055,0.0,0.0
2024-06-24 15:30:05.047000+00:00,58.79999923706055,0.0,0.0
2024-06-24 15:31:04.623000+00:00,58.70000076293945,0.0,0.0
2024-06-24 15:32:04.689000+00:00,58.70000076293945,0.0,0.0
2024-06-24 15:33:04.950000+00:00,58.70000076293945,0.0,0.0
2024-06-24 15:34:04.533000+00:00,58.59999847412109,0.0,0.0
2024-06-24 15:35:04.775000+00:00,58.59999847412109,0.0,0.0
2024-06-24 15:36:05.162000+00:00,58.5,0.0,0.0
2024-06-24 15:37:04.256000+00:00,58.5,0.0,0.0
2024-06-24 15:38:04.766000+00:00,58.5,0.0,0.0
2024-06-24 15:39:05.117000+00:00,58.400001525878906,0.0,0.0
2024-06-24 15:40:05.397000+00:00,58.400001525878906,0.0,0.0
2024-06-24 15:41:05.398000+00:00,58.29999923706055,0.0,0.0
2024-06-24 15:42:05.198000+00:00,58.29999923706055,0.0,0.0
2024-06-24 15:43:04.818000+00:00,58.29999923706055,0.0,0.0
2024-06-24 15:44:04.975000+00:00,58.29999923706055,0.0,0.0
2024-06-24 15:45:05.036000+00:00,58.20000076293945,0.0,0.0
2024-06-24 15:46:04.773000+00:00,58.20000076293945,0.0,0.0
2024-06-24 15:47:04.905000+00:00,58.09999847412109,0.0,0.0
2024-06-24 15:48:05.073000+00:00,58.09999847412109,0.0,0.0
2024-06-24 15:49:04.846000+00:00,58.09999847412109,0.0,0.0
2024-06-24 15:50:04.889000+00:00,58.29999923706055,0.0,0.0
2024-06-24 15:51:04.733000+00:00,58.130001068115234,0.0,0.0
2024-06-24 15:52:04.794000+00:00,57.900001525878906,0.0,0.0
2024-06-24 15:53:04.785000+00:00,58.09999847412109,0.0,0.0
2024-06-24 15:54:04.475000+00:00,56.83000183105469,0.0,0.0
2024-06-24 15:55:04.796000+00:00,56.900001525878906,0.0,0.0
2024-06-24 15:56:04.982000+00:00,56.66999816894531,0.0,0.0
2024-06-24 15:57:05.047000+00:00,57.54999923706055,0.0,0.0
2024-06-24 15:58:04.413000+00:00,58.400001525878906,0.0,0.0
2024-06-24 15:59:04.653000+00:00,59.09999847412109,0.0,0.0
2024-06-24 16:00:07.323000+00:00,59.5,0.0,0.0
2024-06-24 16:01:04.874000+00:00,59.59999847412109,0.0,0.0
2024-06-24 16:02:04.861000+00:00,59.59999847412109,0.0,0.0
2024-06-24 16:03:04.582000+00:00,59.5,0.0,0.0
2024-06-24 16:04:04.651000+00:00,59.400001525878906,0.0,0.0
2024-06-24 16:05:05.186000+00:00,59.29999923706055,0.0,0.0
2024-06-24 16:06:05.686000+00:00,59.13999938964844,0.0,0.0
2024-06-24 16:07:05.128000+00:00,59.0,0.0,0.0
2024-06-24 16:08:05.085000+00:00,58.900001525878906,0.0,0.0
2024-06-24 16:09:04.345000+00:00,58.70000076293945,0.0,0.0
2024-06-24 16:10:04.556000+00:00,58.59999847412109,0.0,0.0
2024-06-24 16:11:05.324000+00:00,58.400001525878906,0.0,0.0
2024-06-24 16:12:04.822000+00:00,58.29999923706055,0.0,0.0
2024-06-24 16:13:05.372000+00:00,58.20000076293945,0.0,0.0
2024-06-24 16:14:04.772000+00:00,58.20000076293945,0.0,0.0
2024-06-24 16:15:04.857000+00:00,58.09999847412109,0.0,0.0
2024-06-24 16:16:04.555000+00:00,58.0,0.0,0.0
2024-06-24 16:17:05.319000+00:00,57.90999984741211,0.0,0.0
2024-06-24 16:18:04.825000+00:00,57.79999923706055,0.0,0.0
2024-06-24 16:19:05.018000+00:00,57.70000076293945,0.0,0.0
2024-06-24 16:20:04.925000+00:00,57.70000076293945,0.0,0.0
2024-06-24 16:21:04.231000+00:00,57.79999923706055,0.0,0.0
2024-06-24 16:22:04.194000+00:00,58.09999847412109,0.0,0.0
2024-06-24 16:23:04.650000+00:00,58.29999923706055,0.0,0.0
2024-06-24 16:24:04.890000+00:00,58.59999847412109,0.0,0.0
2024-06-24 16:25:04.272000+00:00,58.79999923706055,0.0,0.0
2024-06-24 16:26:04.997000+00:00,58.900001525878906,0.0,0.0
2024-06-24 16:27:04.811000+00:00,59.0,0.0,0.0
2024-06-24 16:28:04.450000+00:00,59.0,0.0,0.0
2024-06-24 16:29:04.857000+00:00,59.0,0.0,0.0
2024-06-24 16:30:05.324000+00:00,59.0,0.0,0.0
2024-06-24 16:31:05.272000+00:00,58.79999923706055,0.0,0.0
2024-06-24 16:32:04.577000+00:00,58.70000076293945,0.0,0.0
2024-06-24 16:33:04.193000+00:00,58.5,0.0,0.0
2024-06-24 16:34:04.362000+00:00,58.400001525878906,0.0,0.0
2024-06-24 16:35:04.962000+00:00,58.29999923706055,0.0,0.0
2024-06-24 16:36:04.837000+00:00,58.29999923706055,0.0,0.0
2024-06-24 16:37:04.430000+00:00,58.20000076293945,0.0,0.0
2024-06-24 16:38:04.604000+00:00,58.20000076293945,0.0,0.0
2024-06-24 16:39:05.333000+00:00,58.20000076293945,0.0,0.0
2024-06-24 16:40:04.737000+00:00,58.18000030517578,0.0,0.0
2024-06-24 16:41:05.418000+00:00,58.20000076293945,0.0,0.0
2024-06-24 16:42:05.426000+00:00,58.29999923706055,0.0,0.0
2024-06-24 16:43:04.802000+00:00,58.29999923706055,0.0,0.0
2024-06-24 16:44:04.799000+00:00,58.38999938964844,0.0,0.0
2024-06-24 16:45:05.057000+00:00,58.400001525878906,0.0,0.0
2024-06-24 16:46:04.232000+00:00,58.400001525878906,0.0,0.0
2024-06-24 16:47:04.260000+00:00,58.400001525878906,0.0,0.0
2024-06-24 16:48:04.744000+00:00,58.400001525878906,0.0,0.0
2024-06-24 16:49:04.888000+00:00,58.5,0.0,0.0
2024-06-24 16:50:05.002000+00:00,58.5,0.0,0.0
2024-06-24 16:51:04.341000+00:00,58.59999847412109,0.0,0.0
2024-06-24 16:52:04.979000+00:00,58.59999847412109,0.0,0.0
2024-06-24 16:53:04.281000+00:00,58.5,0.0,0.0
2024-06-24 16:54:05.236000+00:00,58.5,0.0,0.0
2024-06-24 16:55:04.688000+00:00,58.400001525878906,0.0,0.0
2024-06-24 16:56:04.787000+00:00,57.369998931884766,0.0,0.0
2024-06-24 16:57:04.882000+00:00,57.310001373291016,0.0,0.0
2024-06-24 16:58:04.822000+00:00,57.59999847412109,0.0,0.0
2024-06-24 16:59:04.464000+00:00,57.900001525878906,0.0,0.0
2024-06-24 17:00:06.984000+00:00,58.11000061035156,0.0,0.0
2024-06-24 17:01:04.939000+00:00,58.29999923706055,0.0,0.0
2024-06-24 17:02:04.577000+00:00,58.5,0.0,0.0
2024-06-24 17:03:04.716000+00:00,58.70000076293945,0.0,0.0
2024-06-24 17:04:04.246000+00:00,58.79999923706055,0.0,0.0
2024-06-24 17:05:04.637000+00:00,58.900001525878906,0.0,0.0
2024-06-24 17:06:05.185000+00:00,58.900001525878906,0.0,0.0
2024-06-24 17:07:04.758000+00:00,58.900001525878906,0.0,0.0
2024-06-24 17:08:04.708000+00:00,58.83000183105469,0.0,0.0
2024-06-24 17:09:05.385000+00:00,58.79999923706055,0.0,0.0
2024-06-24 17:10:04.970000+00:00,58.70000076293945,0.0,0.0
2024-06-24 17:11:04.375000+00:00,58.61000061035156,0.0,0.0
2024-06-24 17:12:05.119000+00:00,58.29999923706055,0.0,0.0
2024-06-24 17:13:05.015000+00:00,58.29999923706055,0.0,0.0
2024-06-24 17:14:04.621000+00:00,58.29999923706055,0.0,0.0
2024-06-24 17:15:05.366000+00:00,58.22999954223633,0.0,0.0
2024-06-24 17:16:04.753000+00:00,58.20000076293945,0.0,0.0
2024-06-24 17:17:05.056000+00:00,58.20000076293945,0.0,0.0
2024-06-24 17:18:04.950000+00:00,58.20000076293945,0.0,0.0
2024-06-24 17:19:04.863000+00:00,58.20000076293945,0.0,0.0
2024-06-24 17:20:05.103000+00:00,58.20000076293945,0.0,0.0
2024-06-24 17:21:04.246000+00:00,58.20000076293945,0.0,0.0
2024-06-24 17:22:05.237000+00:00,58.20000076293945,0.0,0.0
2024-06-24 17:23:04.586000+00:00,58.20000076293945,0.0,0.0
2024-06-24 17:24:04.923000+00:00,58.20000076293945,0.0,0.0
2024-06-24 17:25:04.888000+00:00,58.20000076293945,0.0,0.0
2024-06-24 17:26:05.413000+00:00,58.20000076293945,0.0,0.0
2024-06-24 17:27:05.304000+00:00,58.20000076293945,0.0,0.0
2024-06-24 17:28:04.577000+00:00,58.20000076293945,0.0,0.0
2024-06-24 17:29:04.425000+00:00,58.20000076293945,0.0,0.0
2024-06-24 17:30:05.815000+00:00,58.09999847412109,0.0,0.0
2024-06-24 17:31:04.156000+00:00,58.20000076293945,0.0,0.0
2024-06-24 17:32:04.805000+00:00,58.29999923706055,0.0,0.0
2024-06-24 17:33:04.819000+00:00,58.400001525878906,0.0,0.0
2024-06-24 17:34:04.348000+00:00,58.5,0.0,0.0
2024-06-24 17:35:04.891000+00:00,58.5,0.0,0.0
2024-06-24 17:36:04.751000+00:00,58.59999847412109,0.0,0.0
2024-06-24 17:37:05.152000+00:00,58.59999847412109,0.0,0.0
2024-06-24 17:38:04.681000+00:00,58.59999847412109,0.0,0.0
2024-06-24 17:39:05.565000+00:00,58.59999847412109,0.0,0.0
2024-06-24 17:40:05.102000+00:00,58.59999847412109,0.0,0.0
2024-06-24 17:41:04.729000+00:00,58.59999847412109,0.0,0.0
2024-06-24 17:42:05.380000+00:00,58.59999847412109,0.0,0.0
2024-06-24 17:43:04.863000+00:00,58.66999816894531,0.0,0.0
2024-06-24 17:44:03.976000+00:00,58.70000076293945,0.0,0.0
2024-06-24 17:45:05.135000+00:00,58.59999847412109,0.0,0.0
2024-06-24 17:46:04.547000+00:00,58.59999847412109,0.0,0.0
2024-06-24 17:47:04.544000+00:00,58.5,0.0,0.0
2024-06-24 17:48:04.883000+00:00,58.400001525878906,0.0,0.0
2024-06-24 17:49:04.842000+00:00,58.29999923706055,0.0,0.0
2024-06-24 17:50:04.686000+00:00,58.29999923706055,0.0,0.0
2024-06-24 17:51:04.625000+00:00,58.20000076293945,0.0,0.0
2024-06-24 17:52:05.846000+00:00,58.20000076293945,0.0,0.0
2024-06-24 17:53:04.862000+00:00,58.20000076293945,0.0,0.0
2024-06-24 17:54:05.124000+00:00,58.20000076293945,0.0,0.0
2024-06-24 17:55:04.606000+00:00,58.20000076293945,0.0,0.0
2024-06-24 17:56:05.057000+00:00,58.20000076293945,0.0,0.0
2024-06-24 17:57:05.035000+00:00,58.290000915527344,0.0,0.0
2024-06-24 17:58:04.415000+00:00,58.29999923706055,0.0,0.0
2024-06-24 17:59:04.649000+00:00,58.29999923706055,0.0,0.0
2024-06-24 18:00:08.083000+00:00,58.369998931884766,0.0,0.0
2024-06-24 18:01:04.690000+00:00,58.400001525878906,0.0,0.0
2024-06-24 18:02:04.771000+00:00,58.400001525878906,0.0,0.0
2024-06-24 18:03:04.472000+00:00,58.5,0.0,0.0
2024-06-24 18:04:04.594000+00:00,58.5,0.0,0.0
2024-06-24 18:05:04.490000+00:00,58.5,0.0,0.0
2024-06-24 18:06:05.496000+00:00,58.5,0.0,0.0
2024-06-24 18:07:04.583000+00:00,58.5,0.0,0.0
2024-06-24 18:08:04.539000+00:00,58.5,0.0,0.0
2024-06-24 18:09:04.661000+00:00,58.5,0.0,0.0
2024-06-24 18:10:05.013000+00:00,58.5,0.0,0.0
2024-06-24 18:11:04.383000+00:00,58.5,0.0,0.0
2024-06-24 18:12:05.028000+00:00,58.5,0.0,0.0
2024-06-24 18:13:05.572000+00:00,58.5,0.0,0.0
2024-06-24 18:14:04.754000+00:00,58.5,0.0,0.0
2024-06-24 18:15:05.213000+00:00,58.5,0.0,0.0
2024-06-24 18:16:04.756000+00:00,58.5,0.0,0.0
2024-06-24 18:17:04.634000+00:00,58.5,0.0,0.0
2024-06-24 18:18:05.202000+00:00,58.5099983215332,0.0,0.0
2024-06-24 18:19:04.665000+00:00,58.59999847412109,0.0,0.0
2024-06-24 18:20:04.875000+00:00,58.59999847412109,0.0,0.0
2024-06-24 18:21:04.654000+00:00,58.5,0.0,0.0
2024-06-24 18:22:04.930000+00:00,58.5,0.0,0.0
2024-06-24 18:23:04.911000+00:00,58.400001525878906,0.0,0.0
2024-06-24 18:24:04.672000+00:00,58.400001525878906,0.0,0.0
2024-06-24 18:25:04.957000+00:00,58.29999923706055,0.0,0.0
2024-06-24 18:26:05.189000+00:00,58.29999923706055,0.0,0.0
2024-06-24 18:27:04.583000+00:00,54.13999938964844,0.0,0.0
2024-06-24 18:28:05.049000+00:00,52.02000045776367,0.0,0.0
2024-06-24 18:29:04.804000+00:00,53.5,0.0,0.0
2024-06-24 18:30:04.991000+00:00,55.59999847412109,0.0,0.0
2024-06-24 18:31:04.765000+00:00,57.20000076293945,0.0,0.0
2024-06-24 18:32:04.818000+00:00,58.400001525878906,0.0,0.0
2024-06-24 18:33:04.297000+00:00,59.20000076293945,0.0,0.0
2024-06-24 18:34:04.810000+00:00,59.79999923706055,0.0,0.0
2024-06-24 18:35:04.507000+00:00,60.16999816894531,0.0,0.0
2024-06-24 18:36:04.813000+00:00,60.290000915527344,0.0,0.0
2024-06-24 18:37:04.494000+00:00,60.29999923706055,0.0,0.0
2024-06-24 18:38:04.708000+00:00,60.29999923706055,0.0,0.0
2024-06-24 18:39:05.170000+00:00,60.20000076293945,0.0,0.0
2024-06-24 18:40:05.027000+00:00,60.04999923706055,0.0,0.0
2024-06-24 18:41:04.846000+00:00,59.79999923706055,0.0,0.0
2024-06-24 18:42:05.679000+00:00,59.59999847412109,0.0,0.0
2024-06-24 18:43:04.615000+00:00,59.400001525878906,0.0,0.0
2024-06-24 18:44:05.022000+00:00,59.09999847412109,0.0,0.0
2024-06-24 18:45:04.592000+00:00,58.810001373291016,0.0,0.0
2024-06-24 18:46:04.524000+00:00,54.61000061035156,0.0,0.0
2024-06-24 18:47:04.609000+00:00,50.18999862670898,0.0,0.0
2024-06-24 18:48:04.999000+00:00,46.59999847412109,0.0,0.0
2024-06-24 18:49:04.988000+00:00,45.79999923706055,0.0,0.0
2024-06-24 18:50:05.284000+00:00,47.400001525878906,0.0,0.0
2024-06-24 18:51:04.615000+00:00,53.150001525878906,0.0,0.0
2024-06-24 18:52:05.225000+00:00,57.09999847412109,0.0,0.0
2024-06-24 18:53:05.016000+00:00,58.369998931884766,0.0,0.0
2024-06-24 18:54:05.070000+00:00,59.09999847412109,0.0,0.0
2024-06-24 18:55:05.259000+00:00,59.59999847412109,0.0,0.0
2024-06-24 18:56:05.369000+00:00,60.0,0.0,0.0
2024-06-24 18:57:05.014000+00:00,60.209999084472656,0.0,0.0
2024-06-24 18:58:04.928000+00:00,60.41999816894531,0.0,0.0
2024-06-24 18:59:04.616000+00:00,60.59999847412109,0.0,0.0
2024-06-24 19:00:07.939000+00:00,60.619998931884766,0.0,0.0
2024-06-24 19:01:04.759000+00:00,60.70000076293945,0.0,0.0
2024-06-24 19:02:05.205000+00:00,60.70000076293945,0.0,0.0
2024-06-24 19:03:04.705000+00:00,60.59999847412109,0.0,0.0
2024-06-24 19:04:04.542000+00:00,60.5,0.0,0.0
2024-06-24 19:05:04.908000+00:00,60.29999923706055,0.0,0.0
2024-06-24 19:06:05.810000+00:00,60.09999847412109,0.0,0.0
2024-06-24 19:07:04.704000+00:00,59.970001220703125,0.0,0.0
2024-06-24 19:08:04.416000+00:00,59.79999923706055,0.0,0.0
2024-06-24 19:09:04.751000+00:00,59.59999847412109,0.0,0.0
2024-06-24 19:10:04.820000+00:00,59.40999984741211,0.0,0.0
2024-06-24 19:11:04.214000+00:00,59.290000915527344,0.0,0.0
2024-06-24 19:12:05.025000+00:00,59.09999847412109,0.0,0.0
2024-06-24 19:13:05.687000+00:00,58.900001525878906,0.0,0.0
2024-06-24 19:14:05.658000+00:00,58.70000076293945,0.0,0.0
2024-06-24 19:15:04.441000+00:00,58.5,0.0,0.0
2024-06-24 19:16:04.384000+00:00,58.38999938964844,0.0,0.0
2024-06-24 19:17:04.677000+00:00,57.900001525878906,0.0,0.0
2024-06-24 19:18:04.902000+00:00,57.43000030517578,0.0,0.0
2024-06-24 19:19:04.385000+00:00,49.90999984741211,0.0,0.0
2024-06-24 19:20:04.732000+00:00,43.52999877929688,0.0,0.0
2024-06-24 19:21:04.938000+00:00,45.79999923706055,0.0,0.0
2024-06-24 19:22:05.075000+00:00,48.54999923706055,0.0,0.0
2024-06-24 19:23:04.752000+00:00,49.29999923706055,0.0,0.0
2024-06-24 19:24:04.646000+00:00,49.20000076293945,0.0,0.0
2024-06-24 19:25:04.715000+00:00,54.20000076293945,0.0,0.0
2024-06-24 19:26:04.957000+00:00,57.5099983215332,0.0,0.0
2024-06-24 19:27:04.983000+00:00,58.400001525878906,0.0,0.0
2024-06-24 19:28:04.650000+00:00,59.0,0.0,0.0
2024-06-24 19:29:05.127000+00:00,59.29999923706055,0.0,0.0
2024-06-24 19:30:04.925000+00:00,59.59999847412109,0.0,0.0
2024-06-24 19:31:04.282000+00:00,59.79999923706055,0.0,0.0
2024-06-24 19:32:04.604000+00:00,59.900001525878906,0.0,0.0
2024-06-24 19:33:04.881000+00:00,59.900001525878906,0.0,0.0
2024-06-24 19:34:04.793000+00:00,59.900001525878906,0.0,0.0
2024-06-24 19:35:04.975000+00:00,59.900001525878906,0.0,0.0
2024-06-24 19:36:04.657000+00:00,59.79999923706055,0.0,0.0
2024-06-24 19:37:04.870000+00:00,59.79999923706055,0.0,0.0
2024-06-24 19:38:04.184000+00:00,58.900001525878906,0.0,0.0
2024-06-24 19:39:05.034000+00:00,58.9900016784668,0.0,0.0
2024-06-24 19:40:04.589000+00:00,58.900001525878906,0.0,0.0
2024-06-24 19:41:04.562000+00:00,58.79999923706055,0.0,0.0
2024-06-24 19:42:05.294000+00:00,58.70000076293945,0.0,0.0
2024-06-24 19:43:04.149000+00:00,58.59999847412109,0.0,0.0
2024-06-24 19:44:04.219000+00:00,58.41999816894531,0.0,0.0
2024-06-24 19:45:04.668000+00:00,58.400001525878906,0.0,0.0
2024-06-24 19:46:04.670000+00:00,58.29999923706055,0.0,0.0
2024-06-24 19:47:04.697000+00:00,58.20000076293945,0.0,0.0
2024-06-24 19:48:04.884000+00:00,58.09999847412109,0.0,0.0
2024-06-24 19:49:04.422000+00:00,58.0,0.0,0.0
2024-06-24 19:50:05.057000+00:00,58.0,0.0,0.0
2024-06-24 19:51:04.353000+00:00,57.900001525878906,0.0,0.0
2024-06-24 19:52:05.153000+00:00,57.79999923706055,0.0,0.0
2024-06-24 19:53:05.408000+00:00,57.70000076293945,0.0,0.0
2024-06-24 19:54:05.224000+00:00,54.09999847412109,0.0,0.0
2024-06-24 19:55:05.136000+00:00,53.720001220703125,0.0,0.0
2024-06-24 19:56:04.771000+00:00,54.5,0.0,0.0
2024-06-24 19:57:04.870000+00:00,54.7599983215332,0.0,0.0
2024-06-24 19:58:04.842000+00:00,56.41999816894531,0.0,0.0
2024-06-24 19:59:04.616000+00:00,57.70000076293945,0.0,0.0
2024-06-24 20:00:06.370000+00:00,58.400001525878906,0.0,0.0
2024-06-24 20:01:05.680000+00:00,58.650001525878906,0.0,0.0
2024-06-24 20:02:04.780000+00:00,58.709999084472656,0.0,0.0
2024-06-24 20:03:04.726000+00:00,58.84000015258789,0.0,0.0
2024-06-24 20:04:04.693000+00:00,58.93000030517578,0.0,0.0
2024-06-24 20:05:05.003000+00:00,59.0,0.0,0.0
2024-06-24 20:06:04.857000+00:00,59.0,0.0,0.0
2024-06-24 20:07:04.652000+00:00,59.09999847412109,0.0,0.0
2024-06-24 20:08:04.632000+00:00,59.0,0.0,0.0
2024-06-24 20:09:04.685000+00:00,58.900001525878906,0.0,0.0
2024-06-24 20:10:04.925000+00:00,58.79999923706055,0.0,0.0
2024-06-24 20:11:04.242000+00:00,58.59999847412109,0.0,0.0
2024-06-24 20:12:05.185000+00:00,58.5,0.0,0.0
2024-06-24 20:13:05.255000+00:00,58.27999877929688,0.0,0.0
2024-06-24 20:14:04.571000+00:00,58.0,0.0,0.0
2024-06-24 20:15:04.708000+00:00,57.70000076293945,0.0,0.0
2024-06-24 20:16:05.022000+00:00,57.70000076293945,0.0,0.0
2024-06-24 20:17:04.751000+00:00,57.59999847412109,0.0,0.0
2024-06-24 20:18:05.220000+00:00,57.59999847412109,0.0,0.0
2024-06-24 20:19:04.853000+00:00,57.68999862670898,0.0,0.0
2024-06-24 20:20:05.096000+00:00,57.70000076293945,0.0,0.0
2024-06-24 20:21:04.588000+00:00,57.75,0.0,0.0
2024-06-24 20:22:04.543000+00:00,57.900001525878906,0.0,0.0
2024-06-24 20:23:04.906000+00:00,58.0,0.0,0.0
2024-06-24 20:24:04.610000+00:00,58.09999847412109,0.0,0.0
2024-06-24 20:25:04.494000+00:00,58.20000076293945,0.0,0.0
2024-06-24 20:26:05.661000+00:00,58.29999923706055,0.0,0.0
2024-06-24 20:27:04.967000+00:00,58.400001525878906,0.0,0.0
2024-06-24 20:28:04.746000+00:00,58.5,0.0,0.0
2024-06-24 20:29:04.903000+00:00,58.59999847412109,0.0,0.0
2024-06-24 20:30:05.426000+00:00,58.70000076293945,0.0,0.0
2024-06-24 20:31:04.315000+00:00,58.79999923706055,0.0,0.0
2024-06-24 20:32:04.494000+00:00,58.79999923706055,0.0,0.0
2024-06-24 20:33:04.399000+00:00,58.900001525878906,0.0,0.0
2024-06-24 20:34:04.652000+00:00,58.540000915527344,0.0,0.0
2024-06-24 20:35:04.793000+00:00,58.2400016784668,0.0,0.0
2024-06-24 20:36:04.540000+00:00,56.02000045776367,0.0,0.0
2024-06-24 20:37:03.966000+00:00,56.2599983215332,0.0,0.0
2024-06-24 20:38:04.757000+00:00,56.88999938964844,0.0,0.0
2024-06-24 20:39:05.055000+00:00,57.400001525878906,0.0,0.0
2024-06-24 20:40:04.675000+00:00,57.790000915527344,0.0,0.0
2024-06-24 20:41:05.239000+00:00,58.09999847412109,0.0,0.0
2024-06-24 20:42:05.211000+00:00,57.59999847412109,0.0,0.0
2024-06-24 20:43:04.066000+00:00,57.79999923706055,0.0,0.0
2024-06-24 20:44:03.951000+00:00,58.18999862670898,0.0,0.0
2024-06-24 20:45:04.879000+00:00,58.400001525878906,0.0,0.0
2024-06-24 20:46:04.872000+00:00,58.400001525878906,0.0,0.0
2024-06-24 20:47:04.597000+00:00,58.5,0.0,0.0
2024-06-24 20:48:04.669000+00:00,57.52000045776367,0.0,0.0
2024-06-24 20:49:04.744000+00:00,57.70000076293945,0.0,0.0
2024-06-24 20:50:04.671000+00:00,58.0,0.0,0.0
2024-06-24 20:51:05.280000+00:00,58.29999923706055,0.0,0.0
2024-06-24 20:52:05.629000+00:00,58.5,0.0,0.0
2024-06-24 20:53:04.513000+00:00,58.619998931884766,0.0,0.0
2024-06-24 20:54:05.125000+00:00,58.77000045776367,0.0,0.0
2024-06-24 20:55:05.124000+00:00,58.79999923706055,0.0,0.0
2024-06-24 20:56:04.695000+00:00,58.900001525878906,0.0,0.0
2024-06-24 20:57:05.178000+00:00,58.900001525878906,0.0,0.0
2024-06-24 20:58:05.286000+00:00,58.900001525878906,0.0,0.0
2024-06-24 20:59:04.461000+00:00,58.900001525878906,0.0,0.0
2024-06-24 21:00:08.276000+00:00,58.900001525878906,0.0,0.0
2024-06-24 21:01:05.434000+00:00,58.900001525878906,0.0,0.0
2024-06-24 21:02:04.868000+00:00,58.79999923706055,0.0,0.0
2024-06-24 21:03:04.873000+00:00,58.630001068115234,0.0,0.0
2024-06-24 21:04:04.419000+00:00,58.5,0.0,0.0
2024-06-24 21:05:04.655000+00:00,58.400001525878906,0.0,0.0
2024-06-24 21:06:05.206000+00:00,58.20000076293945,0.0,0.0
2024-06-24 21:07:04.736000+00:00,58.0099983215332,0.0,0.0
2024-06-24 21:08:04.858000+00:00,57.900001525878906,0.0,0.0
2024-06-24 21:09:04.253000+00:00,57.70000076293945,0.0,0.0
2024-06-24 21:10:05.121000+00:00,57.5,0.0,0.0
2024-06-24 21:11:04.350000+00:00,57.29999923706055,0.0,0.0
2024-06-24 21:12:04.569000+00:00,57.09999847412109,0.0,0.0
2024-06-24 21:13:04.808000+00:00,57.0,0.0,0.0
2024-06-24 21:14:05.065000+00:00,56.79999923706055,0.0,0.0
2024-06-24 21:15:04.888000+00:00,56.59999847412109,0.0,0.0
2024-06-24 21:16:04.293000+00:00,56.41999816894531,0.0,0.0
2024-06-24 21:17:04.392000+00:00,56.29999923706055,0.0,0.0
2024-06-24 21:18:05.235000+00:00,56.09999847412109,0.0,0.0
2024-06-24 21:19:04.453000+00:00,55.900001525878906,0.0,0.0
2024-06-24 21:20:04.543000+00:00,55.70000076293945,0.0,0.0
2024-06-24 21:21:04.494000+00:00,55.59999847412109,0.0,0.0
2024-06-24 21:22:04.608000+00:00,55.400001525878906,0.0,0.0
2024-06-24 21:23:04.471000+00:00,55.20000076293945,0.0,0.0
2024-06-24 21:24:04.930000+00:00,55.0,0.0,0.0
2024-06-24 21:25:04.913000+00:00,54.900001525878906,0.0,0.0
2024-06-24 21:26:05.162000+00:00,54.70000076293945,0.0,0.0
2024-06-24 21:27:04.832000+00:00,54.5,0.0,0.0
2024-06-24 21:28:04.782000+00:00,54.38999938964844,0.0,0.0
2024-06-24 21:29:04.615000+00:00,54.20000076293945,0.0,0.0
2024-06-24 21:30:05.402000+00:00,54.0,0.0,0.0
2024-06-24 21:31:04.268000+00:00,53.900001525878906,0.0,0.0
2024-06-24 21:32:04.973000+00:00,53.900001525878906,0.0,0.0
2024-06-24 21:33:04.371000+00:00,53.900001525878906,0.0,0.0
2024-06-24 21:34:04.638000+00:00,54.040000915527344,0.0,0.0
2024-06-24 21:35:04.480000+00:00,54.369998931884766,0.0,0.0
2024-06-24 21:36:04.727000+00:00,54.79999923706055,0.0,0.0
2024-06-24 21:37:04.561000+00:00,55.20000076293945,0.0,0.0
2024-06-24 21:38:04.633000+00:00,55.5,0.0,0.0
2024-06-24 21:39:04.918000+00:00,55.29999923706055,0.0,0.0
2024-06-24 21:40:05.349000+00:00,55.59999847412109,0.0,0.0
2024-06-24 21:41:04.821000+00:00,55.79999923706055,0.0,0.0
2024-06-24 21:42:05.402000+00:00,55.9900016784668,0.0,0.0
2024-06-24 21:43:04.570000+00:00,56.0,0.0,0.0
2024-06-24 21:44:05.702000+00:00,56.09999847412109,0.0,0.0
2024-06-24 21:45:04.259000+00:00,56.09999847412109,0.0,0.0
2024-06-24 21:46:04.955000+00:00,56.0,0.0,0.0
2024-06-24 21:47:04.885000+00:00,55.900001525878906,0.0,0.0
2024-06-24 21:48:04.691000+00:00,55.79999923706055,0.0,0.0
2024-06-24 21:49:05.194000+00:00,55.70000076293945,0.0,0.0
2024-06-24 21:50:04.530000+00:00,55.59999847412109,0.0,0.0
2024-06-24 21:51:03.997000+00:00,55.5,0.0,0.0
2024-06-24 21:52:05.405000+00:00,55.40999984741211,0.0,0.0
2024-06-24 21:53:05.007000+00:00,55.400001525878906,0.0,0.0
2024-06-24 21:54:04.812000+00:00,55.29999923706055,0.0,0.0
2024-06-24 21:55:04.360000+00:00,55.29999923706055,0.0,0.0
2024-06-24 21:56:05.015000+00:00,55.20000076293945,0.0,0.0
2024-06-24 21:57:05.352000+00:00,55.20000076293945,0.0,0.0
2024-06-24 21:58:04.295000+00:00,55.09999847412109,0.0,0.0
2024-06-24 21:59:05.332000+00:00,55.09999847412109,0.0,0.0
2024-06-24 22:00:07.701000+00:00,55.09999847412109,0.0,0.0
2024-06-24 22:01:04.998000+00:00,55.09999847412109,0.0,0.0
2024-06-24 22:02:04.966000+00:00,55.09999847412109,0.0,0.0
2024-06-24 22:03:03.958000+00:00,55.20000076293945,0.0,0.0
2024-06-24 22:04:04.408000+00:00,55.20000076293945,0.0,0.0
2024-06-24 22:05:04.717000+00:00,55.29999923706055,0.0,0.0
2024-06-24 22:06:05.852000+00:00,55.400001525878906,0.0,0.0
2024-06-24 22:07:05.059000+00:00,55.400001525878906,0.0,0.0
2024-06-24 22:08:04.605000+00:00,55.5,0.0,0.0
2024-06-24 22:09:04.621000+00:00,55.5,0.0,0.0
2024-06-24 22:10:04.967000+00:00,55.59999847412109,0.0,0.0
2024-06-24 22:11:04.643000+00:00,55.59999847412109,0.0,0.0
2024-06-24 22:12:04.451000+00:00,55.59999847412109,0.0,0.0
2024-06-24 22:13:05.282000+00:00,55.59999847412109,0.0,0.0
2024-06-24 22:14:05.603000+00:00,55.59999847412109,0.0,0.0
2024-06-24 22:15:04.764000+00:00,55.59999847412109,0.0,0.0
2024-06-24 22:16:04.723000+00:00,55.70000076293945,0.0,0.0
2024-06-24 22:17:04.958000+00:00,55.59999847412109,0.0,0.0
2024-06-24 22:18:04.836000+00:00,55.59999847412109,0.0,0.0
2024-06-24 22:19:05.259000+00:00,55.59999847412109,0.0,0.0
2024-06-24 22:20:05.047000+00:00,55.59999847412109,0.0,0.0
2024-06-24 22:21:04.644000+00:00,55.29999923706055,0.0,0.0
2024-06-24 22:22:04.642000+00:00,55.29999923706055,0.0,0.0
2024-06-24 22:23:04.947000+00:00,55.20000076293945,0.0,0.0
2024-06-24 22:24:04.908000+00:00,55.20000076293945,0.0,0.0
2024-06-24 22:25:04.437000+00:00,55.20000076293945,0.0,0.0
2024-06-24 22:26:05.302000+00:00,55.20000076293945,0.0,0.0
2024-06-24 22:27:04.811000+00:00,55.20000076293945,0.0,0.0
2024-06-24 22:28:04.909000+00:00,55.27999877929688,0.0,0.0
2024-06-24 22:29:04.647000+00:00,55.29999923706055,0.0,0.0
2024-06-24 22:30:05.287000+00:00,55.29999923706055,0.0,0.0
2024-06-24 22:31:04.071000+00:00,55.29999923706055,0.0,0.0
2024-06-24 22:32:04.439000+00:00,55.38999938964844,0.0,0.0
2024-06-24 22:33:04.228000+00:00,55.400001525878906,0.0,0.0
2024-06-24 22:34:04.544000+00:00,55.5,0.0,0.0
2024-06-24 22:35:04.938000+00:00,55.5,0.0,0.0
2024-06-24 22:36:04.828000+00:00,55.560001373291016,0.0,0.0
2024-06-24 22:37:04.581000+00:00,55.59000015258789,0.0,0.0
2024-06-24 22:38:04.753000+00:00,55.59999847412109,0.0,0.0
2024-06-24 22:39:05.498000+00:00,55.59999847412109,0.0,0.0
2024-06-24 22:40:05.201000+00:00,55.59999847412109,0.0,0.0
2024-06-24 22:41:04.692000+00:00,55.59999847412109,0.0,0.0
2024-06-24 22:42:05.602000+00:00,55.59999847412109,0.0,0.0
2024-06-24 22:43:04.837000+00:00,55.59999847412109,0.0,0.0
2024-06-24 22:44:04.581000+00:00,55.59999847412109,0.0,0.0
2024-06-24 22:45:04.859000+00:00,55.5,0.0,0.0
2024-06-24 22:46:04.961000+00:00,55.5,0.0,0.0
2024-06-24 22:47:04.567000+00:00,55.400001525878906,0.0,0.0
2024-06-24 22:48:05.064000+00:00,55.400001525878906,0.0,0.0
2024-06-24 22:49:04.431000+00:00,55.29999923706055,0.0,0.0
2024-06-24 22:50:04.992000+00:00,55.29999923706055,0.0,0.0
2024-06-24 22:51:04.932000+00:00,55.20000076293945,0.0,0.0
2024-06-24 22:52:04.947000+00:00,55.20000076293945,0.0,0.0
2024-06-24 22:53:04.558000+00:00,55.20000076293945,0.0,0.0
2024-06-24 22:54:04.526000+00:00,55.18000030517578,0.0,0.0
2024-06-24 22:55:05.092000+00:00,55.09999847412109,0.0,0.0
2024-06-24 22:56:04.580000+00:00,55.20000076293945,0.0,0.0
2024-06-24 22:57:04.850000+00:00,55.20000076293945,0.0,0.0
2024-06-24 22:58:04.657000+00:00,55.29999923706055,0.0,0.0
2024-06-24 22:59:04.796000+00:00,55.29999923706055,0.0,0.0
2024-06-24 23:00:07.202000+00:00,55.34000015258789,0.0,0.0
2024-06-25 00:00:07.844000+00:00,55.290000915527344,0.0,0.0
2024-06-25 00:01:05.247000+00:00,55.209999084472656,0.0,0.0
2024-06-25 00:02:04.932000+00:00,55.20000076293945,0.0,0.0
2024-06-25 00:03:04.619000+00:00,55.20000076293945,0.0,0.0
2024-06-25 00:04:04.821000+00:00,55.20000076293945,0.0,0.0
2024-06-25 00:05:04.988000+00:00,55.20000076293945,0.0,0.0
2024-06-25 00:06:05.715000+00:00,55.20000076293945,0.0,0.0
2024-06-25 00:07:04.298000+00:00,55.20000076293945,0.0,0.0
2024-06-25 00:08:04.125000+00:00,55.29999923706055,0.0,0.0
2024-06-25 00:09:04.344000+00:00,55.29999923706055,0.0,0.0
2024-06-25 00:10:04.681000+00:00,55.29999923706055,0.0,0.0
2024-06-25 00:11:04.659000+00:00,55.400001525878906,0.0,0.0
2024-06-25 00:12:04.866000+00:00,55.5,0.0,0.0
2024-06-25 00:13:04.967000+00:00,55.40999984741211,0.0,0.0
2024-06-25 00:14:04.500000+00:00,55.5,0.0,0.0
2024-06-25 00:15:05.101000+00:00,55.5,0.0,0.0
2024-06-25 00:16:05.117000+00:00,55.5,0.0,0.0
2024-06-25 00:17:04.791000+00:00,55.5,0.0,0.0
2024-06-25 00:18:04.981000+00:00,55.5,0.0,0.0
2024-06-25 00:19:04.710000+00:00,55.5,0.0,0.0
2024-06-25 00:20:05.172000+00:00,55.5,0.0,0.0
2024-06-25 00:21:04.902000+00:00,55.58000183105469,0.0,0.0
2024-06-25 00:22:04.877000+00:00,55.59000015258789,0.0,0.0
2024-06-25 00:23:04.828000+00:00,55.52999877929688,0.0,0.0
2024-06-25 00:24:04.840000+00:00,55.5,0.0,0.0
2024-06-25 00:25:04.753000+00:00,55.59999847412109,0.0,0.0
2024-06-25 00:26:05.948000+00:00,55.5099983215332,0.0,0.0
2024-06-25 00:27:04.875000+00:00,55.5,0.0,0.0
2024-06-25 00:28:05.007000+00:00,55.5,0.0,0.0
2024-06-25 00:29:04.692000+00:00,55.400001525878906,0.0,0.0
2024-06-25 00:30:05.003000+00:00,55.369998931884766,0.0,0.0
2024-06-25 00:31:04.481000+00:00,55.29999923706055,0.0,0.0
2024-06-25 00:32:04.622000+00:00,55.29999923706055,0.0,0.0
2024-06-25 00:33:04.343000+00:00,55.29999923706055,0.0,0.0
2024-06-25 00:34:04.712000+00:00,55.20000076293945,0.0,0.0
2024-06-25 00:35:04.378000+00:00,55.20000076293945,0.0,0.0
2024-06-25 00:36:04.744000+00:00,55.20000076293945,0.0,0.0
2024-06-25 00:37:04.461000+00:00,55.20000076293945,0.0,0.0
2024-06-25 00:38:04.604000+00:00,55.20000076293945,0.0,0.0
2024-06-25 00:39:05.464000+00:00,55.20000076293945,0.0,0.0
2024-06-25 00:40:05.039000+00:00,55.20000076293945,0.0,0.0
2024-06-25 00:41:04.875000+00:00,55.20000076293945,0.0,0.0
2024-06-25 00:42:05.766000+00:00,55.29999923706055,0.0,0.0
2024-06-25 00:43:05.014000+00:00,55.29999923706055,0.0,0.0
2024-06-25 00:44:04.827000+00:00,55.400001525878906,0.0,0.0
2024-06-25 00:45:04.706000+00:00,55.400001525878906,0.0,0.0
2024-06-25 00:46:04.871000+00:00,55.470001220703125,0.0,0.0
2024-06-25 00:47:04.216000+00:00,55.400001525878906,0.0,0.0
2024-06-25 00:48:04.538000+00:00,55.5,0.0,0.0
2024-06-25 00:49:04.562000+00:00,55.5,0.0,0.0
2024-06-25 00:50:04.483000+00:00,55.5,0.0,0.0
2024-06-25 00:51:04.412000+00:00,55.5,0.0,0.0
2024-06-25 00:52:05.175000+00:00,55.5,0.0,0.0
2024-06-25 00:53:05.376000+00:00,55.5,0.0,0.0
2024-06-25 00:54:04.913000+00:00,55.5,0.0,0.0
2024-06-25 00:55:04.615000+00:00,55.5,0.0,0.0
2024-06-25 00:56:04.756000+00:00,55.5,0.0,0.0
2024-06-25 00:57:04.470000+00:00,55.5,0.0,0.0
2024-06-25 00:58:05.149000+00:00,55.5,0.0,0.0
2024-06-25 00:59:04.319000+00:00,55.5,0.0,0.0
2024-06-25 01:00:07.770000+00:00,55.5,0.0,0.0
2024-06-25 01:01:04.869000+00:00,55.5,0.0,0.0
2024-06-25 01:02:04.550000+00:00,55.5,0.0,0.0
2024-06-25 01:03:05.261000+00:00,55.400001525878906,0.0,0.0
2024-06-25 01:04:04.768000+00:00,55.400001525878906,0.0,0.0
2024-06-25 01:05:04.914000+00:00,55.29999923706055,0.0,0.0
2024-06-25 01:06:04.990000+00:00,55.29999923706055,0.0,0.0
2024-06-25 01:07:04.866000+00:00,55.20000076293945,0.0,0.0
2024-06-25 01:08:04.822000+00:00,55.20000076293945,0.0,0.0
2024-06-25 01:09:04.461000+00:00,55.20000076293945,0.0,0.0
2024-06-25 01:10:04.583000+00:00,55.20000076293945,0.0,0.0
2024-06-25 01:11:04.516000+00:00,55.20000076293945,0.0,0.0
2024-06-25 01:12:04.971000+00:00,55.20000076293945,0.0,0.0
2024-06-25 01:13:05.545000+00:00,55.09999847412109,0.0,0.0
2024-06-25 01:14:04.553000+00:00,55.20000076293945,0.0,0.0
2024-06-25 01:15:04.987000+00:00,55.20000076293945,0.0,0.0
2024-06-25 01:16:03.779000+00:00,55.2599983215332,0.0,0.0
2024-06-25 01:17:04.804000+00:00,55.29999923706055,0.0,0.0
2024-06-25 01:18:05.157000+00:00,55.400001525878906,0.0,0.0
2024-06-25 01:19:04.603000+00:00,55.400001525878906,0.0,0.0
2024-06-25 01:20:04.467000+00:00,55.400001525878906,0.0,0.0
2024-06-25 01:21:04.569000+00:00,55.400001525878906,0.0,0.0
2024-06-25 01:22:04.572000+00:00,55.400001525878906,0.0,0.0
2024-06-25 01:23:04.807000+00:00,55.400001525878906,0.0,0.0
2024-06-25 01:24:04.741000+00:00,55.400001525878906,0.0,0.0
2024-06-25 01:25:05.120000+00:00,55.400001525878906,0.0,0.0
2024-06-25 01:26:05.029000+00:00,55.400001525878906,0.0,0.0
2024-06-25 01:27:04.267000+00:00,55.400001525878906,0.0,0.0
2024-06-25 01:28:05.217000+00:00,55.5,0.0,0.0
2024-06-25 01:29:04.501000+00:00,55.400001525878906,0.0,0.0
2024-06-25 01:30:04.973000+00:00,55.400001525878906,0.0,0.0
2024-06-25 01:31:04.827000+00:00,55.400001525878906,0.0,0.0
2024-06-25 01:32:05.089000+00:00,55.400001525878906,0.0,0.0
2024-06-25 01:33:04.282000+00:00,55.400001525878906,0.0,0.0
2024-06-25 01:34:04.817000+00:00,55.400001525878906,0.0,0.0
2024-06-25 01:35:04.881000+00:00,55.400001525878906,0.0,0.0
2024-06-25 01:36:04.485000+00:00,55.400001525878906,0.0,0.0
2024-06-25 01:37:04.401000+00:00,55.400001525878906,0.0,0.0
2024-06-25 01:38:04.730000+00:00,55.400001525878906,0.0,0.0
2024-06-25 01:39:05.364000+00:00,55.400001525878906,0.0,0.0
2024-06-25 01:40:04.846000+00:00,55.400001525878906,0.0,0.0
2024-06-25 01:41:04.774000+00:00,55.400001525878906,0.0,0.0
2024-06-25 01:42:05.181000+00:00,55.29999923706055,0.0,0.0
2024-06-25 01:43:04.769000+00:00,55.29999923706055,0.0,0.0
2024-06-25 01:44:04.693000+00:00,55.29999923706055,0.0,0.0
2024-06-25 01:45:05.012000+00:00,55.20000076293945,0.0,0.0
2024-06-25 01:46:05.179000+00:00,55.20000076293945,0.0,0.0
2024-06-25 01:47:04.498000+00:00,55.20000076293945,0.0,0.0
2024-06-25 01:48:05.536000+00:00,55.20000076293945,0.0,0.0
2024-06-25 01:49:04.409000+00:00,55.119998931884766,0.0,0.0
2024-06-25 01:50:04.824000+00:00,55.09999847412109,0.0,0.0
2024-06-25 01:51:04.511000+00:00,55.09999847412109,0.0,0.0
2024-06-25 01:52:05.480000+00:00,55.20000076293945,0.0,0.0
2024-06-25 01:53:04.698000+00:00,55.20000076293945,0.0,0.0
2024-06-25 01:54:04.832000+00:00,55.209999084472656,0.0,0.0
2024-06-25 01:55:04.262000+00:00,55.29999923706055,0.0,0.0
2024-06-25 01:56:04.866000+00:00,55.29999923706055,0.0,0.0
2024-06-25 01:57:04.330000+00:00,55.400001525878906,0.0,0.0
2024-06-25 01:58:04.211000+00:00,55.400001525878906,0.0,0.0
2024-06-25 01:59:04.862000+00:00,55.470001220703125,0.0,0.0
2024-06-25 02:00:08.115000+00:00,55.400001525878906,0.0,0.0
2024-06-25 02:01:04.693000+00:00,55.59000015258789,0.0,0.0
2024-06-25 02:02:04.679000+00:00,55.400001525878906,0.0,0.0
2024-06-25 02:03:04.525000+00:00,55.29999923706055,0.0,0.0
2024-06-25 02:04:03.969000+00:00,55.20000076293945,0.0,0.0
2024-06-25 02:05:04.975000+00:00,55.04999923706055,0.0,0.0
2024-06-25 02:06:05.514000+00:00,55.0,0.0,0.0
2024-06-25 02:07:04.200000+00:00,54.900001525878906,0.0,0.0
2024-06-25 02:08:04.299000+00:00,54.900001525878906,0.0,0.0
2024-06-25 02:09:04.659000+00:00,56.0,0.0,0.0
2024-06-25 02:10:05.209000+00:00,56.79999923706055,0.0,0.0
2024-06-25 02:11:05.186000+00:00,57.20000076293945,0.0,0.0
2024-06-25 02:12:05.181000+00:00,57.59999847412109,0.0,0.0
2024-06-25 02:13:04.583000+00:00,57.79999923706055,0.0,0.0
2024-06-25 02:14:05.260000+00:00,57.70000076293945,0.0,0.0
2024-06-25 02:15:05.316000+00:00,57.70000076293945,0.0,0.0
2024-06-25 02:16:04.862000+00:00,57.79999923706055,0.0,0.0
2024-06-25 02:17:04.858000+00:00,57.83000183105469,0.0,0.0
2024-06-25 02:18:05.149000+00:00,57.900001525878906,0.0,0.0
2024-06-25 02:19:04.664000+00:00,57.900001525878906,0.0,0.0
2024-06-25 02:20:05.202000+00:00,58.0,0.0,0.0
2024-06-25 02:21:05.095000+00:00,58.0,0.0,0.0
2024-06-25 02:22:04.874000+00:00,58.0099983215332,0.0,0.0
2024-06-25 02:23:04.843000+00:00,58.09999847412109,0.0,0.0
2024-06-25 02:24:05.053000+00:00,58.09999847412109,0.0,0.0
2024-06-25 02:25:05.205000+00:00,58.09999847412109,0.0,0.0
2024-06-25 02:26:05.369000+00:00,58.09999847412109,0.0,0.0
2024-06-25 02:27:05.115000+00:00,58.20000076293945,0.0,0.0
2024-06-25 02:28:05.124000+00:00,58.400001525878906,0.0,0.0
2024-06-25 02:29:04.617000+00:00,58.400001525878906,0.0,0.0
2024-06-25 02:30:05.543000+00:00,58.5,0.0,0.0
2024-06-25 02:31:05.022000+00:00,58.5,0.0,0.0
2024-06-25 02:32:04.618000+00:00,58.400001525878906,0.0,0.0
2024-06-25 02:33:04.488000+00:00,58.29999923706055,0.0,0.0
2024-06-25 02:34:04.045000+00:00,58.20000076293945,0.0,0.0
2024-06-25 02:35:05.251000+00:00,58.20000076293945,0.0,0.0
2024-06-25 02:36:05.064000+00:00,58.20000076293945,0.0,0.0
2024-06-25 02:37:04.554000+00:00,58.20000076293945,0.0,0.0
2024-06-25 02:38:04.836000+00:00,58.20000076293945,0.0,0.0
2024-06-25 02:39:05.258000+00:00,58.09999847412109,0.0,0.0
2024-06-25 02:40:05.332000+00:00,58.20000076293945,0.0,0.0
2024-06-25 02:41:04.850000+00:00,58.18999862670898,0.0,0.0
2024-06-25 02:42:05.103000+00:00,58.20000076293945,0.0,0.0
2024-06-25 02:43:04.576000+00:00,58.18000030517578,0.0,0.0
2024-06-25 02:44:04.560000+00:00,58.11000061035156,0.0,0.0
2024-06-25 02:45:04.573000+00:00,58.09999847412109,0.0,0.0
2024-06-25 02:46:04.756000+00:00,58.09999847412109,0.0,0.0
2024-06-25 02:47:04.434000+00:00,58.150001525878906,0.0,0.0
2024-06-25 02:48:05.124000+00:00,58.09999847412109,0.0,0.0
2024-06-25 02:49:04.824000+00:00,58.29999923706055,0.0,0.0
2024-06-25 02:50:05.128000+00:00,58.400001525878906,0.0,0.0
2024-06-25 02:51:04.670000+00:00,58.400001525878906,0.0,0.0
2024-06-25 02:52:05.210000+00:00,58.400001525878906,0.0,0.0
2024-06-25 02:53:04.695000+00:00,58.38999938964844,0.0,0.0
2024-06-25 02:54:05.229000+00:00,58.400001525878906,0.0,0.0
2024-06-25 02:55:05.201000+00:00,58.400001525878906,0.0,0.0
2024-06-25 02:56:04.745000+00:00,58.400001525878906,0.0,0.0
2024-06-25 02:57:04.568000+00:00,58.400001525878906,0.0,0.0
2024-06-25 02:58:04.834000+00:00,58.29999923706055,0.0,0.0
2024-06-25 02:59:04.857000+00:00,58.20000076293945,0.0,0.0
2024-06-25 03:00:08.163000+00:00,58.09999847412109,0.0,0.0
2024-06-25 03:01:05.585000+00:00,58.09999847412109,0.0,0.0
2024-06-25 03:02:05.151000+00:00,58.09999847412109,0.0,0.0
2024-06-25 03:03:04.639000+00:00,58.09999847412109,0.0,0.0
2024-06-25 03:04:04.598000+00:00,58.09999847412109,0.0,0.0
2024-06-25 03:05:04.934000+00:00,58.09999847412109,0.0,0.0
2024-06-25 03:06:06.097000+00:00,58.09999847412109,0.0,0.0
2024-06-25 03:07:04.589000+00:00,58.09999847412109,0.0,0.0
2024-06-25 03:08:04.595000+00:00,58.09999847412109,0.0,0.0
2024-06-25 03:09:04.984000+00:00,58.29999923706055,0.0,0.0
2024-06-25 03:10:05.084000+00:00,58.29999923706055,0.0,0.0
2024-06-25 03:11:04.828000+00:00,57.56999969482422,0.0,0.0
2024-06-25 03:12:04.970000+00:00,58.0,0.0,0.0
2024-06-25 03:13:05.480000+00:00,58.43000030517578,0.0,0.0
2024-06-25 03:14:04.906000+00:00,58.59999847412109,0.0,0.0
2024-06-25 03:15:04.468000+00:00,58.59999847412109,0.0,0.0
2024-06-25 03:16:04.787000+00:00,56.400001525878906,0.0,0.0
2024-06-25 03:17:04.765000+00:00,56.900001525878906,0.0,0.0
2024-06-25 03:18:04.869000+00:00,57.70000076293945,0.0,0.0
2024-06-25 03:19:04.491000+00:00,58.29999923706055,0.0,0.0
2024-06-25 03:20:05.143000+00:00,58.5,0.0,0.0
2024-06-25 03:21:04.374000+00:00,58.459999084472656,0.0,0.0
2024-06-25 03:22:05.128000+00:00,58.400001525878906,0.0,0.0
2024-06-25 03:23:04.728000+00:00,58.34999847412109,0.0,0.0
2024-06-25 03:24:04.896000+00:00,58.29999923706055,0.0,0.0
2024-06-25 03:25:04.570000+00:00,58.29999923706055,0.0,0.0
2024-06-25 03:26:05.242000+00:00,58.20000076293945,0.0,0.0
2024-06-25 03:27:04.660000+00:00,58.09999847412109,0.0,0.0
2024-06-25 03:28:05.081000+00:00,58.09999847412109,0.0,0.0
2024-06-25 03:29:04.615000+00:00,58.0,0.0,0.0
2024-06-25 03:30:05.366000+00:00,58.09999847412109,0.0,0.0
2024-06-25 03:31:04.756000+00:00,58.20000076293945,0.0,0.0
2024-06-25 03:32:04.390000+00:00,58.310001373291016,0.0,0.0
2024-06-25 03:33:04.026000+00:00,58.369998931884766,0.0,0.0
2024-06-25 03:34:04.460000+00:00,58.400001525878906,0.0,0.0
2024-06-25 03:35:05.115000+00:00,58.31999969482422,0.0,0.0
2024-06-25 03:36:04.464000+00:00,58.29999923706055,0.0,0.0
2024-06-25 03:37:04.692000+00:00,58.220001220703125,0.0,0.0
2024-06-25 03:38:04.787000+00:00,58.29999923706055,0.0,0.0
2024-06-25 03:39:05.546000+00:00,58.20000076293945,0.0,0.0
2024-06-25 03:40:04.928000+00:00,58.09999847412109,0.0,0.0
2024-06-25 03:41:04.737000+00:00,58.0,0.0,0.0
2024-06-25 03:42:05.218000+00:00,57.900001525878906,0.0,0.0
2024-06-25 03:43:04.235000+00:00,57.900001525878906,0.0,0.0
2024-06-25 03:44:04.554000+00:00,58.130001068115234,0.0,0.0
2024-06-25 03:45:04.531000+00:00,58.29999923706055,0.0,0.0
2024-06-25 03:46:04.155000+00:00,58.29999923706055,0.0,0.0
2024-06-25 03:47:04.406000+00:00,58.29999923706055,0.0,0.0
2024-06-25 03:48:05.182000+00:00,58.29999923706055,0.0,0.0
2024-06-25 03:49:04.564000+00:00,58.20000076293945,0.0,0.0
2024-06-25 03:50:04.811000+00:00,58.20000076293945,0.0,0.0
2024-06-25 03:51:03.970000+00:00,58.20000076293945,0.0,0.0
2024-06-25 03:52:05.313000+00:00,58.20000076293945,0.0,0.0
2024-06-25 03:53:04.579000+00:00,58.150001525878906,0.0,0.0
2024-06-25 03:54:05.005000+00:00,58.09999847412109,0.0,0.0
2024-06-25 03:55:04.311000+00:00,58.09999847412109,0.0,0.0
2024-06-25 03:56:05.494000+00:00,58.09999847412109,0.0,0.0
2024-06-25 03:57:04.417000+00:00,58.09999847412109,0.0,0.0
2024-06-25 03:58:04.949000+00:00,58.400001525878906,0.0,0.0
2024-06-25 03:59:04.521000+00:00,58.400001525878906,0.0,0.0
2024-06-25 04:00:07.676000+00:00,58.400001525878906,0.0,0.0
2024-06-25 04:01:04.810000+00:00,58.29999923706055,0.0,0.0
2024-06-25 04:02:04.605000+00:00,58.29999923706055,0.0,0.0
2024-06-25 04:03:04.289000+00:00,58.29999923706055,0.0,0.0
2024-06-25 04:04:04.723000+00:00,58.29999923706055,0.0,0.0
2024-06-25 04:05:04.994000+00:00,58.20000076293945,0.0,0.0
2024-06-25 04:06:05.837000+00:00,58.20000076293945,0.0,0.0
2024-06-25 04:07:04.462000+00:00,58.20000076293945,0.0,0.0
2024-06-25 04:08:04.790000+00:00,58.20000076293945,0.0,0.0
2024-06-25 04:09:04.729000+00:00,58.09999847412109,0.0,0.0
2024-06-25 04:10:04.888000+00:00,58.09999847412109,0.0,0.0
2024-06-25 04:11:04.752000+00:00,58.09999847412109,0.0,0.0
2024-06-25 04:12:04.789000+00:00,58.29999923706055,0.0,0.0
2024-06-25 04:13:05.369000+00:00,58.29999923706055,0.0,0.0
2024-06-25 04:14:04.743000+00:00,58.29999923706055,0.0,0.0
2024-06-25 04:15:04.878000+00:00,58.20000076293945,0.0,0.0
2024-06-25 04:16:05.111000+00:00,58.20000076293945,0.0,0.0
2024-06-25 04:17:04.983000+00:00,58.20000076293945,0.0,0.0
2024-06-25 04:18:04.792000+00:00,58.09999847412109,0.0,0.0
2024-06-25 04:19:04.241000+00:00,55.119998931884766,0.0,0.0
2024-06-25 04:20:04.780000+00:00,56.22999954223633,0.0,0.0
2024-06-25 04:21:04.728000+00:00,49.959999084472656,0.0,0.0
2024-06-25 04:22:04.907000+00:00,53.79999923706055,0.0,0.0
2024-06-25 04:23:05.357000+00:00,57.36000061035156,0.0,0.0
2024-06-25 04:24:04.933000+00:00,58.290000915527344,0.0,0.0
2024-06-25 04:25:04.179000+00:00,58.540000915527344,0.0,0.0
2024-06-25 04:26:04.849000+00:00,58.59999847412109,0.0,0.0
2024-06-25 04:27:04.680000+00:00,58.400001525878906,0.0,0.0
2024-06-25 04:28:05.338000+00:00,58.29999923706055,0.0,0.0
2024-06-25 04:29:04.925000+00:00,58.09999847412109,0.0,0.0
2024-06-25 04:30:05.126000+00:00,57.9900016784668,0.0,0.0
2024-06-25 04:31:04.262000+00:00,57.900001525878906,0.0,0.0
2024-06-25 04:32:04.707000+00:00,58.29999923706055,0.0,0.0
2024-06-25 04:33:04.498000+00:00,58.400001525878906,0.0,0.0
2024-06-25 04:34:04.762000+00:00,58.400001525878906,0.0,0.0
2024-06-25 04:35:04.906000+00:00,58.400001525878906,0.0,0.0
2024-06-25 04:36:04.664000+00:00,58.400001525878906,0.0,0.0
2024-06-25 04:37:04.233000+00:00,58.400001525878906,0.0,0.0
2024-06-25 04:38:04.886000+00:00,58.400001525878906,0.0,0.0
2024-06-25 04:39:05.267000+00:00,58.400001525878906,0.0,0.0
2024-06-25 04:40:04.618000+00:00,58.310001373291016,0.0,0.0
2024-06-25 04:41:04.694000+00:00,58.29999923706055,0.0,0.0
2024-06-25 04:42:04.891000+00:00,58.310001373291016,0.0,0.0
2024-06-25 04:43:04.108000+00:00,58.400001525878906,0.0,0.0
2024-06-25 04:44:03.998000+00:00,58.29999923706055,0.0,0.0
2024-06-25 04:45:05.565000+00:00,58.20000076293945,0.0,0.0
2024-06-25 04:46:04.696000+00:00,58.09999847412109,0.0,0.0
2024-06-25 04:47:04.570000+00:00,58.0,0.0,0.0
2024-06-25 04:48:04.232000+00:00,57.31999969482422,0.0,0.0
2024-06-25 04:49:04.293000+00:00,55.900001525878906,0.0,0.0
2024-06-25 04:50:05.540000+00:00,57.34999847412109,0.0,0.0
2024-06-25 04:51:04.824000+00:00,58.900001525878906,0.0,0.0
2024-06-25 04:52:05.252000+00:00,58.900001525878906,0.0,0.0
2024-06-25 04:53:04.482000+00:00,58.70000076293945,0.0,0.0
2024-06-25 04:54:04.589000+00:00,57.70000076293945,0.0,0.0
2024-06-25 04:55:04.335000+00:00,53.43000030517578,0.0,0.0
2024-06-25 04:56:05.202000+00:00,55.59999847412109,0.0,0.0
2024-06-25 04:57:04.141000+00:00,58.400001525878906,0.0,0.0
2024-06-25 04:58:04.186000+00:00,59.0,0.0,0.0
2024-06-25 04:59:04.140000+00:00,59.060001373291016,0.0,0.0
2024-06-25 05:00:09.935000+00:00,59.0,0.0,0.0
2024-06-25 05:01:04.886000+00:00,58.900001525878906,0.0,0.0
2024-06-25 05:02:04.782000+00:00,58.70000076293945,0.0,0.0
2024-06-25 05:03:03.681000+00:00,58.59999847412109,0.0,0.0
2024-06-25 05:04:04.406000+00:00,58.400001525878906,0.0,0.0
2024-06-25 05:05:04.306000+00:00,58.29999923706055,0.0,0.0
2024-06-25 05:06:06.042000+00:00,58.09999847412109,0.0,0.0
2024-06-25 05:07:04.808000+00:00,57.900001525878906,0.0,0.0
2024-06-25 05:08:04.547000+00:00,57.79999923706055,0.0,0.0
2024-06-25 05:09:04.458000+00:00,57.70000076293945,0.0,0.0
2024-06-25 05:10:04.701000+00:00,57.5,0.0,0.0
2024-06-25 05:11:04.247000+00:00,57.400001525878906,0.0,0.0
2024-06-25 05:12:05.148000+00:00,57.70000076293945,0.0,0.0
2024-06-25 05:13:04.848000+00:00,57.47999954223633,0.0,0.0
2024-06-25 05:14:05.063000+00:00,57.900001525878906,0.0,0.0
2024-06-25 05:15:05.987000+00:00,58.0,0.0,0.0
2024-06-25 05:16:04.157000+00:00,58.09999847412109,0.0,0.0
2024-06-25 05:17:04.328000+00:00,58.09999847412109,0.0,0.0
2024-06-25 05:18:04.744000+00:00,58.09999847412109,0.0,0.0
2024-06-25 05:19:04.980000+00:00,58.29999923706055,0.0,0.0
2024-06-25 05:20:04.860000+00:00,58.400001525878906,0.0,0.0
2024-06-25 05:21:04.739000+00:00,58.59999847412109,0.0,0.0
2024-06-25 05:22:04.859000+00:00,58.59999847412109,0.0,0.0
2024-06-25 05:23:04.716000+00:00,58.5,0.0,0.0
2024-06-25 05:24:04.768000+00:00,58.400001525878906,0.0,0.0
2024-06-25 05:25:04.859000+00:00,58.290000915527344,0.0,0.0
2024-06-25 05:26:05.642000+00:00,58.09999847412109,0.0,0.0
2024-06-25 05:27:04.416000+00:00,58.0,0.0,0.0
2024-06-25 05:28:04.435000+00:00,57.900001525878906,0.0,0.0
2024-06-25 05:29:04.353000+00:00,57.900001525878906,0.0,0.0
2024-06-25 05:30:05.995000+00:00,57.900001525878906,0.0,0.0
2024-06-25 05:31:04.738000+00:00,58.0,0.0,0.0
2024-06-25 05:32:04.531000+00:00,58.09999847412109,0.0,0.0
2024-06-25 05:33:04.909000+00:00,57.900001525878906,0.0,0.0
2024-06-25 05:34:04.282000+00:00,58.0,0.0,0.0
2024-06-25 05:35:04.724000+00:00,58.20000076293945,0.0,0.0
2024-06-25 05:36:04.928000+00:00,58.20000076293945,0.0,0.0
2024-06-25 05:37:04.602000+00:00,58.31999969482422,0.0,0.0
2024-06-25 05:38:05.017000+00:00,58.47999954223633,0.0,0.0
2024-06-25 05:39:04.953000+00:00,58.5,0.0,0.0
2024-06-25 05:40:04.705000+00:00,58.400001525878906,0.0,0.0
2024-06-25 05:41:04.913000+00:00,58.29999923706055,0.0,0.0
2024-06-25 05:42:04.986000+00:00,58.20000076293945,0.0,0.0
2024-06-25 05:43:04.054000+00:00,58.20000076293945,0.0,0.0
2024-06-25 05:44:04.295000+00:00,58.29999923706055,0.0,0.0
2024-06-25 05:45:04.973000+00:00,58.0,0.0,0.0
2024-06-25 05:46:04.829000+00:00,58.06999969482422,0.0,0.0
2024-06-25 05:47:04.555000+00:00,58.09999847412109,0.0,0.0
2024-06-25 05:48:04.878000+00:00,58.20000076293945,0.0,0.0
2024-06-25 05:49:04.725000+00:00,58.29999923706055,0.0,0.0
2024-06-25 05:50:04.531000+00:00,58.29999923706055,0.0,0.0
2024-06-25 05:51:04.707000+00:00,58.400001525878906,0.0,0.0
2024-06-25 05:52:05.004000+00:00,58.43999862670898,0.0,0.0
2024-06-25 05:53:04.457000+00:00,58.400001525878906,0.0,0.0
2024-06-25 05:54:05.245000+00:00,58.29999923706055,0.0,0.0
2024-06-25 05:55:04.637000+00:00,58.20000076293945,0.0,0.0
2024-06-25 05:56:04.862000+00:00,58.27999877929688,0.0,0.0
2024-06-25 05:57:04.815000+00:00,58.29999923706055,0.0,0.0
2024-06-25 05:58:04.632000+00:00,58.400001525878906,0.0,0.0
2024-06-25 05:59:04.908000+00:00,58.29999923706055,0.0,0.0
2024-06-25 06:00:07.466000+00:00,58.220001220703125,0.0,0.0
2024-06-25 06:01:05.042000+00:00,58.09999847412109,0.0,0.0
2024-06-25 06:02:04.535000+00:00,58.20000076293945,0.0,0.0
2024-06-25 06:03:04.458000+00:00,58.25,0.0,0.0
2024-06-25 06:04:04.502000+00:00,58.29999923706055,0.0,0.0
2024-06-25 06:05:04.831000+00:00,57.47999954223633,0.0,0.0
2024-06-25 06:06:05.138000+00:00,56.5099983215332,0.0,0.0
2024-06-25 06:07:04.279000+00:00,58.220001220703125,0.0,0.0
2024-06-25 06:08:04.250000+00:00,58.5,0.0,0.0
2024-06-25 06:09:04.530000+00:00,58.400001525878906,0.0,0.0
2024-06-25 06:10:04.788000+00:00,58.29999923706055,0.0,0.0
2024-06-25 06:11:04.953000+00:00,58.220001220703125,0.0,0.0
2024-06-25 06:12:04.644000+00:00,58.09999847412109,0.0,0.0
2024-06-25 06:13:05.203000+00:00,57.900001525878906,0.0,0.0
2024-06-25 06:14:05.261000+00:00,57.79999923706055,0.0,0.0
2024-06-25 06:15:05.068000+00:00,57.810001373291016,0.0,0.0
2024-06-25 06:16:04.478000+00:00,58.27999877929688,0.0,0.0
2024-06-25 06:17:04.735000+00:00,58.29999923706055,0.0,0.0
2024-06-25 06:18:04.663000+00:00,58.29999923706055,0.0,0.0
2024-06-25 06:19:04.919000+00:00,58.20000076293945,0.0,0.0
2024-06-25 06:20:04.881000+00:00,58.11000061035156,0.0,0.0
2024-06-25 06:21:04.986000+00:00,58.29999923706055,0.0,0.0
2024-06-25 06:22:04.594000+00:00,58.400001525878906,0.0,0.0
2024-06-25 06:23:04.316000+00:00,58.29999923706055,0.0,0.0
2024-06-25 06:24:04.552000+00:00,58.20000076293945,0.0,0.0
2024-06-25 06:25:04.647000+00:00,58.20000076293945,0.0,0.0
2024-06-25 06:26:04.943000+00:00,58.09999847412109,0.0,0.0
2024-06-25 06:27:04.469000+00:00,58.20000076293945,0.0,0.0
2024-06-25 06:28:05.082000+00:00,58.38999938964844,0.0,0.0
2024-06-25 06:29:04.954000+00:00,58.29999923706055,0.0,0.0
2024-06-25 06:30:04.918000+00:00,58.29999923706055,0.0,0.0
2024-06-25 06:31:04.899000+00:00,58.20000076293945,0.0,0.0
2024-06-25 06:32:05.434000+00:00,58.09999847412109,0.0,0.0
2024-06-25 06:33:04.298000+00:00,58.20000076293945,0.0,0.0
2024-06-25 06:34:04.380000+00:00,58.29999923706055,0.0,0.0
2024-06-25 06:35:04.582000+00:00,58.34000015258789,0.0,0.0
2024-06-25 06:36:04.854000+00:00,58.29999923706055,0.0,0.0
2024-06-25 06:37:04.559000+00:00,58.20000076293945,0.0,0.0
2024-06-25 06:38:04.845000+00:00,58.20000076293945,0.0,0.0
2024-06-25 06:39:05.248000+00:00,58.20000076293945,0.0,0.0
2024-06-25 06:40:05.102000+00:00,58.29999923706055,0.0,0.0
2024-06-25 06:41:04.886000+00:00,58.29999923706055,0.0,0.0
2024-06-25 06:42:05.141000+00:00,58.290000915527344,0.0,0.0
2024-06-25 06:43:04.353000+00:00,58.20000076293945,0.0,0.0
2024-06-25 06:44:04.830000+00:00,58.09999847412109,0.0,0.0
2024-06-25 06:45:05.060000+00:00,57.9900016784668,0.0,0.0
2024-06-25 06:46:04.737000+00:00,58.09999847412109,0.0,0.0
2024-06-25 06:47:04.751000+00:00,58.20000076293945,0.0,0.0
2024-06-25 06:48:05.307000+00:00,58.400001525878906,0.0,0.0
2024-06-25 06:49:04.567000+00:00,58.43000030517578,0.0,0.0
2024-06-25 06:50:05.072000+00:00,58.31999969482422,0.0,0.0
2024-06-25 06:51:04.576000+00:00,58.29999923706055,0.0,0.0
2024-06-25 06:52:06.141000+00:00,58.20000076293945,0.0,0.0
2024-06-25 06:53:04.905000+00:00,58.09999847412109,0.0,0.0
2024-06-25 06:54:04.546000+00:00,58.20000076293945,0.0,0.0
2024-06-25 06:55:04.959000+00:00,58.29999923706055,0.0,0.0
2024-06-25 06:56:04.661000+00:00,58.29999923706055,0.0,0.0
2024-06-25 06:57:04.134000+00:00,58.29999923706055,0.0,0.0
2024-06-25 06:58:05.225000+00:00,58.2599983215332,0.0,0.0
2024-06-25 06:59:04.346000+00:00,58.18999862670898,0.0,0.0
2024-06-25 07:00:07.325000+00:00,58.29999923706055,0.0,0.0
2024-06-25 07:01:05.409000+00:00,57.900001525878906,0.0,0.0
2024-06-25 07:02:04.302000+00:00,57.900001525878906,0.0,0.0
2024-06-25 07:03:05.035000+00:00,58.09999847412109,0.0,0.0
2024-06-25 07:04:04.114000+00:00,58.400001525878906,0.0,0.0
2024-06-25 07:05:05.459000+00:00,58.400001525878906,0.0,0.0
2024-06-25 07:06:06.008000+00:00,54.0,0.0,0.0
2024-06-25 07:07:05.083000+00:00,56.27000045776367,0.0,0.0
2024-06-25 07:08:04.800000+00:00,58.869998931884766,0.0,0.0
2024-06-25 07:09:04.338000+00:00,59.400001525878906,0.0,0.0
2024-06-25 07:10:04.932000+00:00,59.16999816894531,0.0,0.0
2024-06-25 07:11:04.837000+00:00,58.900001525878906,0.0,0.0
2024-06-25 07:12:05.232000+00:00,58.59999847412109,0.0,0.0
2024-06-25 07:13:05.146000+00:00,58.400001525878906,0.0,0.0
2024-06-25 07:14:05.223000+00:00,58.20000076293945,0.0,0.0
2024-06-25 07:15:05.142000+00:00,58.0,0.0,0.0
2024-06-25 07:16:04.803000+00:00,57.79999923706055,0.0,0.0
2024-06-25 07:17:05.332000+00:00,57.79999923706055,0.0,0.0
2024-06-25 07:18:04.944000+00:00,57.900001525878906,0.0,0.0
2024-06-25 07:19:04.676000+00:00,58.09999847412109,0.0,0.0
2024-06-25 07:20:04.668000+00:00,58.29999923706055,0.0,0.0
2024-06-25 07:21:04.787000+00:00,58.400001525878906,0.0,0.0
2024-06-25 07:22:04.885000+00:00,58.38999938964844,0.0,0.0
2024-06-25 07:23:04.445000+00:00,58.29999923706055,0.0,0.0
2024-06-25 07:24:04.683000+00:00,58.20000076293945,0.0,0.0
2024-06-25 07:25:05.201000+00:00,58.20000076293945,0.0,0.0
2024-06-25 07:26:05.294000+00:00,58.20000076293945,0.0,0.0
2024-06-25 07:27:04.382000+00:00,58.400001525878906,0.0,0.0
2024-06-25 07:28:05.029000+00:00,58.5,0.0,0.0
2024-06-25 07:29:04.395000+00:00,58.400001525878906,0.0,0.0
2024-06-25 07:30:05.305000+00:00,58.400001525878906,0.0,0.0
2024-06-25 07:31:04.886000+00:00,58.400001525878906,0.0,0.0
2024-06-25 07:32:04.236000+00:00,58.400001525878906,0.0,0.0
2024-06-25 07:33:04.923000+00:00,58.400001525878906,0.0,0.0
2024-06-25 07:34:04.490000+00:00,58.400001525878906,0.0,0.0
2024-06-25 07:35:04.767000+00:00,58.5,0.0,0.0
2024-06-25 07:36:04.791000+00:00,58.5,0.0,0.0
2024-06-25 07:37:04.521000+00:00,58.400001525878906,0.0,0.0
2024-06-25 07:38:04.615000+00:00,58.29999923706055,0.0,0.0
2024-06-25 07:39:05.604000+00:00,58.20000076293945,0.0,0.0
2024-06-25 07:40:05.177000+00:00,58.09999847412109,0.0,0.0
2024-06-25 07:41:04.385000+00:00,58.09999847412109,0.0,0.0
2024-06-25 07:42:05.227000+00:00,58.09999847412109,0.0,0.0
2024-06-25 07:43:04.497000+00:00,58.150001525878906,0.0,0.0
2024-06-25 07:44:04.472000+00:00,58.20000076293945,0.0,0.0
2024-06-25 07:45:04.739000+00:00,58.290000915527344,0.0,0.0
2024-06-25 07:46:04.558000+00:00,58.29999923706055,0.0,0.0
2024-06-25 07:47:04.828000+00:00,58.29999923706055,0.0,0.0
2024-06-25 07:48:04.772000+00:00,58.400001525878906,0.0,0.0
2024-06-25 07:49:04.890000+00:00,58.5,0.0,0.0
2024-06-25 07:50:04.479000+00:00,58.5,0.0,0.0
2024-06-25 07:51:04.959000+00:00,58.70000076293945,0.0,0.0
2024-06-25 07:52:04.874000+00:00,58.70000076293945,0.0,0.0
2024-06-25 07:53:04.523000+00:00,58.59999847412109,0.0,0.0
2024-06-25 07:54:04.911000+00:00,58.59999847412109,0.0,0.0
2024-06-25 07:55:04.451000+00:00,58.400001525878906,0.0,0.0
2024-06-25 07:56:04.877000+00:00,58.29999923706055,0.0,0.0
2024-06-25 07:57:04.912000+00:00,58.20000076293945,0.0,0.0
2024-06-25 07:58:04.207000+00:00,58.20000076293945,0.0,0.0
2024-06-25 07:59:05.153000+00:00,58.09999847412109,0.0,0.0
2024-06-25 08:00:09.086000+00:00,58.0,0.0,0.0
2024-06-25 08:01:05.613000+00:00,58.20000076293945,0.0,0.0
2024-06-25 08:02:04.613000+00:00,58.400001525878906,0.0,0.0
2024-06-25 08:03:04.704000+00:00,58.400001525878906,0.0,0.0
2024-06-25 08:04:03.995000+00:00,58.400001525878906,0.0,0.0
2024-06-25 08:05:04.518000+00:00,58.400001525878906,0.0,0.0
2024-06-25 08:06:05.614000+00:00,58.400001525878906,0.0,0.0
2024-06-25 08:07:04.264000+00:00,58.29999923706055,0.0,0.0
2024-06-25 08:08:04.224000+00:00,58.310001373291016,0.0,0.0
2024-06-25 08:09:04.562000+00:00,58.31999969482422,0.0,0.0
2024-06-25 08:10:04.588000+00:00,58.38999938964844,0.0,0.0
2024-06-25 08:11:03.955000+00:00,58.400001525878906,0.0,0.0
2024-06-25 08:12:05.080000+00:00,58.20000076293945,0.0,0.0
2024-06-25 08:13:05.131000+00:00,58.09999847412109,0.0,0.0
2024-06-25 08:14:04.935000+00:00,58.400001525878906,0.0,0.0
2024-06-25 08:15:04.886000+00:00,58.70000076293945,0.0,0.0
2024-06-25 08:16:04.838000+00:00,58.59000015258789,0.0,0.0
2024-06-25 08:17:04.573000+00:00,58.400001525878906,0.0,0.0
2024-06-25 08:18:04.882000+00:00,58.20000076293945,0.0,0.0
2024-06-25 08:19:03.696000+00:00,58.20000076293945,0.0,0.0
2024-06-25 08:20:05.014000+00:00,58.20000076293945,0.0,0.0
2024-06-25 08:21:04.614000+00:00,58.18000030517578,0.0,0.0
2024-06-25 08:22:04.653000+00:00,58.09999847412109,0.0,0.0
2024-06-25 08:23:04.698000+00:00,58.20000076293945,0.0,0.0
2024-06-25 08:24:04.549000+00:00,58.5,0.0,0.0
2024-06-25 08:25:05.164000+00:00,58.5,0.0,0.0
2024-06-25 08:26:05.389000+00:00,58.5,0.0,0.0
2024-06-25 08:27:04.759000+00:00,58.5,0.0,0.0
2024-06-25 08:28:04.736000+00:00,58.59999847412109,0.0,0.0
2024-06-25 08:29:04.339000+00:00,58.59999847412109,0.0,0.0
2024-06-25 08:30:05.111000+00:00,58.400001525878906,0.0,0.0
2024-06-25 08:31:05.532000+00:00,58.29999923706055,0.0,0.0
2024-06-25 08:32:04.231000+00:00,58.22999954223633,0.0,0.0
2024-06-25 08:33:04.544000+00:00,58.290000915527344,0.0,0.0
2024-06-25 08:34:04.517000+00:00,58.20000076293945,0.0,0.0
2024-06-25 08:35:05.293000+00:00,58.20000076293945,0.0,0.0
2024-06-25 08:36:04.485000+00:00,58.29999923706055,0.0,0.0
2024-06-25 08:37:04.454000+00:00,58.29999923706055,0.0,0.0
2024-06-25 08:38:04.759000+00:00,57.7599983215332,0.0,0.0
2024-06-25 08:39:05.237000+00:00,58.20000076293945,0.0,0.0
2024-06-25 08:40:04.692000+00:00,58.70000076293945,0.0,0.0
2024-06-25 08:41:04.452000+00:00,58.79999923706055,0.0,0.0
2024-06-25 08:42:05.231000+00:00,53.869998931884766,0.0,0.0
2024-06-25 08:43:04.614000+00:00,57.90999984741211,0.0,0.0
2024-06-25 08:44:04.457000+00:00,58.310001373291016,0.0,0.0
2024-06-25 08:45:04.776000+00:00,55.5,0.0,0.0
2024-06-25 08:46:04.883000+00:00,57.70000076293945,0.0,0.0
2024-06-25 08:47:04.406000+00:00,58.400001525878906,0.0,0.0
2024-06-25 08:48:04.845000+00:00,58.79999923706055,0.0,0.0
2024-06-25 08:49:04.581000+00:00,58.70000076293945,0.0,0.0
2024-06-25 08:50:04.751000+00:00,58.59999847412109,0.0,0.0
2024-06-25 08:51:05.154000+00:00,58.5,0.0,0.0
2024-06-25 08:52:05.523000+00:00,58.400001525878906,0.0,0.0
2024-06-25 08:53:04.155000+00:00,58.29999923706055,0.0,0.0
2024-06-25 08:54:04.601000+00:00,58.20000076293945,0.0,0.0
2024-06-25 08:55:04.847000+00:00,58.09999847412109,0.0,0.0
2024-06-25 08:56:05.211000+00:00,58.0,0.0,0.0
2024-06-25 08:57:05.264000+00:00,58.09000015258789,0.0,0.0
2024-06-25 08:58:04.689000+00:00,58.09999847412109,0.0,0.0
2024-06-25 08:59:04.923000+00:00,58.11000061035156,0.0,0.0
2024-06-25 09:00:07.069000+00:00,58.20000076293945,0.0,0.0
2024-06-25 09:01:04.638000+00:00,58.29999923706055,0.0,0.0
2024-06-25 09:02:04.840000+00:00,58.310001373291016,0.0,0.0
2024-06-25 09:03:05.436000+00:00,58.400001525878906,0.0,0.0
2024-06-25 09:04:04.302000+00:00,58.400001525878906,0.0,0.0
2024-06-25 09:05:04.594000+00:00,58.5,0.0,0.0
2024-06-25 09:06:05.443000+00:00,58.59999847412109,0.0,0.0
2024-06-25 09:07:04.643000+00:00,58.59999847412109,0.0,0.0
2024-06-25 09:08:04.404000+00:00,58.75,0.0,0.0
2024-06-25 09:09:04.839000+00:00,58.70000076293945,0.0,0.0
2024-06-25 09:10:04.114000+00:00,58.70000076293945,0.0,0.0
2024-06-25 09:11:04.956000+00:00,58.70000076293945,0.0,0.0
2024-06-25 09:12:04.964000+00:00,58.79999923706055,0.0,0.0
2024-06-25 09:13:05.349000+00:00,58.900001525878906,0.0,0.0
2024-06-25 09:14:05.311000+00:00,58.900001525878906,0.0,0.0
2024-06-25 09:15:04.855000+00:00,59.0,0.0,0.0
2024-06-25 09:16:04.879000+00:00,59.09999847412109,0.0,0.0
2024-06-25 09:17:04.946000+00:00,59.09999847412109,0.0,0.0
2024-06-25 09:18:05.286000+00:00,59.09999847412109,0.0,0.0
2024-06-25 09:19:04.664000+00:00,58.290000915527344,0.0,0.0
2024-06-25 09:20:04.973000+00:00,57.9900016784668,0.0,0.0
2024-06-25 09:21:04.676000+00:00,58.09999847412109,0.0,0.0
2024-06-25 09:22:04.994000+00:00,58.15999984741211,0.0,0.0
2024-06-25 09:23:04.814000+00:00,58.31999969482422,0.0,0.0
2024-06-25 09:24:05.284000+00:00,58.59999847412109,0.0,0.0
2024-06-25 09:25:05.399000+00:00,58.79999923706055,0.0,0.0
2024-06-25 09:26:05.382000+00:00,59.0,0.0,0.0
2024-06-25 09:27:04.774000+00:00,59.20000076293945,0.0,0.0
2024-06-25 09:28:05.155000+00:00,59.290000915527344,0.0,0.0
2024-06-25 09:29:05.323000+00:00,59.29999923706055,0.0,0.0
2024-06-25 09:30:05.173000+00:00,59.38999938964844,0.0,0.0
2024-06-25 09:31:04.341000+00:00,59.29999923706055,0.0,0.0
2024-06-25 09:32:04.705000+00:00,59.29999923706055,0.0,0.0
2024-06-25 09:33:04.595000+00:00,59.29999923706055,0.0,0.0
2024-06-25 09:34:04.868000+00:00,59.29999923706055,0.0,0.0
2024-06-25 09:35:05.153000+00:00,59.29999923706055,0.0,0.0
2024-06-25 09:36:04.809000+00:00,59.20000076293945,0.0,0.0
2024-06-25 09:37:04.893000+00:00,59.20000076293945,0.0,0.0
2024-06-25 09:38:04.377000+00:00,59.09999847412109,0.0,0.0
2024-06-25 09:39:04.743000+00:00,59.0099983215332,0.0,0.0
2024-06-25 09:40:05.247000+00:00,59.0,0.0,0.0
2024-06-25 09:41:04.918000+00:00,59.0,0.0,0.0
2024-06-25 09:42:05.404000+00:00,58.900001525878906,0.0,0.0
2024-06-25 09:43:04.506000+00:00,59.0,0.0,0.0
2024-06-25 09:44:04.259000+00:00,59.0,0.0,0.0
2024-06-25 09:45:05.016000+00:00,59.09999847412109,0.0,0.0
2024-06-25 09:46:04.320000+00:00,59.0,0.0,0.0
2024-06-25 09:47:04.951000+00:00,59.0,0.0,0.0
2024-06-25 09:48:04.897000+00:00,58.900001525878906,0.0,0.0
2024-06-25 09:49:04.353000+00:00,58.900001525878906,0.0,0.0
2024-06-25 09:50:04.891000+00:00,58.79999923706055,0.0,0.0
2024-06-25 09:51:04.690000+00:00,58.77999877929688,0.0,0.0
2024-06-25 09:52:05.457000+00:00,58.68999862670898,0.0,0.0
2024-06-25 09:53:05.065000+00:00,58.59999847412109,0.0,0.0
2024-06-25 09:54:04.520000+00:00,58.5,0.0,0.0
2024-06-25 09:55:05.130000+00:00,58.400001525878906,0.0,0.0
2024-06-25 09:56:04.741000+00:00,58.400001525878906,0.0,0.0
2024-06-25 09:57:05.010000+00:00,58.29999923706055,0.0,0.0
2024-06-25 09:58:04.948000+00:00,58.20000076293945,0.0,0.0
2024-06-25 09:59:04.424000+00:00,58.20000076293945,0.0,0.0
2024-06-25 10:00:05.813000+00:00,58.09999847412109,0.0,0.0
2024-06-25 10:01:04.978000+00:00,58.09999847412109,0.0,0.0
2024-06-25 10:02:04.933000+00:00,58.09999847412109,0.0,0.0
2024-06-25 10:03:05.153000+00:00,58.0,0.0,0.0
2024-06-25 10:04:04.318000+00:00,58.09999847412109,0.0,0.0
2024-06-25 10:05:04.579000+00:00,58.0,0.0,0.0
2024-06-25 10:06:05.660000+00:00,58.0,0.0,0.0
2024-06-25 10:07:05+00:00,57.959999084472656,0.0,0.0
2024-06-25 10:08:04.488000+00:00,57.900001525878906,0.0,0.0
2024-06-25 10:09:04.936000+00:00,57.79999923706055,0.0,0.0
2024-06-25 10:10:04.237000+00:00,57.70000076293945,0.0,0.0
2024-06-25 10:11:04.792000+00:00,57.70000076293945,0.0,0.0
2024-06-25 10:12:05.567000+00:00,57.59999847412109,0.0,0.0
2024-06-25 10:13:05.683000+00:00,57.5,0.0,0.0
2024-06-25 10:14:05.113000+00:00,57.5,0.0,0.0
2024-06-25 10:15:04.359000+00:00,57.400001525878906,0.0,0.0
2024-06-25 10:16:04.765000+00:00,57.400001525878906,0.0,0.0
2024-06-25 10:17:04.996000+00:00,57.400001525878906,0.0,0.0
2024-06-25 10:18:05.131000+00:00,57.400001525878906,0.0,0.0
2024-06-25 10:19:04.750000+00:00,57.5,0.0,0.0
2024-06-25 10:20:04.996000+00:00,57.45000076293945,0.0,0.0
2024-06-25 10:21:04.763000+00:00,56.90999984741211,0.0,0.0
2024-06-25 10:22:04.890000+00:00,57.0,0.0,0.0
2024-06-25 10:23:04.531000+00:00,57.5,0.0,0.0
2024-06-25 10:24:04.560000+00:00,57.93999862670898,0.0,0.0
2024-06-25 10:25:04.848000+00:00,58.29999923706055,0.0,0.0
2024-06-25 10:26:05.368000+00:00,58.59000015258789,0.0,0.0
2024-06-25 10:27:04.993000+00:00,58.70000076293945,0.0,0.0
2024-06-25 10:28:04.965000+00:00,58.79999923706055,0.0,0.0
2024-06-25 10:29:04.948000+00:00,58.79999923706055,0.0,0.0
2024-06-25 10:30:05.494000+00:00,58.70000076293945,0.0,0.0
2024-06-25 10:31:04.521000+00:00,58.70000076293945,0.0,0.0
2024-06-25 10:32:05.093000+00:00,58.59999847412109,0.0,0.0
2024-06-25 10:33:04.952000+00:00,58.59999847412109,0.0,0.0
2024-06-25 10:34:04.606000+00:00,58.5,0.0,0.0
2024-06-25 10:35:04.580000+00:00,58.40999984741211,0.0,0.0
2024-06-25 10:36:04.621000+00:00,58.400001525878906,0.0,0.0
2024-06-25 10:37:04.144000+00:00,58.400001525878906,0.0,0.0
2024-06-25 10:38:05.006000+00:00,58.33000183105469,0.0,0.0
2024-06-25 10:39:05.032000+00:00,58.29999923706055,0.0,0.0
2024-06-25 10:40:04.411000+00:00,58.220001220703125,0.0,0.0
2024-06-25 10:41:05.449000+00:00,57.34000015258789,0.0,0.0
2024-06-25 10:42:05.058000+00:00,57.5,0.0,0.0
2024-06-25 10:43:04.660000+00:00,57.59999847412109,0.0,0.0
2024-06-25 10:44:04.391000+00:00,57.79999923706055,0.0,0.0
2024-06-25 10:45:04.846000+00:00,58.20000076293945,0.0,0.0
2024-06-25 10:46:04.107000+00:00,58.5,0.0,0.0
2024-06-25 10:47:04.776000+00:00,58.5,0.0,0.0
2024-06-25 10:48:05.059000+00:00,58.5099983215332,0.0,0.0
2024-06-25 10:49:04.969000+00:00,58.59999847412109,0.0,0.0
2024-06-25 10:50:04.851000+00:00,58.59999847412109,0.0,0.0
2024-06-25 10:51:05.129000+00:00,58.59999847412109,0.0,0.0
2024-06-25 10:52:05.384000+00:00,58.59999847412109,0.0,0.0
2024-06-25 10:53:05.188000+00:00,58.59999847412109,0.0,0.0
2024-06-25 10:54:05.050000+00:00,58.59999847412109,0.0,0.0
2024-06-25 10:55:04.566000+00:00,58.59999847412109,0.0,0.0
2024-06-25 10:56:05.512000+00:00,58.59999847412109,0.0,0.0
2024-06-25 10:57:05.134000+00:00,58.5,0.0,0.0
2024-06-25 10:58:04.703000+00:00,58.45000076293945,0.0,0.0
2024-06-25 10:59:04.601000+00:00,58.400001525878906,0.0,0.0
2024-06-25 11:00:08.576000+00:00,58.33000183105469,0.0,0.0
2024-06-25 11:01:05.111000+00:00,58.29999923706055,0.0,0.0
2024-06-25 11:02:04.532000+00:00,58.27999877929688,0.0,0.0
2024-06-25 11:03:04.955000+00:00,58.29999923706055,0.0,0.0
2024-06-25 11:04:04.154000+00:00,58.29999923706055,0.0,0.0
2024-06-25 11:05:04.105000+00:00,58.400001525878906,0.0,0.0
2024-06-25 11:06:05.883000+00:00,58.400001525878906,0.0,0.0
2024-06-25 11:07:04.911000+00:00,58.5,0.0,0.0
2024-06-25 11:08:04.781000+00:00,58.540000915527344,0.0,0.0
2024-06-25 11:09:04.862000+00:00,58.59999847412109,0.0,0.0
2024-06-25 11:10:05.092000+00:00,58.59999847412109,0.0,0.0
2024-06-25 11:11:04.475000+00:00,58.5,0.0,0.0
2024-06-25 11:12:05.377000+00:00,58.400001525878906,0.0,0.0
2024-06-25 11:13:05.118000+00:00,58.5,0.0,0.0
2024-06-25 11:14:04.663000+00:00,58.5,0.0,0.0
2024-06-25 11:15:04.949000+00:00,58.59999847412109,0.0,0.0
2024-06-25 11:16:04.652000+00:00,58.5,0.0,0.0
2024-06-25 11:17:04.958000+00:00,58.400001525878906,0.0,0.0
2024-06-25 11:18:05.055000+00:00,58.400001525878906,0.0,0.0
2024-06-25 11:19:04.559000+00:00,58.400001525878906,0.0,0.0
2024-06-25 11:20:05.105000+00:00,58.5,0.0,0.0
2024-06-25 11:21:04.735000+00:00,58.59999847412109,0.0,0.0
2024-06-25 11:22:04.519000+00:00,58.59999847412109,0.0,0.0
2024-06-25 11:23:05.029000+00:00,58.70000076293945,0.0,0.0
2024-06-25 11:24:04.618000+00:00,58.52000045776367,0.0,0.0
2024-06-25 11:25:04.867000+00:00,58.400001525878906,0.0,0.0
2024-06-25 11:26:05.555000+00:00,58.29999923706055,0.0,0.0
2024-06-25 11:27:04.775000+00:00,58.20000076293945,0.0,0.0
2024-06-25 11:28:04.557000+00:00,58.09999847412109,0.0,0.0
2024-06-25 11:29:04.695000+00:00,58.20000076293945,0.0,0.0
2024-06-25 11:30:05.470000+00:00,58.5,0.0,0.0
2024-06-25 11:31:04.540000+00:00,58.70000076293945,0.0,0.0
2024-06-25 11:32:04.760000+00:00,58.59999847412109,0.0,0.0
2024-06-25 11:33:04.885000+00:00,58.59999847412109,0.0,0.0
2024-06-25 11:34:05.168000+00:00,58.43999862670898,0.0,0.0
2024-06-25 11:35:05.005000+00:00,58.400001525878906,0.0,0.0
2024-06-25 11:36:05.308000+00:00,58.38999938964844,0.0,0.0
2024-06-25 11:37:04.622000+00:00,58.29999923706055,0.0,0.0
2024-06-25 11:38:04.609000+00:00,58.20000076293945,0.0,0.0
2024-06-25 11:39:05.616000+00:00,58.400001525878906,0.0,0.0
2024-06-25 11:40:05.362000+00:00,58.70000076293945,0.0,0.0
2024-06-25 11:41:04.985000+00:00,58.619998931884766,0.0,0.0
2024-06-25 11:42:05.384000+00:00,58.59999847412109,0.0,0.0
2024-06-25 11:43:04.740000+00:00,58.59999847412109,0.0,0.0
2024-06-25 11:44:04.834000+00:00,58.5,0.0,0.0
2024-06-25 11:45:05.213000+00:00,58.5,0.0,0.0
2024-06-25 11:46:04.773000+00:00,58.400001525878906,0.0,0.0
2024-06-25 11:47:04.253000+00:00,58.400001525878906,0.0,0.0
2024-06-25 11:48:05.454000+00:00,58.400001525878906,0.0,0.0
2024-06-25 11:49:04.775000+00:00,58.29999923706055,0.0,0.0
2024-06-25 11:50:04.935000+00:00,58.29999923706055,0.0,0.0
2024-06-25 11:51:04.469000+00:00,58.20000076293945,0.0,0.0
2024-06-25 11:52:05.250000+00:00,58.59999847412109,0.0,0.0
2024-06-25 11:53:05.113000+00:00,58.79999923706055,0.0,0.0
2024-06-25 11:54:04.889000+00:00,58.970001220703125,0.0,0.0
2024-06-25 11:55:04.749000+00:00,58.900001525878906,0.0,0.0
2024-06-25 11:56:04.657000+00:00,58.900001525878906,0.0,0.0
2024-06-25 11:57:04.871000+00:00,58.79999923706055,0.0,0.0
2024-06-25 11:58:04.269000+00:00,58.70000076293945,0.0,0.0
2024-06-25 11:59:05.255000+00:00,58.5,0.0,0.0
2024-06-25 12:00:07.172000+00:00,58.400001525878906,0.0,0.0
2024-06-25 12:01:05.313000+00:00,58.29999923706055,0.0,0.0
2024-06-25 12:02:04.664000+00:00,58.29999923706055,0.0,0.0
2024-06-25 12:03:04.907000+00:00,58.29999923706055,0.0,0.0
2024-06-25 12:04:04.707000+00:00,58.400001525878906,0.0,0.0
2024-06-25 12:05:04.516000+00:00,58.5,0.0,0.0
2024-06-25 12:06:05.602000+00:00,58.59000015258789,0.0,0.0
2024-06-25 12:07:04.591000+00:00,58.59999847412109,0.0,0.0
2024-06-25 12:08:04.232000+00:00,58.70000076293945,0.0,0.0
2024-06-25 12:09:04.605000+00:00,58.59999847412109,0.0,0.0
2024-06-25 12:10:05.331000+00:00,58.5,0.0,0.0
2024-06-25 12:11:04.743000+00:00,58.400001525878906,0.0,0.0
2024-06-25 12:12:05.006000+00:00,58.5,0.0,0.0
2024-06-25 12:13:04.952000+00:00,58.59999847412109,0.0,0.0
2024-06-25 12:14:04.823000+00:00,58.59999847412109,0.0,0.0
2024-06-25 12:15:05.172000+00:00,58.59999847412109,0.0,0.0
2024-06-25 12:16:04.517000+00:00,58.59999847412109,0.0,0.0
2024-06-25 12:17:04.813000+00:00,58.5,0.0,0.0
2024-06-25 12:18:05.368000+00:00,58.400001525878906,0.0,0.0
2024-06-25 12:19:05.237000+00:00,58.29999923706055,0.0,0.0
2024-06-25 12:20:04.741000+00:00,58.20000076293945,0.0,0.0
2024-06-25 12:21:04.779000+00:00,58.47999954223633,0.0,0.0
2024-06-25 12:22:04.836000+00:00,58.79999923706055,0.0,0.0
2024-06-25 12:23:04.760000+00:00,58.900001525878906,0.0,0.0
2024-06-25 12:24:04.839000+00:00,58.900001525878906,0.0,0.0
2024-06-25 12:25:04.856000+00:00,58.70000076293945,0.0,0.0
2024-06-25 12:26:05.802000+00:00,58.59999847412109,0.0,0.0
2024-06-25 12:27:04.526000+00:00,58.5,0.0,0.0
2024-06-25 12:28:05.064000+00:00,58.400001525878906,0.0,0.0
2024-06-25 12:29:04.449000+00:00,58.5,0.0,0.0
2024-06-25 12:30:05.162000+00:00,58.59999847412109,0.0,0.0
2024-06-25 12:31:05.144000+00:00,58.59999847412109,0.0,0.0
2024-06-25 12:32:05.029000+00:00,58.709999084472656,0.0,0.0
2024-06-25 12:33:05.089000+00:00,58.59999847412109,0.0,0.0
2024-06-25 12:34:04.407000+00:00,58.5,0.0,0.0
2024-06-25 12:35:05.182000+00:00,58.5,0.0,0.0
2024-06-25 12:36:05.049000+00:00,58.5,0.0,0.0
2024-06-25 12:37:04.598000+00:00,58.540000915527344,0.0,0.0
2024-06-25 12:38:04.982000+00:00,58.59999847412109,0.0,0.0
2024-06-25 12:39:05.301000+00:00,58.59999847412109,0.0,0.0
2024-06-25 12:40:05.277000+00:00,58.70000076293945,0.0,0.0
2024-06-25 12:41:05.009000+00:00,58.59999847412109,0.0,0.0
2024-06-25 12:42:04.861000+00:00,58.400001525878906,0.0,0.0
2024-06-25 12:43:04.947000+00:00,58.5,0.0,0.0
2024-06-25 12:44:04.784000+00:00,58.5,0.0,0.0
2024-06-25 12:45:05.390000+00:00,58.59000015258789,0.0,0.0
2024-06-25 12:46:05.384000+00:00,58.5,0.0,0.0
2024-06-25 12:47:04.758000+00:00,58.59999847412109,0.0,0.0
2024-06-25 12:48:04.646000+00:00,58.59999847412109,0.0,0.0
2024-06-25 12:49:04.913000+00:00,58.70000076293945,0.0,0.0
2024-06-25 12:50:04.751000+00:00,58.79999923706055,0.0,0.0
2024-06-25 12:51:04.619000+00:00,58.59999847412109,0.0,0.0
2024-06-25 12:52:05.277000+00:00,58.59999847412109,0.0,0.0
2024-06-25 12:53:04.135000+00:00,58.5,0.0,0.0
2024-06-25 12:54:05.145000+00:00,58.5,0.0,0.0
2024-06-25 12:55:04.896000+00:00,58.5,0.0,0.0
2024-06-25 12:56:04.327000+00:00,58.40999984741211,0.0,0.0
2024-06-25 12:57:04.516000+00:00,58.400001525878906,0.0,0.0
2024-06-25 12:58:05.111000+00:00,58.459999084472656,0.0,0.0
2024-06-25 12:59:04.102000+00:00,58.5,0.0,0.0
2024-06-25 13:00:07.413000+00:00,58.5,0.0,0.0
2024-06-25 13:01:06.547000+00:00,58.5,0.0,0.0
2024-06-25 13:02:05.436000+00:00,56.59999847412109,0.0,0.0
2024-06-25 13:03:04.826000+00:00,57.310001373291016,0.0,0.0
2024-06-25 13:04:04.892000+00:00,58.5,0.0,0.0
2024-06-25 13:05:04.602000+00:00,59.09999847412109,0.0,0.0
2024-06-25 13:06:06.048000+00:00,59.20000076293945,0.0,0.0
2024-06-25 13:07:04.992000+00:00,59.0,0.0,0.0
2024-06-25 13:08:04.501000+00:00,58.900001525878906,0.0,0.0
2024-06-25 13:09:04.708000+00:00,58.79999923706055,0.0,0.0
2024-06-25 13:10:04.603000+00:00,58.59999847412109,0.0,0.0
2024-06-25 13:11:05.307000+00:00,58.400001525878906,0.0,0.0
2024-06-25 13:12:04.848000+00:00,58.29999923706055,0.0,0.0
2024-06-25 13:13:05.350000+00:00,58.27999877929688,0.0,0.0
2024-06-25 13:14:04.832000+00:00,58.09999847412109,0.0,0.0
2024-06-25 13:15:05.198000+00:00,58.20000076293945,0.0,0.0
2024-06-25 13:16:04.336000+00:00,58.400001525878906,0.0,0.0
2024-06-25 13:17:04.928000+00:00,58.68999862670898,0.0,0.0
2024-06-25 13:18:04.824000+00:00,58.900001525878906,0.0,0.0
2024-06-25 13:19:04.804000+00:00,58.79999923706055,0.0,0.0
2024-06-25 13:20:05.084000+00:00,58.79999923706055,0.0,0.0
2024-06-25 13:21:05.012000+00:00,58.59999847412109,0.0,0.0
2024-06-25 13:22:05.134000+00:00,58.5,0.0,0.0
2024-06-25 13:23:04.404000+00:00,58.400001525878906,0.0,0.0
2024-06-25 13:24:04.984000+00:00,58.29999923706055,0.0,0.0
2024-06-25 13:25:04.640000+00:00,58.400001525878906,0.0,0.0
2024-06-25 13:26:05.043000+00:00,57.900001525878906,0.0,0.0
2024-06-25 13:27:04.740000+00:00,58.29999923706055,0.0,0.0
2024-06-25 13:28:04.714000+00:00,58.70000076293945,0.0,0.0
2024-06-25 13:29:04.235000+00:00,58.79999923706055,0.0,0.0
2024-06-25 13:30:05.420000+00:00,58.72999954223633,0.0,0.0
2024-06-25 13:31:04.212000+00:00,56.900001525878906,0.0,0.0
2024-06-25 13:32:04.511000+00:00,57.47999954223633,0.0,0.0
2024-06-25 13:33:04.548000+00:00,57.54999923706055,0.0,0.0
2024-06-25 13:34:05.571000+00:00,57.0099983215332,0.0,0.0
2024-06-25 13:35:04.755000+00:00,57.900001525878906,0.0,0.0
2024-06-25 13:36:04.597000+00:00,58.900001525878906,0.0,0.0
2024-06-25 13:37:04.045000+00:00,59.400001525878906,0.0,0.0
2024-06-25 13:38:04.187000+00:00,59.29999923706055,0.0,0.0
2024-06-25 13:39:05.326000+00:00,58.900001525878906,0.0,0.0
2024-06-25 13:40:04.703000+00:00,58.29999923706055,0.0,0.0
2024-06-25 13:41:05.426000+00:00,58.20000076293945,0.0,0.0
2024-06-25 13:42:05.173000+00:00,58.4900016784668,0.0,0.0
2024-06-25 13:43:04.446000+00:00,57.79999923706055,0.0,0.0
2024-06-25 13:44:04.656000+00:00,58.25,0.0,0.0
2024-06-25 13:45:05.217000+00:00,59.0,0.0,0.0
2024-06-25 13:46:04.157000+00:00,58.83000183105469,0.0,0.0
2024-06-25 13:47:04.736000+00:00,58.119998931884766,0.0,0.0
2024-06-25 13:48:05.249000+00:00,58.09999847412109,0.0,0.0
2024-06-25 13:49:04.725000+00:00,58.5,0.0,0.0
2024-06-25 13:50:04.994000+00:00,58.79999923706055,0.0,0.0
2024-06-25 13:51:05.087000+00:00,58.900001525878906,0.0,0.0
2024-06-25 13:52:05.054000+00:00,58.900001525878906,0.0,0.0
2024-06-25 13:53:04.005000+00:00,58.900001525878906,0.0,0.0
2024-06-25 13:54:04.643000+00:00,58.70000076293945,0.0,0.0
2024-06-25 13:55:05.265000+00:00,58.5,0.0,0.0
2024-06-25 13:56:05.171000+00:00,58.400001525878906,0.0,0.0
2024-06-25 13:57:04.489000+00:00,58.29999923706055,0.0,0.0
2024-06-25 13:58:05.091000+00:00,58.20000076293945,0.0,0.0
2024-06-25 13:59:04.881000+00:00,57.70000076293945,0.0,0.0
2024-06-25 14:00:06.767000+00:00,57.900001525878906,0.0,0.0
2024-06-25 14:01:05.158000+00:00,58.400001525878906,0.0,0.0
2024-06-25 14:02:04.935000+00:00,58.869998931884766,0.0,0.0
2024-06-25 14:03:04.223000+00:00,59.09999847412109,0.0,0.0
2024-06-25 14:04:04.494000+00:00,59.0,0.0,0.0
2024-06-25 14:05:04.635000+00:00,58.900001525878906,0.0,0.0
2024-06-25 14:06:05.498000+00:00,58.70000076293945,0.0,0.0
2024-06-25 14:07:04.839000+00:00,58.59999847412109,0.0,0.0
2024-06-25 14:08:04.436000+00:00,58.5,0.0,0.0
2024-06-25 14:09:05.178000+00:00,58.400001525878906,0.0,0.0
2024-06-25 14:10:04.634000+00:00,57.900001525878906,0.0,0.0
2024-06-25 14:11:04.343000+00:00,57.900001525878906,0.0,0.0
2024-06-25 14:12:05.039000+00:00,58.09999847412109,0.0,0.0
2024-06-25 14:13:05.050000+00:00,58.59999847412109,0.0,0.0
2024-06-25 14:14:05.068000+00:00,58.0,0.0,0.0
2024-06-25 14:15:05.046000+00:00,58.54999923706055,0.0,0.0
2024-06-25 14:16:04.469000+00:00,59.0,0.0,0.0
2024-06-25 14:17:05.436000+00:00,59.36000061035156,0.0,0.0
2024-06-25 14:18:04.395000+00:00,58.86000061035156,0.0,0.0
2024-06-25 14:19:04.596000+00:00,56.18000030517578,0.0,0.0
2024-06-25 14:20:05.018000+00:00,55.77000045776367,0.0,0.0
2024-06-25 14:21:04.241000+00:00,56.79999923706055,0.0,0.0
2024-06-25 14:22:04.845000+00:00,57.900001525878906,0.0,0.0
2024-06-25 14:23:04.929000+00:00,58.9900016784668,0.0,0.0
2024-06-25 14:24:04.752000+00:00,59.68999862670898,0.0,0.0
2024-06-25 14:25:05.123000+00:00,59.70000076293945,0.0,0.0
2024-06-25 14:26:05.514000+00:00,59.5,0.0,0.0
2024-06-25 14:27:04.588000+00:00,57.75,0.0,0.0
2024-06-25 14:28:04.841000+00:00,57.900001525878906,0.0,0.0
2024-06-25 14:29:04.891000+00:00,58.290000915527344,0.0,0.0
2024-06-25 14:30:05.620000+00:00,58.59999847412109,0.0,0.0
2024-06-25 14:31:04.739000+00:00,58.900001525878906,0.0,0.0
2024-06-25 14:32:04.429000+00:00,59.0099983215332,0.0,0.0
2024-06-25 14:33:04.032000+00:00,56.650001525878906,0.0,0.0
2024-06-25 14:34:04.426000+00:00,56.61000061035156,0.0,0.0
2024-06-25 14:35:05.045000+00:00,56.41999816894531,0.0,0.0
2024-06-25 14:36:05.096000+00:00,56.90999984741211,0.0,0.0
2024-06-25 14:37:04.773000+00:00,56.459999084472656,0.0,0.0
2024-06-25 14:38:04.999000+00:00,57.59000015258789,0.0,0.0
2024-06-25 14:39:04.939000+00:00,58.45000076293945,0.0,0.0
2024-06-25 14:40:04.665000+00:00,59.09000015258789,0.0,0.0
2024-06-25 14:41:04.942000+00:00,59.59999847412109,0.0,0.0
2024-06-25 14:42:04.984000+00:00,59.79999923706055,0.0,0.0
2024-06-25 14:43:04.319000+00:00,57.70000076293945,0.0,0.0
2024-06-25 14:44:04.851000+00:00,57.70000076293945,0.0,0.0
2024-06-25 14:45:04.616000+00:00,58.0,0.0,0.0
2024-06-25 14:46:04.487000+00:00,58.400001525878906,0.0,0.0
2024-06-25 14:47:04.909000+00:00,58.70000076293945,0.0,0.0
2024-06-25 14:48:05.348000+00:00,59.0,0.0,0.0
2024-06-25 14:49:05.039000+00:00,59.15999984741211,0.0,0.0
2024-06-25 14:50:04.678000+00:00,59.09999847412109,0.0,0.0
2024-06-25 14:51:05.354000+00:00,59.0,0.0,0.0
2024-06-25 14:52:05.490000+00:00,58.20000076293945,0.0,0.0
2024-06-25 14:53:05.026000+00:00,58.18000030517578,0.0,0.0
2024-06-25 14:54:04.496000+00:00,58.20000076293945,0.0,0.0
2024-06-25 14:55:04.761000+00:00,58.400001525878906,0.0,0.0
2024-06-25 14:56:04.963000+00:00,58.70000076293945,0.0,0.0
2024-06-25 14:57:04.535000+00:00,58.900001525878906,0.0,0.0
2024-06-25 14:58:04.363000+00:00,59.20000076293945,0.0,0.0
2024-06-25 14:59:05.033000+00:00,59.20000076293945,0.0,0.0
2024-06-25 15:00:06.564000+00:00,59.2599983215332,0.0,0.0
2024-06-25 15:01:05.085000+00:00,59.0,0.0,0.0
2024-06-25 15:02:04.091000+00:00,51.38999938964844,0.0,0.0
2024-06-25 15:03:05.170000+00:00,52.34999847412109,0.0,0.0
2024-06-25 15:04:04.639000+00:00,57.5,0.0,0.0
2024-06-25 15:05:04.691000+00:00,61.0,0.0,0.0
2024-06-25 15:06:05.617000+00:00,60.79999923706055,0.0,0.0
2024-06-25 15:07:05.196000+00:00,60.5,0.0,0.0
2024-06-25 15:08:04.720000+00:00,60.29999923706055,0.0,0.0
2024-06-25 15:09:04.725000+00:00,60.20000076293945,0.0,0.0
2024-06-25 15:10:05.043000+00:00,60.09999847412109,0.0,0.0
2024-06-25 15:11:04.323000+00:00,59.900001525878906,0.0,0.0
2024-06-25 15:12:04.778000+00:00,59.79999923706055,0.0,0.0
2024-06-25 15:13:04.972000+00:00,59.70000076293945,0.0,0.0
2024-06-25 15:14:04.615000+00:00,59.59999847412109,0.0,0.0
2024-06-25 15:15:04.923000+00:00,59.5,0.0,0.0
2024-06-25 15:16:04.578000+00:00,59.29999923706055,0.0,0.0
2024-06-25 15:17:04.552000+00:00,59.20000076293945,0.0,0.0
2024-06-25 15:18:04.824000+00:00,59.09000015258789,0.0,0.0
2024-06-25 15:19:04.600000+00:00,59.0,0.0,0.0
2024-06-25 15:20:05.235000+00:00,58.79999923706055,0.0,0.0
2024-06-25 15:21:04.355000+00:00,58.70000076293945,0.0,0.0
2024-06-25 15:22:04.995000+00:00,58.59999847412109,0.0,0.0
2024-06-25 15:23:04.452000+00:00,58.400001525878906,0.0,0.0
2024-06-25 15:24:04.804000+00:00,58.29999923706055,0.0,0.0
2024-06-25 15:25:05.029000+00:00,58.20000076293945,0.0,0.0
2024-06-25 15:26:05.373000+00:00,58.09999847412109,0.0,0.0
2024-06-25 15:27:04.364000+00:00,58.0,0.0,0.0
2024-06-25 15:28:04.373000+00:00,57.70000076293945,0.0,0.0
2024-06-25 15:29:04.469000+00:00,57.59999847412109,0.0,0.0
2024-06-25 15:30:05.234000+00:00,57.400001525878906,0.0,0.0
2024-06-25 15:31:03.874000+00:00,57.29999923706055,0.0,0.0
2024-06-25 15:32:04.463000+00:00,56.900001525878906,0.0,0.0
2024-06-25 15:33:04.934000+00:00,56.810001373291016,0.0,0.0
2024-06-25 15:34:04.631000+00:00,57.09999847412109,0.0,0.0
2024-06-25 15:35:04.863000+00:00,58.20000076293945,0.0,0.0
2024-06-25 15:36:05.611000+00:00,58.720001220703125,0.0,0.0
2024-06-25 15:37:04.422000+00:00,58.70000076293945,0.0,0.0
2024-06-25 15:38:04.306000+00:00,58.59999847412109,0.0,0.0
2024-06-25 15:39:04.975000+00:00,58.5,0.0,0.0
2024-06-25 15:40:05.135000+00:00,58.400001525878906,0.0,0.0
2024-06-25 15:41:04.930000+00:00,58.29999923706055,0.0,0.0
2024-06-25 15:42:04.975000+00:00,58.29999923706055,0.0,0.0
2024-06-25 15:43:04.232000+00:00,58.2400016784668,0.0,0.0
2024-06-25 15:44:04.854000+00:00,58.29999923706055,0.0,0.0
2024-06-25 15:45:04.899000+00:00,58.29999923706055,0.0,0.0
2024-06-25 15:46:04.802000+00:00,58.31999969482422,0.0,0.0
2024-06-25 15:47:04.603000+00:00,58.400001525878906,0.0,0.0
2024-06-25 15:48:04.843000+00:00,58.400001525878906,0.0,0.0
2024-06-25 15:49:04.415000+00:00,58.5,0.0,0.0
2024-06-25 15:50:04.727000+00:00,58.59999847412109,0.0,0.0
2024-06-25 15:51:03.905000+00:00,58.59999847412109,0.0,0.0
2024-06-25 15:52:06.015000+00:00,58.2400016784668,0.0,0.0
2024-06-25 15:53:04.709000+00:00,58.900001525878906,0.0,0.0
2024-06-25 15:54:04.693000+00:00,59.70000076293945,0.0,0.0
2024-06-25 15:55:04.708000+00:00,59.5,0.0,0.0
2024-06-25 15:56:04.797000+00:00,59.27000045776367,0.0,0.0
2024-06-25 15:57:04.489000+00:00,59.09999847412109,0.0,0.0
2024-06-25 15:58:04.479000+00:00,59.0,0.0,0.0
2024-06-25 15:59:05.150000+00:00,58.79999923706055,0.0,0.0
2024-06-25 16:00:06.788000+00:00,58.70000076293945,0.0,0.0
2024-06-25 16:01:04.847000+00:00,58.5,0.0,0.0
2024-06-25 16:02:04.875000+00:00,58.400001525878906,0.0,0.0
2024-06-25 16:03:04.829000+00:00,58.20000076293945,0.0,0.0
2024-06-25 16:04:05.040000+00:00,58.20000076293945,0.0,0.0
2024-06-25 16:05:04.817000+00:00,58.09999847412109,0.0,0.0
2024-06-25 16:06:05.729000+00:00,58.06999969482422,0.0,0.0
2024-06-25 16:07:04.822000+00:00,58.4900016784668,0.0,0.0
2024-06-25 16:08:04.179000+00:00,58.79999923706055,0.0,0.0
2024-06-25 16:09:04.701000+00:00,58.900001525878906,0.0,0.0
2024-06-25 16:10:04.937000+00:00,58.900001525878906,0.0,0.0
2024-06-25 16:11:04.819000+00:00,58.709999084472656,0.0,0.0
2024-06-25 16:12:05.307000+00:00,58.59999847412109,0.0,0.0
2024-06-25 16:13:05.527000+00:00,58.400001525878906,0.0,0.0
2024-06-25 16:14:04.495000+00:00,58.29999923706055,0.0,0.0
2024-06-25 16:15:05.048000+00:00,58.209999084472656,0.0,0.0
2024-06-25 16:16:04.694000+00:00,58.5,0.0,0.0
2024-06-25 16:17:04.663000+00:00,58.70000076293945,0.0,0.0
2024-06-25 16:18:04.658000+00:00,58.61000061035156,0.0,0.0
2024-06-25 16:19:05.296000+00:00,58.59999847412109,0.0,0.0
2024-06-25 16:20:04.687000+00:00,58.59999847412109,0.0,0.0
2024-06-25 16:21:04.816000+00:00,58.59999847412109,0.0,0.0
2024-06-25 16:22:04.101000+00:00,58.5,0.0,0.0
2024-06-25 16:23:04.423000+00:00,58.5,0.0,0.0
2024-06-25 16:24:04.761000+00:00,58.5,0.0,0.0
2024-06-25 16:25:04.749000+00:00,58.400001525878906,0.0,0.0
2024-06-25 16:26:04.629000+00:00,58.400001525878906,0.0,0.0
2024-06-25 16:27:05.143000+00:00,58.59999847412109,0.0,0.0
2024-06-25 16:28:04.269000+00:00,58.70000076293945,0.0,0.0
2024-06-25 16:29:05.187000+00:00,58.77000045776367,0.0,0.0
2024-06-25 16:30:05.558000+00:00,58.70000076293945,0.0,0.0
2024-06-25 16:31:04.807000+00:00,58.59999847412109,0.0,0.0
2024-06-25 16:32:04.959000+00:00,58.59999847412109,0.0,0.0
2024-06-25 16:33:04.428000+00:00,58.59999847412109,0.0,0.0
2024-06-25 16:34:04.534000+00:00,58.5,0.0,0.0
2024-06-25 16:35:04.699000+00:00,55.0099983215332,0.0,0.0
2024-06-25 16:36:04.579000+00:00,53.5,0.0,0.0
2024-06-25 16:37:04.327000+00:00,53.79999923706055,0.0,0.0
2024-06-25 16:38:04.865000+00:00,58.18999862670898,0.0,0.0
2024-06-25 16:39:05.371000+00:00,59.79999923706055,0.0,0.0
2024-06-25 16:40:04.782000+00:00,59.65999984741211,0.0,0.0
2024-06-25 16:41:04.552000+00:00,59.5,0.0,0.0
2024-06-25 16:42:05.054000+00:00,59.20000076293945,0.0,0.0
2024-06-25 16:43:04.350000+00:00,58.90999984741211,0.0,0.0
2024-06-25 16:44:04.530000+00:00,58.70000076293945,0.0,0.0
2024-06-25 16:45:05.156000+00:00,58.400001525878906,0.0,0.0
2024-06-25 16:46:04.703000+00:00,58.209999084472656,0.0,0.0
2024-06-25 16:47:04.343000+00:00,58.04999923706055,0.0,0.0
2024-06-25 16:48:04.813000+00:00,57.88999938964844,0.0,0.0
2024-06-25 16:49:04.918000+00:00,57.79999923706055,0.0,0.0
2024-06-25 16:50:04.764000+00:00,57.880001068115234,0.0,0.0
2024-06-25 16:51:05.338000+00:00,58.29999923706055,0.0,0.0
2024-06-25 16:52:04.979000+00:00,58.59999847412109,0.0,0.0
2024-06-25 16:53:05.023000+00:00,58.59999847412109,0.0,0.0
2024-06-25 16:54:04.963000+00:00,58.790000915527344,0.0,0.0
2024-06-25 16:55:05.191000+00:00,58.70000076293945,0.0,0.0
2024-06-25 16:56:04.570000+00:00,58.61000061035156,0.0,0.0
2024-06-25 16:57:04.735000+00:00,58.70000076293945,0.0,0.0
2024-06-25 16:58:04.391000+00:00,58.70000076293945,0.0,0.0
2024-06-25 16:59:04.847000+00:00,58.70000076293945,0.0,0.0
2024-06-25 17:00:06.895000+00:00,58.400001525878906,0.0,0.0
2024-06-25 17:01:05.498000+00:00,58.400001525878906,0.0,0.0
2024-06-25 17:02:04.961000+00:00,58.29999923706055,0.0,0.0
2024-06-25 17:03:04.718000+00:00,58.27000045776367,0.0,0.0
2024-06-25 17:04:04.799000+00:00,54.70000076293945,0.0,0.0
2024-06-25 17:05:04.703000+00:00,51.56999969482422,0.0,0.0
2024-06-25 17:06:05.909000+00:00,56.0,0.0,0.0
2024-06-25 17:07:04.715000+00:00,59.65999984741211,0.0,0.0
2024-06-25 17:08:04.565000+00:00,60.09000015258789,0.0,0.0
2024-06-25 17:09:05.257000+00:00,60.09999847412109,0.0,0.0
2024-06-25 17:10:05.130000+00:00,59.900001525878906,0.0,0.0
2024-06-25 17:11:04.365000+00:00,59.79999923706055,0.0,0.0
2024-06-25 17:12:05.381000+00:00,59.5,0.0,0.0
2024-06-25 17:13:05.056000+00:00,59.29999923706055,0.0,0.0
2024-06-25 17:14:04.983000+00:00,59.09999847412109,0.0,0.0
2024-06-25 17:15:04.608000+00:00,58.900001525878906,0.0,0.0
2024-06-25 17:16:04.148000+00:00,58.59999847412109,0.0,0.0
2024-06-25 17:17:04.734000+00:00,58.400001525878906,0.0,0.0
2024-06-25 17:18:05.154000+00:00,58.29999923706055,0.0,0.0
2024-06-25 17:19:04.698000+00:00,58.09999847412109,0.0,0.0
2024-06-25 17:20:05.112000+00:00,57.900001525878906,0.0,0.0
2024-06-25 17:21:04.344000+00:00,57.75,0.0,0.0
2024-06-25 17:22:04.733000+00:00,57.5,0.0,0.0
2024-06-25 17:23:04.846000+00:00,57.5,0.0,0.0
2024-06-25 17:24:04.835000+00:00,57.400001525878906,0.0,0.0
2024-06-25 17:25:04.641000+00:00,58.0,0.0,0.0
2024-06-25 17:26:05.429000+00:00,58.70000076293945,0.0,0.0
2024-06-25 17:27:04.534000+00:00,58.70000076293945,0.0,0.0
2024-06-25 17:28:04.514000+00:00,58.59999847412109,0.0,0.0
2024-06-25 17:29:04.039000+00:00,58.59999847412109,0.0,0.0
2024-06-25 17:30:04.990000+00:00,58.5,0.0,0.0
2024-06-25 17:31:04.077000+00:00,58.5,0.0,0.0
2024-06-25 17:32:04.377000+00:00,58.400001525878906,0.0,0.0
2024-06-25 17:33:04.479000+00:00,58.400001525878906,0.0,0.0
2024-06-25 17:34:04.105000+00:00,58.400001525878906,0.0,0.0
2024-06-25 17:35:04.788000+00:00,58.400001525878906,0.0,0.0
2024-06-25 17:36:05.114000+00:00,58.400001525878906,0.0,0.0
2024-06-25 17:37:04.519000+00:00,58.40999984741211,0.0,0.0
2024-06-25 17:38:04.854000+00:00,58.59999847412109,0.0,0.0
2024-06-25 17:39:05.541000+00:00,58.59999847412109,0.0,0.0
2024-06-25 17:40:05.090000+00:00,58.59999847412109,0.0,0.0
2024-06-25 17:41:04.705000+00:00,58.59999847412109,0.0,0.0
2024-06-25 17:42:05.362000+00:00,58.5,0.0,0.0
2024-06-25 17:43:04.330000+00:00,58.43999862670898,0.0,0.0
2024-06-25 17:44:04.409000+00:00,58.400001525878906,0.0,0.0
2024-06-25 17:45:04.711000+00:00,58.400001525878906,0.0,0.0
2024-06-25 17:46:04.461000+00:00,58.5,0.0,0.0
2024-06-25 17:47:04.828000+00:00,58.59999847412109,0.0,0.0
2024-06-25 17:48:05.113000+00:00,58.59999847412109,0.0,0.0
2024-06-25 17:49:05.007000+00:00,58.59999847412109,0.0,0.0
2024-06-25 17:50:04.883000+00:00,58.5,0.0,0.0
2024-06-25 17:51:04.632000+00:00,58.400001525878906,0.0,0.0
2024-06-25 17:52:05.130000+00:00,58.400001525878906,0.0,0.0
2024-06-25 17:53:05.088000+00:00,58.5,0.0,0.0
2024-06-25 17:54:04.459000+00:00,58.59999847412109,0.0,0.0
2024-06-25 17:55:04.961000+00:00,58.70000076293945,0.0,0.0
2024-06-25 17:56:04.756000+00:00,58.59999847412109,0.0,0.0
2024-06-25 17:57:05.103000+00:00,58.5099983215332,0.0,0.0
2024-06-25 17:58:04.558000+00:00,58.41999816894531,0.0,0.0
2024-06-25 17:59:04.868000+00:00,58.400001525878906,0.0,0.0
2024-06-25 18:00:08.168000+00:00,58.29999923706055,0.0,0.0
2024-06-25 18:01:04.814000+00:00,58.29999923706055,0.0,0.0
2024-06-25 18:02:04.414000+00:00,58.25,0.0,0.0
2024-06-25 18:03:05.063000+00:00,58.290000915527344,0.0,0.0
2024-06-25 18:04:04.878000+00:00,58.59999847412109,0.0,0.0
2024-06-25 18:05:04.667000+00:00,58.79999923706055,0.0,0.0
2024-06-25 18:06:05.234000+00:00,58.79999923706055,0.0,0.0
2024-06-25 18:07:04.610000+00:00,58.70000076293945,0.0,0.0
2024-06-25 18:08:04.919000+00:00,58.59999847412109,0.0,0.0
2024-06-25 18:09:04.625000+00:00,58.5,0.0,0.0
2024-06-25 18:10:04.967000+00:00,58.400001525878906,0.0,0.0
2024-06-25 18:11:05.082000+00:00,58.400001525878906,0.0,0.0
2024-06-25 18:12:04.885000+00:00,58.5,0.0,0.0
2024-06-25 18:13:05.170000+00:00,58.59999847412109,0.0,0.0
2024-06-25 18:14:04.872000+00:00,58.650001525878906,0.0,0.0
2024-06-25 18:15:05.326000+00:00,58.59999847412109,0.0,0.0
2024-06-25 18:16:04.558000+00:00,58.400001525878906,0.0,0.0
2024-06-25 18:17:04.806000+00:00,58.400001525878906,0.0,0.0
2024-06-25 18:18:04.213000+00:00,58.40999984741211,0.0,0.0
2024-06-25 18:19:04.688000+00:00,58.5,0.0,0.0
2024-06-25 18:20:05.121000+00:00,58.59999847412109,0.0,0.0
2024-06-25 18:21:04.892000+00:00,58.70000076293945,0.0,0.0
2024-06-25 18:22:04.892000+00:00,58.59999847412109,0.0,0.0
2024-06-25 18:23:05.254000+00:00,58.5,0.0,0.0
2024-06-25 18:24:04.473000+00:00,58.5,0.0,0.0
2024-06-25 18:25:04.670000+00:00,58.5,0.0,0.0
2024-06-25 18:26:05.088000+00:00,58.59999847412109,0.0,0.0
2024-06-25 18:27:04.762000+00:00,58.68999862670898,0.0,0.0
2024-06-25 18:28:04.784000+00:00,58.52999877929688,0.0,0.0
2024-06-25 18:29:04.282000+00:00,58.47999954223633,0.0,0.0
2024-06-25 18:30:05.378000+00:00,58.400001525878906,0.0,0.0
2024-06-25 18:31:04.665000+00:00,58.400001525878906,0.0,0.0
2024-06-25 18:32:04.816000+00:00,58.5,0.0,0.0
2024-06-25 18:33:04.630000+00:00,58.59999847412109,0.0,0.0
2024-06-25 18:34:04.230000+00:00,58.59999847412109,0.0,0.0
2024-06-25 18:35:04.869000+00:00,58.59999847412109,0.0,0.0
2024-06-25 18:36:04.798000+00:00,58.5,0.0,0.0
2024-06-25 18:37:04.623000+00:00,58.400001525878906,0.0,0.0
2024-06-25 18:38:05.127000+00:00,58.400001525878906,0.0,0.0
2024-06-25 18:39:05.590000+00:00,58.5,0.0,0.0
2024-06-25 18:40:04.660000+00:00,58.5,0.0,0.0
2024-06-25 18:41:04.742000+00:00,58.59999847412109,0.0,0.0
2024-06-25 18:42:05.499000+00:00,58.59999847412109,0.0,0.0
2024-06-25 18:43:04.487000+00:00,58.5099983215332,0.0,0.0
2024-06-25 18:44:04.507000+00:00,58.459999084472656,0.0,0.0
2024-06-25 18:45:05.233000+00:00,58.400001525878906,0.0,0.0
2024-06-25 18:46:04.102000+00:00,58.400001525878906,0.0,0.0
2024-06-25 18:47:04.767000+00:00,58.400001525878906,0.0,0.0
2024-06-25 18:48:04.955000+00:00,58.400001525878906,0.0,0.0
2024-06-25 18:49:04.424000+00:00,58.5,0.0,0.0
2024-06-25 18:50:04.982000+00:00,58.5,0.0,0.0
2024-06-25 18:51:04.665000+00:00,58.59999847412109,0.0,0.0
2024-06-25 18:52:05.989000+00:00,58.59999847412109,0.0,0.0
2024-06-25 18:53:04.603000+00:00,58.5,0.0,0.0
2024-06-25 18:54:05.347000+00:00,58.5,0.0,0.0
2024-06-25 18:55:05.033000+00:00,58.400001525878906,0.0,0.0
2024-06-25 18:56:05.034000+00:00,58.310001373291016,0.0,0.0
2024-06-25 18:57:04.888000+00:00,58.09000015258789,0.0,0.0
2024-06-25 18:58:04.359000+00:00,58.09999847412109,0.0,0.0
2024-06-25 18:59:04.667000+00:00,58.59999847412109,0.0,0.0
2024-06-25 19:00:07.131000+00:00,58.59999847412109,0.0,0.0
2024-06-25 19:01:05.176000+00:00,58.59999847412109,0.0,0.0
2024-06-25 19:02:05.092000+00:00,58.70000076293945,0.0,0.0
2024-06-25 19:03:04.871000+00:00,58.70000076293945,0.0,0.0
2024-06-25 19:04:04.811000+00:00,58.59999847412109,0.0,0.0
2024-06-25 19:05:04.697000+00:00,58.400001525878906,0.0,0.0
2024-06-25 19:06:05.954000+00:00,58.47999954223633,0.0,0.0
2024-06-25 19:07:04.586000+00:00,58.470001220703125,0.0,0.0
2024-06-25 19:08:04.447000+00:00,58.5,0.0,0.0
2024-06-25 19:09:04.422000+00:00,58.5,0.0,0.0
2024-06-25 19:10:04.910000+00:00,58.59999847412109,0.0,0.0
2024-06-25 19:11:04.357000+00:00,58.59999847412109,0.0,0.0
2024-06-25 19:12:05.055000+00:00,58.400001525878906,0.0,0.0
2024-06-25 19:13:04.886000+00:00,58.29999923706055,0.0,0.0
2024-06-25 19:14:04.774000+00:00,58.38999938964844,0.0,0.0
2024-06-25 19:15:05.058000+00:00,58.400001525878906,0.0,0.0
2024-06-25 19:16:04.283000+00:00,58.400001525878906,0.0,0.0
2024-06-25 19:17:05.105000+00:00,58.400001525878906,0.0,0.0
2024-06-25 19:18:04.633000+00:00,58.400001525878906,0.0,0.0
2024-06-25 19:19:04.837000+00:00,58.4900016784668,0.0,0.0
2024-06-25 19:20:04.802000+00:00,58.5,0.0,0.0
2024-06-25 19:21:05.007000+00:00,58.5,0.0,0.0
2024-06-25 19:22:04.252000+00:00,58.70000076293945,0.0,0.0
2024-06-25 19:23:04.651000+00:00,58.5,0.0,0.0
2024-06-25 19:24:04.807000+00:00,58.400001525878906,0.0,0.0
2024-06-25 19:25:05.028000+00:00,58.38999938964844,0.0,0.0
2024-06-25 19:26:05.422000+00:00,58.40999984741211,0.0,0.0
2024-06-25 19:27:04.469000+00:00,58.400001525878906,0.0,0.0
2024-06-25 19:28:04.733000+00:00,58.09999847412109,0.0,0.0
2024-06-25 19:29:04.802000+00:00,55.70000076293945,0.0,0.0
2024-06-25 19:30:05.177000+00:00,57.04999923706055,0.0,0.0
2024-06-25 19:31:04.857000+00:00,58.68999862670898,0.0,0.0
2024-06-25 19:32:05.194000+00:00,59.29999923706055,0.0,0.0
2024-06-25 19:33:04.910000+00:00,59.0,0.0,0.0
2024-06-25 19:34:04.259000+00:00,58.79999923706055,0.0,0.0
2024-06-25 19:35:04.697000+00:00,58.59999847412109,0.0,0.0
2024-06-25 19:36:04.855000+00:00,58.400001525878906,0.0,0.0
2024-06-25 19:37:04.573000+00:00,47.16999816894531,0.0,0.0
2024-06-25 19:38:05.006000+00:00,44.65999984741211,0.0,0.0
2024-06-25 19:39:05.350000+00:00,53.06999969482422,0.0,0.0
2024-06-25 19:40:04.982000+00:00,53.5,0.0,0.0
2024-06-25 19:41:04.571000+00:00,58.0,0.0,0.0
2024-06-25 19:42:04.789000+00:00,62.79999923706055,0.0,0.0
2024-06-25 19:43:04.995000+00:00,63.79999923706055,0.0,0.0
2024-06-25 19:44:04.053000+00:00,63.9900016784668,0.0,0.0
2024-06-25 19:45:05.064000+00:00,63.900001525878906,0.0,0.0
2024-06-25 19:46:04.853000+00:00,63.59999847412109,0.0,0.0
2024-06-25 19:47:04.627000+00:00,63.29999923706055,0.0,0.0
2024-06-25 19:48:05.327000+00:00,63.0,0.0,0.0
2024-06-25 19:49:04.576000+00:00,62.59999847412109,0.0,0.0
2024-06-25 19:50:04.784000+00:00,62.29999923706055,0.0,0.0
2024-06-25 19:51:04.696000+00:00,62.0,0.0,0.0
2024-06-25 19:52:05.785000+00:00,61.70000076293945,0.0,0.0
2024-06-25 19:53:04.897000+00:00,61.5,0.0,0.0
2024-06-25 19:54:04.515000+00:00,61.20000076293945,0.0,0.0
2024-06-25 19:55:04.920000+00:00,60.900001525878906,0.0,0.0
2024-06-25 19:56:04.443000+00:00,60.61000061035156,0.0,0.0
2024-06-25 19:57:04.796000+00:00,60.400001525878906,0.0,0.0
2024-06-25 19:58:04.551000+00:00,60.20000076293945,0.0,0.0
2024-06-25 19:59:04.555000+00:00,59.900001525878906,0.0,0.0
2024-06-25 20:00:06.729000+00:00,59.70000076293945,0.0,0.0
2024-06-25 20:01:05.550000+00:00,59.41999816894531,0.0,0.0
2024-06-25 20:02:04.875000+00:00,59.20000076293945,0.0,0.0
2024-06-25 20:03:04.973000+00:00,58.90999984741211,0.0,0.0
2024-06-25 20:04:04.533000+00:00,58.72999954223633,0.0,0.0
2024-06-25 20:05:04.424000+00:00,58.5,0.0,0.0
2024-06-25 20:06:04.803000+00:00,49.29999923706055,0.0,0.0
2024-06-25 20:07:04.871000+00:00,45.5,0.0,0.0
2024-06-25 20:08:04.756000+00:00,53.150001525878906,0.0,0.0
2024-06-25 20:09:04.163000+00:00,57.38999938964844,0.0,0.0
2024-06-25 20:10:04.982000+00:00,58.66999816894531,0.0,0.0
2024-06-25 20:11:04.412000+00:00,59.0,0.0,0.0
2024-06-25 20:12:05.357000+00:00,59.09999847412109,0.0,0.0
2024-06-25 20:13:05.216000+00:00,59.09999847412109,0.0,0.0
2024-06-25 20:14:04.731000+00:00,59.09999847412109,0.0,0.0
2024-06-25 20:15:05.198000+00:00,59.0,0.0,0.0
2024-06-25 20:16:04.643000+00:00,58.900001525878906,0.0,0.0
2024-06-25 20:17:04.407000+00:00,58.79999923706055,0.0,0.0
2024-06-25 20:18:04.761000+00:00,58.70000076293945,0.0,0.0
2024-06-25 20:19:04.638000+00:00,58.59999847412109,0.0,0.0
2024-06-25 20:20:05.108000+00:00,58.5,0.0,0.0
2024-06-25 20:21:05.157000+00:00,58.400001525878906,0.0,0.0
2024-06-25 20:22:04.732000+00:00,58.400001525878906,0.0,0.0
2024-06-25 20:23:04.831000+00:00,58.29999923706055,0.0,0.0
2024-06-25 20:24:04.982000+00:00,58.29999923706055,0.0,0.0
2024-06-25 20:25:04.943000+00:00,58.29999923706055,0.0,0.0
2024-06-25 20:26:04.860000+00:00,58.25,0.0,0.0
2024-06-25 20:27:05.001000+00:00,58.20000076293945,0.0,0.0
2024-06-25 20:28:04.315000+00:00,58.20000076293945,0.0,0.0
2024-06-25 20:29:04.983000+00:00,58.29999923706055,0.0,0.0
2024-06-25 20:30:05.478000+00:00,58.29999923706055,0.0,0.0
2024-06-25 20:31:04.854000+00:00,58.29999923706055,0.0,0.0
2024-06-25 20:32:04.762000+00:00,58.29999923706055,0.0,0.0
2024-06-25 20:33:04.634000+00:00,58.310001373291016,0.0,0.0
2024-06-25 20:34:04.467000+00:00,58.400001525878906,0.0,0.0
2024-06-25 20:35:04.328000+00:00,58.5,0.0,0.0
2024-06-25 20:36:05.334000+00:00,58.59999847412109,0.0,0.0
2024-06-25 20:37:04.782000+00:00,58.59999847412109,0.0,0.0
2024-06-25 20:38:04.547000+00:00,58.59999847412109,0.0,0.0
2024-06-25 20:39:05.440000+00:00,58.70000076293945,0.0,0.0
2024-06-25 20:40:05.015000+00:00,58.79999923706055,0.0,0.0
2024-06-25 20:41:05.132000+00:00,58.79999923706055,0.0,0.0
2024-06-25 20:42:05.032000+00:00,58.7599983215332,0.0,0.0
2024-06-25 20:43:04.704000+00:00,58.79999923706055,0.0,0.0
2024-06-25 20:44:04.932000+00:00,58.79999923706055,0.0,0.0
2024-06-25 20:45:04.405000+00:00,58.79999923706055,0.0,0.0
2024-06-25 20:46:04.876000+00:00,58.70000076293945,0.0,0.0
2024-06-25 20:47:05.066000+00:00,58.59999847412109,0.0,0.0
2024-06-25 20:48:04.901000+00:00,58.5,0.0,0.0
2024-06-25 20:49:05.024000+00:00,58.400001525878906,0.0,0.0
2024-06-25 20:50:04.379000+00:00,58.400001525878906,0.0,0.0
2024-06-25 20:51:04.543000+00:00,58.400001525878906,0.0,0.0
2024-06-25 20:52:05.482000+00:00,58.29999923706055,0.0,0.0
2024-06-25 20:53:04.456000+00:00,58.29999923706055,0.0,0.0
2024-06-25 20:54:04.908000+00:00,58.29999923706055,0.0,0.0
2024-06-25 20:55:04.996000+00:00,58.20000076293945,0.0,0.0
2024-06-25 20:56:05.214000+00:00,58.20000076293945,0.0,0.0
2024-06-25 20:57:05.099000+00:00,58.20000076293945,0.0,0.0
2024-06-25 20:58:04.312000+00:00,57.0,0.0,0.0
2024-06-25 20:59:04.404000+00:00,57.59999847412109,0.0,0.0
2024-06-25 21:00:06.201000+00:00,57.91999816894531,0.0,0.0
2024-06-25 21:01:05.073000+00:00,58.380001068115234,0.0,0.0
2024-06-25 21:02:04.729000+00:00,57.91999816894531,0.0,0.0
2024-06-25 21:03:04.457000+00:00,57.40999984741211,0.0,0.0
2024-06-25 21:04:04.501000+00:00,57.09999847412109,0.0,0.0
2024-06-25 21:05:04.742000+00:00,56.5,0.0,0.0
2024-06-25 21:06:04.946000+00:00,56.56999969482422,0.0,0.0
2024-06-25 21:07:04.657000+00:00,55.900001525878906,0.0,0.0
2024-06-25 21:08:04.203000+00:00,55.900001525878906,0.0,0.0
2024-06-25 21:09:04.631000+00:00,55.79999923706055,0.0,0.0
2024-06-25 21:10:05.033000+00:00,55.70000076293945,0.0,0.0
2024-06-25 21:11:04.977000+00:00,55.400001525878906,0.0,0.0
2024-06-25 21:12:04.457000+00:00,55.29999923706055,0.0,0.0
2024-06-25 21:13:05.274000+00:00,54.290000915527344,0.0,0.0
2024-06-25 21:14:05.011000+00:00,54.29999923706055,0.0,0.0
2024-06-25 21:15:04.442000+00:00,54.20000076293945,0.0,0.0
2024-06-25 21:16:04.979000+00:00,54.27999877929688,0.0,0.0
2024-06-25 21:17:05.456000+00:00,54.400001525878906,0.0,0.0
2024-06-25 21:18:04.969000+00:00,54.52999877929688,0.0,0.0
2024-06-25 21:19:04.632000+00:00,54.79999923706055,0.0,0.0
2024-06-25 21:20:04.700000+00:00,55.0,0.0,0.0
2024-06-25 21:21:04.298000+00:00,55.29999923706055,0.0,0.0
2024-06-25 21:22:04.838000+00:00,55.5,0.0,0.0
2024-06-25 21:23:04.941000+00:00,54.5099983215332,0.0,0.0
2024-06-25 21:24:04.653000+00:00,53.5,0.0,0.0
2024-06-25 21:25:04.310000+00:00,54.09999847412109,0.0,0.0
2024-06-25 21:26:05.484000+00:00,54.900001525878906,0.0,0.0
2024-06-25 21:27:04.314000+00:00,55.70000076293945,0.0,0.0
2024-06-25 21:28:05.387000+00:00,56.20000076293945,0.0,0.0
2024-06-25 21:29:04.653000+00:00,56.400001525878906,0.0,0.0
2024-06-25 21:30:05.762000+00:00,56.5,0.0,0.0
2024-06-25 21:31:04.869000+00:00,56.40999984741211,0.0,0.0
2024-06-25 21:32:05.115000+00:00,56.400001525878906,0.0,0.0
2024-06-25 21:33:04.836000+00:00,56.29999923706055,0.0,0.0
2024-06-25 21:34:04.425000+00:00,56.09999847412109,0.0,0.0
2024-06-25 21:35:04.865000+00:00,56.0,0.0,0.0
2024-06-25 21:36:05.053000+00:00,55.900001525878906,0.0,0.0
2024-06-25 21:37:04.635000+00:00,55.77000045776367,0.0,0.0
2024-06-25 21:38:04.558000+00:00,55.59999847412109,0.0,0.0
2024-06-25 21:39:05.427000+00:00,55.5,0.0,0.0
2024-06-25 21:40:04.758000+00:00,55.400001525878906,0.0,0.0
2024-06-25 21:41:05.294000+00:00,55.29999923706055,0.0,0.0
2024-06-25 21:42:04.825000+00:00,55.20000076293945,0.0,0.0
2024-06-25 21:43:05.031000+00:00,55.20000076293945,0.0,0.0
2024-06-25 21:44:04.495000+00:00,55.20000076293945,0.0,0.0
2024-06-25 21:45:04.617000+00:00,55.09999847412109,0.0,0.0
2024-06-25 21:46:04.644000+00:00,55.09999847412109,0.0,0.0
2024-06-25 21:47:05.109000+00:00,55.150001525878906,0.0,0.0
2024-06-25 21:48:04.651000+00:00,55.20000076293945,0.0,0.0
2024-06-25 21:49:04.651000+00:00,55.20000076293945,0.0,0.0
2024-06-25 21:50:04.978000+00:00,55.29999923706055,0.0,0.0
2024-06-25 21:51:04.106000+00:00,55.400001525878906,0.0,0.0
2024-06-25 21:52:05.128000+00:00,55.400001525878906,0.0,0.0
2024-06-25 21:53:04.864000+00:00,55.5,0.0,0.0
2024-06-25 21:54:04.837000+00:00,55.5,0.0,0.0
2024-06-25 21:55:04.237000+00:00,55.59999847412109,0.0,0.0
2024-06-25 21:56:04.646000+00:00,55.70000076293945,0.0,0.0
2024-06-25 21:57:05.183000+00:00,55.70000076293945,0.0,0.0
2024-06-25 21:58:05.036000+00:00,55.79999923706055,0.0,0.0
2024-06-25 21:59:04.972000+00:00,55.79999923706055,0.0,0.0
2024-06-25 22:00:08.115000+00:00,55.79999923706055,0.0,0.0
2024-06-25 22:01:05.710000+00:00,55.79999923706055,0.0,0.0
2024-06-25 22:02:05.185000+00:00,55.79999923706055,0.0,0.0
2024-06-25 22:03:04.564000+00:00,55.79999923706055,0.0,0.0
2024-06-25 22:04:04.712000+00:00,55.79999923706055,0.0,0.0
2024-06-25 22:05:04.993000+00:00,55.79999923706055,0.0,0.0
2024-06-25 22:06:05.651000+00:00,55.79999923706055,0.0,0.0
2024-06-25 22:07:04.646000+00:00,55.7400016784668,0.0,0.0
2024-06-25 22:08:04.844000+00:00,55.70000076293945,0.0,0.0
2024-06-25 22:09:04.881000+00:00,55.59999847412109,0.0,0.0
2024-06-25 22:10:05.065000+00:00,55.52999877929688,0.0,0.0
2024-06-25 22:11:04.561000+00:00,55.5,0.0,0.0
2024-06-25 22:12:05.073000+00:00,55.400001525878906,0.0,0.0
2024-06-25 22:13:04.833000+00:00,55.400001525878906,0.0,0.0
2024-06-25 22:14:05.029000+00:00,55.310001373291016,0.0,0.0
2024-06-25 22:15:04.556000+00:00,55.29999923706055,0.0,0.0
2024-06-25 22:16:04.693000+00:00,55.29999923706055,0.0,0.0
2024-06-25 22:17:04.790000+00:00,55.29999923706055,0.0,0.0
2024-06-25 22:18:05.033000+00:00,55.29999923706055,0.0,0.0
2024-06-25 22:19:04.952000+00:00,55.29999923706055,0.0,0.0
2024-06-25 22:20:04.730000+00:00,55.29999923706055,0.0,0.0
2024-06-25 22:21:04.435000+00:00,55.29999923706055,0.0,0.0
2024-06-25 22:22:04.994000+00:00,55.29999923706055,0.0,0.0
2024-06-25 22:23:04.434000+00:00,55.400001525878906,0.0,0.0
2024-06-25 22:24:04.833000+00:00,55.40999984741211,0.0,0.0
2024-06-25 22:25:05.103000+00:00,55.59999847412109,0.0,0.0
2024-06-25 22:26:05.250000+00:00,55.59999847412109,0.0,0.0
2024-06-25 22:27:04.328000+00:00,55.59999847412109,0.0,0.0
2024-06-25 22:28:05.093000+00:00,55.70000076293945,0.0,0.0
2024-06-25 22:29:04.370000+00:00,55.70000076293945,0.0,0.0
2024-06-25 22:30:04.927000+00:00,55.79999923706055,0.0,0.0
2024-06-25 22:31:03.899000+00:00,55.79999923706055,0.0,0.0
2024-06-25 22:32:04.012000+00:00,55.79999923706055,0.0,0.0
2024-06-25 22:33:04.383000+00:00,55.79999923706055,0.0,0.0
2024-06-25 22:34:04.871000+00:00,55.79999923706055,0.0,0.0
2024-06-25 22:35:05.270000+00:00,55.7400016784668,0.0,0.0
2024-06-25 22:36:04.694000+00:00,55.70000076293945,0.0,0.0
2024-06-25 22:37:04.784000+00:00,55.70000076293945,0.0,0.0
2024-06-25 22:38:05.358000+00:00,55.59999847412109,0.0,0.0
2024-06-25 22:39:04.780000+00:00,55.43000030517578,0.0,0.0
2024-06-25 22:40:05.317000+00:00,55.400001525878906,0.0,0.0
2024-06-25 22:41:04.431000+00:00,55.29999923706055,0.0,0.0
2024-06-25 22:42:05.192000+00:00,55.209999084472656,0.0,0.0
2024-06-25 22:43:04.319000+00:00,55.20000076293945,0.0,0.0
2024-06-25 22:44:04.869000+00:00,55.18999862670898,0.0,0.0
2024-06-25 22:45:04.906000+00:00,55.09999847412109,0.0,0.0
2024-06-25 22:46:04.970000+00:00,55.09999847412109,0.0,0.0
2024-06-25 22:47:04.255000+00:00,55.20000076293945,0.0,0.0
2024-06-25 22:48:04.508000+00:00,55.29999923706055,0.0,0.0
2024-06-25 22:49:04.511000+00:00,55.29999923706055,0.0,0.0
2024-06-25 22:50:05.074000+00:00,55.31999969482422,0.0,0.0
2024-06-25 22:51:04.246000+00:00,55.400001525878906,0.0,0.0
2024-06-25 22:52:05.544000+00:00,55.5,0.0,0.0
2024-06-25 22:53:04.279000+00:00,55.59999847412109,0.0,0.0
2024-06-25 22:54:04.855000+00:00,55.560001373291016,0.0,0.0
2024-06-25 22:55:05.090000+00:00,55.59999847412109,0.0,0.0
2024-06-25 22:56:05.141000+00:00,55.5,0.0,0.0
2024-06-25 22:57:04.408000+00:00,55.5,0.0,0.0
2024-06-25 22:58:04.913000+00:00,55.54999923706055,0.0,0.0
2024-06-25 22:59:04.479000+00:00,55.5,0.0,0.0
2024-06-25 23:00:07.751000+00:00,55.5,0.0,0.0
2024-06-26 00:00:06.970000+00:00,55.400001525878906,0.0,0.0
2024-06-26 00:01:05.011000+00:00,55.400001525878906,0.0,0.0
2024-06-26 00:02:04.797000+00:00,55.400001525878906,0.0,0.0
2024-06-26 00:03:04.356000+00:00,55.29999923706055,0.0,0.0
2024-06-26 00:04:04.109000+00:00,55.29999923706055,0.0,0.0
2024-06-26 00:05:04.598000+00:00,55.29999923706055,0.0,0.0
2024-06-26 00:06:04.786000+00:00,55.29999923706055,0.0,0.0
2024-06-26 00:07:04.432000+00:00,55.29999923706055,0.0,0.0
2024-06-26 00:08:04.356000+00:00,55.400001525878906,0.0,0.0
2024-06-26 00:09:04.684000+00:00,55.400001525878906,0.0,0.0
2024-06-26 00:10:04.463000+00:00,55.400001525878906,0.0,0.0
2024-06-26 00:11:05.017000+00:00,55.400001525878906,0.0,0.0
2024-06-26 00:12:04.932000+00:00,55.400001525878906,0.0,0.0
2024-06-26 00:13:05.252000+00:00,55.5,0.0,0.0
2024-06-26 00:14:05.013000+00:00,55.5,0.0,0.0
2024-06-26 00:15:05.027000+00:00,55.5,0.0,0.0
2024-06-26 00:16:04.719000+00:00,55.5,0.0,0.0
2024-06-26 00:17:04.646000+00:00,55.540000915527344,0.0,0.0
2024-06-26 00:18:04.692000+00:00,55.59999847412109,0.0,0.0
2024-06-26 00:19:04.963000+00:00,55.59999847412109,0.0,0.0
2024-06-26 00:20:04.677000+00:00,55.59999847412109,0.0,0.0
2024-06-26 00:21:04.117000+00:00,55.59999847412109,0.0,0.0
2024-06-26 00:22:04.806000+00:00,55.70000076293945,0.0,0.0
2024-06-26 00:23:04.910000+00:00,55.70000076293945,0.0,0.0
2024-06-26 00:24:04.731000+00:00,55.59999847412109,0.0,0.0
2024-06-26 00:25:04.804000+00:00,55.59999847412109,0.0,0.0
2024-06-26 00:26:05.312000+00:00,55.59999847412109,0.0,0.0
2024-06-26 00:27:04.943000+00:00,55.59999847412109,0.0,0.0
2024-06-26 00:28:04.759000+00:00,55.5099983215332,0.0,0.0
2024-06-26 00:29:04.697000+00:00,55.5099983215332,0.0,0.0
2024-06-26 00:30:05.006000+00:00,55.5,0.0,0.0
2024-06-26 00:31:04.148000+00:00,55.40999984741211,0.0,0.0
2024-06-26 00:32:04.720000+00:00,55.459999084472656,0.0,0.0
2024-06-26 00:33:04.731000+00:00,55.400001525878906,0.0,0.0
2024-06-26 00:34:04.397000+00:00,55.400001525878906,0.0,0.0
2024-06-26 00:35:04.780000+00:00,55.400001525878906,0.0,0.0
2024-06-26 00:36:04.323000+00:00,55.400001525878906,0.0,0.0
2024-06-26 00:37:04.403000+00:00,55.29999923706055,0.0,0.0
2024-06-26 00:38:03.980000+00:00,55.29999923706055,0.0,0.0
2024-06-26 00:39:05.240000+00:00,55.29999923706055,0.0,0.0
2024-06-26 00:40:04.780000+00:00,55.29999923706055,0.0,0.0
2024-06-26 00:41:04.753000+00:00,55.29999923706055,0.0,0.0
2024-06-26 00:42:05.512000+00:00,55.29999923706055,0.0,0.0
2024-06-26 00:43:04.682000+00:00,55.38999938964844,0.0,0.0
2024-06-26 00:44:04.552000+00:00,55.29999923706055,0.0,0.0
2024-06-26 00:45:04.650000+00:00,55.400001525878906,0.0,0.0
2024-06-26 00:46:04.121000+00:00,55.400001525878906,0.0,0.0
2024-06-26 00:47:04.783000+00:00,55.400001525878906,0.0,0.0
2024-06-26 00:48:04.354000+00:00,55.400001525878906,0.0,0.0
2024-06-26 00:49:05.021000+00:00,55.400001525878906,0.0,0.0
2024-06-26 00:50:04.815000+00:00,55.400001525878906,0.0,0.0
2024-06-26 00:51:04.633000+00:00,55.400001525878906,0.0,0.0
2024-06-26 00:52:05.017000+00:00,55.400001525878906,0.0,0.0
2024-06-26 00:53:05.109000+00:00,55.41999816894531,0.0,0.0
2024-06-26 00:54:04.286000+00:00,55.400001525878906,0.0,0.0
2024-06-26 00:55:04.587000+00:00,55.4900016784668,0.0,0.0
2024-06-26 00:56:04.746000+00:00,55.400001525878906,0.0,0.0
2024-06-26 00:57:04.305000+00:00,55.400001525878906,0.0,0.0
2024-06-26 00:58:04.309000+00:00,55.5,0.0,0.0
2024-06-26 00:59:04.472000+00:00,55.5,0.0,0.0
2024-06-26 01:00:06.857000+00:00,55.5,0.0,0.0
2024-06-26 01:01:04.643000+00:00,55.5,0.0,0.0
2024-06-26 01:02:04.464000+00:00,55.5,0.0,0.0
2024-06-26 01:03:04.247000+00:00,55.41999816894531,0.0,0.0
2024-06-26 01:04:04.739000+00:00,55.5,0.0,0.0
2024-06-26 01:05:04.807000+00:00,55.5,0.0,0.0
2024-06-26 01:06:05.279000+00:00,55.5,0.0,0.0
2024-06-26 01:07:04.919000+00:00,55.5,0.0,0.0
2024-06-26 01:08:04.136000+00:00,55.5,0.0,0.0
2024-06-26 01:09:04.218000+00:00,55.5,0.0,0.0
2024-06-26 01:10:04.604000+00:00,55.5,0.0,0.0
2024-06-26 01:11:04.382000+00:00,55.54999923706055,0.0,0.0
2024-06-26 01:12:04.820000+00:00,55.59999847412109,0.0,0.0
2024-06-26 01:13:04.709000+00:00,55.5,0.0,0.0
2024-06-26 01:14:04.813000+00:00,55.52000045776367,0.0,0.0
2024-06-26 01:15:05.004000+00:00,55.59999847412109,0.0,0.0
2024-06-26 01:16:03.748000+00:00,55.59999847412109,0.0,0.0
2024-06-26 01:17:04.769000+00:00,55.59999847412109,0.0,0.0
2024-06-26 01:18:04.796000+00:00,55.59000015258789,0.0,0.0
2024-06-26 01:19:04.626000+00:00,55.5,0.0,0.0
2024-06-26 01:20:04.343000+00:00,55.400001525878906,0.0,0.0
2024-06-26 01:21:04.163000+00:00,55.400001525878906,0.0,0.0
2024-06-26 01:22:04.397000+00:00,55.400001525878906,0.0,0.0
2024-06-26 01:23:05.050000+00:00,55.400001525878906,0.0,0.0
2024-06-26 01:24:04.247000+00:00,55.29999923706055,0.0,0.0
2024-06-26 01:25:04.370000+00:00,55.29999923706055,0.0,0.0
2024-06-26 01:26:05.107000+00:00,55.29999923706055,0.0,0.0
2024-06-26 01:27:04.427000+00:00,55.29999923706055,0.0,0.0
2024-06-26 01:28:04.550000+00:00,55.29999923706055,0.0,0.0
2024-06-26 01:29:04.984000+00:00,55.29999923706055,0.0,0.0
2024-06-26 01:30:05.189000+00:00,55.29999923706055,0.0,0.0
2024-06-26 01:31:04.542000+00:00,55.29999923706055,0.0,0.0
2024-06-26 01:32:04.590000+00:00,55.400001525878906,0.0,0.0
2024-06-26 01:33:04.714000+00:00,55.29999923706055,0.0,0.0
2024-06-26 01:34:04.191000+00:00,55.29999923706055,0.0,0.0
2024-06-26 01:35:04.759000+00:00,55.29999923706055,0.0,0.0
2024-06-26 01:36:04.918000+00:00,55.400001525878906,0.0,0.0
2024-06-26 01:37:04.360000+00:00,55.5,0.0,0.0
2024-06-26 01:38:04.686000+00:00,55.5,0.0,0.0
2024-06-26 01:39:05.060000+00:00,55.5,0.0,0.0
2024-06-26 01:40:04.856000+00:00,55.59999847412109,0.0,0.0
2024-06-26 01:41:04.375000+00:00,55.59999847412109,0.0,0.0
2024-06-26 01:42:04.743000+00:00,55.59999847412109,0.0,0.0
2024-06-26 01:43:04.467000+00:00,55.59999847412109,0.0,0.0
2024-06-26 01:44:04.383000+00:00,55.59999847412109,0.0,0.0
2024-06-26 01:45:04.324000+00:00,55.59999847412109,0.0,0.0
2024-06-26 01:46:04.443000+00:00,55.630001068115234,0.0,0.0
2024-06-26 01:47:04.375000+00:00,55.70000076293945,0.0,0.0
2024-06-26 01:48:04.556000+00:00,55.59999847412109,0.0,0.0
2024-06-26 01:49:03.934000+00:00,55.59999847412109,0.0,0.0
2024-06-26 01:50:03.999000+00:00,55.59999847412109,0.0,0.0
2024-06-26 01:51:04.372000+00:00,55.59999847412109,0.0,0.0
2024-06-26 01:52:05.498000+00:00,55.540000915527344,0.0,0.0
2024-06-26 01:53:03.976000+00:00,55.5,0.0,0.0
2024-06-26 01:54:04.748000+00:00,55.40999984741211,0.0,0.0
2024-06-26 01:55:04.661000+00:00,55.470001220703125,0.0,0.0
2024-06-26 01:56:04.575000+00:00,55.400001525878906,0.0,0.0
2024-06-26 01:57:04.847000+00:00,55.400001525878906,0.0,0.0
2024-06-26 01:58:04.626000+00:00,55.400001525878906,0.0,0.0
2024-06-26 01:59:03.989000+00:00,55.38999938964844,0.0,0.0
2024-06-26 02:00:08.012000+00:00,55.29999923706055,0.0,0.0
2024-06-26 02:01:04.682000+00:00,55.5,0.0,0.0
2024-06-26 02:02:04.736000+00:00,56.79999923706055,0.0,0.0
2024-06-26 02:03:04.483000+00:00,57.900001525878906,0.0,0.0
2024-06-26 02:04:04.611000+00:00,58.59999847412109,0.0,0.0
2024-06-26 02:05:04.839000+00:00,59.0,0.0,0.0
2024-06-26 02:06:05.043000+00:00,59.09999847412109,0.0,0.0
2024-06-26 02:07:05.073000+00:00,59.18999862670898,0.0,0.0
2024-06-26 02:08:04.664000+00:00,59.09999847412109,0.0,0.0
2024-06-26 02:09:04.621000+00:00,59.0,0.0,0.0
2024-06-26 02:10:05.234000+00:00,58.79999923706055,0.0,0.0
2024-06-26 02:11:04.732000+00:00,58.59999847412109,0.0,0.0
2024-06-26 02:12:05.098000+00:00,58.5,0.0,0.0
2024-06-26 02:13:05.194000+00:00,58.400001525878906,0.0,0.0
2024-06-26 02:14:04.553000+00:00,58.29999923706055,0.0,0.0
2024-06-26 02:15:04.753000+00:00,58.20000076293945,0.0,0.0
2024-06-26 02:16:04.805000+00:00,58.09999847412109,0.0,0.0
2024-06-26 02:17:04.753000+00:00,58.0,0.0,0.0
2024-06-26 02:18:05.340000+00:00,57.900001525878906,0.0,0.0
2024-06-26 02:19:04.344000+00:00,57.900001525878906,0.0,0.0
2024-06-26 02:20:05.103000+00:00,57.95000076293945,0.0,0.0
2024-06-26 02:21:03.757000+00:00,57.91999816894531,0.0,0.0
2024-06-26 02:22:04.309000+00:00,58.0,0.0,0.0
2024-06-26 02:23:04.088000+00:00,58.09000015258789,0.0,0.0
2024-06-26 02:24:04.719000+00:00,58.09999847412109,0.0,0.0
2024-06-26 02:25:04.416000+00:00,58.20000076293945,0.0,0.0
2024-06-26 02:26:04.797000+00:00,58.29999923706055,0.0,0.0
2024-06-26 02:27:04.314000+00:00,58.400001525878906,0.0,0.0
2024-06-26 02:28:04.943000+00:00,58.5,0.0,0.0
2024-06-26 02:29:04.185000+00:00,58.59999847412109,0.0,0.0
2024-06-26 02:30:04.961000+00:00,58.59999847412109,0.0,0.0
2024-06-26 02:31:04.608000+00:00,58.59999847412109,0.0,0.0
2024-06-26 02:32:04.698000+00:00,58.68999862670898,0.0,0.0
2024-06-26 02:33:04.263000+00:00,58.70000076293945,0.0,0.0
2024-06-26 02:34:04.252000+00:00,58.59999847412109,0.0,0.0
2024-06-26 02:35:04.548000+00:00,58.59000015258789,0.0,0.0
2024-06-26 02:36:04.767000+00:00,58.5,0.0,0.0
2024-06-26 02:37:04.385000+00:00,58.41999816894531,0.0,0.0
2024-06-26 02:38:04.443000+00:00,58.400001525878906,0.0,0.0
2024-06-26 02:39:05.300000+00:00,58.29999923706055,0.0,0.0
2024-06-26 02:40:04.699000+00:00,58.29999923706055,0.0,0.0
2024-06-26 02:41:04.853000+00:00,58.20000076293945,0.0,0.0
2024-06-26 02:42:05.265000+00:00,58.11000061035156,0.0,0.0
2024-06-26 02:43:04.835000+00:00,58.20000076293945,0.0,0.0
2024-06-26 02:44:04.309000+00:00,58.09999847412109,0.0,0.0
2024-06-26 02:45:04.344000+00:00,58.09999847412109,0.0,0.0
2024-06-26 02:46:04.346000+00:00,58.09999847412109,0.0,0.0
2024-06-26 02:47:04.358000+00:00,58.09999847412109,0.0,0.0
2024-06-26 02:48:04.736000+00:00,58.09999847412109,0.0,0.0
2024-06-26 02:49:04.740000+00:00,58.20000076293945,0.0,0.0
2024-06-26 02:50:04.995000+00:00,58.20000076293945,0.0,0.0
2024-06-26 02:51:04.869000+00:00,58.29999923706055,0.0,0.0
2024-06-26 02:52:04.876000+00:00,58.29999923706055,0.0,0.0
2024-06-26 02:53:05.136000+00:00,58.380001068115234,0.0,0.0
2024-06-26 02:54:04.473000+00:00,58.400001525878906,0.0,0.0
2024-06-26 02:55:04.930000+00:00,58.400001525878906,0.0,0.0
2024-06-26 02:56:04.628000+00:00,58.400001525878906,0.0,0.0
2024-06-26 02:57:04.169000+00:00,58.400001525878906,0.0,0.0
2024-06-26 02:58:04.656000+00:00,58.400001525878906,0.0,0.0
2024-06-26 02:59:04.563000+00:00,58.29999923706055,0.0,0.0
2024-06-26 03:00:07.050000+00:00,58.38999938964844,0.0,0.0
2024-06-26 03:01:04.958000+00:00,58.29999923706055,0.0,0.0
2024-06-26 03:02:04.247000+00:00,58.29999923706055,0.0,0.0
2024-06-26 03:03:04.222000+00:00,58.29999923706055,0.0,0.0
2024-06-26 03:04:04.384000+00:00,58.29999923706055,0.0,0.0
2024-06-26 03:05:04.037000+00:00,58.29999923706055,0.0,0.0
2024-06-26 03:06:04.994000+00:00,58.29999923706055,0.0,0.0
2024-06-26 03:07:04.490000+00:00,58.29999923706055,0.0,0.0
2024-06-26 03:08:04.600000+00:00,58.29999923706055,0.0,0.0
2024-06-26 03:09:04.814000+00:00,58.29999923706055,0.0,0.0
2024-06-26 03:10:04.679000+00:00,58.29999923706055,0.0,0.0
2024-06-26 03:11:04.448000+00:00,58.29999923706055,0.0,0.0
2024-06-26 03:12:05.057000+00:00,58.09999847412109,0.0,0.0
2024-06-26 03:13:05.289000+00:00,57.900001525878906,0.0,0.0
2024-06-26 03:14:04.616000+00:00,57.900001525878906,0.0,0.0
2024-06-26 03:15:04.988000+00:00,54.900001525878906,0.0,0.0
2024-06-26 03:16:04.941000+00:00,55.68999862670898,0.0,0.0
2024-06-26 03:17:04.524000+00:00,55.2599983215332,0.0,0.0
2024-06-26 03:18:04.456000+00:00,56.59000015258789,0.0,0.0
2024-06-26 03:19:04.090000+00:00,58.09999847412109,0.0,0.0
2024-06-26 03:20:04.724000+00:00,59.0,0.0,0.0
2024-06-26 03:21:04.665000+00:00,59.29999923706055,0.0,0.0
2024-06-26 03:22:05.139000+00:00,59.5,0.0,0.0
2024-06-26 03:23:04.613000+00:00,59.400001525878906,0.0,0.0
2024-06-26 03:24:04.835000+00:00,59.36000061035156,0.0,0.0
2024-06-26 03:25:05.092000+00:00,59.20000076293945,0.0,0.0
2024-06-26 03:26:05.210000+00:00,59.0,0.0,0.0
2024-06-26 03:27:05.147000+00:00,58.900001525878906,0.0,0.0
2024-06-26 03:28:04.699000+00:00,58.70000076293945,0.0,0.0
2024-06-26 03:29:04.471000+00:00,58.59999847412109,0.0,0.0
2024-06-26 03:30:05.116000+00:00,58.400001525878906,0.0,0.0
2024-06-26 03:31:04.812000+00:00,58.29999923706055,0.0,0.0
2024-06-26 03:32:04.718000+00:00,58.20000076293945,0.0,0.0
2024-06-26 03:33:04.467000+00:00,58.09999847412109,0.0,0.0
2024-06-26 03:34:04.412000+00:00,58.0,0.0,0.0
2024-06-26 03:35:04.996000+00:00,57.900001525878906,0.0,0.0
2024-06-26 03:36:05.095000+00:00,57.79999923706055,0.0,0.0
2024-06-26 03:37:04.683000+00:00,57.79999923706055,0.0,0.0
2024-06-26 03:38:04.406000+00:00,57.88999938964844,0.0,0.0
2024-06-26 03:39:04.822000+00:00,57.79999923706055,0.0,0.0
2024-06-26 03:40:05.040000+00:00,58.0,0.0,0.0
2024-06-26 03:41:04.826000+00:00,58.09999847412109,0.0,0.0
2024-06-26 03:42:04.925000+00:00,58.29999923706055,0.0,0.0
2024-06-26 03:43:04.447000+00:00,58.400001525878906,0.0,0.0
2024-06-26 03:44:04.163000+00:00,58.47999954223633,0.0,0.0
2024-06-26 03:45:05.143000+00:00,58.54999923706055,0.0,0.0
2024-06-26 03:46:04.745000+00:00,58.5099983215332,0.0,0.0
2024-06-26 03:47:04.356000+00:00,58.59999847412109,0.0,0.0
2024-06-26 03:48:04.698000+00:00,58.59999847412109,0.0,0.0
2024-06-26 03:49:04.165000+00:00,58.70000076293945,0.0,0.0
2024-06-26 03:50:04.831000+00:00,58.59999847412109,0.0,0.0
2024-06-26 03:51:04.979000+00:00,58.59999847412109,0.0,0.0
2024-06-26 03:52:05.165000+00:00,58.5,0.0,0.0
2024-06-26 03:53:04.473000+00:00,58.5,0.0,0.0
2024-06-26 03:54:04.749000+00:00,58.400001525878906,0.0,0.0
2024-06-26 03:55:04.371000+00:00,58.400001525878906,0.0,0.0
2024-06-26 03:56:04.573000+00:00,58.29999923706055,0.0,0.0
2024-06-26 03:57:04.494000+00:00,58.29999923706055,0.0,0.0
2024-06-26 03:58:04.316000+00:00,58.220001220703125,0.0,0.0
2024-06-26 03:59:04.284000+00:00,58.20000076293945,0.0,0.0
2024-06-26 04:00:06.487000+00:00,58.20000076293945,0.0,0.0
2024-06-26 04:01:05.249000+00:00,58.09999847412109,0.0,0.0
2024-06-26 04:02:04.152000+00:00,58.09999847412109,0.0,0.0
2024-06-26 04:03:04.337000+00:00,58.09999847412109,0.0,0.0
2024-06-26 04:04:04.769000+00:00,58.09999847412109,0.0,0.0
2024-06-26 04:05:04.935000+00:00,58.09999847412109,0.0,0.0
2024-06-26 04:06:05.393000+00:00,58.09999847412109,0.0,0.0
2024-06-26 04:07:04.517000+00:00,58.130001068115234,0.0,0.0
2024-06-26 04:08:04.771000+00:00,58.119998931884766,0.0,0.0
2024-06-26 04:09:04.943000+00:00,58.20000076293945,0.0,0.0
2024-06-26 04:10:04.499000+00:00,58.20000076293945,0.0,0.0
2024-06-26 04:11:04.341000+00:00,58.20000076293945,0.0,0.0
2024-06-26 04:12:04.609000+00:00,58.20000076293945,0.0,0.0
2024-06-26 04:13:05.048000+00:00,58.20000076293945,0.0,0.0
2024-06-26 04:14:04.503000+00:00,58.20000076293945,0.0,0.0
2024-06-26 04:15:05.158000+00:00,58.209999084472656,0.0,0.0
2024-06-26 04:16:04.165000+00:00,58.29999923706055,0.0,0.0
2024-06-26 04:17:05.043000+00:00,58.20000076293945,0.0,0.0
2024-06-26 04:18:04.711000+00:00,58.20000076293945,0.0,0.0
2024-06-26 04:19:04.437000+00:00,56.31999969482422,0.0,0.0
2024-06-26 04:20:04.269000+00:00,56.959999084472656,0.0,0.0
2024-06-26 04:21:04.926000+00:00,57.66999816894531,0.0,0.0
2024-06-26 04:22:03.811000+00:00,58.20000076293945,0.0,0.0
2024-06-26 04:23:04.371000+00:00,52.93999862670898,0.0,0.0
2024-06-26 04:24:04.798000+00:00,56.959999084472656,0.0,0.0
2024-06-26 04:25:04.479000+00:00,58.72999954223633,0.0,0.0
2024-06-26 04:26:04.480000+00:00,59.59999847412109,0.0,0.0
2024-06-26 04:27:04.323000+00:00,59.79999923706055,0.0,0.0
2024-06-26 04:28:04.298000+00:00,59.79999923706055,0.0,0.0
2024-06-26 04:29:04.774000+00:00,59.65999984741211,0.0,0.0
2024-06-26 04:30:04.979000+00:00,57.0099983215332,0.0,0.0
2024-06-26 04:31:04.990000+00:00,53.06999969482422,0.0,0.0
2024-06-26 04:32:04.286000+00:00,50.79999923706055,0.0,0.0
2024-06-26 04:33:04.589000+00:00,49.59999847412109,0.0,0.0
2024-06-26 04:34:04.719000+00:00,53.4900016784668,0.0,0.0
2024-06-26 04:35:04.612000+00:00,57.290000915527344,0.0,0.0
2024-06-26 04:36:04.757000+00:00,59.59999847412109,0.0,0.0
2024-06-26 04:37:04.769000+00:00,60.459999084472656,0.0,0.0
2024-06-26 04:38:04.663000+00:00,60.5,0.0,0.0
2024-06-26 04:39:05.255000+00:00,60.5,0.0,0.0
2024-06-26 04:40:05.249000+00:00,59.79999923706055,0.0,0.0
2024-06-26 04:41:04.999000+00:00,59.59999847412109,0.0,0.0
2024-06-26 04:42:04.580000+00:00,59.400001525878906,0.0,0.0
2024-06-26 04:43:04.632000+00:00,59.0,0.0,0.0
2024-06-26 04:44:04.898000+00:00,58.59999847412109,0.0,0.0
2024-06-26 04:45:04.819000+00:00,58.43999862670898,0.0,0.0
2024-06-26 04:46:04.317000+00:00,58.29999923706055,0.0,0.0
2024-06-26 04:47:04.336000+00:00,58.20000076293945,0.0,0.0
2024-06-26 04:48:04.576000+00:00,58.13999938964844,0.0,0.0
2024-06-26 04:49:04.973000+00:00,58.09999847412109,0.0,0.0
2024-06-26 04:50:04.422000+00:00,58.09000015258789,0.0,0.0
2024-06-26 04:51:04.250000+00:00,58.0,0.0,0.0
2024-06-26 04:52:04.921000+00:00,58.09999847412109,0.0,0.0
2024-06-26 04:53:04.825000+00:00,58.20000076293945,0.0,0.0
2024-06-26 04:54:04.932000+00:00,58.29999923706055,0.0,0.0
2024-06-26 04:55:04.836000+00:00,58.29999923706055,0.0,0.0
2024-06-26 04:56:05.040000+00:00,58.400001525878906,0.0,0.0
2024-06-26 04:57:04.282000+00:00,58.5,0.0,0.0
2024-06-26 04:58:04.443000+00:00,58.5,0.0,0.0
2024-06-26 04:59:04.784000+00:00,58.59999847412109,0.0,0.0
2024-06-26 05:00:07.388000+00:00,58.59999847412109,0.0,0.0
2024-06-26 05:01:05.300000+00:00,58.54999923706055,0.0,0.0
2024-06-26 05:02:04.876000+00:00,58.59000015258789,0.0,0.0
2024-06-26 05:03:05.221000+00:00,58.5,0.0,0.0
2024-06-26 05:04:04.846000+00:00,58.5,0.0,0.0
2024-06-26 05:05:04.056000+00:00,58.5,0.0,0.0
2024-06-26 05:06:05.503000+00:00,58.5,0.0,0.0
2024-06-26 05:07:05.021000+00:00,58.5,0.0,0.0
2024-06-26 05:08:04.786000+00:00,58.5,0.0,0.0
2024-06-26 05:09:04.646000+00:00,58.5,0.0,0.0
2024-06-26 05:10:05.289000+00:00,58.400001525878906,0.0,0.0
2024-06-26 05:11:04.814000+00:00,58.400001525878906,0.0,0.0
2024-06-26 05:12:05.043000+00:00,58.29999923706055,0.0,0.0
2024-06-26 05:13:05.328000+00:00,58.29999923706055,0.0,0.0
2024-06-26 05:14:05.044000+00:00,58.20000076293945,0.0,0.0
2024-06-26 05:15:04.479000+00:00,58.09999847412109,0.0,0.0
2024-06-26 05:16:04.379000+00:00,58.09999847412109,0.0,0.0
2024-06-26 05:17:04.684000+00:00,58.09999847412109,0.0,0.0
2024-06-26 05:18:05.550000+00:00,58.0,0.0,0.0
2024-06-26 05:19:04.471000+00:00,58.0,0.0,0.0
2024-06-26 05:20:05.098000+00:00,58.0,0.0,0.0
2024-06-26 05:21:04.461000+00:00,58.0,0.0,0.0
2024-06-26 05:22:04.861000+00:00,58.0,0.0,0.0
2024-06-26 05:23:04.644000+00:00,58.08000183105469,0.0,0.0
2024-06-26 05:24:04.632000+00:00,58.09999847412109,0.0,0.0
2024-06-26 05:25:04.764000+00:00,58.09999847412109,0.0,0.0
2024-06-26 05:26:05.269000+00:00,58.09999847412109,0.0,0.0
2024-06-26 05:27:04.730000+00:00,58.20000076293945,0.0,0.0
2024-06-26 05:28:04.436000+00:00,58.20000076293945,0.0,0.0
2024-06-26 05:29:04.877000+00:00,58.20000076293945,0.0,0.0
2024-06-26 05:30:04.853000+00:00,58.20000076293945,0.0,0.0
2024-06-26 05:31:04.543000+00:00,58.20000076293945,0.0,0.0
2024-06-26 05:32:04.537000+00:00,58.20000076293945,0.0,0.0
2024-06-26 05:33:05.355000+00:00,58.20000076293945,0.0,0.0
2024-06-26 05:34:04.729000+00:00,58.20000076293945,0.0,0.0
2024-06-26 05:35:05.412000+00:00,58.29999923706055,0.0,0.0
2024-06-26 05:36:04.753000+00:00,58.29999923706055,0.0,0.0
2024-06-26 05:37:04.223000+00:00,58.27000045776367,0.0,0.0
2024-06-26 05:38:04.614000+00:00,58.209999084472656,0.0,0.0
2024-06-26 05:39:04.999000+00:00,58.29999923706055,0.0,0.0
2024-06-26 05:40:04.618000+00:00,58.29999923706055,0.0,0.0
2024-06-26 05:41:04.925000+00:00,58.400001525878906,0.0,0.0
2024-06-26 05:42:04.936000+00:00,56.70000076293945,0.0,0.0
2024-06-26 05:43:04.637000+00:00,56.79999923706055,0.0,0.0
2024-06-26 05:44:04.750000+00:00,54.40999984741211,0.0,0.0
2024-06-26 05:45:04.726000+00:00,55.310001373291016,0.0,0.0
2024-06-26 05:46:04.611000+00:00,56.7599983215332,0.0,0.0
2024-06-26 05:47:04.034000+00:00,58.11000061035156,0.0,0.0
2024-06-26 05:48:05.519000+00:00,58.900001525878906,0.0,0.0
2024-06-26 05:49:04.669000+00:00,59.0,0.0,0.0
2024-06-26 05:50:04.541000+00:00,59.0,0.0,0.0
2024-06-26 05:51:04.791000+00:00,59.0,0.0,0.0
2024-06-26 05:52:05+00:00,59.0099983215332,0.0,0.0
2024-06-26 05:53:04.260000+00:00,59.0,0.0,0.0
2024-06-26 05:54:04.142000+00:00,59.0,0.0,0.0
2024-06-26 05:55:04.935000+00:00,58.900001525878906,0.0,0.0
2024-06-26 05:56:04.809000+00:00,54.22999954223633,0.0,0.0
2024-06-26 05:57:04.449000+00:00,53.36000061035156,0.0,0.0
2024-06-26 05:58:04.670000+00:00,54.880001068115234,0.0,0.0
2024-06-26 05:59:04.461000+00:00,52.06999969482422,0.0,0.0
2024-06-26 06:00:07.354000+00:00,54.27999877929688,0.0,0.0
2024-06-26 06:01:05.180000+00:00,56.86000061035156,0.0,0.0
2024-06-26 06:02:04.413000+00:00,58.59999847412109,0.0,0.0
2024-06-26 06:03:04.742000+00:00,59.45000076293945,0.0,0.0
2024-06-26 06:04:04.648000+00:00,59.59999847412109,0.0,0.0
2024-06-26 06:05:04.539000+00:00,59.59999847412109,0.0,0.0
2024-06-26 06:06:05.510000+00:00,59.5,0.0,0.0
2024-06-26 06:07:04.236000+00:00,59.29999923706055,0.0,0.0
2024-06-26 06:08:04.773000+00:00,59.09999847412109,0.0,0.0
2024-06-26 06:09:04.669000+00:00,59.0,0.0,0.0
2024-06-26 06:10:04.698000+00:00,58.79999923706055,0.0,0.0
2024-06-26 06:11:04.834000+00:00,58.70000076293945,0.0,0.0
2024-06-26 06:12:04.777000+00:00,58.5,0.0,0.0
2024-06-26 06:13:04.893000+00:00,58.400001525878906,0.0,0.0
2024-06-26 06:14:04.896000+00:00,58.29999923706055,0.0,0.0
2024-06-26 06:15:04.259000+00:00,58.20000076293945,0.0,0.0
2024-06-26 06:16:05.100000+00:00,58.20000076293945,0.0,0.0
2024-06-26 06:17:04.715000+00:00,58.09999847412109,0.0,0.0
2024-06-26 06:18:05.309000+00:00,58.09999847412109,0.0,0.0
2024-06-26 06:19:04.287000+00:00,58.0,0.0,0.0
2024-06-26 06:20:05.326000+00:00,58.0,0.0,0.0
2024-06-26 06:21:04.830000+00:00,58.0,0.0,0.0
2024-06-26 06:22:04.176000+00:00,58.09999847412109,0.0,0.0
2024-06-26 06:23:05.032000+00:00,58.09999847412109,0.0,0.0
2024-06-26 06:24:04.906000+00:00,58.20000076293945,0.0,0.0
2024-06-26 06:25:04.935000+00:00,58.20000076293945,0.0,0.0
2024-06-26 06:26:05.501000+00:00,58.2599983215332,0.0,0.0
2024-06-26 06:27:04.769000+00:00,58.29999923706055,0.0,0.0
2024-06-26 06:28:04.762000+00:00,58.29999923706055,0.0,0.0
2024-06-26 06:29:04.753000+00:00,58.400001525878906,0.0,0.0
2024-06-26 06:30:05.092000+00:00,58.400001525878906,0.0,0.0
2024-06-26 06:31:04.705000+00:00,58.40999984741211,0.0,0.0
2024-06-26 06:32:05.023000+00:00,58.5,0.0,0.0
2024-06-26 06:33:04.262000+00:00,58.59999847412109,0.0,0.0
2024-06-26 06:34:04.504000+00:00,58.59999847412109,0.0,0.0
2024-06-26 06:35:04.995000+00:00,58.59999847412109,0.0,0.0
2024-06-26 06:36:04.952000+00:00,58.59999847412109,0.0,0.0
2024-06-26 06:37:04.485000+00:00,58.59999847412109,0.0,0.0
2024-06-26 06:38:05.191000+00:00,58.59999847412109,0.0,0.0
2024-06-26 06:39:05.030000+00:00,58.59999847412109,0.0,0.0
2024-06-26 06:40:05.086000+00:00,58.59999847412109,0.0,0.0
2024-06-26 06:41:04.645000+00:00,58.59999847412109,0.0,0.0
2024-06-26 06:42:05.474000+00:00,58.59999847412109,0.0,0.0
2024-06-26 06:43:04.198000+00:00,58.5099983215332,0.0,0.0
2024-06-26 06:44:04.987000+00:00,58.40999984741211,0.0,0.0
2024-06-26 06:45:04.869000+00:00,58.400001525878906,0.0,0.0
2024-06-26 06:46:05.284000+00:00,58.400001525878906,0.0,0.0
2024-06-26 06:47:05.011000+00:00,58.29999923706055,0.0,0.0
2024-06-26 06:48:04.516000+00:00,58.29999923706055,0.0,0.0
2024-06-26 06:49:04.992000+00:00,58.20000076293945,0.0,0.0
2024-06-26 06:50:04.999000+00:00,58.20000076293945,0.0,0.0
2024-06-26 06:51:05.255000+00:00,58.09999847412109,0.0,0.0
2024-06-26 06:52:05.444000+00:00,58.0,0.0,0.0
2024-06-26 06:53:04.500000+00:00,58.0,0.0,0.0
2024-06-26 06:54:04.602000+00:00,57.900001525878906,0.0,0.0
2024-06-26 06:55:04.715000+00:00,58.09999847412109,0.0,0.0
2024-06-26 06:56:04.782000+00:00,58.29999923706055,0.0,0.0
2024-06-26 06:57:05.026000+00:00,58.400001525878906,0.0,0.0
2024-06-26 06:58:04.648000+00:00,58.5,0.0,0.0
2024-06-26 06:59:04.885000+00:00,56.560001373291016,0.0,0.0
2024-06-26 07:00:06.676000+00:00,57.06999969482422,0.0,0.0
2024-06-26 07:01:05.293000+00:00,57.650001525878906,0.0,0.0
2024-06-26 07:02:04.607000+00:00,58.09000015258789,0.0,0.0
2024-06-26 07:03:04.571000+00:00,58.400001525878906,0.0,0.0
2024-06-26 07:04:04.805000+00:00,58.59999847412109,0.0,0.0
2024-06-26 07:05:04.450000+00:00,58.880001068115234,0.0,0.0
2024-06-26 07:06:06.199000+00:00,59.0,0.0,0.0
2024-06-26 07:07:05.057000+00:00,57.61000061035156,0.0,0.0
2024-06-26 07:08:04.733000+00:00,56.5099983215332,0.0,0.0
2024-06-26 07:09:04.874000+00:00,56.959999084472656,0.0,0.0
2024-06-26 07:10:04.557000+00:00,57.5,0.0,0.0
2024-06-26 07:11:04.561000+00:00,57.93000030517578,0.0,0.0
2024-06-26 07:12:04.533000+00:00,58.400001525878906,0.0,0.0
2024-06-26 07:13:05.382000+00:00,58.79999923706055,0.0,0.0
2024-06-26 07:14:04.590000+00:00,59.0,0.0,0.0
2024-06-26 07:15:04.480000+00:00,59.0,0.0,0.0
2024-06-26 07:16:05.384000+00:00,59.09999847412109,0.0,0.0
2024-06-26 07:17:05.136000+00:00,59.0,0.0,0.0
2024-06-26 07:18:04.478000+00:00,58.959999084472656,0.0,0.0
2024-06-26 07:19:04.832000+00:00,58.900001525878906,0.0,0.0
2024-06-26 07:20:04.929000+00:00,58.400001525878906,0.0,0.0
2024-06-26 07:21:04.389000+00:00,58.0,0.0,0.0
2024-06-26 07:22:04.769000+00:00,57.70000076293945,0.0,0.0
2024-06-26 07:23:04.950000+00:00,57.70000076293945,0.0,0.0
2024-06-26 07:24:04.894000+00:00,57.70000076293945,0.0,0.0
2024-06-26 07:25:04.761000+00:00,57.810001373291016,0.0,0.0
2024-06-26 07:26:05.524000+00:00,58.0,0.0,0.0
2024-06-26 07:27:04.575000+00:00,58.09999847412109,0.0,0.0
2024-06-26 07:28:04.386000+00:00,58.29999923706055,0.0,0.0
2024-06-26 07:29:04.562000+00:00,58.400001525878906,0.0,0.0
2024-06-26 07:30:05.385000+00:00,58.59999847412109,0.0,0.0
2024-06-26 07:31:04.099000+00:00,58.619998931884766,0.0,0.0
2024-06-26 07:32:04.834000+00:00,58.5,0.0,0.0
2024-06-26 07:33:05.237000+00:00,58.59000015258789,0.0,0.0
2024-06-26 07:34:04.868000+00:00,58.59999847412109,0.0,0.0
2024-06-26 07:35:05.138000+00:00,58.59999847412109,0.0,0.0
2024-06-26 07:36:04.627000+00:00,58.70000076293945,0.0,0.0
2024-06-26 07:37:04.717000+00:00,58.70000076293945,0.0,0.0
2024-06-26 07:38:04.534000+00:00,58.70000076293945,0.0,0.0
2024-06-26 07:39:05.121000+00:00,58.790000915527344,0.0,0.0
2024-06-26 07:40:04.854000+00:00,58.29999923706055,0.0,0.0
2024-06-26 07:41:04.415000+00:00,58.29999923706055,0.0,0.0
2024-06-26 07:42:04.862000+00:00,58.33000183105469,0.0,0.0
2024-06-26 07:43:05.104000+00:00,58.400001525878906,0.0,0.0
2024-06-26 07:44:04.154000+00:00,58.400001525878906,0.0,0.0
2024-06-26 07:45:05.224000+00:00,58.400001525878906,0.0,0.0
2024-06-26 07:46:04.380000+00:00,58.400001525878906,0.0,0.0
2024-06-26 07:47:04.713000+00:00,58.400001525878906,0.0,0.0
2024-06-26 07:48:05.294000+00:00,58.400001525878906,0.0,0.0
2024-06-26 07:49:04.735000+00:00,58.45000076293945,0.0,0.0
2024-06-26 07:50:05.107000+00:00,58.400001525878906,0.0,0.0
2024-06-26 07:51:04.525000+00:00,58.400001525878906,0.0,0.0
2024-06-26 07:52:05.178000+00:00,58.400001525878906,0.0,0.0
2024-06-26 07:53:04.102000+00:00,58.5,0.0,0.0
2024-06-26 07:54:04.225000+00:00,58.5,0.0,0.0
2024-06-26 07:55:05.350000+00:00,58.59999847412109,0.0,0.0
2024-06-26 07:56:04.852000+00:00,58.59999847412109,0.0,0.0
2024-06-26 07:57:04.203000+00:00,58.59999847412109,0.0,0.0
2024-06-26 07:58:04.630000+00:00,58.59999847412109,0.0,0.0
2024-06-26 07:59:04.685000+00:00,58.59999847412109,0.0,0.0
2024-06-26 08:00:08.288000+00:00,58.59999847412109,0.0,0.0
2024-06-26 08:01:04.842000+00:00,58.5,0.0,0.0
2024-06-26 08:02:04.573000+00:00,58.5,0.0,0.0
2024-06-26 08:03:04.423000+00:00,58.41999816894531,0.0,0.0
2024-06-26 08:04:05.294000+00:00,58.400001525878906,0.0,0.0
2024-06-26 08:05:04.948000+00:00,58.400001525878906,0.0,0.0
2024-06-26 08:06:05.402000+00:00,58.369998931884766,0.0,0.0
2024-06-26 08:07:04.342000+00:00,58.29999923706055,0.0,0.0
2024-06-26 08:08:04.155000+00:00,58.29999923706055,0.0,0.0
2024-06-26 08:09:04.249000+00:00,58.29999923706055,0.0,0.0
2024-06-26 08:10:05.241000+00:00,58.31999969482422,0.0,0.0
2024-06-26 08:11:04.432000+00:00,58.400001525878906,0.0,0.0
2024-06-26 08:12:04.900000+00:00,58.400001525878906,0.0,0.0
2024-06-26 08:13:05.194000+00:00,58.400001525878906,0.0,0.0
2024-06-26 08:14:04.837000+00:00,58.400001525878906,0.0,0.0
2024-06-26 08:15:04.998000+00:00,58.29999923706055,0.0,0.0
2024-06-26 08:16:04.139000+00:00,58.29999923706055,0.0,0.0
2024-06-26 08:17:05.065000+00:00,58.29999923706055,0.0,0.0
2024-06-26 08:18:05.263000+00:00,58.29999923706055,0.0,0.0
2024-06-26 08:19:05.039000+00:00,58.400001525878906,0.0,0.0
2024-06-26 08:20:04.357000+00:00,58.400001525878906,0.0,0.0
2024-06-26 08:21:04.455000+00:00,58.5,0.0,0.0
2024-06-26 08:22:05.071000+00:00,58.59999847412109,0.0,0.0
2024-06-26 08:23:04.617000+00:00,58.59999847412109,0.0,0.0
2024-06-26 08:24:05.093000+00:00,58.59999847412109,0.0,0.0
2024-06-26 08:25:05.391000+00:00,58.59999847412109,0.0,0.0
2024-06-26 08:26:05.051000+00:00,58.59999847412109,0.0,0.0
2024-06-26 08:27:04.928000+00:00,58.70000076293945,0.0,0.0
2024-06-26 08:28:04.092000+00:00,58.70000076293945,0.0,0.0
2024-06-26 08:29:04.600000+00:00,58.70000076293945,0.0,0.0
2024-06-26 08:30:05.248000+00:00,58.70000076293945,0.0,0.0
2024-06-26 08:31:04.895000+00:00,58.68000030517578,0.0,0.0
2024-06-26 08:32:04.900000+00:00,58.59999847412109,0.0,0.0
2024-06-26 08:33:04.601000+00:00,58.59999847412109,0.0,0.0
2024-06-26 08:34:04.579000+00:00,58.5099983215332,0.0,0.0
2024-06-26 08:35:05.188000+00:00,58.5,0.0,0.0
2024-06-26 08:36:04.672000+00:00,58.45000076293945,0.0,0.0
2024-06-26 08:37:04.955000+00:00,58.400001525878906,0.0,0.0
2024-06-26 08:38:04.596000+00:00,58.400001525878906,0.0,0.0
2024-06-26 08:39:05.145000+00:00,58.20000076293945,0.0,0.0
2024-06-26 08:40:05.044000+00:00,57.59999847412109,0.0,0.0
2024-06-26 08:41:04.554000+00:00,57.68000030517578,0.0,0.0
2024-06-26 08:42:05.191000+00:00,57.70000076293945,0.0,0.0
2024-06-26 08:43:04.788000+00:00,57.79999923706055,0.0,0.0
2024-06-26 08:44:04.625000+00:00,58.0,0.0,0.0
2024-06-26 08:45:04.281000+00:00,58.20000076293945,0.0,0.0
2024-06-26 08:46:03.954000+00:00,58.400001525878906,0.0,0.0
2024-06-26 08:47:04.656000+00:00,58.59999847412109,0.0,0.0
2024-06-26 08:48:04.285000+00:00,58.70000076293945,0.0,0.0
2024-06-26 08:49:04.361000+00:00,58.900001525878906,0.0,0.0
2024-06-26 08:50:05.016000+00:00,58.900001525878906,0.0,0.0
2024-06-26 08:51:04.081000+00:00,58.93000030517578,0.0,0.0
2024-06-26 08:52:05.389000+00:00,59.0,0.0,0.0
2024-06-26 08:53:04.351000+00:00,58.900001525878906,0.0,0.0
2024-06-26 08:54:04.763000+00:00,58.79999923706055,0.0,0.0
2024-06-26 08:55:04.778000+00:00,58.79999923706055,0.0,0.0
2024-06-26 08:56:04.617000+00:00,58.70000076293945,0.0,0.0
2024-06-26 08:57:04.429000+00:00,58.59999847412109,0.0,0.0
2024-06-26 08:58:04.825000+00:00,58.5,0.0,0.0
2024-06-26 08:59:04.725000+00:00,58.45000076293945,0.0,0.0
2024-06-26 09:00:07.604000+00:00,58.400001525878906,0.0,0.0
2024-06-26 09:01:04.793000+00:00,58.29999923706055,0.0,0.0
2024-06-26 09:02:05.051000+00:00,58.29999923706055,0.0,0.0
2024-06-26 09:03:04.726000+00:00,58.20000076293945,0.0,0.0
2024-06-26 09:04:04.913000+00:00,58.20000076293945,0.0,0.0
2024-06-26 09:05:04.492000+00:00,58.119998931884766,0.0,0.0
2024-06-26 09:06:05.579000+00:00,58.09999847412109,0.0,0.0
2024-06-26 09:07:04.678000+00:00,58.20000076293945,0.0,0.0
2024-06-26 09:08:04.497000+00:00,58.20000076293945,0.0,0.0
2024-06-26 09:09:04.188000+00:00,58.20000076293945,0.0,0.0
2024-06-26 09:10:04.785000+00:00,58.20000076293945,0.0,0.0
2024-06-26 09:11:04.324000+00:00,58.20000076293945,0.0,0.0
2024-06-26 09:12:04.745000+00:00,58.400001525878906,0.0,0.0
2024-06-26 09:13:04.543000+00:00,58.5,0.0,0.0
2024-06-26 09:14:04.772000+00:00,58.59999847412109,0.0,0.0
2024-06-26 09:15:05.468000+00:00,58.59999847412109,0.0,0.0
2024-06-26 09:16:05.490000+00:00,57.709999084472656,0.0,0.0
2024-06-26 09:17:05.175000+00:00,57.59999847412109,0.0,0.0
2024-06-26 09:18:04.577000+00:00,57.79999923706055,0.0,0.0
2024-06-26 09:19:04.593000+00:00,58.09999847412109,0.0,0.0
2024-06-26 09:20:05.294000+00:00,58.400001525878906,0.0,0.0
2024-06-26 09:21:04.524000+00:00,58.59000015258789,0.0,0.0
2024-06-26 09:22:04.521000+00:00,58.7599983215332,0.0,0.0
2024-06-26 09:23:04.815000+00:00,58.900001525878906,0.0,0.0
2024-06-26 09:24:04.452000+00:00,59.0,0.0,0.0
2024-06-26 09:25:04.809000+00:00,59.0,0.0,0.0
2024-06-26 09:26:05.024000+00:00,59.0,0.0,0.0
2024-06-26 09:27:04.141000+00:00,59.0,0.0,0.0
2024-06-26 09:28:05.071000+00:00,58.900001525878906,0.0,0.0
2024-06-26 09:29:04.273000+00:00,58.900001525878906,0.0,0.0
2024-06-26 09:30:05.483000+00:00,58.79999923706055,0.0,0.0
2024-06-26 09:31:04.127000+00:00,58.70000076293945,0.0,0.0
2024-06-26 09:32:04.928000+00:00,58.70000076293945,0.0,0.0
2024-06-26 09:33:04.766000+00:00,58.59999847412109,0.0,0.0
2024-06-26 09:34:05.272000+00:00,58.59999847412109,0.0,0.0
2024-06-26 09:35:05.056000+00:00,58.5,0.0,0.0
2024-06-26 09:36:04.876000+00:00,58.5,0.0,0.0
2024-06-26 09:37:04.350000+00:00,58.400001525878906,0.0,0.0
2024-06-26 09:38:04.748000+00:00,58.400001525878906,0.0,0.0
2024-06-26 09:39:05.105000+00:00,58.29999923706055,0.0,0.0
2024-06-26 09:40:04.706000+00:00,58.29999923706055,0.0,0.0
2024-06-26 09:41:04.959000+00:00,58.29999923706055,0.0,0.0
2024-06-26 09:42:04.623000+00:00,58.29999923706055,0.0,0.0
2024-06-26 09:43:04.659000+00:00,58.29999923706055,0.0,0.0
2024-06-26 09:44:04.664000+00:00,58.29999923706055,0.0,0.0
2024-06-26 09:45:05.087000+00:00,58.33000183105469,0.0,0.0
2024-06-26 09:46:04.840000+00:00,58.400001525878906,0.0,0.0
2024-06-26 09:47:04.634000+00:00,58.0,0.0,0.0
2024-06-26 09:48:04.421000+00:00,57.900001525878906,0.0,0.0
2024-06-26 09:49:04.997000+00:00,58.0,0.0,0.0
2024-06-26 09:50:04.625000+00:00,58.20000076293945,0.0,0.0
2024-06-26 09:51:04.782000+00:00,58.40999984741211,0.0,0.0
2024-06-26 09:52:05.626000+00:00,58.70000076293945,0.0,0.0
2024-06-26 09:53:04.834000+00:00,58.900001525878906,0.0,0.0
2024-06-26 09:54:04.672000+00:00,59.0,0.0,0.0
2024-06-26 09:55:04.616000+00:00,59.0,0.0,0.0
2024-06-26 09:56:04.857000+00:00,59.09999847412109,0.0,0.0
2024-06-26 09:57:04.622000+00:00,59.09999847412109,0.0,0.0
2024-06-26 09:58:04.712000+00:00,59.0,0.0,0.0
2024-06-26 09:59:04.679000+00:00,58.900001525878906,0.0,0.0
2024-06-26 10:00:08.064000+00:00,58.79999923706055,0.0,0.0
2024-06-26 10:01:05.568000+00:00,58.59999847412109,0.0,0.0
2024-06-26 10:02:05.055000+00:00,58.59999847412109,0.0,0.0
2024-06-26 10:03:04.156000+00:00,58.5,0.0,0.0
2024-06-26 10:04:04.469000+00:00,58.400001525878906,0.0,0.0
2024-06-26 10:05:04.559000+00:00,58.29999923706055,0.0,0.0
2024-06-26 10:06:05.224000+00:00,55.70000076293945,0.0,0.0
2024-06-26 10:07:04.558000+00:00,56.380001068115234,0.0,0.0
2024-06-26 10:08:04.258000+00:00,57.33000183105469,0.0,0.0
2024-06-26 10:09:04.485000+00:00,55.65999984741211,0.0,0.0
2024-06-26 10:10:04.654000+00:00,56.9900016784668,0.0,0.0
2024-06-26 10:11:05.080000+00:00,58.59999847412109,0.0,0.0
2024-06-26 10:12:04.864000+00:00,59.380001068115234,0.0,0.0
2024-06-26 10:13:05.521000+00:00,59.59000015258789,0.0,0.0
2024-06-26 10:14:04.772000+00:00,59.59999847412109,0.0,0.0
2024-06-26 10:15:04.784000+00:00,59.459999084472656,0.0,0.0
2024-06-26 10:16:04.890000+00:00,59.29999923706055,0.0,0.0
2024-06-26 10:17:04.836000+00:00,59.20000076293945,0.0,0.0
2024-06-26 10:18:05.205000+00:00,59.09999847412109,0.0,0.0
2024-06-26 10:19:04.576000+00:00,59.0,0.0,0.0
2024-06-26 10:20:04.859000+00:00,58.900001525878906,0.0,0.0
2024-06-26 10:21:04.747000+00:00,58.79999923706055,0.0,0.0
2024-06-26 10:22:04.260000+00:00,58.59999847412109,0.0,0.0
2024-06-26 10:23:04.750000+00:00,58.5,0.0,0.0
2024-06-26 10:24:05.102000+00:00,58.400001525878906,0.0,0.0
2024-06-26 10:25:04.660000+00:00,58.400001525878906,0.0,0.0
2024-06-26 10:26:05.782000+00:00,58.29999923706055,0.0,0.0
2024-06-26 10:27:04.847000+00:00,58.29999923706055,0.0,0.0
2024-06-26 10:28:04.996000+00:00,58.20000076293945,0.0,0.0
2024-06-26 10:29:04.706000+00:00,58.20000076293945,0.0,0.0
2024-06-26 10:30:04.984000+00:00,58.20000076293945,0.0,0.0
2024-06-26 10:31:04.629000+00:00,58.20000076293945,0.0,0.0
2024-06-26 10:32:04.634000+00:00,58.20000076293945,0.0,0.0
2024-06-26 10:33:04.578000+00:00,58.29999923706055,0.0,0.0
2024-06-26 10:34:04.866000+00:00,58.400001525878906,0.0,0.0
2024-06-26 10:35:04.965000+00:00,58.5,0.0,0.0
2024-06-26 10:36:04.924000+00:00,58.59999847412109,0.0,0.0
2024-06-26 10:37:04.427000+00:00,58.68999862670898,0.0,0.0
2024-06-26 10:38:04.486000+00:00,58.70000076293945,0.0,0.0
2024-06-26 10:39:05.071000+00:00,58.79999923706055,0.0,0.0
2024-06-26 10:40:05.237000+00:00,58.810001373291016,0.0,0.0
2024-06-26 10:41:04.725000+00:00,58.900001525878906,0.0,0.0
2024-06-26 10:42:05.472000+00:00,58.900001525878906,0.0,0.0
2024-06-26 10:43:04.707000+00:00,58.900001525878906,0.0,0.0
2024-06-26 10:44:04.696000+00:00,58.900001525878906,0.0,0.0
2024-06-26 10:45:05.309000+00:00,58.900001525878906,0.0,0.0
2024-06-26 10:46:04.902000+00:00,58.79999923706055,0.0,0.0
2024-06-26 10:47:04.868000+00:00,58.7599983215332,0.0,0.0
2024-06-26 10:48:04.530000+00:00,58.59999847412109,0.0,0.0
2024-06-26 10:49:04.596000+00:00,58.59999847412109,0.0,0.0
2024-06-26 10:50:05.177000+00:00,58.5,0.0,0.0
2024-06-26 10:51:04.593000+00:00,58.5,0.0,0.0
2024-06-26 10:52:05.558000+00:00,58.470001220703125,0.0,0.0
2024-06-26 10:53:05.635000+00:00,58.400001525878906,0.0,0.0
2024-06-26 10:54:04.897000+00:00,58.400001525878906,0.0,0.0
2024-06-26 10:55:04.620000+00:00,57.11000061035156,0.0,0.0
2024-06-26 10:56:04.736000+00:00,57.09999847412109,0.0,0.0
2024-06-26 10:57:04.642000+00:00,57.70000076293945,0.0,0.0
2024-06-26 10:58:04.275000+00:00,58.400001525878906,0.0,0.0
2024-06-26 10:59:04.451000+00:00,58.900001525878906,0.0,0.0
2024-06-26 11:00:07.154000+00:00,59.29999923706055,0.0,0.0
2024-06-26 11:01:05.130000+00:00,59.29999923706055,0.0,0.0
2024-06-26 11:02:04.613000+00:00,59.29999923706055,0.0,0.0
2024-06-26 11:03:04.610000+00:00,58.72999954223633,0.0,0.0
2024-06-26 11:04:04.566000+00:00,58.59999847412109,0.0,0.0
2024-06-26 11:05:04.988000+00:00,57.900001525878906,0.0,0.0
2024-06-26 11:06:06.053000+00:00,57.70000076293945,0.0,0.0
2024-06-26 11:07:04.417000+00:00,57.70000076293945,0.0,0.0
2024-06-26 11:08:04.692000+00:00,58.0,0.0,0.0
2024-06-26 11:09:04.673000+00:00,58.29999923706055,0.0,0.0
2024-06-26 11:10:04.845000+00:00,58.5,0.0,0.0
2024-06-26 11:11:04.795000+00:00,58.79999923706055,0.0,0.0
2024-06-26 11:12:05.384000+00:00,58.900001525878906,0.0,0.0
2024-06-26 11:13:04.613000+00:00,59.0,0.0,0.0
2024-06-26 11:14:04.595000+00:00,59.0,0.0,0.0
2024-06-26 11:15:05.003000+00:00,59.0,0.0,0.0
2024-06-26 11:16:04.412000+00:00,58.900001525878906,0.0,0.0
2024-06-26 11:17:04.916000+00:00,58.79999923706055,0.0,0.0
2024-06-26 11:18:04.730000+00:00,58.70000076293945,0.0,0.0
2024-06-26 11:19:04.433000+00:00,58.59999847412109,0.0,0.0
2024-06-26 11:20:04.854000+00:00,58.59999847412109,0.0,0.0
2024-06-26 11:21:04.832000+00:00,58.5,0.0,0.0
2024-06-26 11:22:04.895000+00:00,58.470001220703125,0.0,0.0
2024-06-26 11:23:04.394000+00:00,58.400001525878906,0.0,0.0
2024-06-26 11:24:04.325000+00:00,58.400001525878906,0.0,0.0
2024-06-26 11:25:04.641000+00:00,58.29999923706055,0.0,0.0
2024-06-26 11:26:05.239000+00:00,58.29999923706055,0.0,0.0
2024-06-26 11:27:04.923000+00:00,58.369998931884766,0.0,0.0
2024-06-26 11:28:04.835000+00:00,58.29999923706055,0.0,0.0
2024-06-26 11:29:04.265000+00:00,58.400001525878906,0.0,0.0
2024-06-26 11:30:05.047000+00:00,58.400001525878906,0.0,0.0
2024-06-26 11:31:04.520000+00:00,58.400001525878906,0.0,0.0
2024-06-26 11:32:04.786000+00:00,58.59999847412109,0.0,0.0
2024-06-26 11:33:04.896000+00:00,58.70000076293945,0.0,0.0
2024-06-26 11:34:03.972000+00:00,58.72999954223633,0.0,0.0
2024-06-26 11:35:04.915000+00:00,58.79999923706055,0.0,0.0
2024-06-26 11:36:04.559000+00:00,58.810001373291016,0.0,0.0
2024-06-26 11:37:04.947000+00:00,58.900001525878906,0.0,0.0
2024-06-26 11:38:04.437000+00:00,58.900001525878906,0.0,0.0
2024-06-26 11:39:04.759000+00:00,58.900001525878906,0.0,0.0
2024-06-26 11:40:05.119000+00:00,58.900001525878906,0.0,0.0
2024-06-26 11:41:04.677000+00:00,58.900001525878906,0.0,0.0
2024-06-26 11:42:05.420000+00:00,58.900001525878906,0.0,0.0
2024-06-26 11:43:04.149000+00:00,58.869998931884766,0.0,0.0
2024-06-26 11:44:04.386000+00:00,58.79999923706055,0.0,0.0
2024-06-26 11:45:04.469000+00:00,58.70000076293945,0.0,0.0
2024-06-26 11:46:04.957000+00:00,58.59999847412109,0.0,0.0
2024-06-26 11:47:04.660000+00:00,58.59999847412109,0.0,0.0
2024-06-26 11:48:04.327000+00:00,58.59999847412109,0.0,0.0
2024-06-26 11:49:04.840000+00:00,58.59999847412109,0.0,0.0
2024-06-26 11:50:05.319000+00:00,58.5,0.0,0.0
2024-06-26 11:51:04.378000+00:00,58.5,0.0,0.0
2024-06-26 11:52:05.352000+00:00,58.5,0.0,0.0
2024-06-26 11:53:04.700000+00:00,58.43999862670898,0.0,0.0
2024-06-26 11:54:04.554000+00:00,58.41999816894531,0.0,0.0
2024-06-26 11:55:04.773000+00:00,57.150001525878906,0.0,0.0
2024-06-26 11:56:04.655000+00:00,57.02000045776367,0.0,0.0
2024-06-26 11:57:04.729000+00:00,57.5,0.0,0.0
2024-06-26 11:58:04.593000+00:00,57.900001525878906,0.0,0.0
2024-06-26 11:59:04.687000+00:00,58.27999877929688,0.0,0.0
2024-06-26 12:00:07.238000+00:00,58.650001525878906,0.0,0.0
2024-06-26 12:01:05.161000+00:00,58.900001525878906,0.0,0.0
2024-06-26 12:02:04.115000+00:00,59.09999847412109,0.0,0.0
2024-06-26 12:03:04.953000+00:00,59.20000076293945,0.0,0.0
2024-06-26 12:04:03.943000+00:00,59.29999923706055,0.0,0.0
2024-06-26 12:05:05.146000+00:00,59.22999954223633,0.0,0.0
2024-06-26 12:06:05.323000+00:00,59.20000076293945,0.0,0.0
2024-06-26 12:07:04.582000+00:00,59.0,0.0,0.0
2024-06-26 12:08:04.558000+00:00,59.0,0.0,0.0
2024-06-26 12:09:04.595000+00:00,58.900001525878906,0.0,0.0
2024-06-26 12:10:04.769000+00:00,58.79999923706055,0.0,0.0
2024-06-26 12:11:04.701000+00:00,50.2599983215332,0.0,0.0
2024-06-26 12:12:04.825000+00:00,53.18999862670898,0.0,0.0
2024-06-26 12:13:04.979000+00:00,55.38999938964844,0.0,0.0
2024-06-26 12:14:04.685000+00:00,56.7400016784668,0.0,0.0
2024-06-26 12:15:04.114000+00:00,57.70000076293945,0.0,0.0
2024-06-26 12:16:04.908000+00:00,58.400001525878906,0.0,0.0
2024-06-26 12:17:04.507000+00:00,59.0,0.0,0.0
2024-06-26 12:18:04.297000+00:00,59.5,0.0,0.0
2024-06-26 12:19:04.606000+00:00,59.900001525878906,0.0,0.0
2024-06-26 12:20:05.015000+00:00,60.20000076293945,0.0,0.0
2024-06-26 12:21:04.376000+00:00,60.380001068115234,0.0,0.0
2024-06-26 12:22:04.726000+00:00,60.4900016784668,0.0,0.0
2024-06-26 12:23:04.424000+00:00,60.5,0.0,0.0
2024-06-26 12:24:04.683000+00:00,60.29999923706055,0.0,0.0
2024-06-26 12:25:04.966000+00:00,59.79999923706055,0.0,0.0
2024-06-26 12:26:05.417000+00:00,59.70000076293945,0.0,0.0
2024-06-26 12:27:05.016000+00:00,59.59999847412109,0.0,0.0
2024-06-26 12:28:04.648000+00:00,59.400001525878906,0.0,0.0
2024-06-26 12:29:04.453000+00:00,59.29999923706055,0.0,0.0
2024-06-26 12:30:05.429000+00:00,59.09999847412109,0.0,0.0
2024-06-26 12:31:05.002000+00:00,58.900001525878906,0.0,0.0
2024-06-26 12:32:04.876000+00:00,58.790000915527344,0.0,0.0
2024-06-26 12:33:04.231000+00:00,58.59999847412109,0.0,0.0
2024-06-26 12:34:04.541000+00:00,58.400001525878906,0.0,0.0
2024-06-26 12:35:04.693000+00:00,58.29999923706055,0.0,0.0
2024-06-26 12:36:04.989000+00:00,58.09999847412109,0.0,0.0
2024-06-26 12:37:04.426000+00:00,58.09999847412109,0.0,0.0
2024-06-26 12:38:05.242000+00:00,58.0,0.0,0.0
2024-06-26 12:39:05.190000+00:00,58.0,0.0,0.0
2024-06-26 12:40:04.409000+00:00,58.09999847412109,0.0,0.0
2024-06-26 12:41:05.136000+00:00,58.20000076293945,0.0,0.0
2024-06-26 12:42:05.205000+00:00,58.400001525878906,0.0,0.0
2024-06-26 12:43:04.602000+00:00,58.400001525878906,0.0,0.0
2024-06-26 12:44:04.811000+00:00,58.59999847412109,0.0,0.0
2024-06-26 12:45:04.953000+00:00,58.59999847412109,0.0,0.0
2024-06-26 12:46:04.518000+00:00,58.59999847412109,0.0,0.0
2024-06-26 12:47:04.600000+00:00,58.70000076293945,0.0,0.0
2024-06-26 12:48:04.561000+00:00,58.79999923706055,0.0,0.0
2024-06-26 12:49:04.653000+00:00,58.79999923706055,0.0,0.0
2024-06-26 12:50:04.709000+00:00,58.900001525878906,0.0,0.0
2024-06-26 12:51:04.790000+00:00,59.0,0.0,0.0
2024-06-26 12:52:05.148000+00:00,59.0,0.0,0.0
2024-06-26 12:53:04.508000+00:00,59.09999847412109,0.0,0.0
2024-06-26 12:54:04.260000+00:00,59.0,0.0,0.0
2024-06-26 12:55:04.801000+00:00,59.0,0.0,0.0
2024-06-26 12:56:04.896000+00:00,58.900001525878906,0.0,0.0
2024-06-26 12:57:04.694000+00:00,58.900001525878906,0.0,0.0
2024-06-26 12:58:04.440000+00:00,58.79999923706055,0.0,0.0
2024-06-26 12:59:05.067000+00:00,58.79999923706055,0.0,0.0
2024-06-26 13:00:07.006000+00:00,58.70000076293945,0.0,0.0
